application_id,fecha_apertura,fecha_corte,altura_mora,saldo_capital
CAND-00001,2024-03-20,2024-04-19,0,428989.0
CAND-00001,2024-03-20,2024-05-19,0,386445.0
CAND-00001,2024-03-20,2024-06-18,0,347446.0
CAND-00001,2024-03-20,2024-07-18,0,314018.0
CAND-00002,2024-08-22,2024-09-21,0,784934.0
CAND-00002,2024-08-22,2024-10-21,30,761573.0
CAND-00002,2024-08-22,2024-11-20,0,714851.0
CAND-00003,2024-01-21,2024-02-20,0,541578.0
CAND-00003,2024-01-21,2024-03-21,0,489061.0
CAND-00003,2024-01-21,2024-04-20,0,456968.0
CAND-00003,2024-01-21,2024-05-20,0,404451.0
CAND-00003,2024-01-21,2024-06-19,0,356311.0
CAND-00004,2024-05-06,2024-06-05,0,1722667.0
CAND-00004,2024-05-06,2024-07-05,0,1550401.0
CAND-00004,2024-05-06,2024-08-04,0,1360907.0
CAND-00005,2024-09-28,2024-10-28,0,438552.0
CAND-00005,2024-09-28,2024-11-27,0,409185.0
CAND-00005,2024-09-28,2024-12-27,0,370028.0
CAND-00005,2024-09-28,2025-01-26,30,360439.0
CAND-00006,2024-10-18,2024-11-17,0,388958.0
CAND-00006,2024-10-18,2024-12-17,0,357168.0
CAND-00006,2024-10-18,2025-01-16,0,331339.0
CAND-00006,2024-10-18,2025-02-15,0,290012.0
CAND-00007,2024-02-12,2024-03-13,0,831395.0
CAND-00007,2024-02-12,2024-04-12,0,781653.0
CAND-00007,2024-02-12,2024-05-12,0,707041.0
CAND-00007,2024-02-12,2024-06-11,0,657299.0
CAND-00008,2024-05-31,2024-06-30,0,409399.0
CAND-00008,2024-05-31,2024-07-30,0,369080.0
CAND-00008,2024-05-31,2024-08-29,0,328760.0
CAND-00008,2024-05-31,2024-09-28,0,284409.0
CAND-00008,2024-05-31,2024-10-28,0,258319.0
CAND-00008,2024-05-31,2024-11-27,0,230600.0
CAND-00009,2024-08-14,2024-09-13,0,462390.0
CAND-00009,2024-08-14,2024-10-13,0,420646.0
CAND-00009,2024-08-14,2024-11-12,0,378903.0
CAND-00009,2024-08-14,2024-12-12,30,368680.0
CAND-00009,2024-08-14,2025-01-11,0,330147.0
CAND-00009,2024-08-14,2025-02-10,0,300681.0
CAND-00010,2024-03-03,2024-04-02,0,276203.0
CAND-00010,2024-03-03,2024-05-02,0,246742.0
CAND-00010,2024-03-03,2024-06-01,0,225698.0
CAND-00010,2024-03-03,2024-07-01,0,201146.0
CAND-00010,2024-03-03,2024-07-31,0,181505.0
CAND-00011,2024-04-10,2024-05-10,0,569034.0
CAND-00011,2024-04-10,2024-06-09,0,533593.0
CAND-00011,2024-04-10,2024-07-09,0,498151.0
CAND-00012,2024-04-27,2024-05-27,0,967091.0
CAND-00012,2024-04-27,2024-06-26,0,898013.0
CAND-00012,2024-04-27,2024-07-26,0,818308.0
CAND-00012,2024-04-27,2024-08-25,0,757357.0
CAND-00012,2024-04-27,2024-09-24,0,653740.0
CAND-00012,2024-04-27,2024-10-24,0,550123.0
CAND-00013,2024-05-06,2024-06-05,0,887762.0
CAND-00013,2024-05-06,2024-07-05,0,813782.0
CAND-00013,2024-05-06,2024-08-04,0,760352.0
CAND-00013,2024-05-06,2024-09-03,0,680206.0
CAND-00013,2024-05-06,2024-10-03,0,600061.0
CAND-00013,2024-05-06,2024-11-02,0,543488.0
CAND-00014,2024-01-21,2024-02-20,0,428512.0
CAND-00014,2024-01-21,2024-03-21,30,419094.0
CAND-00014,2024-01-21,2024-04-20,0,372946.0
CAND-00014,2024-01-21,2024-05-20,0,337448.0
CAND-00015,2024-05-02,2024-06-01,0,421073.0
CAND-00015,2024-05-02,2024-07-01,0,375958.0
CAND-00015,2024-05-02,2024-07-31,0,341254.0
CAND-00015,2024-05-02,2024-08-30,0,313058.0
CAND-00016,2024-05-08,2024-06-07,0,567681.0
CAND-00016,2024-05-08,2024-07-07,0,524747.0
CAND-00016,2024-05-08,2024-08-06,0,489390.0
CAND-00016,2024-05-08,2024-09-05,0,443153.0
CAND-00016,2024-05-08,2024-10-05,0,405586.0
CAND-00016,2024-05-08,2024-11-04,0,359350.0
CAND-00017,2024-03-21,2024-04-20,0,996467.0
CAND-00017,2024-03-21,2024-05-20,0,936495.0
CAND-00017,2024-03-21,2024-06-19,0,828544.0
CAND-00018,2024-06-07,2024-07-07,0,781472.0
CAND-00018,2024-06-07,2024-08-06,0,728873.0
CAND-00018,2024-06-07,2024-09-05,0,644714.0
CAND-00018,2024-06-07,2024-10-05,0,597960.0
CAND-00018,2024-06-07,2024-11-04,0,533222.0
CAND-00019,2024-06-25,2024-07-25,0,550537.0
CAND-00019,2024-06-25,2024-08-24,0,515993.0
CAND-00019,2024-06-25,2024-09-23,0,470821.0
CAND-00019,2024-06-25,2024-10-23,0,421884.0
CAND-00019,2024-06-25,2024-11-22,0,372948.0
CAND-00020,2024-01-23,2024-02-22,0,393672.0
CAND-00020,2024-01-23,2024-03-23,0,362996.0
CAND-00020,2024-01-23,2024-04-22,0,334365.0
CAND-00020,2024-01-23,2024-05-22,0,305735.0
CAND-00020,2024-01-23,2024-06-21,0,269946.0
CAND-00020,2024-01-23,2024-07-21,0,241316.0
CAND-00021,2024-09-28,2024-10-28,0,1118979.0
CAND-00021,2024-09-28,2024-11-27,0,1049906.0
CAND-00021,2024-09-28,2024-12-27,0,936878.0
CAND-00021,2024-09-28,2025-01-26,0,853991.0
CAND-00022,2024-05-29,2024-06-28,0,267049.0
CAND-00022,2024-05-29,2024-07-28,0,242322.0
CAND-00022,2024-05-29,2024-08-27,0,212650.0
CAND-00023,2024-05-20,2024-06-19,0,388493.0
CAND-00023,2024-05-20,2024-07-19,0,356310.0
CAND-00023,2024-05-20,2024-08-18,0,328418.0
CAND-00023,2024-05-20,2024-09-17,0,302270.0
CAND-00024,2024-03-22,2024-04-21,30,1146967.0
CAND-00024,2024-03-22,2024-05-21,60,1118059.0
CAND-00024,2024-03-22,2024-06-20,90,1089152.0
CAND-00024,2024-03-22,2024-07-20,115,1063387.0
CAND-00024,2024-03-22,2024-08-19,115,1025155.0
CAND-00024,2024-03-22,2024-09-18,115,1000967.0
CAND-00025,2024-08-04,2024-09-03,0,2530850.0
CAND-00025,2024-08-04,2024-10-03,0,2324717.0
CAND-00025,2024-08-04,2024-11-02,0,2101407.0
CAND-00025,2024-08-04,2024-12-02,0,1878096.0
CAND-00026,2024-03-09,2024-04-08,30,614872.0
CAND-00026,2024-03-09,2024-05-08,60,603654.0
CAND-00026,2024-03-09,2024-06-07,90,584616.0
CAND-00026,2024-03-09,2024-07-07,104,570655.0
CAND-00026,2024-03-09,2024-08-06,104,553204.0
CAND-00027,2024-06-02,2024-07-02,0,604325.0
CAND-00027,2024-06-02,2024-08-01,0,549387.0
CAND-00027,2024-06-02,2024-08-31,0,483460.0
CAND-00027,2024-06-02,2024-09-30,30,471474.0
CAND-00027,2024-06-02,2024-10-30,60,454569.0
CAND-00029,2024-04-17,2024-05-17,0,510245.0
CAND-00029,2024-04-17,2024-06-16,0,473136.0
CAND-00029,2024-04-17,2024-07-16,0,436028.0
CAND-00029,2024-04-17,2024-08-15,0,380365.0
CAND-00029,2024-04-17,2024-09-14,0,324701.0
CAND-00030,2024-04-16,2024-05-16,0,691752.0
CAND-00030,2024-04-16,2024-06-15,30,668169.0
CAND-00030,2024-04-16,2024-07-15,0,626245.0
CAND-00030,2024-04-16,2024-08-14,0,579080.0
CAND-00030,2024-04-16,2024-09-13,0,521031.0
CAND-00030,2024-04-16,2024-10-13,0,476640.0
CAND-00031,2024-08-03,2024-09-02,0,1174950.0
CAND-00031,2024-08-03,2024-10-02,0,1094840.0
CAND-00031,2024-08-03,2024-11-01,0,1003286.0
CAND-00031,2024-08-03,2024-12-01,0,904688.0
CAND-00031,2024-08-03,2024-12-31,30,880504.0
CAND-00031,2024-08-03,2025-01-30,60,854346.0
CAND-00032,2024-04-10,2024-05-10,0,727869.0
CAND-00032,2024-04-10,2024-06-09,0,678242.0
CAND-00032,2024-04-10,2024-07-09,0,634128.0
CAND-00033,2024-08-01,2024-08-31,0,305784.0
CAND-00033,2024-08-01,2024-09-30,0,276248.0
CAND-00033,2024-08-01,2024-10-30,0,253042.0
CAND-00033,2024-08-01,2024-11-29,0,223506.0
CAND-00033,2024-08-01,2024-12-29,0,196431.0
CAND-00033,2024-08-01,2025-01-28,0,166895.0
CAND-00034,2024-05-04,2024-06-03,0,484093.0
CAND-00034,2024-05-04,2024-07-03,0,455130.0
CAND-00034,2024-05-04,2024-08-02,30,445294.0
CAND-00034,2024-05-04,2024-09-01,0,405191.0
CAND-00035,2024-09-18,2024-10-18,0,1458923.0
CAND-00035,2024-09-18,2024-11-17,0,1337346.0
CAND-00035,2024-09-18,2024-12-17,0,1224453.0
CAND-00035,2024-09-18,2025-01-16,0,1080771.0
CAND-00036,2024-08-27,2024-09-26,0,314846.0
CAND-00036,2024-08-27,2024-10-26,0,286969.0
CAND-00036,2024-08-27,2024-11-25,0,267291.0
CAND-00036,2024-08-27,2024-12-25,30,260174.0
CAND-00037,2024-08-07,2024-09-06,0,586911.0
CAND-00037,2024-08-07,2024-10-06,0,549510.0
CAND-00037,2024-08-07,2024-11-05,0,485928.0
CAND-00037,2024-08-07,2024-12-05,30,465417.0
CAND-00038,2024-08-12,2024-09-11,0,732709.0
CAND-00038,2024-08-12,2024-10-11,0,677294.0
CAND-00038,2024-08-12,2024-11-10,0,631659.0
CAND-00038,2024-08-12,2024-12-10,0,571981.0
CAND-00038,2024-08-12,2025-01-09,0,494400.0
CAND-00039,2024-06-13,2024-07-13,0,589291.0
CAND-00039,2024-06-13,2024-08-12,0,552588.0
CAND-00039,2024-06-13,2024-09-11,0,513590.0
CAND-00040,2024-09-25,2024-10-25,0,601578.0
CAND-00040,2024-09-25,2024-11-24,0,562653.0
CAND-00040,2024-09-25,2024-12-24,0,521294.0
CAND-00041,2024-01-30,2024-02-29,0,673075.0
CAND-00041,2024-01-30,2024-03-30,0,630654.0
CAND-00041,2024-01-30,2024-04-29,0,575181.0
CAND-00042,2024-02-17,2024-03-18,0,1413130.0
CAND-00042,2024-02-17,2024-04-17,30,1368970.0
CAND-00042,2024-02-17,2024-05-17,60,1326071.0
CAND-00042,2024-02-17,2024-06-16,90,1288535.0
CAND-00043,2024-09-28,2024-10-28,0,359526.0
CAND-00043,2024-09-28,2024-11-27,0,324328.0
CAND-00043,2024-09-28,2024-12-27,0,298516.0
CAND-00043,2024-09-28,2025-01-26,0,270860.0
CAND-00043,2024-09-28,2025-02-25,0,249350.0
CAND-00044,2024-04-26,2024-05-26,30,656405.0
CAND-00044,2024-04-26,2024-06-25,60,643772.0
CAND-00044,2024-04-26,2024-07-25,90,632026.0
CAND-00045,2024-02-22,2024-03-23,0,629580.0
CAND-00045,2024-02-22,2024-04-22,30,610468.0
CAND-00045,2024-02-22,2024-05-22,60,598306.0
CAND-00045,2024-02-22,2024-06-21,90,581990.0
CAND-00046,2024-05-31,2024-06-30,30,997159.0
CAND-00046,2024-05-31,2024-07-30,0,928604.0
CAND-00046,2024-05-31,2024-08-29,0,860049.0
CAND-00046,2024-05-31,2024-09-28,0,766566.0
CAND-00046,2024-05-31,2024-10-28,0,687464.0
CAND-00047,2024-03-07,2024-04-06,0,410601.0
CAND-00047,2024-03-07,2024-05-06,0,385027.0
CAND-00047,2024-03-07,2024-06-05,0,353973.0
CAND-00047,2024-03-07,2024-07-05,0,317744.0
CAND-00048,2024-09-17,2024-10-17,0,394676.0
CAND-00048,2024-09-17,2024-11-16,0,355535.0
CAND-00048,2024-09-17,2024-12-16,0,312479.0
CAND-00049,2024-02-06,2024-03-07,30,345583.0
CAND-00049,2024-02-06,2024-04-06,0,321866.0
CAND-00049,2024-02-06,2024-05-06,0,300940.0
CAND-00049,2024-02-06,2024-06-05,0,281176.0
CAND-00049,2024-02-06,2024-07-05,0,255766.0
CAND-00050,2024-09-16,2024-10-16,30,961910.0
CAND-00050,2024-09-16,2024-11-15,60,945012.0
CAND-00050,2024-09-16,2024-12-15,90,917011.0
CAND-00050,2024-09-16,2025-01-14,107,893107.0
CAND-00051,2024-02-19,2024-03-20,0,586856.0
CAND-00051,2024-02-19,2024-04-19,0,534190.0
CAND-00051,2024-02-19,2024-05-19,0,470990.0
CAND-00051,2024-02-19,2024-06-18,0,422374.0
CAND-00052,2024-05-04,2024-06-03,0,868496.0
CAND-00052,2024-05-04,2024-07-03,0,791598.0
CAND-00052,2024-05-04,2024-08-02,0,733924.0
CAND-00052,2024-05-04,2024-09-01,0,676251.0
CAND-00053,2024-07-04,2024-08-03,0,399616.0
CAND-00053,2024-07-04,2024-09-02,0,364095.0
CAND-00053,2024-07-04,2024-10-02,0,321469.0
CAND-00053,2024-07-04,2024-11-01,0,278843.0
CAND-00053,2024-07-04,2024-12-01,0,252202.0
CAND-00054,2024-02-22,2024-03-23,0,814489.0
CAND-00054,2024-02-22,2024-04-22,0,765469.0
CAND-00054,2024-02-22,2024-05-22,0,706645.0
CAND-00054,2024-02-22,2024-06-21,0,626430.0
CAND-00055,2024-05-11,2024-06-10,0,622159.0
CAND-00055,2024-05-11,2024-07-10,0,575105.0
CAND-00055,2024-05-11,2024-08-09,0,536355.0
CAND-00055,2024-05-11,2024-09-08,0,476468.0
CAND-00056,2024-04-06,2024-05-06,0,774831.0
CAND-00056,2024-04-06,2024-06-05,0,703087.0
CAND-00056,2024-04-06,2024-07-05,0,636862.0
CAND-00056,2024-04-06,2024-08-04,0,579467.0
CAND-00057,2024-06-30,2024-07-30,0,242578.0
CAND-00057,2024-06-30,2024-08-29,0,221174.0
CAND-00057,2024-06-30,2024-09-28,0,204051.0
CAND-00057,2024-06-30,2024-10-28,0,189781.0
CAND-00057,2024-06-30,2024-11-27,0,171435.0
CAND-00057,2024-06-30,2024-12-27,0,148085.0
CAND-00058,2024-08-25,2024-09-24,0,1603805.0
CAND-00058,2024-08-25,2024-10-24,0,1509136.0
CAND-00058,2024-08-25,2024-11-23,0,1378056.0
CAND-00058,2024-08-25,2024-12-23,0,1277818.0
CAND-00058,2024-08-25,2025-01-22,0,1107414.0
CAND-00058,2024-08-25,2025-02-21,30,1064813.0
CAND-00059,2024-03-13,2024-04-12,30,782011.0
CAND-00059,2024-03-13,2024-05-12,0,715700.0
CAND-00059,2024-03-13,2024-06-11,30,701490.0
CAND-00059,2024-03-13,2024-07-11,0,657283.0
CAND-00059,2024-03-13,2024-08-10,0,577710.0
CAND-00060,2024-07-23,2024-08-22,30,2430147.0
CAND-00060,2024-07-23,2024-09-21,60,2358979.0
CAND-00060,2024-07-23,2024-10-21,90,2298225.0
CAND-00060,2024-07-23,2024-11-20,93,2238918.0
CAND-00061,2024-02-13,2024-03-14,0,778203.0
CAND-00061,2024-02-13,2024-04-13,0,725144.0
CAND-00061,2024-02-13,2024-05-13,0,664505.0
CAND-00062,2024-05-29,2024-06-28,0,311891.0
CAND-00062,2024-05-29,2024-07-28,0,281870.0
CAND-00062,2024-05-29,2024-08-27,0,261230.0
CAND-00063,2024-03-11,2024-04-10,0,249158.0
CAND-00063,2024-03-11,2024-05-10,0,225175.0
CAND-00063,2024-03-11,2024-06-09,0,210518.0
CAND-00063,2024-03-11,2024-07-09,0,195000.0
CAND-00064,2024-08-21,2024-09-20,0,519109.0
CAND-00064,2024-08-21,2024-10-20,0,488051.0
CAND-00064,2024-08-21,2024-11-19,0,432147.0
CAND-00064,2024-08-21,2024-12-19,0,381325.0
CAND-00064,2024-08-21,2025-01-18,0,348440.0
CAND-00065,2024-04-07,2024-05-07,30,311755.0
CAND-00065,2024-04-07,2024-06-06,0,290465.0
CAND-00065,2024-04-07,2024-07-06,30,283368.0
CAND-00065,2024-04-07,2024-08-05,0,256754.0
CAND-00065,2024-04-07,2024-09-04,0,235464.0
CAND-00065,2024-04-07,2024-10-04,0,214173.0
CAND-00066,2024-03-21,2024-04-20,0,1330482.0
CAND-00066,2024-03-21,2024-05-20,0,1202415.0
CAND-00066,2024-03-21,2024-06-19,0,1119547.0
CAND-00066,2024-03-21,2024-07-19,0,1011182.0
CAND-00066,2024-03-21,2024-08-18,0,923135.0
CAND-00067,2024-05-02,2024-06-01,0,708532.0
CAND-00067,2024-05-02,2024-07-01,0,653705.0
CAND-00067,2024-05-02,2024-07-31,30,638654.0
CAND-00068,2024-06-17,2024-07-17,0,842875.0
CAND-00068,2024-06-17,2024-08-16,0,751564.0
CAND-00068,2024-06-17,2024-09-15,0,675471.0
CAND-00068,2024-06-17,2024-10-15,0,621758.0
CAND-00069,2024-06-16,2024-07-16,0,185098.0
CAND-00069,2024-06-16,2024-08-15,0,164531.0
CAND-00069,2024-06-16,2024-09-14,0,151677.0
CAND-00070,2024-09-02,2024-10-02,0,284445.0
CAND-00070,2024-09-02,2024-11-01,0,266192.0
CAND-00070,2024-09-02,2024-12-01,30,260225.0
CAND-00070,2024-09-02,2024-12-31,0,239538.0
CAND-00070,2024-09-02,2025-01-30,0,211328.0
CAND-00070,2024-09-02,2025-03-01,0,180298.0
CAND-00071,2024-01-22,2024-02-21,30,827129.0
CAND-00071,2024-01-22,2024-03-22,60,812328.0
CAND-00071,2024-01-22,2024-04-21,90,796705.0
CAND-00071,2024-01-22,2024-05-21,91,779128.0
CAND-00072,2024-07-26,2024-08-25,0,605809.0
CAND-00072,2024-07-26,2024-09-24,0,549715.0
CAND-00072,2024-07-26,2024-10-24,30,529318.0
CAND-00072,2024-07-26,2024-11-23,0,484443.0
CAND-00072,2024-07-26,2024-12-23,0,428350.0
CAND-00073,2024-04-30,2024-05-30,0,184584.0
CAND-00073,2024-04-30,2024-06-29,0,170624.0
CAND-00073,2024-04-30,2024-07-29,0,151080.0
CAND-00073,2024-04-30,2024-08-28,0,137120.0
CAND-00074,2024-06-24,2024-07-24,0,227366.0
CAND-00074,2024-06-24,2024-08-23,0,207234.0
CAND-00074,2024-06-24,2024-09-22,0,192136.0
CAND-00075,2024-09-05,2024-10-05,0,664612.0
CAND-00075,2024-09-05,2024-11-04,0,604612.0
CAND-00075,2024-09-05,2024-12-04,0,532612.0
CAND-00076,2024-01-20,2024-02-19,0,270391.0
CAND-00076,2024-01-20,2024-03-20,0,254368.0
CAND-00076,2024-01-20,2024-04-19,0,235140.0
CAND-00076,2024-01-20,2024-05-19,0,211105.0
CAND-00076,2024-01-20,2024-06-18,0,193079.0
CAND-00077,2024-08-09,2024-09-08,0,537065.0
CAND-00077,2024-08-09,2024-10-08,0,498006.0
CAND-00077,2024-08-09,2024-11-07,0,456156.0
CAND-00077,2024-08-09,2024-12-07,0,423607.0
CAND-00077,2024-08-09,2025-01-06,0,374783.0
CAND-00077,2024-08-09,2025-02-05,0,332934.0
CAND-00078,2024-06-25,2024-07-25,0,476127.0
CAND-00078,2024-06-25,2024-08-24,0,448119.0
CAND-00078,2024-06-25,2024-09-23,0,412110.0
CAND-00078,2024-06-25,2024-10-23,0,382455.0
CAND-00078,2024-06-25,2024-11-22,0,352800.0
CAND-00078,2024-06-25,2024-12-22,0,306969.0
CAND-00079,2024-09-26,2024-10-26,0,383500.0
CAND-00079,2024-09-26,2024-11-25,0,357534.0
CAND-00079,2024-09-26,2024-12-25,0,333095.0
CAND-00079,2024-09-26,2025-01-24,0,301137.0
CAND-00080,2024-04-05,2024-05-05,0,744617.0
CAND-00080,2024-04-05,2024-06-04,0,665191.0
CAND-00080,2024-04-05,2024-07-04,0,618470.0
CAND-00080,2024-04-05,2024-08-03,0,552282.0
CAND-00081,2024-07-24,2024-08-23,0,1230479.0
CAND-00081,2024-07-24,2024-09-22,0,1121530.0
CAND-00081,2024-07-24,2024-10-22,0,1002677.0
CAND-00082,2024-07-14,2024-08-13,0,572422.0
CAND-00082,2024-07-14,2024-09-12,0,517131.0
CAND-00082,2024-07-14,2024-10-12,0,456311.0
CAND-00082,2024-07-14,2024-11-11,0,401020.0
CAND-00082,2024-07-14,2024-12-11,0,345730.0
CAND-00082,2024-07-14,2025-01-10,0,309953.0
CAND-00083,2024-07-04,2024-08-03,0,307290.0
CAND-00083,2024-07-04,2024-09-02,0,281026.0
CAND-00083,2024-07-04,2024-10-02,0,252573.0
CAND-00083,2024-07-04,2024-11-01,30,246250.0
CAND-00083,2024-07-04,2024-12-01,60,234869.0
CAND-00083,2024-07-04,2024-12-31,90,227109.0
CAND-00084,2024-05-26,2024-06-25,0,1061127.0
CAND-00084,2024-05-26,2024-07-25,0,996281.0
CAND-00084,2024-05-26,2024-08-24,0,906493.0
CAND-00084,2024-05-26,2024-09-23,30,870017.0
CAND-00084,2024-05-26,2024-10-23,0,786642.0
CAND-00085,2024-06-01,2024-07-01,0,660816.0
CAND-00085,2024-06-01,2024-07-31,0,619353.0
CAND-00085,2024-06-01,2024-08-30,0,575298.0
CAND-00085,2024-06-01,2024-09-29,0,504811.0
CAND-00086,2024-09-10,2024-10-10,0,296854.0
CAND-00086,2024-09-10,2024-11-09,0,269368.0
CAND-00086,2024-09-10,2024-12-09,0,247378.0
CAND-00086,2024-09-10,2025-01-08,0,225389.0
CAND-00086,2024-09-10,2025-02-07,0,200017.0
CAND-00087,2024-05-07,2024-06-06,0,619783.0
CAND-00087,2024-05-07,2024-07-06,30,607978.0
CAND-00087,2024-05-07,2024-08-05,0,566659.0
CAND-00088,2024-10-10,2024-11-09,0,1384656.0
CAND-00088,2024-10-10,2024-12-09,0,1279934.0
CAND-00088,2024-10-10,2025-01-08,0,1133323.0
CAND-00089,2024-08-01,2024-08-31,0,846293.0
CAND-00089,2024-08-01,2024-09-30,0,788591.0
CAND-00089,2024-08-01,2024-10-30,0,734284.0
CAND-00090,2024-07-04,2024-08-03,0,214669.0
CAND-00090,2024-07-04,2024-09-02,0,201139.0
CAND-00090,2024-07-04,2024-10-02,30,196347.0
CAND-00090,2024-07-04,2024-11-01,0,173347.0
CAND-00091,2024-10-11,2024-11-10,0,297930.0
CAND-00091,2024-10-11,2024-12-10,0,276744.0
CAND-00091,2024-10-11,2025-01-09,0,244965.0
CAND-00091,2024-10-11,2025-02-08,0,220519.0
CAND-00092,2024-10-01,2024-10-31,0,488457.0
CAND-00092,2024-10-01,2024-11-30,0,453180.0
CAND-00092,2024-10-01,2024-12-30,0,405074.0
CAND-00092,2024-10-01,2025-01-29,0,369797.0
CAND-00092,2024-10-01,2025-02-28,0,329092.0
CAND-00092,2024-10-01,2025-03-30,0,280986.0
CAND-00093,2024-09-22,2024-10-22,0,805877.0
CAND-00093,2024-09-22,2024-11-21,0,741919.0
CAND-00093,2024-09-22,2024-12-21,0,667300.0
CAND-00093,2024-09-22,2025-01-20,0,598422.0
CAND-00093,2024-09-22,2025-02-19,0,534463.0
CAND-00093,2024-09-22,2025-03-21,0,453062.0
CAND-00094,2024-07-29,2024-08-28,0,390025.0
CAND-00094,2024-07-29,2024-09-27,0,356689.0
CAND-00094,2024-07-29,2024-10-27,0,329604.0
CAND-00094,2024-07-29,2024-11-26,0,304113.0
CAND-00094,2024-07-29,2024-12-26,0,273158.0
CAND-00095,2024-05-13,2024-06-12,0,328303.0
CAND-00095,2024-05-13,2024-07-12,0,296325.0
CAND-00095,2024-05-13,2024-08-11,0,264348.0
CAND-00095,2024-05-13,2024-09-10,0,243656.0
CAND-00096,2024-08-01,2024-08-31,0,305920.0
CAND-00096,2024-08-01,2024-09-30,30,300105.0
CAND-00096,2024-08-01,2024-10-30,0,279392.0
CAND-00096,2024-08-01,2024-11-29,0,249264.0
CAND-00096,2024-08-01,2024-12-29,30,242059.0
CAND-00097,2024-09-09,2024-10-09,0,350859.0
CAND-00097,2024-09-09,2024-11-08,0,319532.0
CAND-00097,2024-09-09,2024-12-08,0,288205.0
CAND-00098,2024-07-20,2024-08-19,0,332753.0
CAND-00098,2024-07-20,2024-09-18,0,310570.0
CAND-00098,2024-07-20,2024-10-18,0,283267.0
CAND-00098,2024-07-20,2024-11-17,0,251000.0
CAND-00098,2024-07-20,2024-12-17,0,228816.0
CAND-00098,2024-07-20,2025-01-16,0,201514.0
CAND-00099,2024-03-04,2024-04-03,0,340889.0
CAND-00099,2024-03-04,2024-05-03,0,312045.0
CAND-00099,2024-03-04,2024-06-02,0,287046.0
CAND-00099,2024-03-04,2024-07-02,0,263610.0
CAND-00099,2024-03-04,2024-08-01,0,238611.0
CAND-00099,2024-03-04,2024-08-31,0,211827.0
CAND-00100,2024-04-09,2024-05-09,0,343529.0
CAND-00100,2024-04-09,2024-06-08,0,320627.0
CAND-00100,2024-04-09,2024-07-08,0,296198.0
CAND-00100,2024-04-09,2024-08-07,0,268011.0
CAND-00100,2024-04-09,2024-09-06,0,243583.0
CAND-00101,2024-07-15,2024-08-14,0,994344.0
CAND-00101,2024-07-15,2024-09-13,0,897923.0
CAND-00101,2024-07-15,2024-10-13,0,838999.0
CAND-00102,2024-05-25,2024-06-24,0,631009.0
CAND-00102,2024-05-25,2024-07-24,0,568429.0
CAND-00102,2024-05-25,2024-08-23,0,511065.0
CAND-00103,2024-03-16,2024-04-15,0,586793.0
CAND-00103,2024-03-16,2024-05-15,0,523922.0
CAND-00103,2024-03-16,2024-06-14,0,475560.0
CAND-00104,2024-03-04,2024-04-03,0,1007637.0
CAND-00104,2024-03-04,2024-05-03,0,918069.0
CAND-00104,2024-03-04,2024-06-02,0,820359.0
CAND-00105,2024-07-06,2024-08-05,30,378452.0
CAND-00105,2024-07-06,2024-09-04,60,371668.0
CAND-00105,2024-07-06,2024-10-04,90,365114.0
CAND-00106,2024-05-10,2024-06-09,0,598986.0
CAND-00106,2024-05-10,2024-07-09,30,587988.0
CAND-00106,2024-05-10,2024-08-08,0,549817.0
CAND-00106,2024-05-10,2024-09-07,30,530732.0
CAND-00106,2024-05-10,2024-10-07,0,490176.0
CAND-00106,2024-05-10,2024-11-06,0,446916.0
CAND-00107,2024-04-01,2024-05-01,0,587263.0
CAND-00107,2024-04-01,2024-05-31,0,547736.0
CAND-00107,2024-04-01,2024-06-30,30,534829.0
CAND-00108,2024-03-07,2024-04-06,0,821664.0
CAND-00108,2024-03-07,2024-05-06,30,804869.0
CAND-00108,2024-03-07,2024-06-05,0,730691.0
CAND-00108,2024-03-07,2024-07-05,30,703717.0
CAND-00108,2024-03-07,2024-08-04,0,648084.0
CAND-00109,2024-09-12,2024-10-12,0,428710.0
CAND-00109,2024-09-12,2024-11-11,0,398088.0
CAND-00109,2024-09-12,2024-12-11,0,356330.0
CAND-00109,2024-09-12,2025-01-10,0,314573.0
CAND-00109,2024-09-12,2025-02-09,0,287553.0
CAND-00110,2024-03-28,2024-04-27,0,310489.0
CAND-00110,2024-03-28,2024-05-27,0,279910.0
CAND-00110,2024-03-28,2024-06-26,0,249332.0
CAND-00110,2024-03-28,2024-07-26,0,226908.0
CAND-00110,2024-03-28,2024-08-25,0,193272.0
CAND-00111,2024-10-14,2024-11-13,0,524558.0
CAND-00111,2024-10-14,2024-12-13,0,472897.0
CAND-00111,2024-10-14,2025-01-12,0,429184.0
CAND-00111,2024-10-14,2025-02-11,0,391299.0
CAND-00111,2024-10-14,2025-03-13,0,339638.0
CAND-00111,2024-10-14,2025-04-12,0,308067.0
CAND-00112,2024-04-24,2024-05-24,0,276711.0
CAND-00112,2024-04-24,2024-06-23,0,257975.0
CAND-00112,2024-04-24,2024-07-23,0,239240.0
CAND-00113,2024-05-29,2024-06-28,0,447420.0
CAND-00113,2024-05-29,2024-07-28,0,403048.0
CAND-00113,2024-05-29,2024-08-27,0,374337.0
CAND-00113,2024-05-29,2024-09-26,0,329964.0
CAND-00113,2024-05-29,2024-10-26,0,285592.0
CAND-00113,2024-05-29,2024-11-25,0,258476.0
CAND-00114,2024-09-27,2024-10-27,0,495507.0
CAND-00114,2024-09-27,2024-11-26,0,466012.0
CAND-00114,2024-09-27,2024-12-26,30,449422.0
CAND-00115,2024-02-05,2024-03-06,0,671593.0
CAND-00115,2024-02-05,2024-04-05,0,629619.0
CAND-00115,2024-02-05,2024-05-05,0,578650.0
CAND-00115,2024-02-05,2024-06-04,0,531078.0
CAND-00116,2024-04-20,2024-05-20,0,487918.0
CAND-00116,2024-04-20,2024-06-19,0,453222.0
CAND-00116,2024-04-20,2024-07-19,30,441393.0
CAND-00117,2024-01-29,2024-02-28,0,166069.0
CAND-00117,2024-01-29,2024-03-29,0,155041.0
CAND-00117,2024-01-29,2024-04-28,0,140337.0
CAND-00118,2024-02-26,2024-03-27,0,209258.0
CAND-00118,2024-02-26,2024-04-26,0,188506.0
CAND-00118,2024-02-26,2024-05-26,0,165677.0
CAND-00118,2024-02-26,2024-06-25,0,151410.0
CAND-00119,2024-02-24,2024-03-25,0,147033.0
CAND-00119,2024-02-24,2024-04-24,0,137957.0
CAND-00119,2024-02-24,2024-05-24,0,124343.0
CAND-00119,2024-02-24,2024-06-23,0,111776.0
CAND-00119,2024-02-24,2024-07-23,0,102166.0
CAND-00119,2024-02-24,2024-08-22,0,90497.0
CAND-00120,2024-06-20,2024-07-20,0,1833487.0
CAND-00120,2024-06-20,2024-08-19,0,1714850.0
CAND-00120,2024-06-20,2024-09-18,0,1513166.0
CAND-00120,2024-06-20,2024-10-18,0,1401120.0
CAND-00120,2024-06-20,2024-11-17,0,1266664.0
CAND-00121,2024-08-10,2024-09-09,0,1643698.0
CAND-00121,2024-08-10,2024-10-09,0,1479328.0
CAND-00121,2024-08-10,2024-11-08,0,1372971.0
CAND-00121,2024-08-10,2024-12-08,0,1208602.0
CAND-00122,2024-09-29,2024-10-29,0,486360.0
CAND-00122,2024-09-29,2024-11-28,0,449448.0
CAND-00122,2024-09-29,2024-12-28,30,437965.0
CAND-00122,2024-09-29,2025-01-27,60,425046.0
CAND-00122,2024-09-29,2025-02-26,90,413301.0
CAND-00123,2024-05-23,2024-06-22,0,382481.0
CAND-00123,2024-05-23,2024-07-22,0,356583.0
CAND-00123,2024-05-23,2024-08-21,0,322054.0
CAND-00123,2024-05-23,2024-09-20,0,280619.0
CAND-00123,2024-05-23,2024-10-20,0,239183.0
CAND-00124,2024-04-14,2024-05-14,0,578489.0
CAND-00124,2024-04-14,2024-06-13,0,540074.0
CAND-00124,2024-04-14,2024-07-13,0,496171.0
CAND-00124,2024-04-14,2024-08-12,0,457756.0
CAND-00124,2024-04-14,2024-09-11,0,401879.0
CAND-00125,2024-05-05,2024-06-04,0,423085.0
CAND-00125,2024-05-05,2024-07-04,0,392529.0
CAND-00125,2024-05-05,2024-08-03,0,346695.0
CAND-00125,2024-05-05,2024-09-02,0,300860.0
CAND-00126,2024-02-10,2024-03-11,0,287205.0
CAND-00126,2024-02-10,2024-04-10,0,269254.0
CAND-00126,2024-02-10,2024-05-10,0,247458.0
CAND-00126,2024-02-10,2024-06-09,0,223984.0
CAND-00126,2024-02-10,2024-07-09,0,200511.0
CAND-00126,2024-02-10,2024-08-08,0,181439.0
CAND-00127,2024-08-15,2024-09-14,0,3594422.0
CAND-00127,2024-08-15,2024-10-14,0,3367882.0
CAND-00127,2024-08-15,2024-11-13,0,3092799.0
CAND-00128,2024-01-22,2024-02-21,0,367453.0
CAND-00128,2024-01-22,2024-03-22,0,334280.0
CAND-00128,2024-01-22,2024-04-21,0,303659.0
CAND-00128,2024-01-22,2024-05-21,0,278779.0
CAND-00128,2024-01-22,2024-06-20,0,242591.0
CAND-00128,2024-01-22,2024-07-20,0,202783.0
CAND-00129,2024-01-24,2024-02-23,0,384135.0
CAND-00129,2024-01-24,2024-03-24,0,352848.0
CAND-00129,2024-01-24,2024-04-23,0,330252.0
CAND-00129,2024-01-24,2024-05-23,0,293276.0
CAND-00130,2024-05-15,2024-06-14,30,251199.0
CAND-00130,2024-05-15,2024-07-14,0,236094.0
CAND-00130,2024-05-15,2024-08-13,30,231059.0
CAND-00131,2024-03-27,2024-04-26,0,1684583.0
CAND-00131,2024-03-27,2024-05-26,0,1554228.0
CAND-00131,2024-03-27,2024-06-25,0,1371732.0
CAND-00132,2024-05-12,2024-06-11,0,290755.0
CAND-00132,2024-05-12,2024-07-11,0,267910.0
CAND-00132,2024-05-12,2024-08-10,30,261875.0
CAND-00133,2024-07-22,2024-08-21,0,874526.0
CAND-00133,2024-07-22,2024-09-20,0,797362.0
CAND-00133,2024-07-22,2024-10-20,0,720198.0
CAND-00133,2024-07-22,2024-11-19,0,627601.0
CAND-00133,2024-07-22,2024-12-19,0,535004.0
CAND-00133,2024-07-22,2025-01-18,0,450825.0
CAND-00134,2024-09-29,2024-10-29,0,1193501.0
CAND-00134,2024-09-29,2024-11-28,0,1085754.0
CAND-00134,2024-09-29,2024-12-28,0,993400.0
CAND-00134,2024-09-29,2025-01-27,0,864104.0
CAND-00134,2024-09-29,2025-02-26,0,746562.0
CAND-00135,2024-10-06,2024-11-05,0,461984.0
CAND-00135,2024-10-06,2024-12-05,0,433209.0
CAND-00135,2024-10-06,2025-01-04,0,395582.0
CAND-00135,2024-10-06,2025-02-03,30,380759.0
CAND-00136,2024-10-01,2024-10-31,0,1291444.0
CAND-00136,2024-10-01,2024-11-30,0,1189973.0
CAND-00136,2024-10-01,2024-12-30,0,1111052.0
CAND-00136,2024-10-01,2025-01-29,0,1009581.0
CAND-00136,2024-10-01,2025-02-28,0,908110.0
CAND-00137,2024-08-01,2024-08-31,0,335794.0
CAND-00137,2024-08-01,2024-09-30,0,298483.0
CAND-00137,2024-08-01,2024-10-30,0,273610.0
CAND-00137,2024-08-01,2024-11-29,0,251662.0
CAND-00137,2024-08-01,2024-12-29,30,245339.0
CAND-00138,2024-03-11,2024-04-10,0,1218963.0
CAND-00138,2024-03-11,2024-05-10,0,1126773.0
CAND-00138,2024-03-11,2024-06-09,0,1019217.0
CAND-00138,2024-03-11,2024-07-09,0,927027.0
CAND-00139,2024-01-06,2024-02-05,0,184949.0
CAND-00139,2024-01-06,2024-03-06,30,180379.0
CAND-00139,2024-01-06,2024-04-05,60,176107.0
CAND-00139,2024-01-06,2024-05-05,90,172659.0
CAND-00139,2024-01-06,2024-06-04,107,169329.0
CAND-00140,2024-02-06,2024-03-07,0,571923.0
CAND-00140,2024-02-06,2024-04-06,30,561623.0
CAND-00140,2024-02-06,2024-05-06,0,506381.0
CAND-00140,2024-02-06,2024-06-05,0,451138.0
CAND-00141,2024-08-06,2024-09-05,0,768629.0
CAND-00141,2024-08-06,2024-10-05,0,714184.0
CAND-00141,2024-08-06,2024-11-04,0,639942.0
CAND-00141,2024-08-06,2024-12-04,0,571886.0
CAND-00141,2024-08-06,2025-01-03,0,513553.0
CAND-00141,2024-08-06,2025-02-02,0,468182.0
CAND-00142,2024-06-01,2024-07-01,0,464470.0
CAND-00142,2024-06-01,2024-07-31,0,431441.0
CAND-00142,2024-06-01,2024-08-30,0,386402.0
CAND-00143,2024-05-14,2024-06-13,30,635343.0
CAND-00143,2024-05-14,2024-07-13,0,594771.0
CAND-00143,2024-05-14,2024-08-12,30,580959.0
CAND-00144,2024-08-19,2024-09-18,0,1032873.0
CAND-00144,2024-08-19,2024-10-18,0,944594.0
CAND-00144,2024-08-19,2024-11-17,0,862619.0
CAND-00144,2024-08-19,2024-12-17,0,747856.0
CAND-00144,2024-08-19,2025-01-16,0,684098.0
CAND-00144,2024-08-19,2025-02-15,30,649321.0
CAND-00145,2024-07-21,2024-08-20,0,676898.0
CAND-00145,2024-07-21,2024-09-19,0,604001.0
CAND-00145,2024-07-21,2024-10-19,0,531105.0
CAND-00145,2024-07-21,2024-11-18,0,488224.0
CAND-00146,2024-06-10,2024-07-10,30,1486128.0
CAND-00146,2024-06-10,2024-08-09,60,1457451.0
CAND-00146,2024-06-10,2024-09-08,90,1412748.0
CAND-00148,2024-06-24,2024-07-24,0,1306355.0
CAND-00148,2024-06-24,2024-08-23,30,1269522.0
CAND-00148,2024-06-24,2024-09-22,0,1176211.0
CAND-00148,2024-06-24,2024-10-22,0,1076234.0
CAND-00149,2024-08-12,2024-09-11,0,163828.0
CAND-00149,2024-08-12,2024-10-11,0,153388.0
CAND-00149,2024-08-12,2024-11-10,0,142295.0
CAND-00149,2024-08-12,2024-12-10,0,131203.0
CAND-00149,2024-08-12,2025-01-09,0,117550.0
CAND-00150,2024-02-07,2024-03-08,0,567615.0
CAND-00150,2024-02-07,2024-04-07,0,524175.0
CAND-00150,2024-02-07,2024-05-07,0,488401.0
CAND-00150,2024-02-07,2024-06-06,0,437721.0
CAND-00150,2024-02-07,2024-07-06,0,382434.0
CAND-00150,2024-02-07,2024-08-05,0,346660.0
CAND-00151,2024-04-22,2024-05-22,0,926289.0
CAND-00151,2024-04-22,2024-06-21,0,843953.0
CAND-00151,2024-04-22,2024-07-21,0,745148.0
CAND-00151,2024-04-22,2024-08-20,0,690257.0
CAND-00152,2024-03-17,2024-04-16,0,587640.0
CAND-00152,2024-03-17,2024-05-16,0,538670.0
CAND-00152,2024-03-17,2024-06-15,0,475009.0
CAND-00152,2024-03-17,2024-07-15,0,439642.0
CAND-00152,2024-03-17,2024-08-14,0,394170.0
CAND-00152,2024-03-17,2024-09-13,0,348697.0
CAND-00153,2024-04-23,2024-05-23,0,197148.0
CAND-00153,2024-04-23,2024-06-22,0,177433.0
CAND-00153,2024-04-23,2024-07-22,0,163879.0
CAND-00153,2024-04-23,2024-08-21,0,148389.0
CAND-00153,2024-04-23,2024-09-20,0,136341.0
CAND-00153,2024-04-23,2024-10-20,0,122787.0
CAND-00154,2024-03-18,2024-04-17,0,750470.0
CAND-00154,2024-03-18,2024-05-17,0,705571.0
CAND-00154,2024-03-18,2024-06-16,0,624751.0
CAND-00154,2024-03-18,2024-07-16,0,579851.0
CAND-00154,2024-03-18,2024-08-15,0,525971.0
CAND-00155,2024-08-18,2024-09-17,0,323905.0
CAND-00155,2024-08-18,2024-10-17,0,294214.0
CAND-00155,2024-08-18,2024-11-16,0,264523.0
CAND-00155,2024-08-18,2024-12-16,0,239073.0
CAND-00156,2024-08-23,2024-09-22,0,421495.0
CAND-00156,2024-08-23,2024-10-22,0,383178.0
CAND-00156,2024-08-23,2024-11-21,0,357632.0
CAND-00156,2024-08-23,2024-12-21,0,326978.0
CAND-00156,2024-08-23,2025-01-20,0,285177.0
CAND-00157,2024-05-20,2024-06-19,0,503063.0
CAND-00157,2024-05-20,2024-07-19,0,454640.0
CAND-00157,2024-05-20,2024-08-18,0,419130.0
CAND-00157,2024-05-20,2024-09-17,30,402988.0
CAND-00157,2024-05-20,2024-10-17,60,391409.0
CAND-00158,2024-01-16,2024-02-15,30,582154.0
CAND-00158,2024-01-16,2024-03-16,0,536056.0
CAND-00158,2024-01-16,2024-04-15,0,489958.0
CAND-00158,2024-01-16,2024-05-15,0,454706.0
CAND-00158,2024-01-16,2024-06-14,0,404766.0
CAND-00158,2024-01-16,2024-07-14,0,364815.0
CAND-00159,2024-05-13,2024-06-12,0,788552.0
CAND-00159,2024-05-13,2024-07-12,0,731203.0
CAND-00159,2024-05-13,2024-08-11,0,645179.0
CAND-00159,2024-05-13,2024-09-10,0,579007.0
CAND-00159,2024-05-13,2024-10-10,30,561802.0
CAND-00160,2024-08-30,2024-09-29,0,1273807.0
CAND-00160,2024-08-30,2024-10-29,0,1158007.0
CAND-00160,2024-08-30,2024-11-28,0,1071156.0
CAND-00160,2024-08-30,2024-12-28,0,984306.0
CAND-00160,2024-08-30,2025-01-27,0,891665.0
CAND-00161,2024-09-14,2024-10-14,0,630553.0
CAND-00161,2024-09-14,2024-11-13,0,584312.0
CAND-00161,2024-09-14,2024-12-13,0,543512.0
CAND-00161,2024-09-14,2025-01-12,0,493968.0
CAND-00161,2024-09-14,2025-02-11,0,424607.0
CAND-00162,2024-08-13,2024-09-12,0,861692.0
CAND-00162,2024-08-13,2024-10-12,0,789885.0
CAND-00162,2024-08-13,2024-11-11,0,696535.0
CAND-00162,2024-08-13,2024-12-11,0,624727.0
CAND-00162,2024-08-13,2025-01-10,0,558048.0
CAND-00162,2024-08-13,2025-02-09,0,464698.0
CAND-00163,2024-07-07,2024-08-06,0,1509992.0
CAND-00163,2024-07-07,2024-09-05,0,1348208.0
CAND-00163,2024-07-07,2024-10-05,0,1186423.0
CAND-00163,2024-07-07,2024-11-04,0,1039345.0
CAND-00163,2024-07-07,2024-12-04,0,892268.0
CAND-00163,2024-07-07,2025-01-03,0,791153.0
CAND-00164,2024-05-19,2024-06-18,0,1112678.0
CAND-00164,2024-05-19,2024-07-18,0,991294.0
CAND-00164,2024-05-19,2024-08-17,0,869912.0
CAND-00164,2024-05-19,2024-09-16,0,759563.0
CAND-00166,2024-02-19,2024-03-20,0,1391443.0
CAND-00166,2024-02-19,2024-04-19,0,1298680.0
CAND-00166,2024-02-19,2024-05-19,0,1174996.0
CAND-00166,2024-02-19,2024-06-18,0,1026576.0
CAND-00166,2024-02-19,2024-07-18,0,891648.0
CAND-00167,2024-02-14,2024-03-15,0,232639.0
CAND-00167,2024-02-14,2024-04-14,0,211490.0
CAND-00167,2024-02-14,2024-05-14,30,204239.0
CAND-00167,2024-02-14,2024-06-13,0,189310.0
CAND-00167,2024-02-14,2024-07-13,0,169788.0
CAND-00168,2024-03-21,2024-04-20,0,684952.0
CAND-00168,2024-03-21,2024-05-20,0,632969.0
CAND-00168,2024-03-21,2024-06-19,0,592538.0
CAND-00168,2024-03-21,2024-07-19,0,531891.0
CAND-00168,2024-03-21,2024-08-18,0,459115.0
CAND-00168,2024-03-21,2024-09-17,0,416306.0
CAND-00169,2024-09-03,2024-10-03,0,237732.0
CAND-00169,2024-09-03,2024-11-02,0,219207.0
CAND-00169,2024-09-03,2024-12-02,0,195631.0
CAND-00169,2024-09-03,2025-01-01,0,181223.0
CAND-00169,2024-09-03,2025-01-31,0,161273.0
CAND-00170,2024-01-28,2024-02-27,0,974338.0
CAND-00170,2024-01-28,2024-03-28,0,898943.0
CAND-00170,2024-01-28,2024-04-27,0,793390.0
CAND-00171,2024-07-29,2024-08-28,0,716640.0
CAND-00171,2024-07-29,2024-09-27,0,671850.0
CAND-00171,2024-07-29,2024-10-27,30,655987.0
CAND-00171,2024-07-29,2024-11-26,0,597415.0
CAND-00171,2024-07-29,2024-12-26,0,521272.0
CAND-00172,2024-08-20,2024-09-19,0,197095.0
CAND-00172,2024-08-20,2024-10-19,0,184673.0
CAND-00172,2024-08-20,2024-11-18,0,168429.0
CAND-00172,2024-08-20,2024-12-18,30,164029.0
CAND-00172,2024-08-20,2025-01-17,0,147785.0
CAND-00173,2024-05-10,2024-06-09,0,841335.0
CAND-00173,2024-05-10,2024-07-09,30,823807.0
CAND-00173,2024-05-10,2024-08-08,0,766842.0
CAND-00173,2024-05-10,2024-09-07,0,709876.0
CAND-00173,2024-05-10,2024-10-07,0,639765.0
CAND-00174,2024-02-02,2024-03-03,30,335374.0
CAND-00174,2024-02-02,2024-04-02,60,324228.0
CAND-00174,2024-02-02,2024-05-02,30,317453.0
CAND-00175,2024-09-30,2024-10-30,0,425550.0
CAND-00175,2024-09-30,2024-11-29,30,416265.0
CAND-00175,2024-09-30,2024-12-29,0,390474.0
CAND-00176,2024-01-24,2024-02-23,0,576830.0
CAND-00176,2024-01-24,2024-03-24,0,540778.0
CAND-00176,2024-01-24,2024-04-23,0,502473.0
CAND-00176,2024-01-24,2024-05-23,30,485909.0
CAND-00177,2024-04-03,2024-05-03,0,819176.0
CAND-00177,2024-04-03,2024-06-02,30,801879.0
CAND-00177,2024-04-03,2024-07-02,60,783109.0
CAND-00177,2024-04-03,2024-08-01,90,762104.0
CAND-00177,2024-04-03,2024-08-31,60,738889.0
CAND-00178,2024-04-18,2024-05-18,0,270105.0
CAND-00178,2024-04-18,2024-06-17,0,244016.0
CAND-00178,2024-04-18,2024-07-17,0,226079.0
CAND-00178,2024-04-18,2024-08-16,0,204003.0
CAND-00178,2024-04-18,2024-09-15,30,197897.0
CAND-00178,2024-04-18,2024-10-15,60,188929.0
CAND-00179,2024-06-16,2024-07-16,0,726749.0
CAND-00179,2024-06-16,2024-08-15,0,674572.0
CAND-00179,2024-06-16,2024-09-14,30,656371.0
CAND-00179,2024-06-16,2024-10-14,0,612890.0
CAND-00179,2024-06-16,2024-11-13,30,596238.0
CAND-00180,2024-10-03,2024-11-02,0,1102413.0
CAND-00180,2024-10-03,2024-12-02,0,1017107.0
CAND-00180,2024-10-03,2025-01-01,0,917584.0
CAND-00180,2024-10-03,2025-01-31,0,825716.0
CAND-00181,2024-07-16,2024-08-15,0,270607.0
CAND-00181,2024-07-16,2024-09-14,0,251505.0
CAND-00181,2024-07-16,2024-10-14,0,227628.0
CAND-00181,2024-07-16,2024-11-13,0,205588.0
CAND-00181,2024-07-16,2024-12-13,30,199857.0
CAND-00182,2024-07-06,2024-08-05,30,341253.0
CAND-00182,2024-07-06,2024-09-04,60,333639.0
CAND-00182,2024-07-06,2024-10-04,90,327271.0
CAND-00182,2024-07-06,2024-11-03,99,319657.0
CAND-00182,2024-07-06,2024-12-03,99,313171.0
CAND-00183,2024-06-16,2024-07-16,0,649752.0
CAND-00183,2024-06-16,2024-08-15,0,586140.0
CAND-00183,2024-06-16,2024-09-14,0,532314.0
CAND-00184,2024-05-14,2024-06-13,0,951945.0
CAND-00184,2024-05-14,2024-07-13,0,879700.0
CAND-00184,2024-05-14,2024-08-12,0,787750.0
CAND-00184,2024-05-14,2024-09-11,0,720321.0
CAND-00184,2024-05-14,2024-10-11,0,660824.0
CAND-00185,2024-08-23,2024-09-22,30,377574.0
CAND-00185,2024-08-23,2024-10-22,0,353513.0
CAND-00185,2024-08-23,2024-11-21,0,327847.0
CAND-00185,2024-08-23,2024-12-21,0,298234.0
CAND-00186,2024-08-11,2024-09-10,0,1515055.0
CAND-00186,2024-08-11,2024-10-10,30,1480622.0
CAND-00186,2024-08-11,2024-11-09,60,1438243.0
CAND-00187,2024-08-08,2024-09-07,0,986067.0
CAND-00187,2024-08-08,2024-10-07,0,904381.0
CAND-00187,2024-08-08,2024-11-06,0,833586.0
CAND-00188,2024-09-13,2024-10-13,0,1838480.0
CAND-00188,2024-09-13,2024-11-12,0,1687630.0
CAND-00188,2024-09-13,2024-12-12,0,1547555.0
CAND-00188,2024-09-13,2025-01-11,0,1407481.0
CAND-00189,2024-07-23,2024-08-22,0,354492.0
CAND-00189,2024-07-23,2024-09-21,30,344174.0
CAND-00189,2024-07-23,2024-10-21,0,305998.0
CAND-00189,2024-07-23,2024-11-20,0,280548.0
CAND-00189,2024-07-23,2024-12-20,0,259339.0
CAND-00189,2024-07-23,2025-01-19,0,227525.0
CAND-00190,2024-10-09,2024-11-08,0,1885565.0
CAND-00190,2024-10-09,2024-12-08,30,1843586.0
CAND-00190,2024-10-09,2025-01-07,60,1808121.0
CAND-00191,2024-05-09,2024-06-08,30,1407781.0
CAND-00191,2024-05-09,2024-07-08,60,1376631.0
CAND-00191,2024-05-09,2024-08-07,90,1352344.0
CAND-00191,2024-05-09,2024-09-06,106,1304580.0
CAND-00191,2024-05-09,2024-10-06,106,1269631.0
CAND-00191,2024-05-09,2024-11-05,106,1230903.0
CAND-00192,2024-08-19,2024-09-18,0,984974.0
CAND-00192,2024-08-19,2024-10-18,0,900788.0
CAND-00192,2024-08-19,2024-11-17,0,839987.0
CAND-00193,2024-05-30,2024-06-29,0,295032.0
CAND-00193,2024-05-30,2024-07-29,0,272042.0
CAND-00193,2024-05-30,2024-08-28,0,242783.0
CAND-00194,2024-06-16,2024-07-16,0,945494.0
CAND-00194,2024-06-16,2024-08-15,0,888589.0
CAND-00194,2024-06-16,2024-09-14,0,824571.0
CAND-00194,2024-06-16,2024-10-14,0,722143.0
CAND-00194,2024-06-16,2024-11-13,0,653857.0
CAND-00195,2024-03-09,2024-04-08,30,989141.0
CAND-00195,2024-03-09,2024-05-08,60,967126.0
CAND-00195,2024-03-09,2024-06-07,90,947651.0
CAND-00195,2024-03-09,2024-07-07,111,930191.0
CAND-00196,2024-07-31,2024-08-30,0,787886.0
CAND-00196,2024-07-31,2024-09-29,0,723714.0
CAND-00196,2024-07-31,2024-10-29,0,671575.0
CAND-00196,2024-07-31,2024-11-28,0,602055.0
CAND-00196,2024-07-31,2024-12-28,0,542467.0
CAND-00197,2024-03-03,2024-04-02,0,1000203.0
CAND-00197,2024-03-03,2024-05-02,0,932882.0
CAND-00197,2024-03-03,2024-06-01,0,861072.0
CAND-00197,2024-03-03,2024-07-01,0,763150.0
CAND-00197,2024-03-03,2024-07-31,0,695829.0
CAND-00198,2024-07-02,2024-08-01,0,292063.0
CAND-00198,2024-07-02,2024-08-31,30,282884.0
CAND-00198,2024-07-02,2024-09-30,60,277147.0
CAND-00199,2024-04-24,2024-05-24,30,403952.0
CAND-00199,2024-04-24,2024-06-23,0,379470.0
CAND-00199,2024-04-24,2024-07-23,30,371309.0
CAND-00199,2024-04-24,2024-08-22,60,362816.0
CAND-00200,2024-04-13,2024-05-13,0,515906.0
CAND-00200,2024-04-13,2024-06-12,0,478073.0
CAND-00200,2024-04-13,2024-07-12,0,446546.0
CAND-00201,2024-09-11,2024-10-11,0,619671.0
CAND-00201,2024-09-11,2024-11-10,0,560023.0
CAND-00201,2024-09-11,2024-12-10,0,519016.0
CAND-00202,2024-05-05,2024-06-04,30,660297.0
CAND-00202,2024-05-05,2024-07-04,60,646743.0
CAND-00202,2024-05-05,2024-08-03,90,629367.0
CAND-00203,2024-05-05,2024-06-04,30,138966.0
CAND-00203,2024-05-05,2024-07-04,60,136317.0
CAND-00203,2024-05-05,2024-08-03,90,133273.0
CAND-00203,2024-05-05,2024-09-02,60,129508.0
CAND-00203,2024-05-05,2024-10-02,90,125535.0
CAND-00204,2024-04-23,2024-05-23,0,873362.0
CAND-00204,2024-04-23,2024-06-22,0,794984.0
CAND-00204,2024-04-23,2024-07-22,0,736200.0
CAND-00204,2024-04-23,2024-08-21,0,657821.0
CAND-00204,2024-04-23,2024-09-20,0,595118.0
CAND-00205,2024-02-13,2024-03-14,0,647131.0
CAND-00205,2024-02-13,2024-04-13,0,578374.0
CAND-00205,2024-02-13,2024-05-13,0,529261.0
CAND-00205,2024-02-13,2024-06-12,0,491062.0
CAND-00206,2024-09-14,2024-10-14,0,1510353.0
CAND-00206,2024-09-14,2024-11-13,0,1416282.0
CAND-00206,2024-09-14,2024-12-13,0,1302054.0
CAND-00206,2024-09-14,2025-01-12,0,1187826.0
CAND-00206,2024-09-14,2025-02-11,0,1064810.0
CAND-00207,2024-07-06,2024-08-05,0,681739.0
CAND-00207,2024-07-06,2024-09-04,30,667156.0
CAND-00207,2024-07-06,2024-10-04,0,592785.0
CAND-00207,2024-07-06,2024-11-03,0,549037.0
CAND-00208,2024-04-10,2024-05-10,0,340897.0
CAND-00208,2024-04-10,2024-06-09,0,307324.0
CAND-00208,2024-04-10,2024-07-09,0,276548.0
CAND-00209,2024-02-22,2024-03-23,0,410686.0
CAND-00209,2024-02-22,2024-04-22,0,377236.0
CAND-00209,2024-02-22,2024-05-22,0,333752.0
CAND-00209,2024-02-22,2024-06-21,0,309594.0
CAND-00209,2024-02-22,2024-07-21,0,276145.0
CAND-00210,2024-04-20,2024-05-20,0,406105.0
CAND-00210,2024-04-20,2024-06-19,0,380226.0
CAND-00210,2024-04-20,2024-07-19,0,343563.0
CAND-00210,2024-04-20,2024-08-18,30,333999.0
CAND-00211,2024-09-16,2024-10-16,0,255257.0
CAND-00211,2024-09-16,2024-11-15,30,250284.0
CAND-00211,2024-09-16,2024-12-15,60,244360.0
CAND-00211,2024-09-16,2025-01-14,90,236170.0
CAND-00211,2024-09-16,2025-02-13,98,231013.0
CAND-00211,2024-09-16,2025-03-15,98,226128.0
CAND-00212,02-10-2024,2024-11-01,30,454209.0
CAND-00212,02-10-2024,2024-12-01,60,445477.0
CAND-00212,02-10-2024,2024-12-31,90,431866.0
CAND-00212,02-10-2024,2025-01-30,118,423602.0
CAND-00213,2024-05-31,2024-06-30,0,357985.0
CAND-00213,2024-05-31,2024-07-30,0,321825.0
CAND-00213,2024-05-31,2024-08-29,0,282049.0
CAND-00213,2024-05-31,2024-09-28,30,274946.0
CAND-00213,2024-05-31,2024-10-28,0,238786.0
CAND-00213,2024-05-31,2024-11-27,0,216688.0
CAND-00214,2024-10-14,2024-11-13,30,553693.0
CAND-00214,2024-10-14,2024-12-13,60,539943.0
CAND-00214,2024-10-14,2025-01-12,90,528437.0
CAND-00215,2024-04-13,2024-05-13,0,805988.0
CAND-00215,2024-04-13,2024-06-12,0,748897.0
CAND-00215,2024-04-13,2024-07-12,0,691806.0
CAND-00215,2024-04-13,2024-08-11,0,630637.0
CAND-00215,2024-04-13,2024-09-10,0,545001.0
CAND-00216,2024-01-09,2024-02-08,0,233470.0
CAND-00216,2024-01-09,2024-03-09,0,219202.0
CAND-00216,2024-01-09,2024-04-08,30,211649.0
CAND-00217,2024-07-26,2024-08-25,0,323411.0
CAND-00217,2024-07-26,2024-09-24,0,288582.0
CAND-00217,2024-07-26,2024-10-24,0,256920.0
CAND-00217,2024-07-26,2024-11-23,0,235152.0
CAND-00217,2024-07-26,2024-12-23,0,206128.0
CAND-00218,2024-08-26,2024-09-25,0,1799424.0
CAND-00218,2024-08-26,2024-10-25,0,1651120.0
CAND-00218,2024-08-26,2024-11-24,0,1458324.0
CAND-00218,2024-08-26,2024-12-24,0,1329794.0
CAND-00218,2024-08-26,2025-01-23,0,1192083.0
CAND-00219,2024-02-28,2024-03-29,0,587559.0
CAND-00219,2024-02-28,2024-04-28,0,552741.0
CAND-00219,2024-02-28,2024-05-28,0,504531.0
CAND-00219,2024-02-28,2024-06-27,0,465360.0
CAND-00219,2024-02-28,2024-07-27,0,430542.0
CAND-00219,2024-02-28,2024-08-26,0,382332.0
CAND-00220,2024-03-21,2024-04-20,0,1083963.0
CAND-00220,2024-03-21,2024-05-20,0,1000085.0
CAND-00220,2024-03-21,2024-06-19,0,893331.0
CAND-00220,2024-03-21,2024-07-19,0,824255.0
CAND-00220,2024-03-21,2024-08-18,0,740377.0
CAND-00220,2024-03-21,2024-09-17,0,633623.0
CAND-00221,2024-09-12,2024-10-12,0,377070.0
CAND-00221,2024-09-12,2024-11-11,0,350885.0
CAND-00221,2024-09-12,2024-12-11,0,327609.0
CAND-00221,2024-09-12,2025-01-10,0,295381.0
CAND-00222,2024-05-22,2024-06-21,0,651603.0
CAND-00222,2024-05-22,2024-07-21,0,579926.0
CAND-00222,2024-05-22,2024-08-20,0,528729.0
CAND-00222,2024-05-22,2024-09-19,30,515930.0
CAND-00223,2024-07-02,2024-08-01,0,216302.0
CAND-00223,2024-07-02,2024-08-31,0,199822.0
CAND-00223,2024-07-02,2024-09-30,0,176750.0
CAND-00224,2024-05-06,2024-06-05,0,736821.0
CAND-00224,2024-05-06,2024-07-05,0,668597.0
CAND-00224,2024-05-06,2024-08-04,0,610119.0
CAND-00224,2024-05-06,2024-09-03,0,558951.0
CAND-00224,2024-05-06,2024-10-03,0,510793.0
CAND-00225,2024-07-26,2024-08-25,0,851112.0
CAND-00225,2024-07-26,2024-09-24,30,823804.0
CAND-00225,2024-07-26,2024-10-24,60,805234.0
CAND-00226,2024-05-08,2024-06-07,0,551521.0
CAND-00226,2024-05-08,2024-07-07,0,515023.0
CAND-00226,2024-05-08,2024-08-06,0,478525.0
CAND-00226,2024-05-08,2024-09-05,0,420129.0
CAND-00226,2024-05-08,2024-10-05,0,367041.0
CAND-00227,2024-03-12,2024-04-11,0,345857.0
CAND-00227,2024-03-12,2024-05-11,0,316297.0
CAND-00227,2024-03-12,2024-06-10,0,284273.0
CAND-00227,2024-03-12,2024-07-10,0,245845.0
CAND-00227,2024-03-12,2024-08-09,0,210909.0
CAND-00228,2024-08-03,2024-09-02,0,783188.0
CAND-00228,2024-08-03,2024-10-02,0,704869.0
CAND-00228,2024-08-03,2024-11-01,0,647436.0
CAND-00228,2024-08-03,2024-12-01,0,569117.0
CAND-00229,2024-09-01,2024-10-01,0,1504005.0
CAND-00229,2024-09-01,2024-10-31,0,1341071.0
CAND-00229,2024-09-01,2024-11-30,0,1178137.0
CAND-00229,2024-09-01,2024-12-30,0,1015204.0
CAND-00229,2024-09-01,2025-01-29,0,906581.0
CAND-00229,2024-09-01,2025-02-28,0,797958.0
CAND-00230,2024-07-22,2024-08-21,0,478465.0
CAND-00230,2024-07-22,2024-09-20,0,447762.0
CAND-00230,2024-07-22,2024-10-20,30,433654.0
CAND-00230,2024-07-22,2024-11-19,0,393504.0
CAND-00230,2024-07-22,2024-12-19,0,346052.0
CAND-00231,2024-02-27,2024-03-28,0,625104.0
CAND-00231,2024-02-27,2024-04-27,0,576395.0
CAND-00231,2024-02-27,2024-05-27,0,519567.0
CAND-00232,2024-03-27,2024-04-26,0,795628.0
CAND-00232,2024-03-27,2024-05-26,0,735246.0
CAND-00232,2024-03-27,2024-06-25,0,685519.0
CAND-00233,2024-02-11,2024-03-12,30,593571.0
CAND-00233,2024-02-11,2024-04-11,60,573919.0
CAND-00233,2024-02-11,2024-05-11,90,560958.0
CAND-00234,2024-06-15,2024-07-15,0,602812.0
CAND-00234,2024-06-15,2024-08-14,0,538763.0
CAND-00234,2024-06-15,2024-09-13,0,480537.0
CAND-00234,2024-06-15,2024-10-13,0,444955.0
CAND-00235,2024-02-08,2024-03-09,0,735243.0
CAND-00235,2024-02-08,2024-04-08,0,655034.0
CAND-00235,2024-02-08,2024-05-08,0,607853.0
CAND-00235,2024-02-08,2024-06-07,0,554381.0
CAND-00235,2024-02-08,2024-07-07,0,497089.0
CAND-00235,2024-02-08,2024-08-06,0,446959.0
CAND-00236,2024-06-17,2024-07-17,0,693839.0
CAND-00236,2024-06-17,2024-08-16,0,618673.0
CAND-00236,2024-06-17,2024-09-15,0,556035.0
CAND-00236,2024-06-17,2024-10-15,30,541580.0
CAND-00236,2024-06-17,2024-11-14,0,483760.0
CAND-00236,2024-06-17,2024-12-14,0,433649.0
CAND-00237,2024-08-10,2024-09-09,0,445191.0
CAND-00237,2024-08-10,2024-10-09,0,416094.0
CAND-00237,2024-08-10,2024-11-08,0,385178.0
CAND-00237,2024-08-10,2024-12-08,0,352201.0
CAND-00237,2024-08-10,2025-01-07,30,339517.0
CAND-00238,2024-06-15,2024-07-15,0,488536.0
CAND-00238,2024-06-15,2024-08-14,0,447199.0
CAND-00238,2024-06-15,2024-09-13,0,408814.0
CAND-00238,2024-06-15,2024-10-13,0,359960.0
CAND-00238,2024-06-15,2024-11-12,0,315178.0
CAND-00239,2024-01-30,2024-02-29,0,535268.0
CAND-00239,2024-01-30,2024-03-30,0,489976.0
CAND-00239,2024-01-30,2024-04-29,0,444684.0
CAND-00239,2024-01-30,2024-05-29,0,402628.0
CAND-00240,2024-02-07,2024-03-08,0,431622.0
CAND-00240,2024-02-07,2024-04-07,0,403058.0
CAND-00240,2024-02-07,2024-05-07,0,372591.0
CAND-00240,2024-02-07,2024-06-06,0,339947.0
CAND-00240,2024-02-07,2024-07-06,0,298401.0
CAND-00241,2024-07-26,2024-08-25,0,1009569.0
CAND-00241,2024-07-26,2024-09-24,0,918967.0
CAND-00241,2024-07-26,2024-10-24,0,858565.0
CAND-00241,2024-07-26,2024-11-23,0,780906.0
CAND-00241,2024-07-26,2024-12-23,0,682067.0
CAND-00242,2024-08-26,2024-09-25,0,1169437.0
CAND-00242,2024-08-26,2024-10-25,0,1085478.0
CAND-00242,2024-08-26,2024-11-24,0,959538.0
CAND-00242,2024-08-26,2024-12-24,0,845048.0
CAND-00242,2024-08-26,2025-01-23,0,748171.0
CAND-00243,2024-08-22,2024-09-21,0,742241.0
CAND-00243,2024-08-22,2024-10-21,0,693728.0
CAND-00243,2024-08-22,2024-11-20,30,673613.0
CAND-00243,2024-08-22,2024-12-20,0,627796.0
CAND-00243,2024-08-22,2025-01-19,0,581979.0
CAND-00244,2024-06-05,2024-07-05,0,1044443.0
CAND-00244,2024-06-05,2024-08-04,0,970462.0
CAND-00244,2024-06-05,2024-09-03,0,905184.0
CAND-00244,2024-06-05,2024-10-03,0,819821.0
CAND-00244,2024-06-05,2024-11-02,0,750463.0
CAND-00245,2024-06-28,2024-07-28,0,943320.0
CAND-00245,2024-06-28,2024-08-27,0,841732.0
CAND-00245,2024-06-28,2024-09-26,0,749379.0
CAND-00245,2024-06-28,2024-10-26,0,657026.0
CAND-00246,2024-08-06,2024-09-05,0,519311.0
CAND-00246,2024-08-06,2024-10-05,0,488764.0
CAND-00246,2024-08-06,2024-11-04,0,449488.0
CAND-00247,2024-03-24,2024-04-23,0,687934.0
CAND-00247,2024-03-24,2024-05-23,0,644938.0
CAND-00247,2024-03-24,2024-06-22,0,584027.0
CAND-00247,2024-03-24,2024-07-22,0,538344.0
CAND-00248,2024-09-23,2024-10-23,0,245045.0
CAND-00248,2024-09-23,2024-11-22,0,228338.0
CAND-00248,2024-09-23,2024-12-22,0,213486.0
CAND-00249,2024-10-23,2024-11-22,0,511651.0
CAND-00249,2024-10-23,2024-12-22,0,469833.0
CAND-00249,2024-10-23,2025-01-21,0,439632.0
CAND-00249,2024-10-23,2025-02-20,30,426989.0
CAND-00250,2024-03-10,2024-04-09,0,637970.0
CAND-00250,2024-03-10,2024-05-09,0,575139.0
CAND-00250,2024-03-10,2024-06-08,0,517545.0
CAND-00250,2024-03-10,2024-07-08,30,504254.0
CAND-00250,2024-03-10,2024-08-07,0,461058.0
CAND-00251,2024-03-04,2024-04-03,0,896114.0
CAND-00251,2024-03-04,2024-05-03,0,838130.0
CAND-00251,2024-03-04,2024-06-02,0,776522.0
CAND-00251,2024-03-04,2024-07-02,0,694378.0
CAND-00252,2024-01-25,2024-02-24,0,612828.0
CAND-00252,2024-01-25,2024-03-25,30,591263.0
CAND-00252,2024-01-25,2024-04-24,0,530486.0
CAND-00252,2024-01-25,2024-05-24,30,518960.0
CAND-00252,2024-01-25,2024-06-23,60,502246.0
CAND-00252,2024-01-25,2024-07-23,90,490720.0
CAND-00253,2024-08-07,2024-09-06,0,599675.0
CAND-00253,2024-08-07,2024-10-06,0,549702.0
CAND-00253,2024-08-07,2024-11-05,30,529401.0
CAND-00253,2024-08-07,2024-12-05,0,479428.0
CAND-00253,2024-08-07,2025-01-04,0,436118.0
CAND-00253,2024-08-07,2025-02-03,0,397903.0
CAND-00254,2024-07-02,2024-08-01,0,528108.0
CAND-00254,2024-07-02,2024-08-31,0,486957.0
CAND-00254,2024-07-02,2024-09-30,0,448549.0
CAND-00254,2024-07-02,2024-10-30,0,400539.0
CAND-00255,2024-02-18,2024-03-19,0,569740.0
CAND-00255,2024-02-18,2024-04-18,30,556024.0
CAND-00255,2024-02-18,2024-05-18,0,499913.0
CAND-00255,2024-02-18,2024-06-17,0,448478.0
CAND-00255,2024-02-18,2024-07-17,0,407330.0
CAND-00255,2024-02-18,2024-08-16,0,373040.0
CAND-00256,2024-02-18,2024-03-19,0,334589.0
CAND-00256,2024-02-18,2024-04-18,0,313394.0
CAND-00256,2024-02-18,2024-05-18,0,292198.0
CAND-00256,2024-02-18,2024-06-17,30,285399.0
CAND-00256,2024-02-18,2024-07-17,0,249367.0
CAND-00257,2024-03-26,2024-04-25,0,444918.0
CAND-00257,2024-03-26,2024-05-25,0,417729.0
CAND-00257,2024-03-26,2024-06-24,0,380082.0
CAND-00257,2024-03-26,2024-07-24,0,347454.0
CAND-00257,2024-03-26,2024-08-23,0,320265.0
CAND-00258,2024-01-16,2024-02-15,0,460013.0
CAND-00258,2024-01-16,2024-03-16,0,421089.0
CAND-00258,2024-01-16,2024-04-15,0,389463.0
CAND-00258,2024-01-16,2024-05-15,0,338861.0
CAND-00258,2024-01-16,2024-06-14,0,305127.0
CAND-00258,2024-01-16,2024-07-14,0,259126.0
CAND-00259,2024-01-08,2024-02-07,0,1131354.0
CAND-00259,2024-01-08,2024-03-08,0,1030340.0
CAND-00259,2024-01-08,2024-04-07,0,909124.0
CAND-00259,2024-01-08,2024-05-07,0,815880.0
CAND-00260,2024-07-14,2024-08-13,0,320208.0
CAND-00260,2024-07-14,2024-09-12,0,298194.0
CAND-00260,2024-07-14,2024-10-12,0,262971.0
CAND-00260,2024-07-14,2024-11-11,0,237812.0
CAND-00260,2024-07-14,2024-12-11,0,215797.0
CAND-00260,2024-07-14,2025-01-10,0,192316.0
CAND-00261,2024-02-06,2024-03-07,0,522316.0
CAND-00261,2024-02-06,2024-04-06,0,475162.0
CAND-00261,2024-02-06,2024-05-06,0,428009.0
CAND-00261,2024-02-06,2024-06-05,0,371424.0
CAND-00262,2024-07-25,2024-08-24,0,501079.0
CAND-00262,2024-07-25,2024-09-23,0,469148.0
CAND-00262,2024-07-25,2024-10-23,0,438990.0
CAND-00262,2024-07-25,2024-11-22,30,421479.0
CAND-00262,2024-07-25,2024-12-22,60,403385.0
CAND-00262,2024-07-25,2025-01-21,90,392741.0
CAND-00263,2024-03-11,2024-04-10,0,2110245.0
CAND-00263,2024-03-11,2024-05-10,0,1974828.0
CAND-00263,2024-03-11,2024-06-09,0,1797744.0
CAND-00264,2024-07-08,2024-08-07,0,1014653.0
CAND-00264,2024-07-08,2024-09-06,0,915823.0
CAND-00264,2024-07-08,2024-10-06,0,851874.0
CAND-00265,2024-05-15,2024-06-14,0,398806.0
CAND-00265,2024-05-15,2024-07-14,0,371804.0
CAND-00265,2024-05-15,2024-08-13,0,328600.0
CAND-00265,2024-05-15,2024-09-12,0,285396.0
CAND-00265,2024-05-15,2024-10-12,0,249392.0
CAND-00265,2024-05-15,2024-11-11,30,235456.0
CAND-00266,2024-07-20,2024-08-19,0,287676.0
CAND-00266,2024-07-20,2024-09-18,0,256696.0
CAND-00266,2024-07-20,2024-10-18,0,225715.0
CAND-00266,2024-07-20,2024-11-17,0,197551.0
CAND-00267,2024-06-02,2024-07-02,0,545018.0
CAND-00267,2024-06-02,2024-08-01,0,511072.0
CAND-00267,2024-06-02,2024-08-31,0,479012.0
CAND-00267,2024-06-02,2024-09-30,0,421305.0
CAND-00267,2024-06-02,2024-10-30,0,385237.0
CAND-00268,2024-06-15,2024-07-15,0,414633.0
CAND-00268,2024-06-15,2024-08-14,0,378048.0
CAND-00268,2024-06-15,2024-09-13,30,369088.0
CAND-00269,2024-06-21,2024-07-21,0,364718.0
CAND-00269,2024-06-21,2024-08-20,0,338533.0
CAND-00269,2024-06-21,2024-09-19,0,313985.0
CAND-00269,2024-06-21,2024-10-19,0,289436.0
CAND-00270,2024-04-09,2024-05-09,0,786197.0
CAND-00270,2024-04-09,2024-06-08,0,702663.0
CAND-00270,2024-04-09,2024-07-08,0,633052.0
CAND-00270,2024-04-09,2024-08-07,0,583915.0
CAND-00270,2024-04-09,2024-09-06,30,556969.0
CAND-00270,2024-04-09,2024-10-06,60,534392.0
CAND-00271,2024-01-26,2024-02-25,0,770678.0
CAND-00271,2024-01-26,2024-03-26,0,719299.0
CAND-00271,2024-01-26,2024-04-25,0,670943.0
CAND-00271,2024-01-26,2024-05-25,0,602438.0
CAND-00271,2024-01-26,2024-06-24,0,556768.0
CAND-00271,2024-01-26,2024-07-24,0,474563.0
CAND-00272,2024-04-06,2024-05-06,30,719643.0
CAND-00272,2024-04-06,2024-06-05,0,678949.0
CAND-00272,2024-04-06,2024-07-05,0,638255.0
CAND-00273,2024-07-30,2024-08-29,0,712036.0
CAND-00273,2024-07-30,2024-09-28,0,656938.0
CAND-00273,2024-07-30,2024-10-28,0,605513.0
CAND-00274,2024-09-06,2024-10-06,0,1998024.0
CAND-00274,2024-09-06,2024-11-05,0,1850022.0
CAND-00274,2024-09-06,2024-12-05,0,1628020.0
CAND-00274,2024-09-06,2025-01-04,0,1406017.0
CAND-00275,2024-02-08,2024-03-09,30,575074.0
CAND-00275,2024-02-08,2024-04-08,60,563558.0
CAND-00275,2024-02-08,2024-05-08,90,553432.0
CAND-00276,2024-03-17,2024-04-16,0,804703.0
CAND-00276,2024-03-17,2024-05-16,0,752634.0
CAND-00276,2024-03-17,2024-06-15,0,678869.0
CAND-00276,2024-03-17,2024-07-15,0,610779.0
CAND-00276,2024-03-17,2024-08-14,0,522262.0
CAND-00276,2024-03-17,2024-09-13,0,459035.0
CAND-00277,2024-05-06,2024-06-05,0,468675.0
CAND-00277,2024-05-06,2024-07-05,0,437552.0
CAND-00277,2024-05-06,2024-08-04,0,401983.0
CAND-00278,2024-07-21,2024-08-20,0,796170.0
CAND-00278,2024-07-21,2024-09-19,30,772754.0
CAND-00278,2024-07-21,2024-10-19,60,755894.0
CAND-00278,2024-07-21,2024-11-18,90,730348.0
CAND-00279,2024-03-09,2024-04-08,0,242528.0
CAND-00279,2024-03-09,2024-05-08,0,220873.0
CAND-00279,2024-03-09,2024-06-07,0,202313.0
CAND-00279,2024-03-09,2024-07-07,30,197908.0
CAND-00280,2024-04-26,2024-05-26,0,1379802.0
CAND-00280,2024-04-26,2024-06-25,0,1264819.0
CAND-00280,2024-04-26,2024-07-25,0,1140253.0
CAND-00280,2024-04-26,2024-08-24,0,1052325.0
CAND-00280,2024-04-26,2024-09-23,0,964396.0
CAND-00281,2024-07-28,2024-08-27,0,383881.0
CAND-00281,2024-07-28,2024-09-26,0,349225.0
CAND-00281,2024-07-28,2024-10-26,30,338562.0
CAND-00281,2024-07-28,2024-11-25,0,300755.0
CAND-00281,2024-07-28,2024-12-25,0,268765.0
CAND-00281,2024-07-28,2025-01-24,0,227178.0
CAND-00282,2024-04-15,2024-05-15,0,456259.0
CAND-00282,2024-04-15,2024-06-14,0,423814.0
CAND-00282,2024-04-15,2024-07-14,0,396776.0
CAND-00282,2024-04-15,2024-08-13,0,352533.0
CAND-00283,2024-05-07,2024-06-06,0,325772.0
CAND-00283,2024-05-07,2024-07-06,0,291023.0
CAND-00283,2024-05-07,2024-08-05,30,283469.0
CAND-00284,2024-03-13,2024-04-12,0,533584.0
CAND-00284,2024-03-13,2024-05-12,0,476668.0
CAND-00284,2024-03-13,2024-06-11,30,464020.0
CAND-00284,2024-03-13,2024-07-11,60,449426.0
CAND-00284,2024-03-13,2024-08-10,90,439613.0
CAND-00285,2024-08-25,2024-09-24,0,822567.0
CAND-00285,2024-08-25,2024-10-24,0,755074.0
CAND-00285,2024-08-25,2024-11-23,0,700237.0
CAND-00285,2024-08-25,2024-12-23,0,612496.0
CAND-00285,2024-08-25,2025-01-22,0,563751.0
CAND-00285,2024-08-25,2025-02-21,0,483987.0
CAND-00286,2024-03-11,2024-04-10,0,331456.0
CAND-00286,2024-03-11,2024-05-10,0,304138.0
CAND-00286,2024-03-11,2024-06-09,0,280462.0
CAND-00287,2024-05-14,2024-06-13,30,1196469.0
CAND-00287,2024-05-14,2024-07-13,60,1160575.0
CAND-00287,2024-05-14,2024-08-12,90,1124681.0
CAND-00287,2024-05-14,2024-09-11,106,1085313.0
CAND-00287,2024-05-14,2024-10-11,106,1055547.0
CAND-00287,2024-05-14,2024-11-10,106,1023431.0
CAND-00288,2024-06-09,2024-07-09,0,710044.0
CAND-00288,2024-06-09,2024-08-08,0,655425.0
CAND-00288,2024-06-09,2024-09-07,30,632935.0
CAND-00288,2024-06-09,2024-10-07,60,615943.0
CAND-00288,2024-06-09,2024-11-06,90,595820.0
CAND-00289,2024-04-12,2024-05-12,0,598401.0
CAND-00289,2024-04-12,2024-06-11,0,555848.0
CAND-00289,2024-04-12,2024-07-11,0,520387.0
CAND-00289,2024-04-12,2024-08-10,0,480494.0
CAND-00289,2024-04-12,2024-09-09,0,422467.0
CAND-00289,2024-04-12,2024-10-09,0,379914.0
CAND-00290,2024-05-03,2024-06-02,0,597488.0
CAND-00290,2024-05-03,2024-07-02,0,559998.0
CAND-00290,2024-05-03,2024-08-01,0,524591.0
CAND-00290,2024-05-03,2024-08-31,0,489185.0
CAND-00291,2024-02-13,2024-03-14,0,654178.0
CAND-00291,2024-02-13,2024-04-13,0,615697.0
CAND-00291,2024-02-13,2024-05-13,0,562415.0
CAND-00291,2024-02-13,2024-06-12,0,509134.0
CAND-00292,2024-07-24,2024-08-23,0,519189.0
CAND-00292,2024-07-24,2024-09-22,0,484711.0
CAND-00292,2024-07-24,2024-10-22,0,447935.0
CAND-00293,2024-07-13,2024-08-12,0,1216929.0
CAND-00293,2024-07-13,2024-09-11,0,1124892.0
CAND-00293,2024-07-13,2024-10-11,30,1100581.0
CAND-00294,2024-06-07,2024-07-07,0,286537.0
CAND-00294,2024-06-07,2024-08-06,0,263796.0
CAND-00294,2024-06-07,2024-09-05,0,231958.0
CAND-00294,2024-06-07,2024-10-05,0,200121.0
CAND-00294,2024-06-07,2024-11-04,0,168283.0
CAND-00294,2024-06-07,2024-12-04,0,147058.0
CAND-00295,2024-08-22,2024-09-21,0,716340.0
CAND-00295,2024-08-22,2024-10-21,30,695198.0
CAND-00295,2024-08-22,2024-11-20,0,619087.0
CAND-00296,2024-06-09,2024-07-09,30,1149653.0
CAND-00296,2024-06-09,2024-08-08,0,1051260.0
CAND-00296,2024-06-09,2024-09-07,0,981805.0
CAND-00296,2024-06-09,2024-10-07,0,912351.0
CAND-00297,2024-10-03,2024-11-02,0,451364.0
CAND-00297,2024-10-03,2024-12-02,0,403003.0
CAND-00297,2024-10-03,2025-01-01,0,359039.0
CAND-00297,2024-10-03,2025-01-31,0,321839.0
CAND-00298,2024-03-22,2024-04-21,0,983044.0
CAND-00298,2024-03-22,2024-05-21,0,888419.0
CAND-00298,2024-03-22,2024-06-20,0,808352.0
CAND-00298,2024-03-22,2024-07-20,0,721613.0
CAND-00298,2024-03-22,2024-08-19,0,641546.0
CAND-00298,2024-03-22,2024-09-18,0,580319.0
CAND-00299,2024-05-14,2024-06-13,0,395355.0
CAND-00299,2024-05-14,2024-07-13,0,356418.0
CAND-00299,2024-05-14,2024-08-12,0,327865.0
CAND-00299,2024-05-14,2024-09-11,0,288928.0
CAND-00299,2024-05-14,2024-10-11,0,260375.0
CAND-00299,2024-05-14,2024-11-10,0,231822.0
CAND-00300,2024-07-06,2024-08-05,0,473632.0
CAND-00300,2024-07-06,2024-09-04,0,423483.0
CAND-00300,2024-07-06,2024-10-04,0,381692.0
CAND-00300,2024-07-06,2024-11-03,0,331543.0
CAND-00300,2024-07-06,2024-12-03,0,303682.0
CAND-00300,2024-07-06,2025-01-02,0,270249.0
CAND-00301,2024-06-21,2024-07-21,0,305575.0
CAND-00301,2024-06-21,2024-08-20,0,275481.0
CAND-00301,2024-06-21,2024-09-19,0,242377.0
CAND-00301,2024-06-21,2024-10-19,0,214790.0
CAND-00301,2024-06-21,2024-11-18,0,189326.0
CAND-00302,2024-05-04,2024-06-03,0,514417.0
CAND-00302,2024-05-04,2024-07-03,30,500347.0
CAND-00302,2024-05-04,2024-08-02,0,466053.0
CAND-00302,2024-05-04,2024-09-01,30,451613.0
CAND-00302,2024-05-04,2024-10-01,0,419336.0
CAND-00302,2024-05-04,2024-10-31,30,405266.0
CAND-00303,2024-02-25,2024-03-26,0,412968.0
CAND-00303,2024-02-25,2024-04-25,0,383716.0
CAND-00303,2024-02-25,2024-05-25,0,347151.0
CAND-00304,2024-07-09,2024-08-08,0,583079.0
CAND-00304,2024-07-09,2024-09-07,0,537266.0
CAND-00304,2024-07-09,2024-10-07,0,491452.0
CAND-00304,2024-07-09,2024-11-06,0,445639.0
CAND-00305,2024-03-11,2024-04-10,30,893655.0
CAND-00305,2024-03-11,2024-05-10,0,832975.0
CAND-00305,2024-03-11,2024-06-09,0,782408.0
CAND-00306,2024-03-07,2024-04-06,0,651366.0
CAND-00306,2024-03-07,2024-05-06,0,597920.0
CAND-00306,2024-03-07,2024-06-05,0,534758.0
CAND-00306,2024-03-07,2024-07-05,0,481312.0
CAND-00306,2024-03-07,2024-08-04,0,411833.0
CAND-00306,2024-03-07,2024-09-03,0,373234.0
CAND-00307,2024-03-13,2024-04-12,30,937191.0
CAND-00307,2024-03-13,2024-05-12,60,916826.0
CAND-00307,2024-03-13,2024-06-11,90,895557.0
CAND-00307,2024-03-13,2024-07-11,92,875616.0
CAND-00309,2024-05-08,2024-06-07,0,502600.0
CAND-00309,2024-05-08,2024-07-07,0,456063.0
CAND-00309,2024-05-08,2024-08-06,0,409526.0
CAND-00310,2024-01-16,2024-02-15,0,184877.0
CAND-00310,2024-01-16,2024-03-16,0,172359.0
CAND-00310,2024-01-16,2024-04-15,0,158053.0
CAND-00310,2024-01-16,2024-05-15,0,143747.0
CAND-00311,2024-08-02,2024-09-01,0,779151.0
CAND-00311,2024-08-02,2024-10-01,0,703892.0
CAND-00311,2024-08-02,2024-10-31,0,640212.0
CAND-00311,2024-08-02,2024-11-30,0,564953.0
CAND-00311,2024-08-02,2024-12-30,0,482168.0
CAND-00311,2024-08-02,2025-01-29,0,433471.0
CAND-00312,2024-07-22,2024-08-21,0,359735.0
CAND-00312,2024-07-22,2024-09-20,0,327259.0
CAND-00312,2024-07-22,2024-10-20,30,317516.0
CAND-00313,2024-09-08,2024-10-08,0,297106.0
CAND-00313,2024-09-08,2024-11-07,0,276990.0
CAND-00313,2024-09-08,2024-12-07,0,259108.0
CAND-00313,2024-09-08,2025-01-06,0,226922.0
CAND-00314,2024-05-05,2024-06-04,0,472253.0
CAND-00314,2024-05-05,2024-07-04,30,463130.0
CAND-00314,2024-05-05,2024-08-03,60,451726.0
CAND-00314,2024-05-05,2024-09-02,90,440818.0
CAND-00315,2024-07-06,2024-08-05,0,673781.0
CAND-00315,2024-07-06,2024-09-04,0,628160.0
CAND-00315,2024-07-06,2024-10-04,0,587608.0
CAND-00316,2024-10-07,2024-11-06,0,281758.0
CAND-00316,2024-10-07,2024-12-06,0,256811.0
CAND-00316,2024-10-07,2025-01-05,0,233782.0
CAND-00317,2024-01-19,2024-02-18,0,388059.0
CAND-00317,2024-01-19,2024-03-19,0,363330.0
CAND-00317,2024-01-19,2024-04-18,30,349316.0
CAND-00317,2024-01-19,2024-05-18,0,321290.0
CAND-00317,2024-01-19,2024-06-17,0,296561.0
CAND-00317,2024-01-19,2024-07-17,0,271831.0
CAND-00318,2024-06-26,2024-07-26,0,2370672.0
CAND-00318,2024-06-26,2024-08-25,0,2202749.0
CAND-00318,2024-06-26,2024-09-24,0,2034827.0
CAND-00319,2024-03-11,2024-04-10,0,173681.0
CAND-00319,2024-03-11,2024-05-10,0,158174.0
CAND-00319,2024-03-11,2024-06-09,0,142667.0
CAND-00319,2024-03-11,2024-07-09,0,129375.0
CAND-00319,2024-03-11,2024-08-08,30,125498.0
CAND-00320,2024-08-30,2024-09-29,0,934489.0
CAND-00320,2024-08-30,2024-10-29,0,866998.0
CAND-00320,2024-08-30,2024-11-28,0,774965.0
CAND-00320,2024-08-30,2024-12-28,0,707474.0
CAND-00320,2024-08-30,2025-01-27,30,675838.0
CAND-00321,2024-07-16,2024-08-15,0,825649.0
CAND-00321,2024-07-16,2024-09-14,0,738228.0
CAND-00321,2024-07-16,2024-10-14,30,721416.0
CAND-00322,2024-09-25,2024-10-25,0,406025.0
CAND-00322,2024-09-25,2024-11-24,30,393165.0
CAND-00322,2024-09-25,2024-12-24,60,384915.0
CAND-00323,2024-07-20,2024-08-19,0,2046187.0
CAND-00323,2024-07-20,2024-09-18,30,1981992.0
CAND-00323,2024-07-20,2024-10-18,60,1930026.0
CAND-00323,2024-07-20,2024-11-17,90,1889607.0
CAND-00323,2024-07-20,2024-12-17,60,1851316.0
CAND-00323,2024-07-20,2025-01-16,90,1813025.0
CAND-00324,2024-05-02,2024-06-01,0,631899.0
CAND-00324,2024-05-02,2024-07-01,0,594729.0
CAND-00324,2024-05-02,2024-07-31,0,557558.0
CAND-00324,2024-05-02,2024-08-30,0,520388.0
CAND-00324,2024-05-02,2024-09-29,0,475783.0
CAND-00324,2024-05-02,2024-10-29,0,424316.0
CAND-00325,2024-03-01,2024-03-31,0,750337.0
CAND-00325,2024-03-01,2024-04-30,0,696466.0
CAND-00325,2024-03-01,2024-05-30,0,629129.0
CAND-00325,2024-03-01,2024-06-29,0,555669.0
CAND-00326,2024-08-23,2024-09-22,0,1470494.0
CAND-00326,2024-08-23,2024-10-22,0,1314795.0
CAND-00326,2024-08-23,2024-11-21,0,1203581.0
CAND-00326,2024-08-23,2024-12-21,0,1117081.0
CAND-00326,2024-08-23,2025-01-20,0,1030582.0
CAND-00326,2024-08-23,2025-02-19,0,910813.0
CAND-00327,2024-03-23,2024-04-22,0,795049.0
CAND-00327,2024-03-23,2024-05-22,0,729187.0
CAND-00327,2024-03-23,2024-06-21,0,663325.0
CAND-00327,2024-03-23,2024-07-21,0,585488.0
CAND-00328,2024-05-28,2024-06-27,0,524317.0
CAND-00328,2024-05-28,2024-07-27,0,489499.0
CAND-00328,2024-05-28,2024-08-26,0,454681.0
CAND-00328,2024-05-28,2024-09-25,0,411828.0
CAND-00328,2024-05-28,2024-10-25,0,365405.0
CAND-00330,2024-01-23,2024-02-22,0,557849.0
CAND-00330,2024-01-23,2024-03-23,0,523758.0
CAND-00330,2024-01-23,2024-04-22,0,472622.0
CAND-00330,2024-01-23,2024-05-22,0,434270.0
CAND-00330,2024-01-23,2024-06-21,0,378485.0
CAND-00330,2024-01-23,2024-07-21,0,322700.0
CAND-00331,2024-06-05,2024-07-05,0,788396.0
CAND-00331,2024-06-05,2024-08-04,30,761147.0
CAND-00331,2024-06-05,2024-09-03,60,745789.0
CAND-00332,2024-08-11,2024-09-10,0,706008.0
CAND-00332,2024-08-11,2024-10-10,0,641291.0
CAND-00332,2024-08-11,2024-11-09,0,576573.0
CAND-00332,2024-08-11,2024-12-09,0,533428.0
CAND-00332,2024-08-11,2025-01-08,0,462828.0
CAND-00332,2024-08-11,2025-02-07,0,407356.0
CAND-00333,2024-03-23,2024-04-22,0,149467.0
CAND-00333,2024-03-23,2024-05-22,30,145190.0
CAND-00333,2024-03-23,2024-06-21,60,140793.0
CAND-00333,2024-03-23,2024-07-21,90,136934.0
CAND-00334,2024-06-25,2024-07-25,0,286432.0
CAND-00334,2024-06-25,2024-08-24,30,279157.0
CAND-00334,2024-06-25,2024-09-23,60,268973.0
CAND-00334,2024-06-25,2024-10-23,90,262608.0
CAND-00335,2024-08-12,2024-09-11,0,179762.0
CAND-00335,2024-08-12,2024-10-11,0,168432.0
CAND-00335,2024-08-12,2024-11-10,0,154675.0
CAND-00335,2024-08-12,2024-12-10,0,143975.0
CAND-00335,2024-08-12,2025-01-09,0,129159.0
CAND-00336,2024-03-04,2024-04-03,30,512927.0
CAND-00336,2024-03-04,2024-05-03,0,465160.0
CAND-00336,2024-03-04,2024-06-02,0,421373.0
CAND-00336,2024-03-04,2024-07-02,0,380955.0
CAND-00336,2024-03-04,2024-08-01,30,369775.0
CAND-00336,2024-03-04,2024-08-31,0,322008.0
CAND-00337,2024-05-01,2024-05-31,0,257502.0
CAND-00337,2024-05-01,2024-06-30,30,249171.0
CAND-00337,2024-05-01,2024-07-30,60,244287.0
CAND-00337,2024-05-01,2024-08-29,90,239318.0
CAND-00338,2024-09-04,2024-10-04,0,674934.0
CAND-00338,2024-09-04,2024-11-03,0,628532.0
CAND-00338,2024-09-04,2024-12-03,30,606696.0
CAND-00338,2024-09-04,2025-01-02,60,594112.0
CAND-00338,2024-09-04,2025-02-01,30,577239.0
CAND-00339,2024-05-01,2024-05-31,0,539018.0
CAND-00339,2024-05-01,2024-06-30,0,491458.0
CAND-00339,2024-05-01,2024-07-30,0,459751.0
CAND-00339,2024-05-01,2024-08-29,0,415849.0
CAND-00339,2024-05-01,2024-09-28,0,371947.0
CAND-00339,2024-05-01,2024-10-28,0,333899.0
CAND-00340,2024-04-24,2024-05-24,0,282081.0
CAND-00340,2024-04-24,2024-06-23,0,254834.0
CAND-00340,2024-04-24,2024-07-23,0,234854.0
CAND-00340,2024-04-24,2024-08-22,30,227361.0
CAND-00340,2024-04-24,2024-09-21,0,197390.0
CAND-00341,2024-05-15,2024-06-14,0,398375.0
CAND-00341,2024-05-15,2024-07-14,0,372338.0
CAND-00341,2024-05-15,2024-08-13,30,362920.0
CAND-00341,2024-05-15,2024-09-12,60,354407.0
CAND-00341,2024-05-15,2024-10-12,90,346056.0
CAND-00342,2024-08-20,2024-09-19,0,624894.0
CAND-00342,2024-08-20,2024-10-19,0,585973.0
CAND-00342,2024-08-20,2024-11-18,0,530835.0
CAND-00342,2024-08-20,2024-12-18,0,494077.0
CAND-00343,2024-08-02,2024-09-01,0,546933.0
CAND-00343,2024-08-02,2024-10-01,0,502231.0
CAND-00343,2024-08-02,2024-10-31,0,468048.0
CAND-00344,2024-08-15,2024-09-14,0,380877.0
CAND-00344,2024-08-15,2024-10-14,0,340068.0
CAND-00344,2024-08-15,2024-11-13,30,332369.0
CAND-00345,2024-04-10,2024-05-10,0,519407.0
CAND-00345,2024-04-10,2024-06-09,0,487056.0
CAND-00345,2024-04-10,2024-07-09,0,447773.0
CAND-00346,2024-08-15,2024-09-14,0,426120.0
CAND-00346,2024-08-15,2024-10-14,0,395527.0
CAND-00346,2024-08-15,2024-11-13,0,357286.0
CAND-00347,2024-06-21,2024-07-21,0,1216472.0
CAND-00347,2024-06-21,2024-08-20,0,1135691.0
CAND-00347,2024-06-21,2024-09-19,0,1006441.0
CAND-00347,2024-06-21,2024-10-19,0,920274.0
CAND-00347,2024-06-21,2024-11-18,0,839493.0
CAND-00349,2024-06-16,2024-07-16,0,931099.0
CAND-00349,2024-06-16,2024-08-15,0,837989.0
CAND-00349,2024-06-16,2024-09-14,30,803849.0
CAND-00349,2024-06-16,2024-10-14,0,725064.0
CAND-00350,2024-07-10,2024-08-09,30,699708.0
CAND-00350,2024-07-10,2024-09-08,60,686612.0
CAND-00350,2024-07-10,2024-10-08,30,667657.0
CAND-00351,2024-09-25,2024-10-25,30,1144339.0
CAND-00351,2024-09-25,2024-11-24,60,1115870.0
CAND-00351,2024-09-25,2024-12-24,90,1084324.0
CAND-00351,2024-09-25,2025-01-23,118,1060979.0
CAND-00351,2024-09-25,2025-02-22,118,1033188.0
CAND-00351,2024-09-25,2025-03-24,118,997818.0
CAND-00352,2024-03-12,2024-04-11,30,398030.0
CAND-00352,2024-03-12,2024-05-11,0,368737.0
CAND-00352,2024-03-12,2024-06-10,30,357020.0
CAND-00352,2024-03-12,2024-07-10,60,349564.0
CAND-00352,2024-03-12,2024-08-09,90,340244.0
CAND-00353,2024-08-23,2024-09-22,0,526449.0
CAND-00353,2024-08-23,2024-10-22,0,493660.0
CAND-00353,2024-08-23,2024-11-21,0,458822.0
CAND-00353,2024-08-23,2024-12-21,30,447446.0
CAND-00354,2024-07-10,2024-08-09,0,1269689.0
CAND-00354,2024-07-10,2024-09-08,0,1133651.0
CAND-00354,2024-07-10,2024-10-08,0,1029006.0
CAND-00354,2024-07-10,2024-11-07,0,943982.0
CAND-00354,2024-07-10,2024-12-07,30,916775.0
CAND-00354,2024-07-10,2025-01-06,0,780737.0
CAND-00355,2024-04-15,2024-05-15,0,1520863.0
CAND-00355,2024-04-15,2024-06-14,30,1466268.0
CAND-00355,2024-04-15,2024-07-14,0,1369923.0
CAND-00355,2024-04-15,2024-08-13,30,1329976.0
CAND-00356,2024-03-29,2024-04-28,0,655291.0
CAND-00356,2024-03-29,2024-05-28,0,596483.0
CAND-00356,2024-03-29,2024-06-27,0,549436.0
CAND-00357,2024-03-21,2024-04-20,0,859730.0
CAND-00357,2024-03-21,2024-05-20,0,796046.0
CAND-00357,2024-03-21,2024-06-19,0,709204.0
CAND-00357,2024-03-21,2024-07-19,0,635723.0
CAND-00357,2024-03-21,2024-08-18,30,609906.0
CAND-00357,2024-03-21,2024-09-17,60,588678.0
CAND-00358,2024-06-20,2024-07-20,0,230600.0
CAND-00358,2024-06-20,2024-08-19,0,213160.0
CAND-00358,2024-06-20,2024-09-18,0,188743.0
CAND-00358,2024-06-20,2024-10-18,30,184222.0
CAND-00358,2024-06-20,2024-11-17,0,165440.0
CAND-00358,2024-06-20,2024-12-17,0,143243.0
CAND-00359,2024-01-24,2024-02-23,0,454775.0
CAND-00359,2024-01-24,2024-03-24,0,423767.0
CAND-00359,2024-01-24,2024-04-23,30,414407.0
CAND-00359,2024-01-24,2024-05-23,0,373064.0
CAND-00359,2024-01-24,2024-06-22,0,331720.0
CAND-00360,2024-05-04,2024-06-03,0,523127.0
CAND-00360,2024-05-04,2024-07-03,0,471912.0
CAND-00360,2024-05-04,2024-08-02,0,415575.0
CAND-00361,2024-06-29,2024-07-29,0,858332.0
CAND-00361,2024-06-29,2024-08-28,0,804686.0
CAND-00361,2024-06-29,2024-09-27,0,754021.0
CAND-00361,2024-06-29,2024-10-27,0,700375.0
CAND-00362,2024-02-04,2024-03-05,0,792531.0
CAND-00362,2024-02-04,2024-04-04,0,742581.0
CAND-00362,2024-02-04,2024-05-04,0,671820.0
CAND-00362,2024-02-04,2024-06-03,0,601058.0
CAND-00362,2024-02-04,2024-07-03,0,530296.0
CAND-00363,2024-09-15,2024-10-15,0,264820.0
CAND-00363,2024-09-15,2024-11-14,0,239026.0
CAND-00363,2024-09-15,2024-12-14,0,215381.0
CAND-00364,2024-06-25,2024-07-25,0,281043.0
CAND-00364,2024-06-25,2024-08-24,0,256245.0
CAND-00364,2024-06-25,2024-09-23,0,234990.0
CAND-00364,2024-06-25,2024-10-23,0,212099.0
CAND-00364,2024-06-25,2024-11-22,0,190844.0
CAND-00364,2024-06-25,2024-12-22,0,163792.0
CAND-00365,2024-06-06,2024-07-06,0,2194639.0
CAND-00365,2024-06-06,2024-08-05,0,2054785.0
CAND-00365,2024-06-06,2024-09-04,0,1871898.0
CAND-00365,2024-06-06,2024-10-04,0,1723303.0
CAND-00365,2024-06-06,2024-11-03,0,1564801.0
CAND-00366,2024-06-26,2024-07-26,0,571721.0
CAND-00366,2024-06-26,2024-08-25,0,533010.0
CAND-00366,2024-06-26,2024-09-24,0,498601.0
CAND-00366,2024-06-26,2024-10-24,0,436665.0
CAND-00367,2024-08-26,2024-09-25,0,328416.0
CAND-00367,2024-08-26,2024-10-25,0,301349.0
CAND-00367,2024-08-26,2024-11-24,30,292766.0
CAND-00368,2024-07-24,2024-08-23,0,729754.0
CAND-00368,2024-07-24,2024-09-22,0,673905.0
CAND-00368,2024-07-24,2024-10-22,0,595717.0
CAND-00368,2024-07-24,2024-11-21,0,535573.0
CAND-00368,2024-07-24,2024-12-21,0,483448.0
CAND-00369,2024-06-19,2024-07-19,0,255626.0
CAND-00369,2024-06-19,2024-08-18,0,228097.0
CAND-00369,2024-06-19,2024-09-17,0,210891.0
CAND-00369,2024-06-19,2024-10-17,0,192538.0
CAND-00369,2024-06-19,2024-11-16,0,171362.0
CAND-00369,2024-06-19,2024-12-16,0,151699.0
CAND-00370,2024-08-16,2024-09-15,0,275293.0
CAND-00370,2024-08-16,2024-10-15,0,256763.0
CAND-00370,2024-08-16,2024-11-14,0,233958.0
CAND-00370,2024-08-16,2024-12-14,0,217488.0
CAND-00371,2024-02-28,2024-03-29,30,373311.0
CAND-00371,2024-02-28,2024-04-28,60,364220.0
CAND-00371,2024-02-28,2024-05-28,90,355543.0
CAND-00372,2024-05-09,2024-06-08,0,909756.0
CAND-00372,2024-05-09,2024-07-08,0,821882.0
CAND-00372,2024-05-09,2024-08-07,0,752838.0
CAND-00372,2024-05-09,2024-09-06,0,692425.0
CAND-00372,2024-05-09,2024-10-06,0,635565.0
CAND-00372,2024-05-09,2024-11-05,0,561210.0
CAND-00373,2024-04-27,2024-05-27,0,1424304.0
CAND-00373,2024-04-27,2024-06-26,0,1338582.0
CAND-00373,2024-04-27,2024-07-26,0,1252860.0
CAND-00373,2024-04-27,2024-08-25,0,1142646.0
CAND-00374,2024-10-13,2024-11-12,0,802362.0
CAND-00374,2024-10-13,2024-12-12,0,751534.0
CAND-00374,2024-10-13,2025-01-11,0,697528.0
CAND-00374,2024-10-13,2025-02-10,0,646700.0
CAND-00374,2024-10-13,2025-03-12,0,560292.0
CAND-00374,2024-10-13,2025-04-11,0,509463.0
CAND-00375,2024-08-25,2024-09-24,0,1137877.0
CAND-00375,2024-08-25,2024-10-24,0,1051819.0
CAND-00375,2024-08-25,2024-11-23,0,971498.0
CAND-00376,2024-05-03,2024-06-02,0,550466.0
CAND-00376,2024-05-03,2024-07-02,0,508123.0
CAND-00376,2024-05-03,2024-08-01,0,448842.0
CAND-00376,2024-05-03,2024-08-31,0,413971.0
CAND-00376,2024-05-03,2024-09-30,0,376920.0
CAND-00376,2024-05-03,2024-10-30,0,323028.0
CAND-00377,2024-03-19,2024-04-18,0,934781.0
CAND-00377,2024-03-19,2024-05-18,30,902617.0
CAND-00377,2024-03-19,2024-06-17,0,811971.0
CAND-00377,2024-03-19,2024-07-17,0,721326.0
CAND-00377,2024-03-19,2024-08-16,0,665931.0
CAND-00377,2024-03-19,2024-09-15,0,607278.0
CAND-00378,2024-05-19,2024-06-18,0,515076.0
CAND-00378,2024-05-19,2024-07-18,0,474197.0
CAND-00378,2024-05-19,2024-08-17,0,436043.0
CAND-00378,2024-05-19,2024-09-16,0,397890.0
CAND-00378,2024-05-19,2024-10-16,0,364225.0
CAND-00379,2024-03-26,2024-04-25,0,742411.0
CAND-00379,2024-03-26,2024-05-25,0,670098.0
CAND-00379,2024-03-26,2024-06-24,0,590554.0
CAND-00380,2024-05-12,2024-06-11,0,150801.0
CAND-00380,2024-05-12,2024-07-11,0,138476.0
CAND-00380,2024-05-12,2024-08-10,0,128462.0
CAND-00380,2024-05-12,2024-09-09,0,117017.0
CAND-00380,2024-05-12,2024-10-09,0,107003.0
CAND-00382,2024-07-28,2024-08-27,0,160861.0
CAND-00382,2024-07-28,2024-09-26,0,148413.0
CAND-00382,2024-07-28,2024-10-26,0,135008.0
CAND-00383,2024-02-19,2024-03-20,0,1083527.0
CAND-00383,2024-02-19,2024-04-19,0,977447.0
CAND-00383,2024-02-19,2024-05-19,0,908808.0
CAND-00383,2024-02-19,2024-06-18,0,831016.0
CAND-00383,2024-02-19,2024-07-18,0,733776.0
CAND-00383,2024-02-19,2024-08-17,0,665137.0
CAND-00384,2024-10-09,2024-11-08,30,604477.0
CAND-00384,2024-10-09,2024-12-08,0,553220.0
CAND-00384,2024-10-09,2025-01-07,0,514778.0
CAND-00385,2024-03-25,2024-04-24,0,574390.0
CAND-00385,2024-03-25,2024-05-24,0,517425.0
CAND-00385,2024-03-25,2024-06-23,0,478263.0
CAND-00385,2024-03-25,2024-07-23,0,421298.0
CAND-00385,2024-03-25,2024-08-22,0,369081.0
CAND-00386,2024-08-15,2024-09-14,0,258354.0
CAND-00386,2024-08-15,2024-10-14,0,240413.0
CAND-00386,2024-08-15,2024-11-13,0,222472.0
CAND-00386,2024-08-15,2024-12-13,0,201967.0
CAND-00387,2024-01-07,2024-02-06,0,1090152.0
CAND-00387,2024-01-07,2024-03-07,0,1020196.0
CAND-00387,2024-01-07,2024-04-06,0,921091.0
CAND-00387,2024-01-07,2024-05-06,0,836144.0
CAND-00388,2024-03-20,2024-04-19,0,929762.0
CAND-00388,2024-03-20,2024-05-19,30,912052.0
CAND-00388,2024-03-20,2024-06-18,60,894953.0
CAND-00389,2024-06-14,2024-07-14,0,377294.0
CAND-00389,2024-06-14,2024-08-13,0,339184.0
CAND-00389,2024-06-14,2024-09-12,0,306936.0
CAND-00389,2024-06-14,2024-10-12,0,265015.0
CAND-00390,2024-09-10,2024-10-10,0,1198315.0
CAND-00390,2024-09-10,2024-11-09,0,1099553.0
CAND-00390,2024-09-10,2024-12-09,0,992560.0
CAND-00391,2024-08-02,2024-09-01,0,455163.0
CAND-00391,2024-08-02,2024-10-01,0,422290.0
CAND-00391,2024-08-02,2024-10-31,0,372981.0
CAND-00391,2024-08-02,2024-11-30,0,335050.0
CAND-00391,2024-08-02,2024-12-30,0,306045.0
CAND-00392,2024-02-20,2024-03-21,0,907021.0
CAND-00392,2024-02-20,2024-04-20,30,880055.0
CAND-00392,2024-02-20,2024-05-20,0,796912.0
CAND-00392,2024-02-20,2024-06-19,0,725646.0
CAND-00392,2024-02-20,2024-07-19,0,625874.0
CAND-00392,2024-02-20,2024-08-18,0,567184.0
CAND-00393,2024-02-22,2024-03-23,0,378993.0
CAND-00393,2024-02-22,2024-04-22,0,355306.0
CAND-00393,2024-02-22,2024-05-22,0,330138.0
CAND-00393,2024-02-22,2024-06-21,0,304971.0
CAND-00394,2024-06-06,2024-07-06,0,581108.0
CAND-00394,2024-06-06,2024-08-05,0,546134.0
CAND-00394,2024-06-06,2024-09-04,0,506788.0
CAND-00394,2024-06-06,2024-10-04,0,461822.0
CAND-00394,2024-06-06,2024-11-03,0,424790.0
CAND-00394,2024-06-06,2024-12-03,0,389816.0
CAND-00395,2024-02-26,2024-03-27,0,366992.0
CAND-00395,2024-02-26,2024-04-26,0,334370.0
CAND-00395,2024-02-26,2024-05-26,0,304258.0
CAND-00395,2024-02-26,2024-06-25,0,282511.0
CAND-00396,2024-06-28,2024-07-28,0,201596.0
CAND-00396,2024-06-28,2024-08-27,0,184981.0
CAND-00396,2024-06-28,2024-09-26,30,179581.0
CAND-00396,2024-06-28,2024-10-26,0,162966.0
CAND-00396,2024-06-28,2024-11-25,30,157566.0
CAND-00397,2024-04-15,2024-05-15,0,1444239.0
CAND-00397,2024-04-15,2024-06-14,30,1408676.0
CAND-00397,2024-04-15,2024-07-14,0,1318724.0
CAND-00398,2024-04-03,2024-05-03,0,233281.0
CAND-00398,2024-04-03,2024-06-02,0,211897.0
CAND-00398,2024-04-03,2024-07-02,0,194790.0
CAND-00398,2024-04-03,2024-08-01,0,179695.0
CAND-00398,2024-04-03,2024-08-31,0,159956.0
CAND-00399,2024-09-20,2024-10-20,0,301542.0
CAND-00399,2024-09-20,2024-11-19,0,269069.0
CAND-00399,2024-09-20,2024-12-19,0,248773.0
CAND-00399,2024-09-20,2025-01-18,0,216299.0
CAND-00399,2024-09-20,2025-02-17,0,198258.0
CAND-00400,2024-09-11,2024-10-11,0,896434.0
CAND-00400,2024-09-11,2024-11-10,0,805885.0
CAND-00400,2024-09-11,2024-12-10,0,747295.0
CAND-00400,2024-09-11,2025-01-09,0,680892.0
CAND-00400,2024-09-11,2025-02-08,0,625557.0
CAND-00401,2024-02-06,2024-03-07,0,988803.0
CAND-00401,2024-02-06,2024-04-06,0,889922.0
CAND-00401,2024-02-06,2024-05-06,0,791042.0
CAND-00401,2024-02-06,2024-06-05,0,718530.0
CAND-00401,2024-02-06,2024-07-05,0,650550.0
CAND-00402,2024-08-11,2024-09-10,0,628405.0
CAND-00402,2024-08-11,2024-10-10,0,574695.0
CAND-00402,2024-08-11,2024-11-09,0,531056.0
CAND-00402,2024-08-11,2024-12-09,0,461233.0
CAND-00402,2024-08-11,2025-01-08,0,420161.0
CAND-00402,2024-08-11,2025-02-07,0,381371.0
CAND-00403,2024-07-06,2024-08-05,0,879709.0
CAND-00403,2024-07-06,2024-09-04,30,860236.0
CAND-00403,2024-07-06,2024-10-04,0,775265.0
CAND-00403,2024-07-06,2024-11-03,0,703365.0
CAND-00403,2024-07-06,2024-12-03,0,609896.0
CAND-00404,2024-03-09,2024-04-08,0,667677.0
CAND-00404,2024-03-09,2024-05-08,0,625947.0
CAND-00404,2024-03-09,2024-06-07,0,566830.0
CAND-00404,2024-03-09,2024-07-07,0,512260.0
CAND-00405,2024-05-28,2024-06-27,0,369167.0
CAND-00405,2024-05-28,2024-07-27,0,336352.0
CAND-00405,2024-05-28,2024-08-26,0,300554.0
CAND-00406,2024-05-25,2024-06-24,0,251004.0
CAND-00406,2024-05-25,2024-07-24,0,235510.0
CAND-00406,2024-05-25,2024-08-23,30,228359.0
CAND-00406,2024-05-25,2024-09-22,0,200469.0
CAND-00407,2024-01-27,2024-02-26,0,1081864.0
CAND-00407,2024-01-27,2024-03-27,0,999436.0
CAND-00407,2024-01-27,2024-04-26,30,975395.0
CAND-00407,2024-01-27,2024-05-26,0,907513.0
CAND-00407,2024-01-27,2024-06-25,0,830580.0
CAND-00408,2024-08-09,2024-09-08,0,607897.0
CAND-00408,2024-08-09,2024-10-08,0,564987.0
CAND-00408,2024-08-09,2024-11-07,30,550994.0
CAND-00408,2024-08-09,2024-12-07,60,534490.0
CAND-00409,2024-01-22,2024-02-21,0,153135.0
CAND-00409,2024-01-22,2024-03-22,0,141468.0
CAND-00409,2024-01-22,2024-04-21,0,129800.0
CAND-00409,2024-01-22,2024-05-21,0,120725.0
CAND-00410,2024-02-27,2024-03-28,0,815328.0
CAND-00410,2024-02-27,2024-04-27,0,767201.0
CAND-00410,2024-02-27,2024-05-27,0,719074.0
CAND-00410,2024-02-27,2024-06-26,0,664931.0
CAND-00411,2024-08-03,2024-09-02,30,373749.0
CAND-00411,2024-08-03,2024-10-02,60,365213.0
CAND-00411,2024-08-03,2024-11-01,90,358353.0
CAND-00411,2024-08-03,2024-12-01,104,348750.0
CAND-00411,2024-08-03,2024-12-31,104,340399.0
CAND-00412,2024-09-30,2024-10-30,0,1217672.0
CAND-00412,2024-09-30,2024-11-29,0,1108952.0
CAND-00412,2024-09-30,2024-12-29,0,1036471.0
CAND-00412,2024-09-30,2025-01-28,0,936114.0
CAND-00413,2024-08-02,2024-09-01,0,226018.0
CAND-00413,2024-08-02,2024-10-01,0,205928.0
CAND-00413,2024-08-02,2024-10-31,0,181819.0
CAND-00413,2024-08-02,2024-11-30,0,164599.0
CAND-00413,2024-08-02,2024-12-30,0,148526.0
CAND-00413,2024-08-02,2025-01-29,0,124418.0
CAND-00414,2024-02-24,2024-03-25,30,735316.0
CAND-00414,2024-02-24,2024-04-24,0,693736.0
CAND-00414,2024-02-24,2024-05-24,30,672352.0
CAND-00415,2024-07-10,2024-08-09,0,188988.0
CAND-00415,2024-07-10,2024-09-08,0,175995.0
CAND-00415,2024-07-10,2024-10-08,0,161146.0
CAND-00416,2024-03-02,2024-04-01,0,538471.0
CAND-00416,2024-03-02,2024-05-01,0,492908.0
CAND-00416,2024-03-02,2024-05-31,0,458066.0
CAND-00416,2024-03-02,2024-06-30,0,398834.0
CAND-00416,2024-03-02,2024-07-30,0,356526.0
CAND-00416,2024-03-02,2024-08-29,0,307166.0
CAND-00417,2024-09-03,2024-10-03,0,639069.0
CAND-00417,2024-09-03,2024-11-02,0,571168.0
CAND-00417,2024-09-03,2024-12-02,0,525901.0
CAND-00417,2024-09-03,2025-01-01,0,488178.0
CAND-00418,2024-03-31,2024-04-30,0,581624.0
CAND-00418,2024-03-31,2024-05-30,0,537635.0
CAND-00418,2024-03-31,2024-06-29,0,503422.0
CAND-00418,2024-03-31,2024-07-29,0,459434.0
CAND-00418,2024-03-31,2024-08-28,0,403449.0
CAND-00419,2024-08-16,2024-09-15,0,557194.0
CAND-00419,2024-08-16,2024-10-15,0,519204.0
CAND-00419,2024-08-16,2024-11-14,0,478680.0
CAND-00419,2024-08-16,2024-12-14,0,423421.0
CAND-00419,2024-08-16,2025-01-13,0,385431.0
CAND-00420,2024-02-07,2024-03-08,0,376275.0
CAND-00420,2024-02-07,2024-04-07,30,368226.0
CAND-00420,2024-02-07,2024-05-07,0,340861.0
CAND-00421,2024-08-17,2024-09-16,30,935352.0
CAND-00421,2024-08-17,2024-10-16,0,871723.0
CAND-00421,2024-08-17,2024-11-15,0,792186.0
CAND-00421,2024-08-17,2024-12-15,0,724012.0
CAND-00422,2024-06-30,2024-07-30,0,1503057.0
CAND-00422,2024-06-30,2024-08-29,0,1355905.0
CAND-00422,2024-06-30,2024-09-28,0,1208752.0
CAND-00422,2024-06-30,2024-10-28,0,1093133.0
CAND-00422,2024-06-30,2024-11-27,0,931265.0
CAND-00422,2024-06-30,2024-12-27,0,784112.0
CAND-00423,2024-09-22,2024-10-22,0,256374.0
CAND-00423,2024-09-22,2024-11-21,0,228406.0
CAND-00423,2024-09-22,2024-12-21,0,211954.0
CAND-00424,2024-04-30,2024-05-30,0,767619.0
CAND-00424,2024-04-30,2024-06-29,0,719809.0
CAND-00424,2024-04-30,2024-07-29,0,661754.0
CAND-00425,2024-08-18,2024-09-17,0,1220805.0
CAND-00425,2024-08-18,2024-10-17,0,1111804.0
CAND-00425,2024-08-18,2024-11-16,0,1030054.0
CAND-00425,2024-08-18,2024-12-16,0,948304.0
CAND-00425,2024-08-18,2025-01-15,0,854875.0
CAND-00425,2024-08-18,2025-02-14,0,745874.0
CAND-00426,2024-01-08,2024-02-07,0,640465.0
CAND-00426,2024-01-08,2024-03-08,0,588300.0
CAND-00426,2024-01-08,2024-04-07,0,545916.0
CAND-00426,2024-01-08,2024-05-07,0,500707.0
CAND-00427,2024-02-06,2024-03-07,0,403567.0
CAND-00427,2024-02-06,2024-04-06,0,369701.0
CAND-00427,2024-02-06,2024-05-06,0,342185.0
CAND-00427,2024-02-06,2024-06-05,30,334462.0
CAND-00427,2024-02-06,2024-07-05,0,305111.0
CAND-00427,2024-02-06,2024-08-04,0,271246.0
CAND-00428,2024-06-25,2024-07-25,0,634420.0
CAND-00428,2024-06-25,2024-08-24,0,585328.0
CAND-00428,2024-06-25,2024-09-23,0,542372.0
CAND-00428,2024-06-25,2024-10-23,0,489504.0
CAND-00428,2024-06-25,2024-11-22,0,436636.0
CAND-00429,2024-08-31,2024-09-30,30,410359.0
CAND-00429,2024-08-31,2024-10-30,0,375238.0
CAND-00429,2024-08-31,2024-11-29,0,342819.0
CAND-00429,2024-08-31,2024-12-29,0,304506.0
CAND-00429,2024-08-31,2025-01-28,0,276409.0
CAND-00430,2024-03-03,2024-04-02,0,688414.0
CAND-00430,2024-03-03,2024-05-02,0,642520.0
CAND-00430,2024-03-03,2024-06-01,0,575764.0
CAND-00430,2024-03-03,2024-07-01,0,514572.0
CAND-00430,2024-03-03,2024-07-31,0,441141.0
CAND-00431,2024-05-28,2024-06-27,0,517162.0
CAND-00431,2024-05-28,2024-07-27,30,504520.0
CAND-00431,2024-05-28,2024-08-26,0,471057.0
CAND-00431,2024-05-28,2024-09-25,0,439452.0
CAND-00432,2024-02-05,2024-03-06,0,1109034.0
CAND-00432,2024-02-05,2024-04-05,30,1087815.0
CAND-00432,2024-02-05,2024-05-05,0,988795.0
CAND-00432,2024-02-05,2024-06-04,30,966790.0
CAND-00433,2024-04-06,2024-05-06,0,1341548.0
CAND-00433,2024-04-06,2024-06-05,30,1300663.0
CAND-00433,2024-04-06,2024-07-05,0,1181414.0
CAND-00434,2024-04-04,2024-05-04,0,1332064.0
CAND-00434,2024-04-04,2024-06-03,0,1221715.0
CAND-00434,2024-04-04,2024-07-03,0,1078262.0
CAND-00434,2024-04-04,2024-08-02,0,967914.0
CAND-00434,2024-04-04,2024-09-01,0,878256.0
CAND-00435,2024-02-18,2024-03-19,0,741168.0
CAND-00435,2024-02-18,2024-04-18,0,667664.0
CAND-00435,2024-02-18,2024-05-18,0,620102.0
CAND-00436,04-05-2024,2024-06-03,0,450698.0
CAND-00436,04-05-2024,2024-07-03,30,441517.0
CAND-00436,04-05-2024,2024-08-02,60,428805.0
CAND-00437,2024-09-20,2024-10-20,30,722886.0
CAND-00437,2024-09-20,2024-11-19,0,673863.0
CAND-00437,2024-09-20,2024-12-19,30,652235.0
CAND-00437,2024-09-20,2025-01-18,0,599710.0
CAND-00437,2024-09-20,2025-02-17,30,584064.0
CAND-00437,2024-09-20,2025-03-19,0,522785.0
CAND-00438,2024-09-05,2024-10-05,30,1148055.0
CAND-00438,2024-09-05,2024-11-04,0,1050050.0
CAND-00438,2024-09-05,2024-12-04,0,980870.0
CAND-00438,2024-09-05,2025-01-03,0,911690.0
CAND-00438,2024-09-05,2025-02-02,0,813686.0
CAND-00438,2024-09-05,2025-03-04,0,748349.0
CAND-00439,2024-07-11,2024-08-10,0,1083657.0
CAND-00439,2024-07-11,2024-09-09,0,968519.0
CAND-00439,2024-07-11,2024-10-09,0,872570.0
CAND-00439,2024-07-11,2024-11-08,0,767899.0
CAND-00439,2024-07-11,2024-12-08,0,685657.0
CAND-00440,2024-09-26,2024-10-26,0,993342.0
CAND-00440,2024-09-26,2024-11-25,0,886912.0
CAND-00440,2024-09-26,2024-12-25,0,827785.0
CAND-00441,2024-10-10,2024-11-09,0,397590.0
CAND-00441,2024-10-10,2024-12-09,0,370482.0
CAND-00441,2024-10-10,2025-01-08,0,346386.0
CAND-00441,2024-10-10,2025-02-07,0,303012.0
CAND-00441,2024-10-10,2025-03-09,0,277498.0
CAND-00442,2024-07-01,2024-07-31,0,1602767.0
CAND-00442,2024-07-01,2024-08-30,0,1479477.0
CAND-00442,2024-07-01,2024-09-29,0,1383585.0
CAND-00442,2024-07-01,2024-10-29,0,1210980.0
CAND-00442,2024-07-01,2024-11-28,0,1103101.0
CAND-00442,2024-07-01,2024-12-28,0,930495.0
CAND-00443,2024-07-10,2024-08-09,0,374173.0
CAND-00443,2024-07-10,2024-09-08,0,337541.0
CAND-00443,2024-07-10,2024-10-08,0,303961.0
CAND-00444,2024-08-26,2024-09-25,0,241905.0
CAND-00444,2024-08-26,2024-10-25,0,223546.0
CAND-00444,2024-08-26,2024-11-24,0,202127.0
CAND-00444,2024-08-26,2024-12-24,0,183769.0
CAND-00445,2024-10-22,2024-11-21,0,1285346.0
CAND-00445,2024-10-22,2024-12-21,0,1190135.0
CAND-00445,2024-10-22,2025-01-20,0,1047319.0
CAND-00446,2024-05-05,2024-06-04,0,308426.0
CAND-00446,2024-05-05,2024-07-04,0,274156.0
CAND-00446,2024-05-05,2024-08-03,0,252738.0
CAND-00446,2024-05-05,2024-09-02,0,221583.0
CAND-00446,2024-05-05,2024-10-02,30,213016.0
CAND-00447,2024-06-25,2024-07-25,0,271581.0
CAND-00447,2024-06-25,2024-08-24,0,253475.0
CAND-00447,2024-06-25,2024-09-23,0,229335.0
CAND-00448,2024-06-30,2024-07-30,0,807352.0
CAND-00448,2024-06-30,2024-08-29,30,789542.0
CAND-00448,2024-06-30,2024-09-28,0,739258.0
CAND-00449,2024-04-16,2024-05-16,0,406411.0
CAND-00449,2024-04-16,2024-06-15,0,382327.0
CAND-00449,2024-04-16,2024-07-15,0,353427.0
CAND-00450,2024-03-25,2024-04-24,0,742203.0
CAND-00450,2024-03-25,2024-05-24,0,691598.0
CAND-00450,2024-03-25,2024-06-23,0,617991.0
CAND-00450,2024-03-25,2024-07-23,0,537024.0
CAND-00450,2024-03-25,2024-08-22,0,489396.0
CAND-00451,2024-01-09,2024-02-08,0,402325.0
CAND-00451,2024-01-09,2024-03-09,0,363137.0
CAND-00451,2024-01-09,2024-04-08,0,336196.0
CAND-00451,2024-01-09,2024-05-08,0,307458.0
CAND-00451,2024-01-09,2024-06-07,0,280517.0
CAND-00452,2024-08-06,2024-09-05,0,383439.0
CAND-00452,2024-08-06,2024-10-05,0,350994.0
CAND-00452,2024-08-06,2024-11-04,0,312650.0
CAND-00452,2024-08-06,2024-12-04,30,300599.0
CAND-00452,2024-08-06,2025-01-03,60,293327.0
CAND-00453,2024-07-17,2024-08-16,0,800994.0
CAND-00453,2024-07-17,2024-09-15,30,785217.0
CAND-00453,2024-07-17,2024-10-15,0,727368.0
CAND-00453,2024-07-17,2024-11-14,0,676324.0
CAND-00453,2024-07-17,2024-12-14,0,618474.0
CAND-00453,2024-07-17,2025-01-13,0,556493.0
CAND-00454,2024-07-15,2024-08-14,0,913844.0
CAND-00454,2024-07-15,2024-09-13,30,894097.0
CAND-00454,2024-07-15,2024-10-13,60,875840.0
CAND-00454,2024-07-15,2024-11-12,90,856867.0
CAND-00455,2024-07-07,2024-08-06,0,678877.0
CAND-00455,2024-07-07,2024-09-05,0,618976.0
CAND-00455,2024-07-07,2024-10-05,0,563683.0
CAND-00455,2024-07-07,2024-11-04,0,515762.0
CAND-00456,2024-02-11,2024-03-12,0,795003.0
CAND-00456,2024-02-11,2024-04-11,0,724612.0
CAND-00456,2024-02-11,2024-05-11,30,699769.0
CAND-00456,2024-02-11,2024-06-10,60,680998.0
CAND-00456,2024-02-11,2024-07-10,90,658168.0
CAND-00456,2024-02-11,2024-08-09,93,639805.0
CAND-00457,2024-06-17,2024-07-17,0,123543.0
CAND-00457,2024-06-17,2024-08-16,0,114167.0
CAND-00457,2024-06-17,2024-09-15,0,103228.0
CAND-00457,2024-06-17,2024-10-15,0,90102.0
CAND-00457,2024-06-17,2024-11-14,0,80726.0
CAND-00457,2024-06-17,2024-12-14,0,73004.0
CAND-00458,2024-08-10,2024-09-09,0,325563.0
CAND-00458,2024-08-10,2024-10-09,0,301448.0
CAND-00458,2024-08-10,2024-11-08,0,277332.0
CAND-00458,2024-08-10,2024-12-08,0,256053.0
CAND-00458,2024-08-10,2025-01-07,0,235957.0
CAND-00458,2024-08-10,2025-02-06,0,211841.0
CAND-00459,2024-01-31,2024-03-01,0,277140.0
CAND-00459,2024-01-31,2024-03-31,0,256816.0
CAND-00459,2024-01-31,2024-04-30,0,239880.0
CAND-00459,2024-01-31,2024-05-30,0,222944.0
CAND-00459,2024-01-31,2024-06-29,30,217595.0
CAND-00459,2024-01-31,2024-07-29,0,187110.0
CAND-00460,2024-10-05,2024-11-04,0,1041466.0
CAND-00460,2024-10-05,2024-12-04,0,967951.0
CAND-00460,2024-10-05,2025-01-03,0,867703.0
CAND-00460,2024-10-05,2025-02-02,0,794188.0
CAND-00461,2024-03-05,2024-04-04,0,162901.0
CAND-00461,2024-03-05,2024-05-04,0,152946.0
CAND-00461,2024-03-05,2024-06-03,0,136656.0
CAND-00462,2024-05-19,2024-06-18,0,629243.0
CAND-00462,2024-05-19,2024-07-18,0,583098.0
CAND-00462,2024-05-19,2024-08-17,0,542383.0
CAND-00463,2024-06-18,2024-07-18,30,215667.0
CAND-00463,2024-06-18,2024-08-17,60,210652.0
CAND-00463,2024-06-18,2024-09-16,90,206325.0
CAND-00463,2024-06-18,2024-10-16,118,201193.0
CAND-00463,2024-06-18,2024-11-15,118,194296.0
CAND-00463,2024-06-18,2024-12-15,118,188638.0
CAND-00464,2024-01-21,2024-02-20,30,397376.0
CAND-00464,2024-01-21,2024-03-21,0,373386.0
CAND-00464,2024-01-21,2024-04-20,0,347896.0
CAND-00464,2024-01-21,2024-05-20,30,338186.0
CAND-00464,2024-01-21,2024-06-19,0,310997.0
CAND-00464,2024-01-21,2024-07-19,0,279625.0
CAND-00465,2024-03-08,2024-04-07,0,311790.0
CAND-00465,2024-03-08,2024-05-07,0,288925.0
CAND-00465,2024-03-08,2024-06-06,0,266061.0
CAND-00465,2024-03-08,2024-07-06,0,245886.0
CAND-00465,2024-03-08,2024-08-05,0,226832.0
CAND-00466,2024-06-07,2024-07-07,0,176343.0
CAND-00466,2024-06-07,2024-08-06,0,158854.0
CAND-00466,2024-06-07,2024-09-05,30,155155.0
CAND-00467,2024-07-30,2024-08-29,0,1001619.0
CAND-00467,2024-07-30,2024-09-28,0,935105.0
CAND-00467,2024-07-30,2024-10-28,0,859089.0
CAND-00467,2024-07-30,2024-11-27,0,796488.0
CAND-00467,2024-07-30,2024-12-27,0,733887.0
CAND-00468,2024-10-05,2024-11-04,30,273861.0
CAND-00468,2024-10-05,2024-12-04,0,257423.0
CAND-00468,2024-10-05,2025-01-03,0,235927.0
CAND-00468,2024-10-05,2025-02-02,0,215966.0
CAND-00468,2024-10-05,2025-03-04,0,192678.0
CAND-00468,2024-10-05,2025-04-03,0,164733.0
CAND-00469,2024-05-22,2024-06-21,0,653013.0
CAND-00469,2024-05-22,2024-07-21,0,582270.0
CAND-00469,2024-05-22,2024-08-20,0,517958.0
CAND-00469,2024-05-22,2024-09-19,0,459006.0
CAND-00470,2024-09-11,2024-10-11,0,900778.0
CAND-00470,2024-09-11,2024-11-10,0,825713.0
CAND-00470,2024-09-11,2024-12-10,0,728129.0
CAND-00470,2024-09-11,2025-01-09,0,653064.0
CAND-00470,2024-09-11,2025-02-08,0,564351.0
CAND-00470,2024-09-11,2025-03-10,0,475638.0
CAND-00471,2024-09-13,2024-10-13,30,366745.0
CAND-00471,2024-09-13,2024-11-12,0,341699.0
CAND-00471,2024-09-13,2024-12-12,0,316653.0
CAND-00471,2024-09-13,2025-01-11,0,282499.0
CAND-00471,2024-09-13,2025-02-10,0,257453.0
CAND-00471,2024-09-13,2025-03-12,0,230618.0
CAND-00472,2024-07-03,2024-08-02,0,343543.0
CAND-00472,2024-07-03,2024-09-01,0,319113.0
CAND-00472,2024-07-03,2024-10-01,0,298755.0
CAND-00472,2024-07-03,2024-10-31,0,270567.0
CAND-00472,2024-07-03,2024-11-30,0,244392.0
CAND-00472,2024-07-03,2024-12-30,0,221490.0
CAND-00473,2024-07-20,2024-08-19,0,1322098.0
CAND-00473,2024-07-20,2024-09-18,0,1190981.0
CAND-00473,2024-07-20,2024-10-18,0,1087960.0
CAND-00473,2024-07-20,2024-11-17,0,943732.0
CAND-00473,2024-07-20,2024-12-17,0,832786.0
CAND-00473,2024-07-20,2025-01-16,0,712595.0
CAND-00474,2024-07-06,2024-08-05,0,625769.0
CAND-00474,2024-07-06,2024-09-04,0,578091.0
CAND-00474,2024-07-06,2024-10-04,0,517411.0
CAND-00474,2024-07-06,2024-11-03,0,466066.0
CAND-00474,2024-07-06,2024-12-03,0,399317.0
CAND-00475,2024-05-23,2024-06-22,0,1382692.0
CAND-00475,2024-05-23,2024-07-22,0,1269241.0
CAND-00475,2024-05-23,2024-08-21,0,1146335.0
CAND-00475,2024-05-23,2024-09-20,0,998848.0
CAND-00475,2024-05-23,2024-10-20,0,906668.0
CAND-00475,2024-05-23,2024-11-19,30,875942.0
CAND-00476,2024-08-15,2024-09-14,0,1022952.0
CAND-00476,2024-08-15,2024-10-14,0,921503.0
CAND-00476,2024-08-15,2024-11-13,30,894932.0
CAND-00476,2024-08-15,2024-12-13,0,825186.0
CAND-00477,2024-04-03,2024-05-03,0,96129.0
CAND-00477,2024-04-03,2024-06-02,0,85777.0
CAND-00477,2024-04-03,2024-07-02,0,79307.0
CAND-00477,2024-04-03,2024-08-01,30,76719.0
CAND-00477,2024-04-03,2024-08-31,60,74468.0
CAND-00478,2024-10-04,2024-11-03,30,435723.0
CAND-00478,2024-10-04,2024-12-03,0,405868.0
CAND-00478,2024-10-04,2025-01-02,0,380988.0
CAND-00478,2024-10-04,2025-02-01,0,340277.0
CAND-00478,2024-10-04,2025-03-03,0,302958.0
CAND-00479,2024-08-13,2024-09-12,0,239695.0
CAND-00479,2024-08-13,2024-10-12,0,221940.0
CAND-00479,2024-08-13,2024-11-11,0,204185.0
CAND-00479,2024-08-13,2024-12-11,0,187539.0
CAND-00479,2024-08-13,2025-01-10,0,171873.0
CAND-00479,2024-08-13,2025-02-09,0,155227.0
CAND-00480,2024-05-09,2024-06-08,0,714987.0
CAND-00480,2024-05-09,2024-07-08,0,671655.0
CAND-00480,2024-05-09,2024-08-07,30,653084.0
CAND-00480,2024-05-09,2024-09-06,0,604334.0
CAND-00481,2024-03-25,2024-04-24,0,240796.0
CAND-00481,2024-03-25,2024-05-24,0,218905.0
CAND-00481,2024-03-25,2024-06-23,0,201393.0
CAND-00482,2024-08-17,2024-09-16,0,723111.0
CAND-00482,2024-08-17,2024-10-16,0,672895.0
CAND-00482,2024-08-17,2024-11-15,0,615505.0
CAND-00483,2024-08-25,2024-09-24,30,812694.0
CAND-00483,2024-08-25,2024-10-24,0,748226.0
CAND-00483,2024-08-25,2024-11-23,0,701665.0
CAND-00483,2024-08-25,2024-12-23,0,617856.0
CAND-00484,2024-07-07,2024-08-06,0,375689.0
CAND-00484,2024-07-07,2024-09-05,0,352116.0
CAND-00484,2024-07-07,2024-10-05,0,329853.0
CAND-00484,2024-07-07,2024-11-04,0,303138.0
CAND-00485,2024-05-11,2024-06-10,0,494297.0
CAND-00485,2024-05-11,2024-07-10,0,463510.0
CAND-00485,2024-05-11,2024-08-09,0,434434.0
CAND-00486,2024-09-04,2024-10-04,30,451969.0
CAND-00486,2024-09-04,2024-11-03,60,437016.0
CAND-00486,2024-09-04,2024-12-03,90,428269.0
CAND-00486,2024-09-04,2025-01-02,60,414222.0
CAND-00486,2024-09-04,2025-02-01,90,402916.0
CAND-00487,2024-06-01,2024-07-01,0,1170408.0
CAND-00487,2024-06-01,2024-07-31,0,1100383.0
CAND-00487,2024-06-01,2024-08-30,0,1010352.0
CAND-00487,2024-06-01,2024-09-29,0,936208.0
CAND-00487,2024-06-01,2024-10-29,0,857431.0
CAND-00487,2024-06-01,2024-11-28,0,773402.0
CAND-00488,2024-10-04,2024-11-03,30,467993.0
CAND-00488,2024-10-04,2024-12-03,0,441402.0
CAND-00488,2024-10-04,2025-01-02,0,397891.0
CAND-00488,2024-10-04,2025-02-01,0,371300.0
CAND-00488,2024-10-04,2025-03-03,0,327788.0
CAND-00489,2024-03-29,2024-04-28,30,606628.0
CAND-00489,2024-03-29,2024-05-28,60,595064.0
CAND-00489,2024-03-29,2024-06-27,30,576140.0
CAND-00490,2024-05-29,2024-06-28,0,394420.0
CAND-00490,2024-05-29,2024-07-28,0,355304.0
CAND-00490,2024-05-29,2024-08-27,0,329993.0
CAND-00491,2024-05-02,2024-06-01,0,1337999.0
CAND-00491,2024-05-02,2024-07-01,0,1248799.0
CAND-00491,2024-05-02,2024-07-31,0,1164846.0
CAND-00491,2024-05-02,2024-08-30,0,1035101.0
CAND-00491,2024-05-02,2024-09-29,0,916168.0
CAND-00491,2024-05-02,2024-10-29,30,877595.0
CAND-00492,2024-06-02,2024-07-02,0,475133.0
CAND-00492,2024-06-02,2024-08-01,0,439074.0
CAND-00492,2024-06-02,2024-08-31,0,409378.0
CAND-00492,2024-06-02,2024-09-30,0,358895.0
CAND-00493,2024-06-08,2024-07-08,0,567877.0
CAND-00493,2024-06-08,2024-08-07,0,533699.0
CAND-00493,2024-06-08,2024-09-06,0,495249.0
CAND-00493,2024-06-08,2024-10-06,0,454236.0
CAND-00493,2024-06-08,2024-11-05,0,420058.0
CAND-00493,2024-06-08,2024-12-05,0,364131.0
CAND-00494,2024-07-01,2024-07-31,0,348564.0
CAND-00494,2024-07-01,2024-08-30,0,319964.0
CAND-00494,2024-07-01,2024-09-29,0,288981.0
CAND-00494,2024-07-01,2024-10-29,0,264194.0
CAND-00494,2024-07-01,2024-11-28,0,227014.0
CAND-00495,2024-04-02,2024-05-02,0,522682.0
CAND-00495,2024-04-02,2024-06-01,0,471206.0
CAND-00495,2024-04-02,2024-07-01,0,437898.0
CAND-00495,2024-04-02,2024-07-31,30,424416.0
CAND-00496,2024-03-04,2024-04-03,0,755051.0
CAND-00496,2024-03-04,2024-05-03,0,696970.0
CAND-00496,2024-03-04,2024-06-02,0,651796.0
CAND-00496,2024-03-04,2024-07-02,0,606622.0
CAND-00496,2024-03-04,2024-08-01,0,552413.0
CAND-00496,2024-03-04,2024-08-31,0,478492.0
CAND-00497,2024-05-01,2024-05-31,0,649183.0
CAND-00497,2024-05-01,2024-06-30,0,610112.0
CAND-00497,2024-05-01,2024-07-30,0,546177.0
CAND-00497,2024-05-01,2024-08-29,0,499292.0
CAND-00497,2024-05-01,2024-09-28,0,449058.0
CAND-00497,2024-05-01,2024-10-28,0,405102.0
CAND-00498,2024-02-01,2024-03-02,30,1158420.0
CAND-00498,2024-02-01,2024-04-01,0,1079396.0
CAND-00498,2024-02-01,2024-05-01,0,1000372.0
CAND-00498,2024-02-01,2024-05-31,0,892612.0
CAND-00499,2024-04-03,2024-05-03,0,2911609.0
CAND-00499,2024-04-03,2024-06-02,0,2648755.0
CAND-00499,2024-04-03,2024-07-02,0,2385902.0
CAND-00499,2024-04-03,2024-08-01,0,2123048.0
CAND-00499,2024-04-03,2024-08-31,0,1836299.0
CAND-00499,2024-04-03,2024-09-30,0,1610996.0
CAND-00500,2024-05-30,2024-06-29,30,436093.0
CAND-00500,2024-05-30,2024-07-29,60,423601.0
CAND-00500,2024-05-30,2024-08-28,30,413824.0
CAND-00500,2024-05-30,2024-09-27,60,400975.0
CAND-00500,2024-05-30,2024-10-27,90,390267.0
CAND-00500,2024-05-30,2024-11-26,120,381090.0
CAND-00501,2024-04-11,2024-05-11,0,750570.0
CAND-00501,2024-04-11,2024-06-10,0,692834.0
CAND-00501,2024-04-11,2024-07-10,0,635098.0
CAND-00501,2024-04-11,2024-08-09,0,581211.0
CAND-00501,2024-04-11,2024-09-08,30,555136.0
CAND-00502,2024-08-09,2024-09-08,0,471693.0
CAND-00502,2024-08-09,2024-10-08,0,434257.0
CAND-00502,2024-08-09,2024-11-07,0,393941.0
CAND-00502,2024-08-09,2024-12-07,0,353626.0
CAND-00502,2024-08-09,2025-01-06,0,320869.0
CAND-00503,2024-07-01,2024-07-31,0,1106987.0
CAND-00503,2024-07-01,2024-08-30,0,987773.0
CAND-00503,2024-07-01,2024-09-29,0,896070.0
CAND-00503,2024-07-01,2024-10-29,0,804367.0
CAND-00503,2024-07-01,2024-11-28,0,729858.0
CAND-00503,2024-07-01,2024-12-28,0,663628.0
CAND-00504,2024-09-01,2024-10-01,0,668857.0
CAND-00504,2024-09-01,2024-10-31,0,613976.0
CAND-00504,2024-09-01,2024-11-30,0,563016.0
CAND-00504,2024-09-01,2024-12-30,0,491671.0
CAND-00504,2024-09-01,2025-01-29,0,436790.0
CAND-00504,2024-09-01,2025-02-28,0,365446.0
CAND-00505,2024-02-28,2024-03-29,0,652229.0
CAND-00505,2024-02-28,2024-04-28,0,605402.0
CAND-00505,2024-02-28,2024-05-28,0,541547.0
CAND-00505,2024-02-28,2024-06-27,0,471307.0
CAND-00506,2024-03-04,2024-04-03,0,388112.0
CAND-00506,2024-03-04,2024-05-03,0,357870.0
CAND-00506,2024-03-04,2024-06-02,0,327627.0
CAND-00506,2024-03-04,2024-07-02,0,299401.0
CAND-00506,2024-03-04,2024-08-01,0,269158.0
CAND-00507,2024-06-13,2024-07-13,0,240932.0
CAND-00507,2024-06-13,2024-08-12,0,214429.0
CAND-00507,2024-06-13,2024-09-11,0,196761.0
CAND-00507,2024-06-13,2024-10-11,0,176374.0
CAND-00507,2024-06-13,2024-11-10,0,158706.0
CAND-00508,2024-08-21,2024-09-20,0,379608.0
CAND-00508,2024-08-21,2024-10-20,0,355248.0
CAND-00508,2024-08-21,2024-11-19,0,330888.0
CAND-00509,2024-03-31,2024-04-30,30,705898.0
CAND-00509,2024-03-31,2024-05-30,60,681846.0
CAND-00509,2024-03-31,2024-06-29,30,662856.0
CAND-00509,2024-03-31,2024-07-29,60,645676.0
CAND-00509,2024-03-31,2024-08-28,90,628495.0
CAND-00510,2024-03-09,2024-04-08,0,1118976.0
CAND-00510,2024-03-09,2024-05-08,0,1052029.0
CAND-00510,2024-03-09,2024-06-07,0,951608.0
CAND-00510,2024-03-09,2024-07-07,0,842058.0
CAND-00510,2024-03-09,2024-08-06,0,761721.0
CAND-00511,2024-10-01,2024-10-31,0,460263.0
CAND-00511,2024-10-01,2024-11-30,0,414236.0
CAND-00511,2024-10-01,2024-12-30,0,384455.0
CAND-00511,2024-10-01,2025-01-29,0,350702.0
CAND-00511,2024-10-01,2025-02-28,0,304676.0
CAND-00511,2024-10-01,2025-03-30,0,273033.0
CAND-00512,2024-03-29,2024-04-28,0,278224.0
CAND-00512,2024-03-29,2024-05-28,0,250401.0
CAND-00512,2024-03-29,2024-06-27,0,229998.0
CAND-00512,2024-03-29,2024-07-27,0,199394.0
CAND-00512,2024-03-29,2024-08-26,30,193619.0
CAND-00513,2024-09-24,2024-10-24,0,760756.0
CAND-00513,2024-09-24,2024-11-23,0,710412.0
CAND-00513,2024-09-24,2024-12-23,0,629861.0
CAND-00513,2024-09-24,2025-01-22,0,572325.0
CAND-00513,2024-09-24,2025-02-21,0,521981.0
CAND-00514,2024-02-03,2024-03-04,0,1074548.0
CAND-00514,2024-02-03,2024-04-03,0,997401.0
CAND-00514,2024-02-03,2024-05-03,0,929330.0
CAND-00515,2024-06-19,2024-07-19,0,301910.0
CAND-00515,2024-06-19,2024-08-18,0,282670.0
CAND-00515,2024-06-19,2024-09-17,0,257511.0
CAND-00515,2024-06-19,2024-10-17,0,227778.0
CAND-00516,2024-05-01,2024-05-31,0,2779224.0
CAND-00516,2024-05-01,2024-06-30,0,2544059.0
CAND-00516,2024-05-01,2024-07-30,0,2340249.0
CAND-00516,2024-05-01,2024-08-29,0,2062326.0
CAND-00516,2024-05-01,2024-09-28,0,1892485.0
CAND-00517,2024-06-23,2024-07-23,0,430907.0
CAND-00517,2024-06-23,2024-08-22,0,384502.0
CAND-00517,2024-06-23,2024-09-21,0,338096.0
CAND-00517,2024-06-23,2024-10-21,0,312316.0
CAND-00517,2024-06-23,2024-11-20,0,281379.0
CAND-00518,2024-01-17,2024-02-16,0,708411.0
CAND-00518,2024-01-17,2024-03-17,30,684797.0
CAND-00518,2024-01-17,2024-04-16,0,638959.0
CAND-00519,2024-01-28,2024-02-27,0,229925.0
CAND-00519,2024-01-28,2024-03-28,0,211860.0
CAND-00519,2024-01-28,2024-04-27,0,194999.0
CAND-00519,2024-01-28,2024-05-27,0,175543.0
CAND-00519,2024-01-28,2024-06-26,0,160666.0
CAND-00520,2024-07-21,2024-08-20,0,1738004.0
CAND-00520,2024-07-21,2024-09-19,30,1703283.0
CAND-00520,2024-07-21,2024-10-19,0,1561726.0
CAND-00521,2024-02-25,2024-03-26,0,830606.0
CAND-00521,2024-02-25,2024-04-25,0,771541.0
CAND-00521,2024-02-25,2024-05-25,0,682943.0
CAND-00522,2024-04-27,2024-05-27,0,899770.0
CAND-00522,2024-04-27,2024-06-26,0,818541.0
CAND-00522,2024-04-27,2024-07-26,0,761203.0
CAND-00522,2024-04-27,2024-08-25,0,672589.0
CAND-00522,2024-04-27,2024-09-24,0,602964.0
CAND-00523,2024-01-20,2024-02-19,30,1488136.0
CAND-00523,2024-01-20,2024-03-20,0,1336285.0
CAND-00523,2024-01-20,2024-04-19,0,1241379.0
CAND-00523,2024-01-20,2024-05-19,0,1089528.0
CAND-00523,2024-01-20,2024-06-18,0,988294.0
CAND-00524,2024-09-10,2024-10-10,0,91667.0
CAND-00524,2024-09-10,2024-11-09,0,83333.0
CAND-00524,2024-09-10,2024-12-09,30,80000.0
CAND-00524,2024-09-10,2025-01-08,0,71667.0
CAND-00524,2024-09-10,2025-02-07,0,65417.0
CAND-00524,2024-09-10,2025-03-09,0,55417.0
CAND-00525,2024-09-11,2024-10-11,0,417218.0
CAND-00525,2024-09-11,2024-11-10,0,389136.0
CAND-00525,2024-09-11,2024-12-10,0,361054.0
CAND-00525,2024-09-11,2025-01-09,0,326492.0
CAND-00525,2024-09-11,2025-02-08,0,300062.0
CAND-00526,2024-06-04,2024-07-04,0,578279.0
CAND-00526,2024-06-04,2024-08-03,0,539727.0
CAND-00526,2024-06-04,2024-09-02,0,503443.0
CAND-00527,2024-04-09,2024-05-09,0,359193.0
CAND-00527,2024-04-09,2024-06-08,0,335247.0
CAND-00527,2024-04-09,2024-07-08,0,311300.0
CAND-00527,2024-04-09,2024-08-07,0,290015.0
CAND-00527,2024-04-09,2024-09-06,0,255184.0
CAND-00527,2024-04-09,2024-10-06,0,233899.0
CAND-00528,2024-05-19,2024-06-18,30,349438.0
CAND-00528,2024-05-19,2024-07-18,0,317009.0
CAND-00528,2024-05-19,2024-08-17,0,294714.0
CAND-00528,2024-05-19,2024-09-16,0,270933.0
CAND-00528,2024-05-19,2024-10-16,0,241207.0
CAND-00528,2024-05-19,2024-11-15,0,218912.0
CAND-00529,2024-06-11,2024-07-11,30,496158.0
CAND-00529,2024-06-11,2024-08-10,0,450233.0
CAND-00529,2024-06-11,2024-09-09,0,404307.0
CAND-00529,2024-06-11,2024-10-09,0,362209.0
CAND-00529,2024-06-11,2024-11-08,0,316284.0
CAND-00530,2024-10-04,2024-11-03,0,370299.0
CAND-00530,2024-10-04,2024-12-03,0,346961.0
CAND-00530,2024-10-04,2025-01-02,0,323623.0
CAND-00530,2024-10-04,2025-02-01,0,287555.0
CAND-00530,2024-10-04,2025-03-03,0,254492.0
CAND-00531,2024-07-15,2024-08-14,0,744111.0
CAND-00531,2024-07-15,2024-09-13,0,700340.0
CAND-00531,2024-07-15,2024-10-13,0,628714.0
CAND-00531,2024-07-15,2024-11-12,0,579471.0
CAND-00531,2024-07-15,2024-12-12,0,526946.0
CAND-00531,2024-07-15,2025-01-11,0,470669.0
CAND-00532,2024-05-29,2024-06-28,0,1096854.0
CAND-00532,2024-05-29,2024-07-28,30,1076198.0
CAND-00532,2024-05-29,2024-08-27,0,994949.0
CAND-00532,2024-05-29,2024-09-26,0,927242.0
CAND-00532,2024-05-29,2024-10-26,0,833494.0
CAND-00533,2024-02-24,2024-03-25,0,391728.0
CAND-00533,2024-02-24,2024-04-24,0,350251.0
CAND-00533,2024-02-24,2024-05-24,0,308774.0
CAND-00533,2024-02-24,2024-06-23,0,267297.0
CAND-00533,2024-02-24,2024-07-23,0,239645.0
CAND-00534,2024-09-20,2024-10-20,0,438225.0
CAND-00534,2024-09-20,2024-11-19,0,412140.0
CAND-00534,2024-09-20,2024-12-19,0,386056.0
CAND-00534,2024-09-20,2025-01-18,0,346928.0
CAND-00534,2024-09-20,2025-02-17,0,317583.0
CAND-00535,2024-03-12,2024-04-11,0,442432.0
CAND-00535,2024-03-12,2024-05-11,0,394785.0
CAND-00535,2024-03-12,2024-06-10,0,347139.0
CAND-00535,2024-03-12,2024-07-10,0,299492.0
CAND-00535,2024-03-12,2024-08-09,30,287581.0
CAND-00536,2024-03-25,2024-04-24,0,472747.0
CAND-00536,2024-03-25,2024-05-24,30,463531.0
CAND-00536,2024-03-25,2024-06-23,0,430702.0
CAND-00536,2024-03-25,2024-07-23,0,382949.0
CAND-00536,2024-03-25,2024-08-22,0,339177.0
CAND-00536,2024-03-25,2024-09-21,0,298771.0
CAND-00537,2024-07-12,2024-08-11,0,586492.0
CAND-00537,2024-07-12,2024-09-10,0,532187.0
CAND-00537,2024-07-12,2024-10-10,0,495984.0
CAND-00537,2024-07-12,2024-11-09,0,449437.0
CAND-00537,2024-07-12,2024-12-09,0,413234.0
CAND-00538,16-10-2024,2024-11-15,0,593196.0
CAND-00538,16-10-2024,2024-12-15,30,580014.0
CAND-00538,16-10-2024,2025-01-14,0,525089.0
CAND-00538,16-10-2024,2025-02-13,30,505703.0
CAND-00538,16-10-2024,2025-03-15,60,492521.0
CAND-00539,2024-08-27,2024-09-26,30,1301230.0
CAND-00539,2024-08-27,2024-10-26,0,1226447.0
CAND-00539,2024-08-27,2024-11-25,0,1136707.0
CAND-00539,2024-08-27,2024-12-25,0,1002097.0
CAND-00539,2024-08-27,2025-01-24,0,867487.0
CAND-00540,2024-09-16,2024-10-16,0,367669.0
CAND-00540,2024-09-16,2024-11-15,0,336559.0
CAND-00540,2024-09-16,2024-12-15,0,307670.0
CAND-00540,2024-09-16,2025-01-14,0,267227.0
CAND-00541,2024-01-18,2024-02-17,0,552701.0
CAND-00541,2024-01-18,2024-03-18,0,516577.0
CAND-00541,2024-01-18,2024-04-17,0,455165.0
CAND-00541,2024-01-18,2024-05-17,0,419041.0
CAND-00541,2024-01-18,2024-06-16,0,363213.0
CAND-00541,2024-01-18,2024-07-16,0,307384.0
CAND-00542,2024-01-12,2024-02-11,0,588402.0
CAND-00542,2024-01-12,2024-03-12,0,545906.0
CAND-00542,2024-01-12,2024-04-11,0,496872.0
CAND-00543,2024-05-04,2024-06-03,0,556313.0
CAND-00543,2024-05-04,2024-07-03,0,520316.0
CAND-00543,2024-05-04,2024-08-02,0,482070.0
CAND-00543,2024-05-04,2024-09-01,0,426438.0
CAND-00543,2024-05-04,2024-10-01,0,392441.0
CAND-00544,2024-08-07,2024-09-06,0,1779998.0
CAND-00544,2024-08-07,2024-10-06,0,1634518.0
CAND-00544,2024-08-07,2024-11-05,0,1516315.0
CAND-00544,2024-08-07,2024-12-05,0,1390231.0
CAND-00544,2024-08-07,2025-01-04,30,1346249.0
CAND-00544,2024-08-07,2025-02-03,60,1312477.0
CAND-00545,2024-09-02,2024-10-02,0,537595.0
CAND-00545,2024-09-02,2024-11-01,0,503996.0
CAND-00545,2024-09-02,2024-12-01,0,465916.0
CAND-00545,2024-09-02,2024-12-31,0,413989.0
CAND-00546,2024-03-25,2024-04-24,0,576258.0
CAND-00546,2024-03-25,2024-05-24,30,562993.0
CAND-00546,2024-03-25,2024-06-23,60,542655.0
CAND-00546,2024-03-25,2024-07-23,90,527401.0
CAND-00547,2024-08-28,2024-09-27,0,634157.0
CAND-00547,2024-08-28,2024-10-27,0,595990.0
CAND-00547,2024-08-28,2024-11-26,0,527289.0
CAND-00547,2024-08-28,2024-12-26,0,458589.0
CAND-00548,2024-02-04,2024-03-05,0,707810.0
CAND-00548,2024-02-04,2024-04-04,0,663572.0
CAND-00548,2024-02-04,2024-05-04,0,595204.0
CAND-00549,2024-09-10,2024-10-10,0,289074.0
CAND-00549,2024-09-10,2024-11-09,30,280611.0
CAND-00549,2024-09-10,2024-12-09,0,263213.0
CAND-00549,2024-09-10,2025-01-08,0,231896.0
CAND-00550,2024-04-19,2024-05-19,0,1273614.0
CAND-00550,2024-04-19,2024-06-18,0,1192453.0
CAND-00550,2024-04-19,2024-07-18,0,1106218.0
CAND-00550,2024-04-19,2024-08-17,0,991239.0
CAND-00550,2024-04-19,2024-09-16,0,905005.0
CAND-00550,2024-04-19,2024-10-16,0,813022.0
CAND-00551,2024-07-07,2024-08-06,0,716892.0
CAND-00551,2024-07-07,2024-09-05,30,703392.0
CAND-00551,2024-07-07,2024-10-05,60,685690.0
CAND-00552,2024-04-25,2024-05-25,0,558196.0
CAND-00552,2024-04-25,2024-06-24,0,519820.0
CAND-00552,2024-04-25,2024-07-24,0,481444.0
CAND-00553,2024-03-21,2024-04-20,0,452506.0
CAND-00553,2024-03-21,2024-05-20,0,414534.0
CAND-00553,2024-03-21,2024-06-19,0,381624.0
CAND-00553,2024-03-21,2024-07-19,0,346364.0
CAND-00554,2024-03-17,2024-04-16,0,565105.0
CAND-00554,2024-03-17,2024-05-16,0,527432.0
CAND-00554,2024-03-17,2024-06-15,0,477200.0
CAND-00555,2024-05-06,2024-06-05,0,550985.0
CAND-00555,2024-05-06,2024-07-05,0,508818.0
CAND-00555,2024-05-06,2024-08-04,0,476021.0
CAND-00555,2024-05-06,2024-09-03,30,461622.0
CAND-00556,2024-07-07,2024-08-06,0,389802.0
CAND-00556,2024-07-07,2024-09-05,30,382272.0
CAND-00556,2024-07-07,2024-10-05,0,344621.0
CAND-00556,2024-07-07,2024-11-04,30,335809.0
CAND-00556,2024-07-07,2024-12-04,60,326396.0
CAND-00557,2024-01-26,2024-02-25,0,2210082.0
CAND-00557,2024-01-26,2024-03-26,0,2050465.0
CAND-00557,2024-01-26,2024-04-25,0,1890848.0
CAND-00557,2024-01-26,2024-05-25,0,1741207.0
CAND-00557,2024-01-26,2024-06-24,0,1608192.0
CAND-00558,2024-08-19,2024-09-18,0,418355.0
CAND-00558,2024-08-19,2024-10-18,0,386338.0
CAND-00558,2024-08-19,2024-11-17,0,348985.0
CAND-00558,2024-08-19,2024-12-17,0,322618.0
CAND-00559,2024-03-07,2024-04-06,0,1149391.0
CAND-00559,2024-03-07,2024-05-06,0,1046767.0
CAND-00559,2024-03-07,2024-06-05,0,974326.0
CAND-00560,2024-02-17,2024-03-18,0,702608.0
CAND-00560,2024-02-17,2024-04-17,30,685309.0
CAND-00560,2024-02-17,2024-05-17,0,637737.0
CAND-00561,2024-04-26,2024-05-26,0,443029.0
CAND-00561,2024-04-26,2024-06-25,0,415681.0
CAND-00561,2024-04-26,2024-07-25,0,377815.0
CAND-00562,2024-04-09,2024-05-09,0,447054.0
CAND-00562,2024-04-09,2024-06-08,0,410516.0
CAND-00562,2024-04-09,2024-07-08,0,384127.0
CAND-00563,2024-09-19,2024-10-19,0,351992.0
CAND-00563,2024-09-19,2024-11-18,0,327992.0
CAND-00563,2024-09-19,2024-12-18,0,289593.0
CAND-00563,2024-09-19,2025-01-17,0,265594.0
CAND-00563,2024-09-19,2025-02-16,0,233595.0
CAND-00563,2024-09-19,2025-03-18,0,204057.0
CAND-00564,2024-02-07,2024-03-08,0,437058.0
CAND-00564,2024-02-07,2024-04-07,0,409206.0
CAND-00564,2024-02-07,2024-05-07,30,400597.0
CAND-00564,2024-02-07,2024-06-06,0,371005.0
CAND-00565,2024-06-15,2024-07-15,0,767406.0
CAND-00565,2024-06-15,2024-08-14,0,717751.0
CAND-00565,2024-06-15,2024-09-13,0,657454.0
CAND-00565,2024-06-15,2024-10-13,0,607799.0
CAND-00565,2024-06-15,2024-11-12,0,551522.0
CAND-00566,2024-04-16,2024-05-16,0,362591.0
CAND-00566,2024-04-16,2024-06-15,0,327093.0
CAND-00566,2024-04-16,2024-07-15,0,288045.0
CAND-00567,2024-08-10,2024-09-09,0,500778.0
CAND-00567,2024-08-10,2024-10-09,0,446527.0
CAND-00567,2024-08-10,2024-11-08,30,433295.0
CAND-00567,2024-08-10,2024-12-08,60,424100.0
CAND-00567,2024-08-10,2025-01-07,90,409437.0
CAND-00568,2024-10-25,2024-11-24,0,280111.0
CAND-00568,2024-10-25,2024-12-24,0,250349.0
CAND-00568,2024-10-25,2025-01-23,0,232842.0
CAND-00568,2024-10-25,2025-02-22,0,211584.0
CAND-00568,2024-10-25,2025-03-24,0,190325.0
CAND-00569,2024-09-25,2024-10-25,0,452821.0
CAND-00569,2024-09-25,2024-11-24,0,404876.0
CAND-00569,2024-09-25,2024-12-24,0,367994.0
CAND-00569,2024-09-25,2025-01-23,0,341358.0
CAND-00569,2024-09-25,2025-02-22,30,333091.0
CAND-00571,2024-04-07,2024-05-07,0,913416.0
CAND-00571,2024-04-07,2024-06-06,0,825189.0
CAND-00571,2024-04-07,2024-07-06,0,728138.0
CAND-00571,2024-04-07,2024-08-05,0,674221.0
CAND-00571,2024-04-07,2024-09-04,0,617133.0
CAND-00571,2024-04-07,2024-10-04,0,556476.0
CAND-00572,2024-03-16,2024-04-15,0,329592.0
CAND-00572,2024-03-16,2024-05-15,0,310061.0
CAND-00572,2024-03-16,2024-06-14,0,274904.0
CAND-00572,2024-03-16,2024-07-14,0,252931.0
CAND-00572,2024-03-16,2024-08-13,0,223634.0
CAND-00573,2024-05-13,2024-06-12,30,552923.0
CAND-00573,2024-05-13,2024-07-12,0,517173.0
CAND-00573,2024-05-13,2024-08-11,0,469508.0
CAND-00573,2024-05-13,2024-09-10,0,421842.0
CAND-00573,2024-05-13,2024-10-10,0,377843.0
CAND-00574,2024-08-19,2024-09-18,0,713930.0
CAND-00574,2024-08-19,2024-10-18,0,650469.0
CAND-00574,2024-08-19,2024-11-17,0,596075.0
CAND-00574,2024-08-19,2024-12-17,0,551279.0
CAND-00575,2024-04-28,2024-05-28,0,864624.0
CAND-00575,2024-04-28,2024-06-27,0,797251.0
CAND-00575,2024-04-28,2024-07-27,30,780703.0
CAND-00575,2024-04-28,2024-08-26,60,762564.0
CAND-00575,2024-04-28,2024-09-25,90,743314.0
CAND-00576,2024-01-31,2024-03-01,0,301382.0
CAND-00576,2024-01-31,2024-03-31,30,295683.0
CAND-00576,2024-01-31,2024-04-30,0,275739.0
CAND-00576,2024-01-31,2024-05-30,0,246729.0
CAND-00577,2024-06-13,2024-07-13,0,304430.0
CAND-00577,2024-06-13,2024-08-12,0,280268.0
CAND-00577,2024-06-13,2024-09-11,0,259127.0
CAND-00577,2024-06-13,2024-10-11,0,234966.0
CAND-00578,2024-05-02,2024-06-01,0,461167.0
CAND-00578,2024-05-02,2024-07-01,0,431327.0
CAND-00578,2024-05-02,2024-07-31,0,397508.0
CAND-00578,2024-05-02,2024-08-30,0,358486.0
CAND-00579,2024-09-22,2024-10-22,0,944367.0
CAND-00579,2024-09-22,2024-11-21,0,871724.0
CAND-00579,2024-09-22,2024-12-21,0,786973.0
CAND-00579,2024-09-22,2025-01-20,0,730472.0
CAND-00579,2024-09-22,2025-02-19,0,666909.0
CAND-00579,2024-09-22,2025-03-21,0,610408.0
CAND-00580,2024-03-22,2024-04-21,0,329148.0
CAND-00580,2024-03-22,2024-05-21,0,296506.0
CAND-00580,2024-03-22,2024-06-20,0,268885.0
CAND-00580,2024-03-22,2024-07-20,0,241264.0
CAND-00580,2024-03-22,2024-08-19,0,220142.0
CAND-00581,2024-02-22,2024-03-23,0,826153.0
CAND-00581,2024-02-22,2024-04-22,0,776725.0
CAND-00581,2024-02-22,2024-05-22,0,702583.0
CAND-00581,2024-02-22,2024-06-21,0,613613.0
CAND-00581,2024-02-22,2024-07-21,0,558006.0
CAND-00582,2024-09-24,2024-10-24,0,745901.0
CAND-00582,2024-09-24,2024-11-23,0,682786.0
CAND-00582,2024-09-24,2024-12-23,0,631506.0
CAND-00582,2024-09-24,2025-01-22,0,568391.0
CAND-00582,2024-09-24,2025-02-21,0,517110.0
CAND-00583,2024-04-08,2024-05-08,0,292272.0
CAND-00583,2024-04-08,2024-06-07,30,286575.0
CAND-00583,2024-04-08,2024-07-07,60,276427.0
CAND-00584,2024-04-13,2024-05-13,0,323435.0
CAND-00584,2024-04-13,2024-06-12,0,293487.0
CAND-00584,2024-04-13,2024-07-12,0,265843.0
CAND-00584,2024-04-13,2024-08-11,0,245878.0
CAND-00585,2024-04-30,2024-05-30,0,840808.0
CAND-00585,2024-04-30,2024-06-29,0,764371.0
CAND-00585,2024-04-30,2024-07-29,0,698853.0
CAND-00585,2024-04-30,2024-08-28,0,607129.0
CAND-00585,2024-04-30,2024-09-27,0,523743.0
CAND-00586,2024-10-11,2024-11-10,0,617510.0
CAND-00586,2024-10-11,2024-12-10,0,563024.0
CAND-00586,2024-10-11,2025-01-09,30,545353.0
CAND-00586,2024-10-11,2025-02-08,0,479969.0
CAND-00586,2024-10-11,2025-03-10,0,441508.0
CAND-00587,2024-05-15,2024-06-14,0,1388643.0
CAND-00587,2024-05-15,2024-07-14,0,1238206.0
CAND-00587,2024-05-15,2024-08-13,0,1101446.0
CAND-00587,2024-05-15,2024-09-12,0,964686.0
CAND-00587,2024-05-15,2024-10-12,0,857231.0
CAND-00588,2024-10-02,2024-11-01,0,567735.0
CAND-00588,2024-10-02,2024-12-01,0,511821.0
CAND-00588,2024-10-02,2024-12-31,0,477652.0
CAND-00588,2024-10-02,2025-01-30,30,459563.0
CAND-00589,2024-08-17,2024-09-16,0,158900.0
CAND-00589,2024-08-17,2024-10-16,0,143605.0
CAND-00589,2024-08-17,2024-11-15,0,133708.0
CAND-00590,2024-05-17,2024-06-16,0,803242.0
CAND-00590,2024-05-17,2024-07-16,0,715616.0
CAND-00590,2024-05-17,2024-08-15,0,664071.0
CAND-00590,2024-05-17,2024-09-14,0,591049.0
CAND-00590,2024-05-17,2024-10-14,0,539504.0
CAND-00590,2024-05-17,2024-11-13,0,487959.0
CAND-00591,2024-04-27,2024-05-27,0,299253.0
CAND-00591,2024-04-27,2024-06-26,0,272534.0
CAND-00591,2024-04-27,2024-07-26,0,243386.0
CAND-00591,2024-04-27,2024-08-25,0,224525.0
CAND-00591,2024-04-27,2024-09-24,0,201623.0
CAND-00591,2024-04-27,2024-10-24,0,183811.0
CAND-00592,2024-09-01,2024-10-01,0,768975.0
CAND-00592,2024-09-01,2024-10-31,0,713438.0
CAND-00592,2024-09-01,2024-11-30,0,657901.0
CAND-00593,2024-06-14,2024-07-14,0,528855.0
CAND-00593,2024-06-14,2024-08-13,0,494635.0
CAND-00593,2024-06-14,2024-09-12,0,455853.0
CAND-00593,2024-06-14,2024-10-12,0,419494.0
CAND-00593,2024-06-14,2024-11-11,0,374745.0
CAND-00594,2024-06-04,2024-07-04,30,1103739.0
CAND-00594,2024-06-04,2024-08-03,0,1040924.0
CAND-00594,2024-06-04,2024-09-02,0,965547.0
CAND-00594,2024-06-04,2024-10-02,0,902733.0
CAND-00594,2024-06-04,2024-11-01,0,799945.0
CAND-00594,2024-06-04,2024-12-01,0,729279.0
CAND-00595,2024-09-23,2024-10-23,0,847272.0
CAND-00595,2024-09-23,2024-11-22,0,789022.0
CAND-00595,2024-09-23,2024-12-22,0,737244.0
CAND-00595,2024-09-23,2025-01-21,0,685466.0
CAND-00596,2024-08-19,2024-09-18,0,745546.0
CAND-00596,2024-08-19,2024-10-18,30,722329.0
CAND-00596,2024-08-19,2024-11-17,60,706541.0
CAND-00596,2024-08-19,2024-12-17,90,683986.0
CAND-00596,2024-08-19,2025-01-16,120,659317.0
CAND-00597,2024-02-20,2024-03-21,0,1136556.0
CAND-00597,2024-02-20,2024-04-20,0,1049961.0
CAND-00597,2024-02-20,2024-05-20,0,978648.0
CAND-00598,2024-08-19,2024-09-18,0,306118.0
CAND-00598,2024-08-19,2024-10-18,0,272445.0
CAND-00598,2024-08-19,2024-11-17,0,241833.0
CAND-00598,2024-08-19,2024-12-17,0,208160.0
CAND-00599,2024-04-04,2024-05-04,0,1382342.0
CAND-00599,2024-04-04,2024-06-03,0,1274627.0
CAND-00599,2024-04-04,2024-07-03,0,1180376.0
CAND-00599,2024-04-04,2024-08-02,0,1096598.0
CAND-00600,2024-08-14,2024-09-13,0,263632.0
CAND-00600,2024-08-14,2024-10-13,0,247359.0
CAND-00600,2024-08-14,2024-11-12,0,230128.0
CAND-00600,2024-08-14,2024-12-12,0,205718.0
CAND-00600,2024-08-14,2025-01-11,0,187410.0
CAND-00601,2024-02-14,2024-03-15,30,404692.0
CAND-00601,2024-02-14,2024-04-14,0,380291.0
CAND-00601,2024-02-14,2024-05-14,30,367328.0
CAND-00601,2024-02-14,2024-06-13,60,358311.0
CAND-00601,2024-02-14,2024-07-13,90,350015.0
CAND-00601,2024-02-14,2024-08-12,60,341549.0
CAND-00602,2024-06-10,2024-07-10,0,989836.0
CAND-00602,2024-06-10,2024-08-09,0,908619.0
CAND-00602,2024-06-10,2024-09-08,0,838230.0
CAND-00602,2024-06-10,2024-10-08,0,776123.0
CAND-00603,2024-09-17,2024-10-17,0,551453.0
CAND-00603,2024-09-17,2024-11-16,0,512527.0
CAND-00603,2024-09-17,2024-12-16,0,463869.0
CAND-00603,2024-09-17,2025-01-15,0,431431.0
CAND-00604,2024-07-15,2024-08-14,0,954011.0
CAND-00604,2024-07-15,2024-09-13,0,867885.0
CAND-00604,2024-07-15,2024-10-13,0,798984.0
CAND-00604,2024-07-15,2024-11-12,0,725162.0
CAND-00604,2024-07-15,2024-12-12,0,664367.0
CAND-00605,2024-10-05,2024-11-04,0,1166752.0
CAND-00605,2024-10-05,2024-12-04,0,1084393.0
CAND-00605,2024-10-05,2025-01-03,0,1007181.0
CAND-00605,2024-10-05,2025-02-02,0,904232.0
CAND-00605,2024-10-05,2025-03-04,0,791925.0
CAND-00606,2024-01-21,2024-02-20,0,808206.0
CAND-00606,2024-01-21,2024-03-21,0,753808.0
CAND-00606,2024-01-21,2024-04-20,0,699409.0
CAND-00606,2024-01-21,2024-05-20,30,682343.0
CAND-00606,2024-01-21,2024-06-19,0,627945.0
CAND-00606,2024-01-21,2024-07-19,0,579590.0
CAND-00607,2024-04-19,2024-05-19,0,712085.0
CAND-00607,2024-04-19,2024-06-18,0,632965.0
CAND-00607,2024-04-19,2024-07-18,0,561037.0
CAND-00608,2024-03-01,2024-03-31,0,878685.0
CAND-00608,2024-03-01,2024-04-30,0,811738.0
CAND-00608,2024-03-01,2024-05-30,0,726532.0
CAND-00609,2024-07-12,2024-08-11,0,398084.0
CAND-00609,2024-07-12,2024-09-10,0,362359.0
CAND-00609,2024-07-12,2024-10-10,0,326633.0
CAND-00609,2024-07-12,2024-11-09,0,298053.0
CAND-00610,2024-07-10,2024-08-09,0,518168.0
CAND-00610,2024-07-10,2024-09-08,0,485782.0
CAND-00610,2024-07-10,2024-10-08,0,435732.0
CAND-00610,2024-07-10,2024-11-07,0,396407.0
CAND-00610,2024-07-10,2024-12-07,0,359703.0
CAND-00610,2024-07-10,2025-01-06,30,348908.0
CAND-00611,2024-01-06,2024-02-05,0,403138.0
CAND-00611,2024-01-06,2024-03-06,0,370303.0
CAND-00611,2024-01-06,2024-04-05,0,341846.0
CAND-00612,2024-10-08,2024-11-07,0,672161.0
CAND-00612,2024-10-08,2024-12-07,0,600464.0
CAND-00612,2024-10-08,2025-01-06,0,528767.0
CAND-00612,2024-10-08,2025-02-05,0,488935.0
CAND-00612,2024-10-08,2025-03-07,0,437723.0
CAND-00613,2024-03-17,2024-04-16,0,338765.0
CAND-00613,2024-03-17,2024-05-16,0,318234.0
CAND-00613,2024-03-17,2024-06-15,0,284637.0
CAND-00613,2024-03-17,2024-07-15,0,260000.0
CAND-00613,2024-03-17,2024-08-14,30,252301.0
CAND-00613,2024-03-17,2024-09-13,0,229203.0
CAND-00614,2024-02-19,2024-03-20,0,470600.0
CAND-00614,2024-02-19,2024-04-19,0,441841.0
CAND-00614,2024-02-19,2024-05-19,0,402021.0
CAND-00614,2024-02-19,2024-06-18,0,350255.0
CAND-00614,2024-02-19,2024-07-18,0,315744.0
CAND-00615,2024-03-23,2024-04-22,0,609229.0
CAND-00615,2024-03-23,2024-05-22,0,568773.0
CAND-00615,2024-03-23,2024-06-21,0,528316.0
CAND-00616,2024-01-10,2024-02-09,0,925578.0
CAND-00616,2024-01-10,2024-03-10,0,835425.0
CAND-00616,2024-01-10,2024-04-09,0,780331.0
CAND-00616,2024-01-10,2024-05-09,0,721996.0
CAND-00616,2024-01-10,2024-06-08,0,622827.0
CAND-00616,2024-01-10,2024-07-08,0,551992.0
CAND-00617,2024-07-30,2024-08-29,0,673681.0
CAND-00617,2024-07-30,2024-09-28,0,626897.0
CAND-00617,2024-07-30,2024-10-28,0,558849.0
CAND-00617,2024-07-30,2024-11-27,0,490800.0
CAND-00618,2024-06-16,2024-07-16,0,493154.0
CAND-00618,2024-06-16,2024-08-15,0,460922.0
CAND-00618,2024-06-16,2024-09-14,0,418772.0
CAND-00618,2024-06-16,2024-10-14,0,384525.0
CAND-00619,2024-08-30,2024-09-29,0,2142305.0
CAND-00619,2024-08-30,2024-10-29,0,1979081.0
CAND-00619,2024-08-30,2024-11-28,0,1788654.0
CAND-00620,2024-03-21,2024-04-20,0,185462.0
CAND-00620,2024-03-21,2024-05-20,0,169611.0
CAND-00620,2024-03-21,2024-06-19,0,154891.0
CAND-00620,2024-03-21,2024-07-19,30,150208.0
CAND-00620,2024-03-21,2024-08-18,0,131474.0
CAND-00621,2024-06-08,2024-07-08,0,345300.0
CAND-00621,2024-06-08,2024-08-07,0,322058.0
CAND-00621,2024-06-08,2024-09-06,0,295497.0
CAND-00621,2024-06-08,2024-10-06,0,258311.0
CAND-00621,2024-06-08,2024-11-05,0,236436.0
CAND-00621,2024-06-08,2024-12-05,0,199250.0
CAND-00622,2024-09-17,2024-10-17,0,213373.0
CAND-00622,2024-09-17,2024-11-16,0,198926.0
CAND-00622,2024-09-17,2024-12-16,0,184479.0
CAND-00623,2024-01-31,2024-03-01,0,391709.0
CAND-00623,2024-01-31,2024-03-31,0,359805.0
CAND-00623,2024-01-31,2024-04-30,0,327901.0
CAND-00624,2024-09-29,2024-10-29,0,182564.0
CAND-00624,2024-09-29,2024-11-28,0,169582.0
CAND-00624,2024-09-29,2024-12-28,0,151879.0
CAND-00625,2024-03-15,2024-04-14,30,740595.0
CAND-00625,2024-03-15,2024-05-14,0,664890.0
CAND-00625,2024-03-15,2024-06-13,0,610815.0
CAND-00625,2024-03-15,2024-07-13,0,541992.0
CAND-00625,2024-03-15,2024-08-12,0,483757.0
CAND-00625,2024-03-15,2024-09-11,30,469992.0
CAND-00626,2024-08-15,2024-09-14,0,398675.0
CAND-00626,2024-08-15,2024-10-14,0,362129.0
CAND-00626,2024-08-15,2024-11-13,0,336333.0
CAND-00626,2024-08-15,2024-12-13,0,307097.0
CAND-00626,2024-08-15,2025-01-12,0,270551.0
CAND-00626,2024-08-15,2025-02-11,0,230684.0
CAND-00627,2024-04-04,2024-05-04,30,451867.0
CAND-00627,2024-04-04,2024-06-03,60,443435.0
CAND-00627,2024-04-04,2024-07-03,90,427976.0
CAND-00628,2024-05-06,2024-06-05,0,504333.0
CAND-00628,2024-05-06,2024-07-05,0,449314.0
CAND-00628,2024-05-06,2024-08-04,0,418749.0
CAND-00628,2024-05-06,2024-09-03,0,376427.0
CAND-00628,2024-05-06,2024-10-03,0,330579.0
CAND-00628,2024-05-06,2024-11-02,30,317784.0
CAND-00629,2024-08-23,2024-09-22,0,634409.0
CAND-00629,2024-08-23,2024-10-22,0,597091.0
CAND-00629,2024-08-23,2024-11-21,0,555108.0
CAND-00629,2024-08-23,2024-12-21,0,507127.0
CAND-00629,2024-08-23,2025-01-20,0,465144.0
CAND-00629,2024-08-23,2025-02-19,0,417164.0
CAND-00630,2024-05-25,2024-06-24,0,1941039.0
CAND-00630,2024-05-25,2024-07-24,0,1816480.0
CAND-00630,2024-05-25,2024-08-23,0,1698842.0
CAND-00630,2024-05-25,2024-09-22,0,1574283.0
CAND-00630,2024-05-25,2024-10-22,0,1362533.0
CAND-00630,2024-05-25,2024-11-21,0,1221367.0
CAND-00631,2024-02-20,2024-03-21,30,293986.0
CAND-00631,2024-02-20,2024-04-20,60,284521.0
CAND-00631,2024-02-20,2024-05-20,90,278806.0
CAND-00631,2024-02-20,2024-06-19,90,272624.0
CAND-00631,2024-02-20,2024-07-19,90,267117.0
CAND-00632,2024-04-02,2024-05-02,0,485291.0
CAND-00632,2024-04-02,2024-06-01,0,445628.0
CAND-00632,2024-04-02,2024-07-01,0,411253.0
CAND-00632,2024-04-02,2024-07-31,0,368285.0
CAND-00632,2024-04-02,2024-08-30,0,336058.0
CAND-00632,2024-04-02,2024-09-29,0,284496.0
CAND-00633,2024-02-23,2024-03-24,30,774547.0
CAND-00633,2024-02-23,2024-04-23,60,749670.0
CAND-00633,2024-02-23,2024-05-23,90,724793.0
CAND-00633,2024-02-23,2024-06-22,106,704381.0
CAND-00633,2024-02-23,2024-07-22,106,686289.0
CAND-00634,2024-07-01,2024-07-31,0,337225.0
CAND-00634,2024-07-01,2024-08-30,0,304525.0
CAND-00634,2024-07-01,2024-09-29,0,283365.0
CAND-00634,2024-07-01,2024-10-29,0,263382.0
CAND-00634,2024-07-01,2024-11-28,0,233406.0
CAND-00634,2024-07-01,2024-12-28,0,197435.0
CAND-00635,2024-05-15,2024-06-14,0,572401.0
CAND-00635,2024-05-15,2024-07-14,0,511794.0
CAND-00635,2024-05-15,2024-08-13,0,476143.0
CAND-00635,2024-05-15,2024-09-12,0,425637.0
CAND-00635,2024-05-15,2024-10-12,0,375131.0
CAND-00637,2024-03-21,2024-04-20,30,896946.0
CAND-00637,2024-03-21,2024-05-20,0,835488.0
CAND-00637,2024-03-21,2024-06-19,0,758667.0
CAND-00637,2024-03-21,2024-07-19,0,697209.0
CAND-00638,2024-03-11,2024-04-10,0,754744.0
CAND-00638,2024-03-11,2024-05-10,0,709319.0
CAND-00638,2024-03-11,2024-06-09,0,661223.0
CAND-00639,2024-04-22,2024-05-22,0,1102491.0
CAND-00639,2024-04-22,2024-06-21,0,1021642.0
CAND-00639,2024-04-22,2024-07-21,0,950304.0
CAND-00639,2024-04-22,2024-08-20,0,857016.0
CAND-00639,2024-04-22,2024-09-19,0,735742.0
CAND-00640,2024-02-25,2024-03-26,0,964630.0
CAND-00640,2024-02-25,2024-04-25,0,860129.0
CAND-00640,2024-02-25,2024-05-25,0,773044.0
CAND-00641,2024-03-03,2024-04-02,0,169886.0
CAND-00641,2024-03-03,2024-05-02,0,158643.0
CAND-00641,2024-03-03,2024-06-01,0,140655.0
CAND-00641,2024-03-03,2024-07-01,0,129413.0
CAND-00641,2024-03-03,2024-07-31,0,119420.0
CAND-00642,2024-04-20,2024-05-20,0,215939.0
CAND-00642,2024-04-20,2024-06-19,0,194798.0
CAND-00642,2024-04-20,2024-07-19,0,181879.0
CAND-00642,2024-04-20,2024-08-18,0,168959.0
CAND-00642,2024-04-20,2024-09-17,0,155280.0
CAND-00643,2024-03-26,2024-04-25,0,856662.0
CAND-00643,2024-03-26,2024-05-25,0,799002.0
CAND-00643,2024-03-26,2024-06-24,0,728036.0
CAND-00643,2024-03-26,2024-07-24,0,676783.0
CAND-00643,2024-03-26,2024-08-23,0,584527.0
CAND-00644,2024-04-06,2024-05-06,30,1795761.0
CAND-00644,2024-04-06,2024-06-05,60,1764761.0
CAND-00644,2024-04-06,2024-07-05,90,1717863.0
CAND-00645,2024-06-05,2024-07-05,0,231653.0
CAND-00645,2024-06-05,2024-08-04,0,211142.0
CAND-00645,2024-06-05,2024-09-03,0,195759.0
CAND-00645,2024-06-05,2024-10-03,0,176825.0
CAND-00645,2024-06-05,2024-11-02,0,157892.0
CAND-00646,2024-10-26,2024-11-25,0,303621.0
CAND-00646,2024-10-26,2024-12-25,0,276373.0
CAND-00646,2024-10-26,2025-01-24,0,249125.0
CAND-00646,2024-10-26,2025-02-23,0,216427.0
CAND-00646,2024-10-26,2025-03-25,0,193072.0
CAND-00647,2024-01-25,2024-02-24,0,404176.0
CAND-00647,2024-01-25,2024-03-25,0,374985.0
CAND-00647,2024-01-25,2024-04-24,0,349229.0
CAND-00647,2024-01-25,2024-05-24,0,324904.0
CAND-00647,2024-01-25,2024-06-23,0,299147.0
CAND-00648,2024-09-03,2024-10-03,30,412169.0
CAND-00648,2024-09-03,2024-11-02,60,400834.0
CAND-00648,2024-09-03,2024-12-02,90,390349.0
CAND-00648,2024-09-03,2025-01-01,114,380363.0
CAND-00648,2024-09-03,2025-01-31,114,372140.0
CAND-00648,2024-09-03,2025-03-02,114,362154.0
CAND-00649,2024-07-28,2024-08-27,0,353409.0
CAND-00649,2024-07-28,2024-09-26,30,345310.0
CAND-00649,2024-07-28,2024-10-26,60,336475.0
CAND-00649,2024-07-28,2024-11-25,90,328541.0
CAND-00649,2024-07-28,2024-12-25,113,318822.0
CAND-00649,2024-07-28,2025-01-24,113,309567.0
CAND-00650,2024-08-02,2024-09-01,0,597977.0
CAND-00650,2024-08-02,2024-10-01,30,584960.0
CAND-00650,2024-08-02,2024-10-31,60,573570.0
CAND-00650,2024-08-02,2024-11-30,90,554241.0
CAND-00651,2024-05-03,2024-06-02,0,1713315.0
CAND-00651,2024-05-03,2024-07-02,0,1569540.0
CAND-00651,2024-05-03,2024-08-01,0,1452723.0
CAND-00651,2024-05-03,2024-08-31,0,1328119.0
CAND-00651,2024-05-03,2024-09-30,0,1203514.0
CAND-00651,2024-05-03,2024-10-30,0,1047758.0
CAND-00652,2024-09-01,2024-10-01,0,356431.0
CAND-00652,2024-09-01,2024-10-31,0,331184.0
CAND-00652,2024-09-01,2024-11-30,0,293313.0
CAND-00652,2024-09-01,2024-12-30,0,268066.0
CAND-00653,2024-01-20,2024-02-19,0,422722.0
CAND-00653,2024-01-20,2024-03-20,0,381547.0
CAND-00653,2024-01-20,2024-04-19,30,373602.0
CAND-00653,2024-01-20,2024-05-19,0,343407.0
CAND-00654,2024-04-02,2024-05-02,0,462200.0
CAND-00654,2024-04-02,2024-06-01,0,417180.0
CAND-00654,2024-04-02,2024-07-01,30,407837.0
CAND-00655,2024-02-14,2024-03-15,0,421484.0
CAND-00655,2024-02-14,2024-04-14,0,392946.0
CAND-00655,2024-02-14,2024-05-14,0,362506.0
CAND-00656,2024-03-05,2024-04-04,0,665902.0
CAND-00656,2024-03-05,2024-05-04,0,599862.0
CAND-00656,2024-03-05,2024-06-03,0,559504.0
CAND-00657,2024-07-04,2024-08-03,0,1817939.0
CAND-00657,2024-07-04,2024-09-02,0,1622161.0
CAND-00657,2024-07-04,2024-10-02,0,1426383.0
CAND-00657,2024-07-04,2024-11-01,0,1263234.0
CAND-00657,2024-07-04,2024-12-01,0,1140873.0
CAND-00657,2024-07-04,2024-12-31,0,962893.0
CAND-00658,2024-03-02,2024-04-01,0,2168654.0
CAND-00658,2024-03-02,2024-05-01,30,2099555.0
CAND-00658,2024-03-02,2024-05-31,0,1961356.0
CAND-00659,2024-04-23,2024-05-23,0,1013717.0
CAND-00659,2024-04-23,2024-06-22,0,945080.0
CAND-00659,2024-04-23,2024-07-22,0,876442.0
CAND-00659,2024-04-23,2024-08-21,0,766623.0
CAND-00659,2024-04-23,2024-09-20,0,675107.0
CAND-00660,2024-04-26,2024-05-26,0,567031.0
CAND-00660,2024-04-26,2024-06-25,0,530341.0
CAND-00660,2024-04-26,2024-07-25,0,493650.0
CAND-00661,2024-03-17,2024-04-16,0,436236.0
CAND-00661,2024-03-17,2024-05-16,0,409981.0
CAND-00661,2024-03-17,2024-06-15,0,383726.0
CAND-00661,2024-03-17,2024-07-15,0,352220.0
CAND-00661,2024-03-17,2024-08-14,0,304961.0
CAND-00661,2024-03-17,2024-09-13,0,268608.0
CAND-00662,2024-10-17,2024-11-16,0,1776880.0
CAND-00662,2024-10-17,2024-12-16,0,1669190.0
CAND-00662,2024-10-17,2025-01-15,0,1561500.0
CAND-00662,2024-10-17,2025-02-14,0,1423042.0
CAND-00663,2024-07-08,2024-08-07,0,818499.0
CAND-00663,2024-07-08,2024-09-06,30,794426.0
CAND-00663,2024-07-08,2024-10-06,0,736649.0
CAND-00664,2024-04-21,2024-05-21,0,910621.0
CAND-00664,2024-04-21,2024-06-20,0,852591.0
CAND-00664,2024-04-21,2024-07-20,0,797785.0
CAND-00664,2024-04-21,2024-08-19,0,732018.0
CAND-00665,28-04-2024,2024-05-28,0,363337.0
CAND-00665,28-04-2024,2024-06-27,30,353174.0
CAND-00665,28-04-2024,2024-07-27,60,345085.0
CAND-00666,2024-04-07,2024-05-07,0,427536.0
CAND-00666,2024-04-07,2024-06-06,0,387949.0
CAND-00666,2024-04-07,2024-07-06,0,361558.0
CAND-00666,2024-04-07,2024-08-05,0,335167.0
CAND-00666,2024-04-07,2024-09-04,0,287663.0
CAND-00666,2024-04-07,2024-10-04,0,259720.0
CAND-00667,2024-09-15,2024-10-15,0,577812.0
CAND-00667,2024-09-15,2024-11-14,0,543036.0
CAND-00667,2024-09-15,2024-12-14,0,490873.0
CAND-00667,2024-09-15,2025-01-13,30,478835.0
CAND-00668,2024-09-30,2024-10-30,0,888115.0
CAND-00668,2024-09-30,2024-11-29,0,829138.0
CAND-00668,2024-09-30,2024-12-29,0,766230.0
CAND-00668,2024-09-30,2025-01-28,0,671868.0
CAND-00668,2024-09-30,2025-02-27,0,612892.0
CAND-00668,2024-09-30,2025-03-29,0,553915.0
CAND-00669,2024-03-19,2024-04-18,0,448316.0
CAND-00669,2024-03-19,2024-05-18,0,414159.0
CAND-00669,2024-03-19,2024-06-17,0,386029.0
CAND-00670,2024-04-29,2024-05-29,0,1519028.0
CAND-00670,2024-04-29,2024-06-28,0,1411008.0
CAND-00670,2024-04-29,2024-07-28,0,1286370.0
CAND-00670,2024-04-29,2024-08-27,0,1124340.0
CAND-00670,2024-04-29,2024-09-26,0,989315.0
CAND-00670,2024-04-29,2024-10-26,0,827286.0
CAND-00671,2024-09-15,2024-10-15,30,596645.0
CAND-00671,2024-09-15,2024-11-14,0,560378.0
CAND-00671,2024-09-15,2024-12-14,0,516340.0
CAND-00671,2024-09-15,2025-01-13,0,468915.0
CAND-00671,2024-09-15,2025-02-12,0,417537.0
CAND-00671,2024-09-15,2025-03-14,0,366159.0
CAND-00672,2024-08-27,2024-09-26,0,1051252.0
CAND-00672,2024-08-27,2024-10-26,0,958172.0
CAND-00672,2024-08-27,2024-11-25,0,865093.0
CAND-00672,2024-08-27,2024-12-25,0,753397.0
CAND-00673,2024-06-19,2024-07-19,0,589173.0
CAND-00673,2024-06-19,2024-08-18,0,550665.0
CAND-00673,2024-06-19,2024-09-17,0,512157.0
CAND-00673,2024-06-19,2024-10-17,0,457604.0
CAND-00673,2024-06-19,2024-11-16,0,421235.0
CAND-00673,2024-06-19,2024-12-16,0,374476.0
CAND-00674,2024-07-01,2024-07-31,0,394109.0
CAND-00674,2024-07-01,2024-08-30,0,352235.0
CAND-00674,2024-07-01,2024-09-29,0,326064.0
CAND-00674,2024-07-01,2024-10-29,0,302800.0
CAND-00674,2024-07-01,2024-11-28,0,270590.0
CAND-00675,2024-06-28,2024-07-28,0,340945.0
CAND-00675,2024-06-28,2024-08-27,0,318383.0
CAND-00675,2024-06-28,2024-09-26,0,297147.0
CAND-00675,2024-06-28,2024-10-26,0,274585.0
CAND-00676,2024-04-18,2024-05-18,0,1279309.0
CAND-00676,2024-04-18,2024-06-17,0,1175111.0
CAND-00676,2024-04-18,2024-07-17,0,1078357.0
CAND-00676,2024-04-18,2024-08-16,0,998677.0
CAND-00677,2024-02-17,2024-03-18,0,487403.0
CAND-00677,2024-02-17,2024-04-17,0,456125.0
CAND-00677,2024-02-17,2024-05-17,0,418146.0
CAND-00678,2024-07-08,2024-08-07,0,373001.0
CAND-00678,2024-07-08,2024-09-06,30,363816.0
CAND-00678,2024-07-08,2024-10-06,60,356221.0
CAND-00678,2024-07-08,2024-11-05,90,348626.0
CAND-00678,2024-07-08,2024-12-05,97,341932.0
CAND-00678,2024-07-08,2025-01-04,97,334618.0
CAND-00679,2024-02-20,2024-03-21,0,398901.0
CAND-00679,2024-02-20,2024-04-20,0,363285.0
CAND-00679,2024-02-20,2024-05-20,0,332757.0
CAND-00680,2024-06-22,2024-07-22,0,1102186.0
CAND-00680,2024-06-22,2024-08-21,0,1037127.0
CAND-00680,2024-06-22,2024-09-20,0,959055.0
CAND-00680,2024-06-22,2024-10-20,0,861466.0
CAND-00680,2024-06-22,2024-11-19,0,788274.0
CAND-00680,2024-06-22,2024-12-19,0,698191.0
CAND-00681,2024-06-30,2024-07-30,0,375099.0
CAND-00681,2024-06-30,2024-08-29,0,337589.0
CAND-00681,2024-06-30,2024-09-28,0,303205.0
CAND-00681,2024-06-30,2024-10-28,0,278934.0
CAND-00681,2024-06-30,2024-11-27,0,247195.0
CAND-00682,2024-03-24,2024-04-23,0,1106216.0
CAND-00682,2024-03-24,2024-05-23,0,1027552.0
CAND-00682,2024-03-24,2024-06-22,0,920283.0
CAND-00682,2024-03-24,2024-07-22,0,829516.0
CAND-00682,2024-03-24,2024-08-21,30,802699.0
CAND-00682,2024-03-24,2024-09-20,60,768985.0
CAND-00683,2024-08-19,2024-09-18,0,327567.0
CAND-00683,2024-08-19,2024-10-18,0,300795.0
CAND-00683,2024-08-19,2024-11-17,0,271791.0
CAND-00683,2024-08-19,2024-12-17,0,246931.0
CAND-00683,2024-08-19,2025-01-16,0,226458.0
CAND-00683,2024-08-19,2025-02-15,0,204706.0
CAND-00684,14-02-2024,2024-03-15,30,1240511.0
CAND-00684,14-02-2024,2024-04-14,60,1214900.0
CAND-00684,14-02-2024,2024-05-14,90,1188222.0
CAND-00684,14-02-2024,2024-06-13,119,1149418.0
CAND-00684,14-02-2024,2024-07-13,90,1119639.0
CAND-00686,2024-09-05,2024-10-05,0,310445.0
CAND-00686,2024-09-05,2024-11-04,0,282958.0
CAND-00686,2024-09-05,2024-12-04,0,249973.0
CAND-00686,2024-09-05,2025-01-03,0,224600.0
CAND-00687,2024-02-12,2024-03-13,0,445027.0
CAND-00687,2024-02-12,2024-04-12,30,435985.0
CAND-00687,2024-02-12,2024-05-12,60,421461.0
CAND-00687,2024-02-12,2024-06-11,90,412245.0
CAND-00687,2024-02-12,2024-07-11,113,403982.0
CAND-00687,2024-02-12,2024-08-10,90,394765.0
CAND-00688,2024-09-10,2024-10-10,0,1147067.0
CAND-00688,2024-09-10,2024-11-09,0,1079093.0
CAND-00688,2024-09-10,2024-12-09,30,1044134.0
CAND-00689,2024-04-25,2024-05-25,0,354600.0
CAND-00689,2024-04-25,2024-06-24,0,329482.0
CAND-00689,2024-04-25,2024-07-24,0,304365.0
CAND-00689,2024-04-25,2024-08-23,0,279247.0
CAND-00690,2024-08-29,2024-09-28,0,808304.0
CAND-00690,2024-08-29,2024-10-28,30,791673.0
CAND-00690,2024-08-29,2024-11-27,0,716830.0
CAND-00690,2024-08-29,2024-12-27,0,663999.0
CAND-00691,2024-01-27,2024-02-26,0,843839.0
CAND-00691,2024-01-27,2024-03-27,0,773519.0
CAND-00691,2024-01-27,2024-04-26,0,719745.0
CAND-00691,2024-01-27,2024-05-26,0,643565.0
CAND-00692,2024-07-28,2024-08-27,0,227046.0
CAND-00692,2024-07-28,2024-09-26,0,213031.0
CAND-00692,2024-07-28,2024-10-26,0,190097.0
CAND-00693,2024-06-13,2024-07-13,0,270442.0
CAND-00693,2024-06-13,2024-08-12,0,249836.0
CAND-00693,2024-06-13,2024-09-11,0,232868.0
CAND-00693,2024-06-13,2024-10-11,0,206643.0
CAND-00693,2024-06-13,2024-11-10,0,182604.0
CAND-00694,2024-07-20,2024-08-19,0,625096.0
CAND-00694,2024-07-20,2024-09-18,0,556904.0
CAND-00694,2024-07-20,2024-10-18,0,504448.0
CAND-00694,2024-07-20,2024-11-17,0,461828.0
CAND-00694,2024-07-20,2024-12-17,0,419208.0
CAND-00695,2024-05-27,2024-06-26,0,462774.0
CAND-00695,2024-05-27,2024-07-26,0,417698.0
CAND-00695,2024-05-27,2024-08-25,0,382282.0
CAND-00695,2024-05-27,2024-09-24,0,354736.0
CAND-00696,2024-07-11,2024-08-10,30,277302.0
CAND-00696,2024-07-11,2024-09-09,60,270409.0
CAND-00696,2024-07-11,2024-10-09,90,263679.0
CAND-00696,2024-07-11,2024-11-08,104,255115.0
CAND-00696,2024-07-11,2024-12-08,104,248834.0
CAND-00696,2024-07-11,2025-01-07,104,243695.0
CAND-00697,2024-02-03,2024-03-04,0,857697.0
CAND-00697,2024-02-03,2024-04-03,0,765801.0
CAND-00697,2024-02-03,2024-05-03,0,711744.0
CAND-00697,2024-02-03,2024-06-02,0,628202.0
CAND-00698,2024-03-03,2024-04-02,0,156944.0
CAND-00698,2024-03-03,2024-05-02,0,147097.0
CAND-00698,2024-03-03,2024-06-01,0,130356.0
CAND-00698,2024-03-03,2024-07-01,0,115137.0
CAND-00698,2024-03-03,2024-07-31,0,103179.0
CAND-00698,2024-03-03,2024-08-30,0,89229.0
CAND-00699,2024-01-15,2024-02-14,30,718675.0
CAND-00699,2024-01-15,2024-03-15,60,694089.0
CAND-00699,2024-01-15,2024-04-14,90,681149.0
CAND-00699,2024-01-15,2024-05-14,93,662709.0
CAND-00700,2024-06-19,2024-07-19,0,256394.0
CAND-00700,2024-06-19,2024-08-18,0,237591.0
CAND-00700,2024-06-19,2024-09-17,0,221923.0
CAND-00701,2024-02-09,2024-03-10,0,1134731.0
CAND-00701,2024-02-09,2024-04-09,0,1062848.0
CAND-00701,2024-02-09,2024-05-09,0,981380.0
CAND-00702,2024-01-26,2024-02-25,0,516770.0
CAND-00702,2024-01-26,2024-03-26,0,484345.0
CAND-00702,2024-01-26,2024-04-25,0,438410.0
CAND-00702,2024-01-26,2024-05-25,0,388299.0
CAND-00703,2024-03-27,2024-04-26,0,563529.0
CAND-00703,2024-03-27,2024-05-26,0,516846.0
CAND-00703,2024-03-27,2024-06-25,0,478916.0
CAND-00704,2024-05-19,2024-06-18,30,1097803.0
CAND-00704,2024-05-19,2024-07-18,0,1028008.0
CAND-00704,2024-05-19,2024-08-17,0,916335.0
CAND-00704,2024-05-19,2024-09-16,0,836568.0
CAND-00704,2024-05-19,2024-10-16,0,756802.0
CAND-00704,2024-05-19,2024-11-15,30,725781.0
CAND-00705,2024-09-07,2024-10-07,0,681092.0
CAND-00705,2024-09-07,2024-11-06,0,635686.0
CAND-00705,2024-09-07,2024-12-06,0,575144.0
CAND-00705,2024-09-07,2025-01-05,0,519260.0
CAND-00705,2024-09-07,2025-02-04,0,470827.0
CAND-00706,2024-04-07,2024-05-07,0,176985.0
CAND-00706,2024-04-07,2024-06-06,0,165002.0
CAND-00706,2024-04-07,2024-07-06,0,147571.0
CAND-00706,2024-04-07,2024-08-05,0,136920.0
CAND-00706,2024-04-07,2024-09-04,0,125641.0
CAND-00707,2024-02-01,2024-03-02,0,1284047.0
CAND-00707,2024-02-01,2024-04-01,0,1184686.0
CAND-00707,2024-02-01,2024-05-01,0,1085326.0
CAND-00707,2024-02-01,2024-05-31,0,1003499.0
CAND-00707,2024-02-01,2024-06-30,0,877040.0
CAND-00708,2024-10-01,2024-10-31,0,268733.0
CAND-00708,2024-10-01,2024-11-30,0,250737.0
CAND-00708,2024-10-01,2024-12-30,0,224562.0
CAND-00709,2024-05-13,2024-06-12,30,482594.0
CAND-00709,2024-05-13,2024-07-12,0,454995.0
CAND-00709,2024-05-13,2024-08-11,0,413596.0
CAND-00709,2024-05-13,2024-09-10,30,402305.0
CAND-00710,2024-02-27,2024-03-28,0,1290997.0
CAND-00710,2024-02-27,2024-04-27,0,1204930.0
CAND-00710,2024-02-27,2024-05-27,0,1106568.0
CAND-00710,2024-02-27,2024-06-26,0,991813.0
CAND-00710,2024-02-27,2024-07-26,0,885885.0
CAND-00711,2024-08-14,2024-09-13,0,1881044.0
CAND-00711,2024-08-14,2024-10-13,0,1708615.0
CAND-00711,2024-08-14,2024-11-12,0,1579293.0
CAND-00712,2024-05-18,2024-06-17,0,552392.0
CAND-00712,2024-05-18,2024-07-17,0,513400.0
CAND-00712,2024-05-18,2024-08-16,0,468409.0
CAND-00712,2024-05-18,2024-09-15,0,415237.0
CAND-00712,2024-05-18,2024-10-15,0,366497.0
CAND-00713,2024-03-24,2024-04-23,0,216662.0
CAND-00713,2024-03-24,2024-05-23,0,192588.0
CAND-00713,2024-03-24,2024-06-22,0,175393.0
CAND-00713,2024-03-24,2024-07-22,0,153508.0
CAND-00713,2024-03-24,2024-08-21,0,136312.0
CAND-00714,2024-09-29,2024-10-29,0,722110.0
CAND-00714,2024-09-29,2024-11-28,0,674913.0
CAND-00714,2024-09-29,2024-12-28,0,617603.0
CAND-00714,2024-09-29,2025-01-27,0,573028.0
CAND-00714,2024-09-29,2025-02-26,0,515718.0
CAND-00715,2024-02-21,2024-03-22,0,191561.0
CAND-00715,2024-02-21,2024-04-21,0,175958.0
CAND-00715,2024-02-21,2024-05-21,30,170888.0
CAND-00715,2024-02-21,2024-06-20,0,158957.0
CAND-00715,2024-02-21,2024-07-20,0,146280.0
CAND-00716,2024-08-26,2024-09-25,0,92857.0
CAND-00716,2024-08-26,2024-10-25,0,86607.0
CAND-00716,2024-08-26,2024-11-24,0,80357.0
CAND-00716,2024-08-26,2024-12-24,0,73214.0
CAND-00717,2024-05-17,2024-06-16,0,433447.0
CAND-00717,2024-05-17,2024-07-16,0,389665.0
CAND-00717,2024-05-17,2024-08-15,0,357557.0
CAND-00717,2024-05-17,2024-09-14,0,330801.0
CAND-00717,2024-05-17,2024-10-14,0,300701.0
CAND-00718,2024-03-11,2024-04-10,0,342984.0
CAND-00718,2024-03-11,2024-05-10,0,320974.0
CAND-00718,2024-03-11,2024-06-09,0,289794.0
CAND-00719,2024-05-30,2024-06-29,0,928652.0
CAND-00719,2024-05-30,2024-07-29,30,901244.0
CAND-00719,2024-05-30,2024-08-28,0,811545.0
CAND-00720,2024-09-04,2024-10-04,0,356416.0
CAND-00720,2024-09-04,2024-11-03,0,326714.0
CAND-00720,2024-09-04,2024-12-03,0,299135.0
CAND-00720,2024-09-04,2025-01-02,0,260523.0
CAND-00720,2024-09-04,2025-02-01,0,221911.0
CAND-00721,2024-07-31,2024-08-30,0,661181.0
CAND-00721,2024-07-31,2024-09-29,30,642923.0
CAND-00721,2024-07-31,2024-10-29,60,624666.0
CAND-00721,2024-07-31,2024-11-28,30,604887.0
CAND-00722,2024-10-02,2024-11-01,0,971413.0
CAND-00722,2024-10-02,2024-12-01,0,885065.0
CAND-00722,2024-10-02,2024-12-31,0,805360.0
CAND-00722,2024-10-02,2025-01-30,0,736281.0
CAND-00722,2024-10-02,2025-03-01,0,632664.0
CAND-00723,2024-07-17,2024-08-16,0,910901.0
CAND-00723,2024-07-17,2024-09-15,0,844102.0
CAND-00723,2024-07-17,2024-10-15,0,781477.0
CAND-00724,2024-09-21,2024-10-21,0,440246.0
CAND-00724,2024-09-21,2024-11-20,0,411112.0
CAND-00724,2024-09-21,2024-12-20,0,368736.0
CAND-00724,2024-09-21,2025-01-19,0,339602.0
CAND-00724,2024-09-21,2025-02-18,0,306306.0
CAND-00725,2024-05-16,2024-06-15,0,871674.0
CAND-00725,2024-05-16,2024-07-15,0,794762.0
CAND-00725,2024-05-16,2024-08-14,0,717849.0
CAND-00725,2024-05-16,2024-09-13,0,656319.0
CAND-00726,2024-08-27,2024-09-26,0,320170.0
CAND-00726,2024-08-27,2024-10-26,0,298158.0
CAND-00726,2024-08-27,2024-11-25,0,273002.0
CAND-00726,2024-08-27,2024-12-25,0,249523.0
CAND-00727,2024-05-16,2024-06-15,0,335127.0
CAND-00727,2024-05-16,2024-07-15,0,309013.0
CAND-00727,2024-05-16,2024-08-14,0,278547.0
CAND-00728,2024-02-12,2024-03-13,0,728039.0
CAND-00728,2024-02-12,2024-04-12,0,647146.0
CAND-00728,2024-02-12,2024-05-12,0,602205.0
CAND-00728,2024-02-12,2024-06-11,0,528666.0
CAND-00729,2024-07-16,2024-08-15,0,240625.0
CAND-00729,2024-07-16,2024-09-14,0,226042.0
CAND-00729,2024-07-16,2024-10-14,0,204167.0
CAND-00729,2024-07-16,2024-11-13,0,182292.0
CAND-00729,2024-07-16,2024-12-13,0,166850.0
CAND-00729,2024-07-16,2025-01-12,0,150444.0
CAND-00730,2024-07-04,2024-08-03,0,2853426.0
CAND-00730,2024-07-04,2024-09-02,30,2772945.0
CAND-00730,2024-07-04,2024-10-02,60,2710170.0
CAND-00730,2024-07-04,2024-11-01,90,2643387.0
CAND-00730,2024-07-04,2024-12-01,92,2576605.0
CAND-00731,2024-04-29,2024-05-29,0,613021.0
CAND-00731,2024-04-29,2024-06-28,0,547340.0
CAND-00731,2024-04-29,2024-07-28,0,503553.0
CAND-00731,2024-04-29,2024-08-27,0,437872.0
CAND-00731,2024-04-29,2024-09-26,0,401383.0
CAND-00732,2024-09-26,2024-10-26,0,440975.0
CAND-00732,2024-09-26,2024-11-25,0,397242.0
CAND-00732,2024-09-26,2024-12-25,0,357154.0
CAND-00733,2024-02-27,2024-03-28,0,592920.0
CAND-00733,2024-02-27,2024-04-27,30,574620.0
CAND-00733,2024-02-27,2024-05-27,0,514729.0
CAND-00733,2024-02-27,2024-06-26,0,470809.0
CAND-00733,2024-02-27,2024-07-26,0,420132.0
CAND-00733,2024-02-27,2024-08-25,0,376212.0
CAND-00734,2024-04-16,2024-05-16,0,831102.0
CAND-00734,2024-04-16,2024-06-15,0,770658.0
CAND-00734,2024-04-16,2024-07-15,0,688235.0
CAND-00734,2024-04-16,2024-08-14,0,623474.0
CAND-00735,2024-04-08,2024-05-08,0,527660.0
CAND-00735,2024-04-08,2024-06-07,0,490284.0
CAND-00735,2024-04-08,2024-07-07,0,439317.0
CAND-00735,2024-04-08,2024-08-06,0,408171.0
CAND-00736,2024-02-01,2024-03-02,0,908788.0
CAND-00736,2024-02-01,2024-04-01,0,839547.0
CAND-00736,2024-02-01,2024-05-01,30,819352.0
CAND-00736,2024-02-01,2024-05-31,60,801062.0
CAND-00736,2024-02-01,2024-06-30,90,782420.0
CAND-00737,2024-02-16,2024-03-17,0,666131.0
CAND-00737,2024-02-16,2024-04-16,0,606350.0
CAND-00737,2024-02-16,2024-05-16,0,558525.0
CAND-00737,2024-02-16,2024-06-15,0,498744.0
CAND-00737,2024-02-16,2024-07-15,0,443562.0
CAND-00738,2024-02-20,2024-03-21,0,447777.0
CAND-00738,2024-02-20,2024-04-20,0,419411.0
CAND-00738,2024-02-20,2024-05-20,0,382317.0
CAND-00738,2024-02-20,2024-06-19,0,338479.0
CAND-00739,2024-05-08,2024-06-07,0,338573.0
CAND-00739,2024-05-08,2024-07-07,0,307537.0
CAND-00739,2024-05-08,2024-08-06,0,282708.0
CAND-00739,2024-05-08,2024-09-05,30,272643.0
CAND-00740,2024-04-06,2024-05-06,30,880179.0
CAND-00740,2024-04-06,2024-06-05,60,853592.0
CAND-00740,2024-04-06,2024-07-05,30,836208.0
CAND-00741,2024-06-03,2024-07-03,0,563332.0
CAND-00741,2024-06-03,2024-08-02,30,552248.0
CAND-00741,2024-06-03,2024-09-01,0,518995.0
CAND-00741,2024-06-03,2024-10-01,0,481587.0
CAND-00741,2024-06-03,2024-10-31,0,421733.0
CAND-00742,2024-06-18,2024-07-18,0,708805.0
CAND-00742,2024-06-18,2024-08-17,0,664658.0
CAND-00742,2024-06-18,2024-09-16,30,650497.0
CAND-00742,2024-06-18,2024-10-16,60,629054.0
CAND-00742,2024-06-18,2024-11-15,90,610750.0
CAND-00742,2024-06-18,2024-12-15,100,592445.0
CAND-00743,2024-01-14,2024-02-13,0,872712.0
CAND-00743,2024-01-14,2024-03-14,0,819820.0
CAND-00743,2024-01-14,2024-04-13,0,760317.0
CAND-00744,2024-08-14,2024-09-13,0,381293.0
CAND-00744,2024-08-14,2024-10-13,0,352356.0
CAND-00744,2024-08-14,2024-11-12,0,311843.0
CAND-00745,2024-10-24,2024-11-23,0,165218.0
CAND-00745,2024-10-24,2024-12-23,0,152979.0
CAND-00745,2024-10-24,2025-01-22,30,149073.0
CAND-00746,2024-03-25,2024-04-24,0,744416.0
CAND-00746,2024-03-25,2024-05-24,0,696646.0
CAND-00746,2024-03-25,2024-06-23,0,628972.0
CAND-00746,2024-03-25,2024-07-23,0,581202.0
CAND-00747,2024-09-23,2024-10-23,0,675502.0
CAND-00747,2024-09-23,2024-11-22,0,627654.0
CAND-00747,2024-09-23,2024-12-22,30,604502.0
CAND-00748,2024-05-26,2024-06-25,0,285896.0
CAND-00748,2024-05-26,2024-07-25,0,257906.0
CAND-00748,2024-05-26,2024-08-24,0,234222.0
CAND-00748,2024-05-26,2024-09-23,30,227672.0
CAND-00749,2024-09-22,2024-10-22,0,789166.0
CAND-00749,2024-09-22,2024-11-21,0,704988.0
CAND-00749,2024-09-22,2024-12-21,0,628463.0
CAND-00750,2024-02-03,2024-03-04,0,467880.0
CAND-00750,2024-02-03,2024-04-03,0,422510.0
CAND-00750,2024-02-03,2024-05-03,0,377140.0
CAND-00751,2024-03-22,2024-04-21,0,210467.0
CAND-00751,2024-03-22,2024-05-21,0,196301.0
CAND-00751,2024-03-22,2024-06-20,0,182135.0
CAND-00751,2024-03-22,2024-07-20,0,167025.0
CAND-00751,2024-03-22,2024-08-19,0,144359.0
CAND-00752,2024-01-08,2024-02-07,0,413093.0
CAND-00752,2024-01-08,2024-03-08,0,378139.0
CAND-00752,2024-01-08,2024-04-07,0,340272.0
CAND-00753,2024-07-07,2024-08-06,0,1146963.0
CAND-00753,2024-07-07,2024-09-05,30,1125903.0
CAND-00753,2024-07-07,2024-10-05,0,1037150.0
CAND-00753,2024-07-07,2024-11-04,0,948397.0
CAND-00754,2024-03-12,2024-04-11,0,415680.0
CAND-00754,2024-03-12,2024-05-11,0,391143.0
CAND-00754,2024-03-12,2024-06-10,0,354338.0
CAND-00754,2024-03-12,2024-07-10,0,317533.0
CAND-00754,2024-03-12,2024-08-09,0,277382.0
CAND-00755,2024-03-07,2024-04-06,0,320556.0
CAND-00755,2024-03-07,2024-05-06,0,288176.0
CAND-00755,2024-03-07,2024-06-05,0,267225.0
CAND-00755,2024-03-07,2024-07-05,30,257599.0
CAND-00756,2024-04-04,2024-05-04,0,457154.0
CAND-00756,2024-04-04,2024-06-03,0,426541.0
CAND-00756,2024-04-04,2024-07-03,0,397729.0
CAND-00756,2024-04-04,2024-08-02,30,381929.0
CAND-00757,2024-10-15,2024-11-14,0,556639.0
CAND-00757,2024-10-15,2024-12-14,0,505099.0
CAND-00757,2024-10-15,2025-01-13,0,460921.0
CAND-00757,2024-10-15,2025-02-12,0,419688.0
CAND-00757,2024-10-15,2025-03-14,0,368148.0
CAND-00757,2024-10-15,2025-04-13,0,323970.0
CAND-00758,2024-03-01,2024-03-31,0,652208.0
CAND-00758,2024-03-01,2024-04-30,0,588356.0
CAND-00758,2024-03-01,2024-05-30,0,547039.0
CAND-00758,2024-03-01,2024-06-29,0,505723.0
CAND-00758,2024-03-01,2024-07-29,0,458898.0
CAND-00759,2024-05-20,2024-06-19,0,1549564.0
CAND-00759,2024-05-20,2024-07-19,0,1384923.0
CAND-00759,2024-05-20,2024-08-18,0,1293456.0
CAND-00759,2024-05-20,2024-09-17,0,1196608.0
CAND-00759,2024-05-20,2024-10-17,0,1059407.0
CAND-00760,2024-06-29,2024-07-29,0,1238976.0
CAND-00760,2024-06-29,2024-08-28,0,1113827.0
CAND-00760,2024-06-29,2024-09-27,0,1007932.0
CAND-00760,2024-06-29,2024-10-27,30,983349.0
CAND-00760,2024-06-29,2024-11-26,0,868629.0
CAND-00760,2024-06-29,2024-12-26,0,770297.0
CAND-00761,2024-09-13,2024-10-13,0,1196727.0
CAND-00761,2024-09-13,2024-11-12,30,1162481.0
CAND-00761,2024-09-13,2024-12-12,60,1129990.0
CAND-00762,2024-06-11,2024-07-11,0,545480.0
CAND-00762,2024-06-11,2024-08-10,0,497349.0
CAND-00762,2024-06-11,2024-09-09,0,458845.0
CAND-00762,2024-06-11,2024-10-09,0,422747.0
CAND-00762,2024-06-11,2024-11-08,0,364990.0
CAND-00762,2024-06-11,2024-12-08,0,320562.0
CAND-00763,2024-06-17,2024-07-17,0,977642.0
CAND-00763,2024-06-17,2024-08-16,0,906540.0
CAND-00763,2024-06-17,2024-09-15,0,809584.0
CAND-00764,2024-04-14,2024-05-14,0,728711.0
CAND-00764,2024-04-14,2024-06-13,0,656944.0
CAND-00764,2024-04-14,2024-07-13,0,596218.0
CAND-00764,2024-04-14,2024-08-12,0,549781.0
CAND-00764,2024-04-14,2024-09-11,0,489055.0
CAND-00765,2024-07-10,2024-08-09,0,500632.0
CAND-00765,2024-07-10,2024-09-08,0,454741.0
CAND-00765,2024-07-10,2024-10-08,0,418028.0
CAND-00765,2024-07-10,2024-11-07,0,362958.0
CAND-00765,2024-07-10,2024-12-07,0,317067.0
CAND-00765,2024-07-10,2025-01-06,0,284673.0
CAND-00766,2024-03-25,2024-04-24,0,1026932.0
CAND-00766,2024-03-25,2024-05-24,0,928083.0
CAND-00766,2024-03-25,2024-06-23,0,860124.0
CAND-00766,2024-03-25,2024-07-23,0,769513.0
CAND-00766,2024-03-25,2024-08-22,0,691846.0
CAND-00766,2024-03-25,2024-09-21,0,583112.0
CAND-00767,2024-07-04,2024-08-03,30,1421438.0
CAND-00767,2024-07-04,2024-09-02,0,1330130.0
CAND-00767,2024-07-04,2024-10-02,0,1217751.0
CAND-00768,2024-04-15,2024-05-15,0,1358232.0
CAND-00768,2024-04-15,2024-06-14,0,1214419.0
CAND-00768,2024-04-15,2024-07-14,0,1118544.0
CAND-00768,2024-04-15,2024-08-13,0,1028661.0
CAND-00768,2024-04-15,2024-09-12,0,925938.0
CAND-00769,2024-05-08,2024-06-07,0,90909.0
CAND-00769,2024-05-08,2024-07-07,0,83217.0
CAND-00769,2024-05-08,2024-08-06,0,76967.0
CAND-00769,2024-05-08,2024-09-05,0,71084.0
CAND-00769,2024-05-08,2024-10-05,0,63942.0
CAND-00769,2024-05-08,2024-11-04,30,62090.0
CAND-00770,2024-03-24,2024-04-23,0,568083.0
CAND-00770,2024-03-24,2024-05-23,0,526002.0
CAND-00770,2024-03-24,2024-06-22,0,480917.0
CAND-00770,2024-03-24,2024-07-22,0,435831.0
CAND-00771,2024-10-19,2024-11-18,0,959731.0
CAND-00771,2024-10-19,2024-12-18,0,893083.0
CAND-00771,2024-10-19,2025-01-17,30,874375.0
CAND-00771,2024-10-19,2025-02-16,0,815132.0
CAND-00771,2024-10-19,2025-03-18,0,718190.0
CAND-00771,2024-10-19,2025-04-17,0,658947.0
CAND-00772,2024-04-11,2024-05-11,0,536338.0
CAND-00772,2024-04-11,2024-06-10,0,492134.0
CAND-00772,2024-04-11,2024-07-10,0,460210.0
CAND-00773,2024-04-13,2024-05-13,0,658963.0
CAND-00773,2024-04-13,2024-06-12,0,620201.0
CAND-00773,2024-04-13,2024-07-12,0,566530.0
CAND-00774,2024-05-12,2024-06-11,0,1665961.0
CAND-00774,2024-05-12,2024-07-11,0,1529801.0
CAND-00774,2024-05-12,2024-08-10,0,1419171.0
CAND-00774,2024-05-12,2024-09-09,0,1315048.0
CAND-00774,2024-05-12,2024-10-09,0,1216710.0
CAND-00775,2024-08-07,2024-09-06,0,708454.0
CAND-00775,2024-08-07,2024-10-06,0,645480.0
CAND-00775,2024-08-07,2024-11-05,0,601028.0
CAND-00776,2024-08-31,2024-09-30,0,1363850.0
CAND-00776,2024-08-31,2024-10-30,0,1241453.0
CAND-00776,2024-08-31,2024-11-29,0,1159855.0
CAND-00776,2024-08-31,2024-12-29,0,1068057.0
CAND-00776,2024-08-31,2025-01-28,0,945661.0
CAND-00777,2024-03-04,2024-04-03,30,649682.0
CAND-00777,2024-03-04,2024-05-03,0,594311.0
CAND-00777,2024-03-04,2024-06-02,30,582446.0
CAND-00777,2024-03-04,2024-07-02,0,538149.0
CAND-00777,2024-03-04,2024-08-01,0,501236.0
CAND-00778,2024-09-06,2024-10-06,0,602873.0
CAND-00778,2024-09-06,2024-11-05,0,544413.0
CAND-00778,2024-09-06,2024-12-05,0,501542.0
CAND-00779,2024-09-12,2024-10-12,0,713788.0
CAND-00779,2024-09-12,2024-11-11,0,658168.0
CAND-00779,2024-09-12,2024-12-11,0,602548.0
CAND-00780,2024-07-30,2024-08-29,0,190817.0
CAND-00780,2024-07-30,2024-09-28,0,176824.0
CAND-00780,2024-07-30,2024-10-28,0,165163.0
CAND-00780,2024-07-30,2024-11-27,30,160043.0
CAND-00780,2024-07-30,2024-12-27,60,155273.0
CAND-00780,2024-07-30,2025-01-26,90,148714.0
CAND-00781,2024-07-31,2024-08-30,0,1786271.0
CAND-00781,2024-07-31,2024-09-29,0,1653955.0
CAND-00781,2024-07-31,2024-10-29,0,1512187.0
CAND-00781,2024-07-31,2024-11-28,0,1331756.0
CAND-00782,2024-03-23,2024-04-22,30,920969.0
CAND-00782,2024-03-23,2024-05-22,0,848478.0
CAND-00782,2024-03-23,2024-06-21,30,830000.0
CAND-00782,2024-03-23,2024-07-21,0,771100.0
CAND-00783,2024-04-29,2024-05-29,0,531793.0
CAND-00783,2024-04-29,2024-06-28,0,498671.0
CAND-00783,2024-04-29,2024-07-28,0,467389.0
CAND-00784,2024-01-25,2024-02-24,0,467545.0
CAND-00784,2024-01-25,2024-03-25,0,424253.0
CAND-00784,2024-01-25,2024-04-24,0,372304.0
CAND-00784,2024-01-25,2024-05-24,0,325077.0
CAND-00785,2024-10-03,2024-11-02,0,573004.0
CAND-00785,2024-10-03,2024-12-02,0,510494.0
CAND-00785,2024-10-03,2025-01-01,30,496603.0
CAND-00785,2024-10-03,2025-01-31,60,477661.0
CAND-00785,2024-10-03,2025-03-02,90,464638.0
CAND-00786,2024-07-09,2024-08-08,0,456248.0
CAND-00786,2024-07-09,2024-09-07,0,406475.0
CAND-00786,2024-07-09,2024-10-07,0,370924.0
CAND-00787,2024-07-06,2024-08-05,30,398251.0
CAND-00787,2024-07-06,2024-09-04,0,375655.0
CAND-00787,2024-07-06,2024-10-04,0,338680.0
CAND-00787,2024-07-06,2024-11-03,0,301705.0
CAND-00787,2024-07-06,2024-12-03,0,261033.0
CAND-00787,2024-07-06,2025-01-02,0,237108.0
CAND-00788,2024-06-05,2024-07-05,0,313656.0
CAND-00788,2024-06-05,2024-08-04,0,294053.0
CAND-00788,2024-06-05,2024-09-03,0,260727.0
CAND-00789,2024-06-09,2024-07-09,30,304434.0
CAND-00789,2024-06-09,2024-08-08,0,284879.0
CAND-00789,2024-06-09,2024-09-07,30,279389.0
CAND-00790,2024-09-13,2024-10-13,0,737233.0
CAND-00790,2024-09-13,2024-11-12,0,664627.0
CAND-00790,2024-09-13,2024-12-12,0,614710.0
CAND-00790,2024-09-13,2025-01-11,0,553274.0
CAND-00790,2024-09-13,2025-02-10,0,503357.0
CAND-00790,2024-09-13,2025-03-12,0,423490.0
CAND-00791,2024-05-06,2024-06-05,0,628837.0
CAND-00791,2024-05-06,2024-07-05,0,581278.0
CAND-00791,2024-05-06,2024-08-04,0,520748.0
CAND-00791,2024-05-06,2024-09-03,0,479134.0
CAND-00791,2024-05-06,2024-10-03,0,439967.0
CAND-00791,2024-05-06,2024-11-02,0,379438.0
CAND-00792,2024-08-27,2024-09-26,0,435522.0
CAND-00792,2024-08-27,2024-10-26,0,408907.0
CAND-00792,2024-08-27,2024-11-25,0,360999.0
CAND-00792,2024-08-27,2024-12-25,0,334384.0
CAND-00792,2024-08-27,2025-01-24,0,290832.0
CAND-00792,2024-08-27,2025-02-23,0,262651.0
CAND-00793,2024-02-15,2024-03-16,0,543878.0
CAND-00793,2024-02-15,2024-04-15,0,498238.0
CAND-00793,2024-02-15,2024-05-15,0,463337.0
CAND-00794,2024-06-17,2024-07-17,0,767731.0
CAND-00794,2024-06-17,2024-08-16,0,708675.0
CAND-00794,2024-06-17,2024-09-15,0,625996.0
CAND-00794,2024-06-17,2024-10-15,0,580063.0
CAND-00795,2024-01-19,2024-02-18,0,201901.0
CAND-00795,2024-01-19,2024-03-19,0,185335.0
CAND-00795,2024-01-19,2024-04-18,0,173370.0
CAND-00796,2024-05-30,2024-06-29,0,385245.0
CAND-00796,2024-05-30,2024-07-29,0,353635.0
CAND-00796,2024-05-30,2024-08-28,0,312542.0
CAND-00796,2024-05-30,2024-09-27,30,303411.0
CAND-00797,2024-08-04,2024-09-03,0,387154.0
CAND-00797,2024-08-04,2024-10-03,0,346019.0
CAND-00797,2024-08-04,2024-11-02,0,308623.0
CAND-00798,2024-04-13,2024-05-13,0,529349.0
CAND-00798,2024-04-13,2024-06-12,0,472342.0
CAND-00798,2024-04-13,2024-07-12,0,438809.0
CAND-00798,2024-04-13,2024-08-11,0,407138.0
CAND-00799,2024-09-30,2024-10-30,0,285851.0
CAND-00799,2024-09-30,2024-11-29,0,264232.0
CAND-00799,2024-09-30,2024-12-29,0,233966.0
CAND-00799,2024-09-30,2025-01-28,0,212347.0
CAND-00799,2024-09-30,2025-02-27,0,192169.0
CAND-00799,2024-09-30,2025-03-29,0,175354.0
CAND-00800,2024-02-22,2024-03-23,0,776025.0
CAND-00800,2024-02-22,2024-04-22,0,719116.0
CAND-00800,2024-02-22,2024-05-22,0,633753.0
CAND-00800,2024-02-22,2024-06-21,0,568090.0
CAND-00800,2024-02-22,2024-07-21,0,482727.0
CAND-00800,2024-02-22,2024-08-20,0,421754.0
CAND-00801,2024-09-16,2024-10-16,0,338773.0
CAND-00801,2024-09-16,2024-11-15,0,315482.0
CAND-00801,2024-09-16,2024-12-15,0,286817.0
CAND-00801,2024-09-16,2025-01-14,0,252939.0
CAND-00801,2024-09-16,2025-02-13,0,215674.0
CAND-00801,2024-09-16,2025-03-15,0,193754.0
CAND-00802,2024-05-06,2024-06-05,0,879034.0
CAND-00802,2024-05-06,2024-07-05,0,820661.0
CAND-00802,2024-05-06,2024-08-04,0,748817.0
CAND-00802,2024-05-06,2024-09-03,0,655419.0
CAND-00802,2024-05-06,2024-10-03,0,603532.0
CAND-00802,2024-05-06,2024-11-02,0,545159.0
CAND-00803,2024-05-22,2024-06-21,0,318544.0
CAND-00803,2024-05-22,2024-07-21,0,297103.0
CAND-00803,2024-05-22,2024-08-20,0,270715.0
CAND-00803,2024-05-22,2024-09-19,0,242128.0
CAND-00803,2024-05-22,2024-10-19,0,210942.0
CAND-00804,2024-06-11,2024-07-11,0,596583.0
CAND-00804,2024-06-11,2024-08-10,0,558565.0
CAND-00804,2024-06-11,2024-09-09,0,520548.0
CAND-00805,2024-03-02,2024-04-01,0,622112.0
CAND-00805,2024-03-02,2024-05-01,0,560415.0
CAND-00805,2024-03-02,2024-05-31,0,511939.0
CAND-00805,2024-03-02,2024-06-30,0,444072.0
CAND-00806,2024-02-06,2024-03-07,0,711838.0
CAND-00806,2024-02-06,2024-04-06,0,636205.0
CAND-00806,2024-02-06,2024-05-06,0,567448.0
CAND-00807,2024-06-17,2024-07-17,30,503129.0
CAND-00807,2024-06-17,2024-08-16,0,468858.0
CAND-00807,2024-06-17,2024-09-15,0,422125.0
CAND-00807,2024-06-17,2024-10-15,0,370718.0
CAND-00807,2024-06-17,2024-11-14,0,333999.0
CAND-00807,2024-06-17,2024-12-14,0,301870.0
CAND-00808,2024-05-25,2024-06-24,0,1917967.0
CAND-00808,2024-05-25,2024-07-24,0,1744818.0
CAND-00808,2024-05-25,2024-08-23,0,1629384.0
CAND-00808,2024-05-25,2024-09-22,0,1469554.0
CAND-00808,2024-05-25,2024-10-22,0,1321140.0
CAND-00808,2024-05-25,2024-11-21,0,1132249.0
CAND-00809,2024-03-11,2024-04-10,0,709527.0
CAND-00809,2024-03-11,2024-05-10,0,640725.0
CAND-00809,2024-03-11,2024-06-09,0,593423.0
CAND-00809,2024-03-11,2024-07-09,0,530354.0
CAND-00810,2024-09-29,2024-10-29,0,233701.0
CAND-00810,2024-09-29,2024-11-28,0,208773.0
CAND-00810,2024-09-29,2024-12-28,0,194109.0
CAND-00810,2024-09-29,2025-01-27,0,173336.0
CAND-00810,2024-09-29,2025-02-26,0,150674.0
CAND-00811,2024-02-01,2024-03-02,0,270569.0
CAND-00811,2024-02-01,2024-04-01,0,253326.0
CAND-00811,2024-02-01,2024-05-01,0,226680.0
CAND-00811,2024-02-01,2024-05-31,0,204132.0
CAND-00811,2024-02-01,2024-06-30,0,174821.0
CAND-00812,2024-07-06,2024-08-05,0,595951.0
CAND-00812,2024-07-06,2024-09-04,0,555601.0
CAND-00812,2024-07-06,2024-10-04,30,536612.0
CAND-00812,2024-07-06,2024-11-03,60,520472.0
CAND-00812,2024-07-06,2024-12-03,90,504331.0
CAND-00813,2024-07-12,2024-08-11,0,494120.0
CAND-00813,2024-07-12,2024-09-10,0,453736.0
CAND-00813,2024-07-12,2024-10-10,30,444190.0
CAND-00814,2024-02-29,2024-03-30,0,298953.0
CAND-00814,2024-02-29,2024-04-29,0,276265.0
CAND-00814,2024-02-29,2024-05-29,0,253577.0
CAND-00814,2024-02-29,2024-06-28,0,235930.0
CAND-00815,2024-04-02,2024-05-02,0,1423238.0
CAND-00815,2024-04-02,2024-06-01,0,1325391.0
CAND-00815,2024-04-02,2024-07-01,0,1227543.0
CAND-00816,2024-07-18,2024-08-17,0,703018.0
CAND-00816,2024-07-18,2024-09-16,0,639108.0
CAND-00816,2024-07-18,2024-10-16,0,562415.0
CAND-00816,2024-07-18,2024-11-15,0,492694.0
CAND-00816,2024-07-18,2024-12-15,0,433699.0
CAND-00816,2024-07-18,2025-01-14,0,369788.0
CAND-00817,2024-05-25,2024-06-24,0,137166.0
CAND-00817,2024-05-25,2024-07-24,0,128021.0
CAND-00817,2024-05-25,2024-08-23,30,124364.0
CAND-00818,2024-02-23,2024-03-24,0,580039.0
CAND-00818,2024-02-23,2024-04-23,0,518409.0
CAND-00818,2024-02-23,2024-05-23,0,482157.0
CAND-00819,05-09-2024,2024-10-05,0,220567.0
CAND-00819,05-09-2024,2024-11-04,0,201037.0
CAND-00819,05-09-2024,2024-12-04,0,184298.0
CAND-00819,05-09-2024,2025-01-03,30,177602.0
CAND-00819,05-09-2024,2025-02-02,60,171743.0
CAND-00819,05-09-2024,2025-03-04,90,165576.0
CAND-00820,2024-06-12,2024-07-12,30,1172165.0
CAND-00820,2024-06-12,2024-08-11,0,1086293.0
CAND-00820,2024-06-12,2024-09-10,0,1015574.0
CAND-00820,2024-06-12,2024-10-10,0,923095.0
CAND-00820,2024-06-12,2024-11-09,0,847956.0
CAND-00821,2024-03-13,2024-04-12,30,665295.0
CAND-00821,2024-03-13,2024-05-12,60,652203.0
CAND-00821,2024-03-13,2024-06-11,90,634288.0
CAND-00822,2024-05-03,2024-06-02,0,292986.0
CAND-00822,2024-05-03,2024-07-02,0,268946.0
CAND-00822,2024-05-03,2024-08-01,0,246623.0
CAND-00822,2024-05-03,2024-08-31,0,222583.0
CAND-00822,2024-05-03,2024-09-30,0,196540.0
CAND-00823,2024-03-10,2024-04-09,30,338478.0
CAND-00823,2024-03-10,2024-05-09,60,332100.0
CAND-00823,2024-03-10,2024-06-08,90,321970.0
CAND-00824,2024-06-18,2024-07-18,0,887251.0
CAND-00824,2024-06-18,2024-08-17,0,812796.0
CAND-00824,2024-06-18,2024-09-16,0,759023.0
CAND-00824,2024-06-18,2024-10-16,0,678364.0
CAND-00825,2024-07-03,2024-08-02,0,382219.0
CAND-00825,2024-07-03,2024-09-01,0,358129.0
CAND-00825,2024-07-03,2024-10-01,0,320900.0
CAND-00825,2024-07-03,2024-10-31,0,286773.0
CAND-00825,2024-07-03,2024-11-30,0,245821.0
CAND-00825,2024-07-03,2024-12-30,0,204869.0
CAND-00826,2024-06-10,2024-07-10,30,442120.0
CAND-00826,2024-06-10,2024-08-09,0,407166.0
CAND-00826,2024-06-10,2024-09-08,0,381921.0
CAND-00826,2024-06-10,2024-10-08,0,351628.0
CAND-00826,2024-06-10,2024-11-07,0,319171.0
CAND-00827,2024-03-17,2024-04-16,0,534030.0
CAND-00827,2024-03-17,2024-05-16,0,485482.0
CAND-00827,2024-03-17,2024-06-15,0,427224.0
CAND-00827,2024-03-17,2024-07-15,0,382410.0
CAND-00827,2024-03-17,2024-08-14,0,350045.0
CAND-00828,2024-03-09,2024-04-08,0,1574851.0
CAND-00828,2024-03-09,2024-05-08,0,1462862.0
CAND-00828,2024-03-09,2024-06-07,0,1294877.0
CAND-00828,2024-03-09,2024-07-07,0,1165659.0
CAND-00829,2024-02-10,2024-03-11,0,466662.0
CAND-00829,2024-02-10,2024-04-10,0,438742.0
CAND-00829,2024-02-10,2024-05-10,0,396862.0
CAND-00829,2024-02-10,2024-06-09,0,365452.0
CAND-00830,2024-03-16,2024-04-15,0,456606.0
CAND-00830,2024-03-16,2024-05-15,0,420730.0
CAND-00830,2024-03-16,2024-06-14,0,392826.0
CAND-00831,2024-08-11,2024-09-10,0,432174.0
CAND-00831,2024-08-11,2024-10-10,0,385027.0
CAND-00831,2024-08-11,2024-11-09,0,345739.0
CAND-00832,2024-03-15,2024-04-14,0,811899.0
CAND-00832,2024-03-15,2024-05-14,0,763572.0
CAND-00832,2024-03-15,2024-06-13,0,691081.0
CAND-00832,2024-03-15,2024-07-13,0,604092.0
CAND-00833,2024-05-23,2024-06-22,0,718023.0
CAND-00833,2024-05-23,2024-07-22,0,675065.0
CAND-00833,2024-05-23,2024-08-21,0,629579.0
CAND-00833,2024-05-23,2024-09-20,0,586620.0
CAND-00833,2024-05-23,2024-10-20,0,543662.0
CAND-00833,2024-05-23,2024-11-19,0,473366.0
CAND-00834,2024-09-20,2024-10-20,30,884856.0
CAND-00834,2024-09-20,2024-11-19,60,861500.0
CAND-00834,2024-09-20,2024-12-19,90,841258.0
CAND-00835,2024-08-19,2024-09-18,0,838488.0
CAND-00835,2024-08-19,2024-10-18,0,773151.0
CAND-00835,2024-08-19,2024-11-17,0,702789.0
CAND-00835,2024-08-19,2024-12-17,0,637452.0
CAND-00836,2024-02-27,2024-03-28,0,339622.0
CAND-00836,2024-02-27,2024-04-27,30,332939.0
CAND-00836,2024-02-27,2024-05-27,60,326718.0
CAND-00837,2024-06-22,2024-07-22,0,707069.0
CAND-00837,2024-06-22,2024-08-21,0,658458.0
CAND-00837,2024-06-22,2024-09-20,0,598629.0
CAND-00837,2024-06-22,2024-10-20,0,527922.0
CAND-00837,2024-06-22,2024-11-19,0,476071.0
CAND-00838,2024-04-11,2024-05-11,0,399644.0
CAND-00838,2024-04-11,2024-06-10,0,373001.0
CAND-00838,2024-04-11,2024-07-10,0,330372.0
CAND-00838,2024-04-11,2024-08-09,0,303729.0
CAND-00838,2024-04-11,2024-09-08,0,264976.0
CAND-00838,2024-04-11,2024-10-08,30,257364.0
CAND-00839,2024-05-03,2024-06-02,0,180580.0
CAND-00839,2024-05-03,2024-07-02,0,165145.0
CAND-00839,2024-05-03,2024-08-01,30,160965.0
CAND-00839,2024-05-03,2024-08-31,0,145531.0
CAND-00839,2024-05-03,2024-09-30,0,128811.0
CAND-00839,2024-05-03,2024-10-30,0,113377.0
CAND-00840,2024-04-28,2024-05-28,0,441848.0
CAND-00840,2024-04-28,2024-06-27,0,402573.0
CAND-00840,2024-04-28,2024-07-27,0,374849.0
CAND-00841,2024-01-05,2024-02-04,0,1968949.0
CAND-00841,2024-01-05,2024-03-05,0,1808025.0
CAND-00841,2024-01-05,2024-04-04,0,1633691.0
CAND-00841,2024-01-05,2024-05-04,0,1494224.0
CAND-00841,2024-01-05,2024-06-03,0,1304041.0
CAND-00842,2024-10-15,2024-11-14,0,832629.0
CAND-00842,2024-10-15,2024-12-14,0,763243.0
CAND-00842,2024-10-15,2025-01-13,0,698814.0
CAND-00842,2024-10-15,2025-02-12,0,645754.0
CAND-00842,2024-10-15,2025-03-14,0,576368.0
CAND-00843,2024-08-07,2024-09-06,0,602048.0
CAND-00843,2024-08-07,2024-10-06,0,561912.0
CAND-00843,2024-08-07,2024-11-05,0,521775.0
CAND-00843,2024-08-07,2024-12-05,0,468260.0
CAND-00844,2024-01-31,2024-03-01,0,651164.0
CAND-00844,2024-01-31,2024-03-31,0,585390.0
CAND-00844,2024-01-31,2024-04-30,0,513039.0
CAND-00844,2024-01-31,2024-05-30,0,452746.0
CAND-00845,2024-09-23,2024-10-23,30,1134832.0
CAND-00845,2024-09-23,2024-11-22,60,1110402.0
CAND-00845,2024-09-23,2024-12-22,90,1087851.0
CAND-00845,2024-09-23,2025-01-21,93,1061199.0
CAND-00845,2024-09-23,2025-02-20,93,1039878.0
CAND-00846,2024-06-07,2024-07-07,0,120600.0
CAND-00846,2024-06-07,2024-08-06,0,113385.0
CAND-00846,2024-06-07,2024-09-05,0,105267.0
CAND-00847,2024-04-13,2024-05-13,0,563215.0
CAND-00847,2024-04-13,2024-06-12,0,524814.0
CAND-00847,2024-04-13,2024-07-12,0,468958.0
CAND-00847,2024-04-13,2024-08-11,0,430557.0
CAND-00847,2024-04-13,2024-09-10,0,396422.0
CAND-00848,2024-07-13,2024-08-12,0,666800.0
CAND-00848,2024-07-13,2024-09-11,0,607265.0
CAND-00848,2024-07-13,2024-10-11,0,535822.0
CAND-00848,2024-07-13,2024-11-10,30,514809.0
CAND-00848,2024-07-13,2024-12-10,0,472784.0
CAND-00848,2024-07-13,2025-01-09,0,425155.0
CAND-00849,2024-10-05,2024-11-04,0,290893.0
CAND-00849,2024-10-05,2024-12-04,0,269345.0
CAND-00849,2024-10-05,2025-01-03,0,242410.0
CAND-00850,2024-07-30,2024-08-29,0,400397.0
CAND-00850,2024-07-30,2024-09-28,0,361856.0
CAND-00850,2024-07-30,2024-10-28,0,326527.0
CAND-00850,2024-07-30,2024-11-27,0,284132.0
CAND-00850,2024-07-30,2024-12-27,0,245591.0
CAND-00850,2024-07-30,2025-01-26,0,217328.0
CAND-00851,2024-08-31,2024-09-30,0,676809.0
CAND-00851,2024-08-31,2024-10-30,0,604616.0
CAND-00851,2024-08-31,2024-11-29,0,559496.0
CAND-00851,2024-08-31,2024-12-29,0,499335.0
CAND-00851,2024-08-31,2025-01-28,0,447768.0
CAND-00852,2024-08-02,2024-09-01,0,541478.0
CAND-00852,2024-08-02,2024-10-01,0,502098.0
CAND-00852,2024-08-02,2024-10-31,0,459904.0
CAND-00852,2024-08-02,2024-11-30,0,410679.0
CAND-00852,2024-08-02,2024-12-30,30,393802.0
CAND-00852,2024-08-02,2025-01-29,60,377837.0
CAND-00853,2024-09-14,2024-10-14,0,498047.0
CAND-00853,2024-09-14,2024-11-13,0,465821.0
CAND-00853,2024-09-14,2024-12-13,0,426688.0
CAND-00853,2024-09-14,2025-01-12,0,387556.0
CAND-00854,2024-01-13,2024-02-12,0,395567.0
CAND-00854,2024-01-13,2024-03-13,0,370930.0
CAND-00854,2024-01-13,2024-04-12,0,343008.0
CAND-00854,2024-01-13,2024-05-12,0,310789.0
CAND-00854,2024-01-13,2024-06-11,0,278571.0
CAND-00855,2024-05-12,2024-06-11,0,547015.0
CAND-00855,2024-05-12,2024-07-11,0,494178.0
CAND-00855,2024-05-12,2024-08-10,0,457853.0
CAND-00856,2024-06-15,2024-07-15,0,939767.0
CAND-00856,2024-06-15,2024-08-14,0,862313.0
CAND-00856,2024-06-15,2024-09-13,0,806375.0
CAND-00856,2024-06-15,2024-10-13,0,734454.0
CAND-00856,2024-06-15,2024-11-12,30,716147.0
CAND-00857,2024-05-23,2024-06-22,0,449192.0
CAND-00857,2024-05-23,2024-07-22,0,422317.0
CAND-00857,2024-05-23,2024-08-21,0,390067.0
CAND-00857,2024-05-23,2024-09-20,30,380940.0
CAND-00857,2024-05-23,2024-10-20,60,371637.0
CAND-00857,2024-05-23,2024-11-19,90,359544.0
CAND-00858,2024-09-27,2024-10-27,0,406252.0
CAND-00858,2024-09-27,2024-11-26,0,366857.0
CAND-00858,2024-09-27,2024-12-26,0,339774.0
CAND-00859,2024-09-10,2024-10-10,0,270663.0
CAND-00859,2024-09-10,2024-11-09,30,265478.0
CAND-00859,2024-09-10,2024-12-09,0,242345.0
CAND-00860,2024-04-15,2024-05-15,0,1011883.0
CAND-00860,2024-04-15,2024-06-14,0,943775.0
CAND-00860,2024-04-15,2024-07-14,0,875668.0
CAND-00861,2024-06-13,2024-07-13,0,630619.0
CAND-00861,2024-06-13,2024-08-12,0,569468.0
CAND-00861,2024-06-13,2024-09-11,0,508317.0
CAND-00861,2024-06-13,2024-10-11,0,460270.0
CAND-00861,2024-06-13,2024-11-10,0,399119.0
CAND-00862,2024-03-15,2024-04-14,0,820531.0
CAND-00862,2024-03-15,2024-05-14,0,733008.0
CAND-00862,2024-03-15,2024-06-13,0,665682.0
CAND-00862,2024-03-15,2024-07-13,0,607333.0
CAND-00862,2024-03-15,2024-08-12,0,558709.0
CAND-00862,2024-03-15,2024-09-11,0,485773.0
CAND-00863,2024-03-11,2024-04-10,0,569373.0
CAND-00863,2024-03-11,2024-05-10,0,522655.0
CAND-00863,2024-03-11,2024-06-09,0,472044.0
CAND-00863,2024-03-11,2024-07-09,30,453065.0
CAND-00863,2024-03-11,2024-08-08,0,419324.0
CAND-00864,2024-03-29,2024-04-28,0,201963.0
CAND-00864,2024-03-29,2024-05-28,0,186094.0
CAND-00864,2024-03-29,2024-06-27,0,171284.0
CAND-00864,2024-03-29,2024-07-27,0,157399.0
CAND-00865,2024-03-04,2024-04-03,30,552969.0
CAND-00865,2024-03-04,2024-05-03,0,496415.0
CAND-00865,2024-03-04,2024-06-02,0,461069.0
CAND-00865,2024-03-04,2024-07-02,0,425723.0
CAND-00866,2024-03-16,2024-04-15,0,1032025.0
CAND-00866,2024-03-16,2024-05-15,0,946968.0
CAND-00866,2024-03-16,2024-06-14,0,854823.0
CAND-00866,2024-03-16,2024-07-14,0,785714.0
CAND-00866,2024-03-16,2024-08-13,0,711998.0
CAND-00866,2024-03-16,2024-09-12,0,642889.0
CAND-00867,2024-08-15,2024-09-14,0,981226.0
CAND-00867,2024-08-15,2024-10-14,0,893617.0
CAND-00867,2024-08-15,2024-11-13,0,827910.0
CAND-00867,2024-08-15,2024-12-13,0,747039.0
CAND-00867,2024-08-15,2025-01-12,0,651465.0
CAND-00867,2024-08-15,2025-02-11,0,585758.0
CAND-00868,2024-05-12,2024-06-11,0,526312.0
CAND-00868,2024-05-12,2024-07-11,0,483444.0
CAND-00868,2024-05-12,2024-08-10,0,448615.0
CAND-00869,2024-04-03,2024-05-03,0,544784.0
CAND-00869,2024-04-03,2024-06-02,0,510853.0
CAND-00869,2024-04-03,2024-07-02,0,474801.0
CAND-00870,2024-06-06,2024-07-06,0,397288.0
CAND-00870,2024-06-06,2024-08-05,0,360502.0
CAND-00870,2024-06-06,2024-09-04,0,328971.0
CAND-00870,2024-06-06,2024-10-04,0,304447.0
CAND-00870,2024-06-06,2024-11-03,0,264317.0
CAND-00871,2024-01-15,2024-02-14,0,2765186.0
CAND-00871,2024-01-15,2024-03-15,0,2472402.0
CAND-00871,2024-01-15,2024-04-14,0,2247183.0
CAND-00871,2024-01-15,2024-05-14,0,2051993.0
CAND-00871,2024-01-15,2024-06-13,0,1879767.0
CAND-00872,2024-03-20,2024-04-19,0,342565.0
CAND-00872,2024-03-20,2024-05-19,30,335848.0
CAND-00872,2024-03-20,2024-06-18,0,313178.0
CAND-00872,2024-03-20,2024-07-18,0,285277.0
CAND-00872,2024-03-20,2024-08-17,0,265126.0
CAND-00872,2024-03-20,2024-09-16,0,243790.0
CAND-00873,2024-06-20,2024-07-20,0,579141.0
CAND-00873,2024-06-20,2024-08-19,0,539654.0
CAND-00873,2024-06-20,2024-09-18,0,482219.0
CAND-00873,2024-06-20,2024-10-18,0,419040.0
CAND-00873,2024-06-20,2024-11-17,0,373912.0
CAND-00873,2024-06-20,2024-12-17,30,361762.0
CAND-00874,2024-03-11,2024-04-10,0,712792.0
CAND-00874,2024-03-11,2024-05-10,0,668068.0
CAND-00874,2024-03-11,2024-06-09,0,617381.0
CAND-00874,2024-03-11,2024-07-09,0,575141.0
CAND-00875,2024-04-29,2024-05-29,0,654510.0
CAND-00875,2024-04-29,2024-06-28,0,601017.0
CAND-00875,2024-04-29,2024-07-28,0,560110.0
CAND-00875,2024-04-29,2024-08-27,0,506616.0
CAND-00875,2024-04-29,2024-09-26,0,460255.0
CAND-00875,2024-04-29,2024-10-26,0,397035.0
CAND-00876,2024-04-06,2024-05-06,0,761533.0
CAND-00876,2024-04-06,2024-06-05,0,680900.0
CAND-00876,2024-04-06,2024-07-05,0,623305.0
CAND-00876,2024-04-06,2024-08-04,0,578509.0
CAND-00876,2024-04-06,2024-09-03,0,531078.0
CAND-00877,2024-03-14,2024-04-13,0,857587.0
CAND-00877,2024-03-14,2024-05-13,0,774056.0
CAND-00877,2024-03-14,2024-06-12,0,690524.0
CAND-00877,2024-03-14,2024-07-12,0,624893.0
CAND-00878,2024-05-14,2024-06-13,0,970857.0
CAND-00878,2024-05-14,2024-07-13,0,897176.0
CAND-00878,2024-05-14,2024-08-12,0,794023.0
CAND-00878,2024-05-14,2024-09-11,0,720342.0
CAND-00878,2024-05-14,2024-10-11,0,646660.0
CAND-00879,2024-04-21,2024-05-21,0,517626.0
CAND-00879,2024-04-21,2024-06-20,0,461881.0
CAND-00879,2024-04-21,2024-07-20,0,415428.0
CAND-00880,2024-04-07,2024-05-07,0,1186473.0
CAND-00880,2024-04-07,2024-06-06,0,1077713.0
CAND-00880,2024-04-07,2024-07-06,30,1043367.0
CAND-00880,2024-04-07,2024-08-05,60,1020471.0
CAND-00880,2024-04-07,2024-09-04,90,994368.0
CAND-00881,2024-07-21,2024-08-20,0,1291131.0
CAND-00881,2024-07-21,2024-09-19,0,1171582.0
CAND-00881,2024-07-21,2024-10-19,0,1075942.0
CAND-00881,2024-07-21,2024-11-18,0,986281.0
CAND-00882,2024-06-27,2024-07-27,0,343972.0
CAND-00882,2024-06-27,2024-08-26,0,315749.0
CAND-00882,2024-06-27,2024-09-25,0,291289.0
CAND-00882,2024-06-27,2024-10-25,0,266829.0
CAND-00882,2024-06-27,2024-11-24,0,243897.0
CAND-00883,2024-07-23,2024-08-22,0,1310228.0
CAND-00883,2024-07-23,2024-09-21,0,1217741.0
CAND-00883,2024-07-23,2024-10-21,0,1131035.0
CAND-00883,2024-07-23,2024-11-20,0,1004917.0
CAND-00883,2024-07-23,2024-12-20,0,866187.0
CAND-00884,2024-05-07,2024-06-06,0,378036.0
CAND-00884,2024-05-07,2024-07-06,0,348033.0
CAND-00884,2024-05-07,2024-08-05,0,315722.0
CAND-00884,2024-05-07,2024-09-04,0,289470.0
CAND-00884,2024-05-07,2024-10-04,0,257159.0
CAND-00884,2024-05-07,2024-11-03,0,233824.0
CAND-00885,2024-04-15,2024-05-15,30,675230.0
CAND-00885,2024-04-15,2024-06-14,60,657767.0
CAND-00885,2024-04-15,2024-07-14,90,635939.0
CAND-00885,2024-04-15,2024-08-13,90,617060.0
CAND-00885,2024-04-15,2024-09-12,90,602805.0
CAND-00886,2024-08-03,2024-09-02,0,635233.0
CAND-00886,2024-08-03,2024-10-02,0,566416.0
CAND-00886,2024-08-03,2024-11-01,0,523405.0
CAND-00887,2024-05-26,2024-06-25,0,693317.0
CAND-00887,2024-05-26,2024-07-25,0,641960.0
CAND-00887,2024-05-26,2024-08-24,0,596645.0
CAND-00887,2024-05-26,2024-09-23,0,537387.0
CAND-00887,2024-05-26,2024-10-23,0,494590.0
CAND-00887,2024-05-26,2024-11-22,0,439565.0
CAND-00888,2024-07-25,2024-08-24,0,1151891.0
CAND-00888,2024-07-25,2024-09-23,0,1083631.0
CAND-00888,2024-07-25,2024-10-23,0,989117.0
CAND-00888,2024-07-25,2024-11-22,0,894603.0
CAND-00889,2024-09-18,2024-10-18,0,636359.0
CAND-00889,2024-09-18,2024-11-17,0,596252.0
CAND-00889,2024-09-18,2024-12-17,0,553639.0
CAND-00890,2024-02-21,2024-03-22,0,347570.0
CAND-00890,2024-02-21,2024-04-21,0,325664.0
CAND-00890,2024-02-21,2024-05-21,0,303758.0
CAND-00890,2024-02-21,2024-06-20,0,272725.0
CAND-00890,2024-02-21,2024-07-20,0,238871.0
CAND-00890,2024-02-21,2024-08-19,0,207838.0
CAND-00891,2024-03-14,2024-04-13,0,975597.0
CAND-00891,2024-03-14,2024-05-13,0,889216.0
CAND-00891,2024-03-14,2024-06-12,0,794982.0
CAND-00892,2024-08-23,2024-09-22,0,316700.0
CAND-00892,2024-08-23,2024-10-22,30,306096.0
CAND-00892,2024-08-23,2024-11-21,60,297166.0
CAND-00893,2024-05-25,2024-06-24,0,643707.0
CAND-00893,2024-05-25,2024-07-24,0,581531.0
CAND-00893,2024-05-25,2024-08-23,0,519355.0
CAND-00894,2024-02-16,2024-03-17,0,968294.0
CAND-00894,2024-02-16,2024-04-16,30,941220.0
CAND-00894,2024-02-16,2024-05-16,60,910960.0
CAND-00894,2024-02-16,2024-06-15,90,878810.0
CAND-00895,2024-09-09,2024-10-09,0,465859.0
CAND-00895,2024-09-09,2024-11-08,30,452056.0
CAND-00895,2024-09-09,2024-12-08,0,402364.0
CAND-00895,2024-09-09,2025-01-07,0,352672.0
CAND-00896,2024-05-11,2024-06-10,0,481720.0
CAND-00896,2024-05-11,2024-07-10,0,438710.0
CAND-00896,2024-05-11,2024-08-09,0,410036.0
CAND-00896,2024-05-11,2024-09-08,30,393907.0
CAND-00896,2024-05-11,2024-10-08,0,363546.0
CAND-00896,2024-05-11,2024-11-07,30,353808.0
CAND-00897,2024-08-08,2024-09-07,0,646069.0
CAND-00897,2024-08-08,2024-10-07,0,594793.0
CAND-00897,2024-08-08,2024-11-06,0,546936.0
CAND-00898,2024-06-29,2024-07-29,0,234336.0
CAND-00898,2024-06-29,2024-08-28,0,219298.0
CAND-00898,2024-06-29,2024-09-27,0,202256.0
CAND-00898,2024-06-29,2024-10-27,0,187218.0
CAND-00898,2024-06-29,2024-11-26,0,161654.0
CAND-00898,2024-06-29,2024-12-26,0,147452.0
CAND-00899,2024-10-28,2024-11-27,0,338726.0
CAND-00899,2024-10-28,2024-12-27,0,314733.0
CAND-00899,2024-10-28,2025-01-26,0,292239.0
CAND-00899,2024-10-28,2025-02-25,0,271069.0
CAND-00900,2024-01-09,2024-02-08,0,701343.0
CAND-00900,2024-01-09,2024-03-09,0,660087.0
CAND-00900,2024-01-09,2024-04-08,30,636881.0
CAND-00900,2024-01-09,2024-05-08,60,619611.0
CAND-00901,2024-10-18,2024-11-17,0,248396.0
CAND-00901,2024-10-18,2024-12-17,0,222095.0
CAND-00901,2024-10-18,2025-01-16,0,203309.0
CAND-00902,2024-08-24,2024-09-23,0,818994.0
CAND-00902,2024-08-24,2024-10-23,30,803325.0
CAND-00902,2024-08-24,2024-11-22,0,715575.0
CAND-00903,2024-05-01,2024-05-31,0,386097.0
CAND-00903,2024-05-01,2024-06-30,0,354113.0
CAND-00903,2024-05-01,2024-07-30,0,312533.0
CAND-00903,2024-05-01,2024-08-29,0,274733.0
CAND-00904,2024-05-20,2024-06-19,0,252189.0
CAND-00904,2024-05-20,2024-07-19,0,232675.0
CAND-00904,2024-05-20,2024-08-18,0,209908.0
CAND-00904,2024-05-20,2024-09-17,0,192832.0
CAND-00904,2024-05-20,2024-10-17,0,170065.0
CAND-00904,2024-05-20,2024-11-16,0,151851.0
CAND-00905,2024-01-24,2024-02-23,30,1132421.0
CAND-00905,2024-01-24,2024-03-24,60,1100137.0
CAND-00905,2024-01-24,2024-04-23,90,1076419.0
CAND-00905,2024-01-24,2024-05-23,60,1056380.0
CAND-00905,2024-01-24,2024-06-22,90,1028708.0
CAND-00905,2024-01-24,2024-07-22,60,1009010.0
CAND-00906,2024-03-02,2024-04-01,0,259390.0
CAND-00906,2024-03-02,2024-05-01,30,254245.0
CAND-00906,2024-03-02,2024-05-31,60,246799.0
CAND-00906,2024-03-02,2024-06-30,90,238476.0
CAND-00906,2024-03-02,2024-07-30,105,233680.0
CAND-00907,2024-04-26,2024-05-26,0,543186.0
CAND-00907,2024-04-26,2024-06-25,0,494438.0
CAND-00907,2024-04-26,2024-07-25,0,449440.0
CAND-00907,2024-04-26,2024-08-24,0,415031.0
CAND-00907,2024-04-26,2024-09-23,0,366283.0
CAND-00907,2024-04-26,2024-10-23,0,329723.0
CAND-00908,2024-06-06,2024-07-06,0,614465.0
CAND-00908,2024-06-06,2024-08-05,0,558139.0
CAND-00908,2024-06-06,2024-09-04,0,501813.0
CAND-00908,2024-06-06,2024-10-04,0,440367.0
CAND-00908,2024-06-06,2024-11-03,0,372776.0
CAND-00909,2024-03-31,2024-04-30,0,433103.0
CAND-00909,2024-03-31,2024-05-30,0,397011.0
CAND-00909,2024-03-31,2024-06-29,0,370945.0
CAND-00909,2024-03-31,2024-07-29,0,328291.0
CAND-00910,2024-08-29,2024-09-28,0,665381.0
CAND-00910,2024-08-29,2024-10-28,0,613101.0
CAND-00910,2024-08-29,2024-11-27,30,598750.0
CAND-00910,2024-08-29,2024-12-27,0,555696.0
CAND-00910,2024-08-29,2025-01-26,0,499394.0
CAND-00911,2024-02-28,2024-03-29,0,1159055.0
CAND-00911,2024-02-28,2024-04-28,0,1071396.0
CAND-00911,2024-02-28,2024-05-28,0,999205.0
CAND-00911,2024-02-28,2024-06-27,0,876482.0
CAND-00911,2024-02-28,2024-07-27,0,799780.0
CAND-00912,2024-07-12,2024-08-11,0,425953.0
CAND-00912,2024-07-12,2024-09-10,0,392992.0
CAND-00912,2024-07-12,2024-10-10,0,364152.0
CAND-00912,2024-07-12,2024-11-09,0,325698.0
CAND-00913,2024-02-29,2024-03-30,0,560385.0
CAND-00913,2024-02-29,2024-04-29,0,509017.0
CAND-00913,2024-02-29,2024-05-29,30,495616.0
CAND-00913,2024-02-29,2024-06-28,0,451586.0
CAND-00913,2024-02-29,2024-07-28,0,404169.0
CAND-00913,2024-02-29,2024-08-27,0,360138.0
CAND-00914,2024-09-16,2024-10-16,0,1169515.0
CAND-00914,2024-09-16,2024-11-15,0,1072056.0
CAND-00914,2024-09-16,2024-12-15,0,956876.0
CAND-00915,2024-04-28,2024-05-28,0,425747.0
CAND-00915,2024-04-28,2024-06-27,0,399944.0
CAND-00915,2024-04-28,2024-07-27,0,353499.0
CAND-00915,2024-04-28,2024-08-26,0,314795.0
CAND-00915,2024-04-28,2024-09-25,0,268349.0
CAND-00916,2024-04-08,2024-05-08,0,527716.0
CAND-00916,2024-04-08,2024-06-07,0,469668.0
CAND-00916,2024-04-08,2024-07-07,0,421294.0
CAND-00916,2024-04-08,2024-08-06,30,405605.0
CAND-00917,2024-09-08,2024-10-08,0,1406999.0
CAND-00917,2024-09-08,2024-11-07,0,1300217.0
CAND-00917,2024-09-08,2024-12-07,0,1193436.0
CAND-00917,2024-09-08,2025-01-06,0,1078441.0
CAND-00918,2024-01-26,2024-02-25,0,134750.0
CAND-00918,2024-01-26,2024-03-26,0,124483.0
CAND-00918,2024-01-26,2024-04-25,0,114901.0
CAND-00918,2024-01-26,2024-05-25,0,102923.0
CAND-00918,2024-01-26,2024-06-24,0,88550.0
CAND-00919,2024-09-04,2024-10-04,0,672287.0
CAND-00919,2024-09-04,2024-11-03,0,607095.0
CAND-00919,2024-09-04,2024-12-03,0,562276.0
CAND-00919,2024-09-04,2025-01-02,0,511054.0
CAND-00920,2024-10-24,2024-11-23,0,302626.0
CAND-00920,2024-10-24,2024-12-23,0,275467.0
CAND-00920,2024-10-24,2025-01-22,0,255098.0
CAND-00920,2024-10-24,2025-02-21,0,230029.0
CAND-00920,2024-10-24,2025-03-23,0,210858.0
CAND-00921,2024-03-15,2024-04-14,0,602508.0
CAND-00921,2024-03-15,2024-05-14,0,563522.0
CAND-00921,2024-03-15,2024-06-13,0,524537.0
CAND-00922,2024-04-12,2024-05-12,0,772932.0
CAND-00922,2024-04-12,2024-06-11,0,695639.0
CAND-00922,2024-04-12,2024-07-11,0,630237.0
CAND-00923,2024-04-12,2024-05-12,0,699929.0
CAND-00923,2024-04-12,2024-06-11,0,654182.0
CAND-00923,2024-04-12,2024-07-11,0,602336.0
CAND-00923,2024-04-12,2024-08-10,0,537527.0
CAND-00923,2024-04-12,2024-09-09,0,466827.0
CAND-00924,2024-01-27,2024-02-26,0,292037.0
CAND-00924,2024-01-27,2024-03-27,0,263592.0
CAND-00924,2024-01-27,2024-04-26,0,245186.0
CAND-00924,2024-01-27,2024-05-26,0,227803.0
CAND-00924,2024-01-27,2024-06-25,0,203734.0
CAND-00925,2024-03-31,2024-04-30,30,1233460.0
CAND-00925,2024-03-31,2024-05-30,0,1149173.0
CAND-00925,2024-03-31,2024-06-29,30,1122273.0
CAND-00926,2024-04-19,2024-05-19,0,405746.0
CAND-00926,2024-04-19,2024-06-18,0,380700.0
CAND-00926,2024-04-19,2024-07-18,0,352523.0
CAND-00927,2024-03-02,2024-04-01,0,720738.0
CAND-00927,2024-03-02,2024-05-01,0,655217.0
CAND-00927,2024-03-02,2024-05-31,30,640921.0
CAND-00927,2024-03-02,2024-06-30,60,623828.0
CAND-00927,2024-03-02,2024-07-30,90,607099.0
CAND-00928,2024-08-09,2024-09-08,0,524252.0
CAND-00928,2024-08-09,2024-10-08,0,472927.0
CAND-00928,2024-08-09,2024-11-07,0,441561.0
CAND-00928,2024-08-09,2024-12-07,0,398132.0
CAND-00929,2024-09-17,2024-10-17,0,841845.0
CAND-00929,2024-09-17,2024-11-16,30,821579.0
CAND-00929,2024-09-17,2024-12-16,0,767932.0
CAND-00929,2024-09-17,2025-01-15,0,685023.0
CAND-00930,2024-02-28,2024-03-29,0,357529.0
CAND-00930,2024-02-28,2024-04-28,30,349336.0
CAND-00930,2024-02-28,2024-05-28,60,338411.0
CAND-00931,2024-07-02,2024-08-01,30,541924.0
CAND-00931,2024-07-02,2024-08-31,60,530539.0
CAND-00931,2024-07-02,2024-09-30,90,518670.0
CAND-00932,2024-03-12,2024-04-11,0,351885.0
CAND-00932,2024-03-12,2024-05-11,0,317435.0
CAND-00932,2024-03-12,2024-06-10,0,279539.0
CAND-00932,2024-03-12,2024-07-10,0,257248.0
CAND-00933,2024-07-27,2024-08-26,0,535051.0
CAND-00933,2024-07-27,2024-09-25,0,501157.0
CAND-00933,2024-07-27,2024-10-25,0,465144.0
CAND-00933,2024-07-27,2024-11-24,0,431249.0
CAND-00934,2024-05-14,2024-06-13,0,390699.0
CAND-00934,2024-05-14,2024-07-13,0,358141.0
CAND-00934,2024-05-14,2024-08-12,0,322869.0
CAND-00934,2024-05-14,2024-09-11,0,292636.0
CAND-00934,2024-05-14,2024-10-11,0,264419.0
CAND-00935,2024-09-16,2024-10-16,0,917720.0
CAND-00935,2024-09-16,2024-11-15,0,859880.0
CAND-00935,2024-09-16,2024-12-15,0,784244.0
CAND-00935,2024-09-16,2025-01-14,0,714010.0
CAND-00935,2024-09-16,2025-02-13,0,624622.0
CAND-00936,2024-06-16,2024-07-16,0,276546.0
CAND-00936,2024-06-16,2024-08-15,0,251406.0
CAND-00936,2024-06-16,2024-09-14,0,223980.0
CAND-00936,2024-06-16,2024-10-14,0,205124.0
CAND-00937,2024-09-25,2024-10-25,0,257676.0
CAND-00937,2024-09-25,2024-11-24,0,230068.0
CAND-00937,2024-09-25,2024-12-24,0,207061.0
CAND-00937,2024-09-25,2025-01-23,0,185824.0
CAND-00937,2024-09-25,2025-02-22,0,170486.0
CAND-00937,2024-09-25,2025-03-24,0,152081.0
CAND-00938,2024-02-13,2024-03-14,0,707907.0
CAND-00938,2024-02-13,2024-04-13,0,639262.0
CAND-00938,2024-02-13,2024-05-13,0,570616.0
CAND-00938,2024-02-13,2024-06-12,0,516680.0
CAND-00938,2024-02-13,2024-07-12,30,502951.0
CAND-00938,2024-02-13,2024-08-11,0,440026.0
CAND-00939,2024-05-08,2024-06-07,0,552988.0
CAND-00939,2024-05-08,2024-07-07,0,518426.0
CAND-00939,2024-05-08,2024-08-06,0,469464.0
CAND-00939,2024-05-08,2024-09-05,0,416050.0
CAND-00940,2024-02-29,2024-03-30,0,432067.0
CAND-00940,2024-02-29,2024-04-29,0,398119.0
CAND-00940,2024-02-29,2024-05-29,0,371715.0
CAND-00940,2024-02-29,2024-06-28,0,328508.0
CAND-00940,2024-02-29,2024-07-28,0,285302.0
CAND-00940,2024-02-29,2024-08-27,0,242095.0
CAND-00941,2024-01-08,2024-02-07,0,584003.0
CAND-00941,2024-01-08,2024-03-08,0,542779.0
CAND-00941,2024-01-08,2024-04-07,0,506405.0
CAND-00941,2024-01-08,2024-05-07,0,444570.0
CAND-00941,2024-01-08,2024-06-06,30,423958.0
CAND-00941,2024-01-08,2024-07-06,0,376392.0
CAND-00942,2024-02-02,2024-03-03,0,796224.0
CAND-00942,2024-02-02,2024-04-02,0,733663.0
CAND-00942,2024-02-02,2024-05-02,0,685005.0
CAND-00942,2024-02-02,2024-06-01,0,617632.0
CAND-00942,2024-02-02,2024-07-01,0,544645.0
CAND-00943,2024-06-29,2024-07-29,30,218222.0
CAND-00943,2024-06-29,2024-08-28,0,195739.0
CAND-00943,2024-06-29,2024-09-27,0,175299.0
CAND-00945,2024-10-14,2024-11-13,0,859082.0
CAND-00945,2024-10-14,2024-12-13,0,794109.0
CAND-00945,2024-10-14,2025-01-12,0,724139.0
CAND-00946,2024-09-25,2024-10-25,0,593605.0
CAND-00946,2024-09-25,2024-11-24,30,581281.0
CAND-00946,2024-09-25,2024-12-24,60,568957.0
CAND-00946,2024-09-25,2025-01-23,90,552841.0
CAND-00947,2024-02-21,2024-03-22,0,369988.0
CAND-00947,2024-02-21,2024-04-21,0,341528.0
CAND-00947,2024-02-21,2024-05-21,30,331566.0
CAND-00947,2024-02-21,2024-06-20,0,305003.0
CAND-00947,2024-02-21,2024-07-20,0,278440.0
CAND-00947,2024-02-21,2024-08-19,0,242217.0
CAND-00948,2024-03-03,2024-04-02,0,688823.0
CAND-00948,2024-03-03,2024-05-02,0,639622.0
CAND-00948,2024-03-03,2024-06-01,0,590420.0
CAND-00949,2024-07-18,2024-08-17,0,405914.0
CAND-00949,2024-07-18,2024-09-16,30,392246.0
CAND-00949,2024-07-18,2024-10-16,0,351245.0
CAND-00949,2024-07-18,2024-11-15,0,323057.0
CAND-00950,2024-08-03,2024-09-02,0,271654.0
CAND-00950,2024-08-03,2024-10-02,0,249016.0
CAND-00950,2024-08-03,2024-11-01,0,227995.0
CAND-00951,2024-02-22,2024-03-23,0,629684.0
CAND-00951,2024-02-22,2024-04-22,30,615449.0
CAND-00951,2024-02-22,2024-05-22,60,602330.0
CAND-00951,2024-02-22,2024-06-21,90,582653.0
CAND-00951,2024-02-22,2024-07-21,60,567785.0
CAND-00951,2024-02-22,2024-08-20,90,547511.0
CAND-00952,2024-10-04,2024-11-03,0,391805.0
CAND-00952,2024-10-04,2024-12-03,0,349826.0
CAND-00952,2024-10-04,2025-01-02,30,338165.0
CAND-00952,2024-10-04,2025-02-01,0,313471.0
CAND-00952,2024-10-04,2025-03-03,0,278489.0
CAND-00952,2024-10-04,2025-04-02,0,253795.0
CAND-00953,2024-09-13,2024-10-13,0,962359.0
CAND-00953,2024-09-13,2024-11-12,0,855430.0
CAND-00953,2024-09-13,2024-12-12,0,773177.0
CAND-00953,2024-09-13,2025-01-11,0,675969.0
CAND-00953,2024-09-13,2025-02-10,0,616565.0
CAND-00953,2024-09-13,2025-03-12,0,540187.0
CAND-00954,2024-02-26,2024-03-27,0,413028.0
CAND-00954,2024-02-26,2024-04-26,0,384346.0
CAND-00954,2024-02-26,2024-05-26,0,346102.0
CAND-00954,2024-02-26,2024-06-25,0,300210.0
CAND-00954,2024-02-26,2024-07-25,0,254318.0
CAND-00955,2024-01-30,2024-02-29,0,481212.0
CAND-00955,2024-01-30,2024-03-30,0,430083.0
CAND-00955,2024-01-30,2024-04-29,0,390754.0
CAND-00956,2024-02-27,2024-03-28,0,330191.0
CAND-00956,2024-02-27,2024-04-27,0,309149.0
CAND-00956,2024-02-27,2024-05-27,0,283599.0
CAND-00956,2024-02-27,2024-06-26,0,263726.0
CAND-00956,2024-02-27,2024-07-26,0,241370.0
CAND-00957,2024-07-02,2024-08-01,0,759744.0
CAND-00957,2024-07-02,2024-08-31,0,705929.0
CAND-00957,2024-07-02,2024-09-30,0,655477.0
CAND-00957,2024-07-02,2024-10-30,0,601662.0
CAND-00957,2024-07-02,2024-11-29,0,534393.0
CAND-00958,2024-09-01,2024-10-01,0,192540.0
CAND-00958,2024-09-01,2024-10-31,0,176858.0
CAND-00958,2024-09-01,2024-11-30,0,165532.0
CAND-00958,2024-09-01,2024-12-30,0,153540.0
CAND-00958,2024-09-01,2025-01-29,0,137858.0
CAND-00958,2024-09-01,2025-02-28,0,126532.0
CAND-00959,2024-06-03,2024-07-03,0,303179.0
CAND-00959,2024-06-03,2024-08-02,0,281704.0
CAND-00959,2024-06-03,2024-09-01,0,254860.0
CAND-00959,2024-06-03,2024-10-01,0,222647.0
CAND-00960,2024-08-16,2024-09-15,0,461440.0
CAND-00960,2024-08-16,2024-10-15,0,432600.0
CAND-00960,2024-08-16,2024-11-14,0,401958.0
CAND-00960,2024-08-16,2024-12-14,0,357387.0
CAND-00961,2024-09-08,2024-10-08,0,201238.0
CAND-00961,2024-09-08,2024-11-07,0,181868.0
CAND-00961,2024-09-08,2024-12-07,0,167663.0
CAND-00962,2024-06-12,2024-07-12,0,744255.0
CAND-00962,2024-06-12,2024-08-11,0,686261.0
CAND-00962,2024-06-12,2024-09-10,0,605070.0
CAND-00963,2024-07-23,2024-08-22,0,470556.0
CAND-00963,2024-07-23,2024-09-21,0,426986.0
CAND-00963,2024-07-23,2024-10-21,0,374702.0
CAND-00963,2024-07-23,2024-11-20,0,343947.0
CAND-00964,2024-08-16,2024-09-15,0,291539.0
CAND-00964,2024-08-16,2024-10-15,0,273543.0
CAND-00964,2024-08-16,2024-11-14,0,241149.0
CAND-00964,2024-08-16,2024-12-14,0,220904.0
CAND-00964,2024-08-16,2025-01-13,0,197766.0
CAND-00965,2024-05-20,2024-06-19,0,435338.0
CAND-00965,2024-05-20,2024-07-19,0,406429.0
CAND-00965,2024-05-20,2024-08-18,0,360174.0
CAND-00965,2024-05-20,2024-09-17,30,349896.0
CAND-00966,2024-09-24,2024-10-24,0,386201.0
CAND-00966,2024-09-24,2024-11-23,0,361969.0
CAND-00966,2024-09-24,2024-12-23,0,332544.0
CAND-00967,2024-09-16,2024-10-16,0,490613.0
CAND-00967,2024-09-16,2024-11-15,0,461260.0
CAND-00967,2024-09-16,2024-12-15,0,426036.0
CAND-00967,2024-09-16,2025-01-14,0,378004.0
CAND-00967,2024-09-16,2025-02-13,0,337362.0
CAND-00968,2024-07-28,2024-08-27,0,661086.0
CAND-00968,2024-07-28,2024-09-26,0,595979.0
CAND-00968,2024-07-28,2024-10-26,0,551218.0
CAND-00968,2024-07-28,2024-11-25,0,503473.0
CAND-00968,2024-07-28,2024-12-25,0,452317.0
CAND-00968,2024-07-28,2025-01-24,30,438274.0
CAND-00969,2024-03-20,2024-04-19,30,1329696.0
CAND-00969,2024-03-20,2024-05-19,0,1215893.0
CAND-00969,2024-03-20,2024-06-18,0,1124851.0
CAND-00969,2024-03-20,2024-07-18,0,1048983.0
CAND-00970,2024-06-03,2024-07-03,30,585312.0
CAND-00970,2024-06-03,2024-08-02,0,545143.0
CAND-00970,2024-06-03,2024-09-01,0,504975.0
CAND-00970,2024-06-03,2024-10-01,30,493607.0
CAND-00970,2024-06-03,2024-10-31,60,474170.0
CAND-00971,2024-08-29,2024-09-28,30,157707.0
CAND-00971,2024-08-29,2024-10-28,0,144236.0
CAND-00971,2024-08-29,2024-11-27,30,139618.0
CAND-00971,2024-08-29,2024-12-27,60,136509.0
CAND-00972,2024-04-23,2024-05-23,0,753921.0
CAND-00972,2024-04-23,2024-06-22,0,692515.0
CAND-00972,2024-04-23,2024-07-22,0,635496.0
CAND-00973,2024-10-26,2024-11-25,0,1924972.0
CAND-00973,2024-10-26,2024-12-25,0,1779386.0
CAND-00973,2024-10-26,2025-01-24,0,1622601.0
CAND-00973,2024-10-26,2025-02-23,0,1502707.0
CAND-00973,2024-10-26,2025-03-25,0,1382812.0
CAND-00973,2024-10-26,2025-04-24,0,1237226.0
CAND-00974,2024-05-03,2024-06-02,0,1841482.0
CAND-00974,2024-05-03,2024-07-02,0,1715926.0
CAND-00974,2024-05-03,2024-08-01,0,1572434.0
CAND-00974,2024-05-03,2024-08-31,0,1405027.0
CAND-00974,2024-05-03,2024-09-30,0,1204138.0
CAND-00975,2024-02-09,2024-03-10,0,743904.0
CAND-00975,2024-02-09,2024-04-09,0,665138.0
CAND-00975,2024-02-09,2024-05-09,0,621379.0
CAND-00976,2024-03-26,2024-04-25,0,623348.0
CAND-00976,2024-03-26,2024-05-25,0,583347.0
CAND-00976,2024-03-26,2024-06-24,0,534774.0
CAND-00976,2024-03-26,2024-07-24,0,478106.0
CAND-00976,2024-03-26,2024-08-23,0,438106.0
CAND-00977,2024-04-26,2024-05-26,0,715257.0
CAND-00977,2024-04-26,2024-06-25,0,667760.0
CAND-00977,2024-04-26,2024-07-25,30,651590.0
CAND-00978,2024-05-10,2024-06-09,0,978561.0
CAND-00978,2024-05-10,2024-07-09,0,869832.0
CAND-00978,2024-05-10,2024-08-08,0,761103.0
CAND-00978,2024-05-10,2024-09-07,30,727125.0
CAND-00978,2024-05-10,2024-10-07,0,663167.0
CAND-00979,2024-07-04,2024-08-03,0,221209.0
CAND-00979,2024-07-04,2024-09-02,0,204193.0
CAND-00979,2024-07-04,2024-10-02,0,189304.0
CAND-00979,2024-07-04,2024-11-01,0,175291.0
CAND-00980,2024-02-12,2024-03-13,0,1029715.0
CAND-00980,2024-02-12,2024-04-12,0,968108.0
CAND-00980,2024-02-12,2024-05-12,0,902877.0
CAND-00980,2024-02-12,2024-06-11,0,837647.0
CAND-00980,2024-02-12,2024-07-11,0,758438.0
CAND-00980,2024-02-12,2024-08-10,0,657626.0
CAND-00981,2024-08-06,2024-09-05,0,851118.0
CAND-00981,2024-08-06,2024-10-05,0,781283.0
CAND-00981,2024-08-06,2024-11-04,0,705628.0
CAND-00981,2024-08-06,2024-12-04,0,629973.0
CAND-00981,2024-08-06,2025-01-03,0,579536.0
CAND-00981,2024-08-06,2025-02-02,0,519012.0
CAND-00982,2024-10-09,2024-11-08,0,162098.0
CAND-00982,2024-10-09,2024-12-08,0,150571.0
CAND-00982,2024-10-09,2025-01-07,0,136163.0
CAND-00982,2024-10-09,2025-02-06,0,118872.0
CAND-00982,2024-10-09,2025-03-08,0,103154.0
CAND-00983,2024-07-02,2024-08-01,0,822845.0
CAND-00983,2024-07-02,2024-08-31,0,771215.0
CAND-00983,2024-07-02,2024-09-30,0,698073.0
CAND-00983,2024-07-02,2024-10-30,0,618282.0
CAND-00984,2024-02-20,2024-03-21,0,600204.0
CAND-00984,2024-02-20,2024-04-20,0,535897.0
CAND-00984,2024-02-20,2024-05-20,0,500170.0
CAND-00984,2024-02-20,2024-06-19,0,450703.0
CAND-00984,2024-02-20,2024-07-19,0,386395.0
CAND-00984,2024-02-20,2024-08-18,0,336928.0
CAND-00985,2024-10-04,2024-11-03,0,257275.0
CAND-00985,2024-10-04,2024-12-03,0,240124.0
CAND-00985,2024-10-04,2025-01-02,0,220522.0
CAND-00985,2024-10-04,2025-02-01,0,203370.0
CAND-00985,2024-10-04,2025-03-03,0,186218.0
CAND-00985,2024-10-04,2025-04-02,0,161270.0
CAND-00986,2024-08-26,2024-09-25,0,897213.0
CAND-00986,2024-08-26,2024-10-25,0,816215.0
CAND-00986,2024-08-26,2024-11-24,0,719017.0
CAND-00986,2024-08-26,2024-12-24,0,638018.0
CAND-00987,2024-08-19,2024-09-18,0,591085.0
CAND-00987,2024-08-19,2024-10-18,0,537350.0
CAND-00987,2024-08-19,2024-11-17,0,478730.0
CAND-00987,2024-08-19,2024-12-17,0,424995.0
CAND-00987,2024-08-19,2025-01-16,0,378936.0
CAND-00988,2024-03-26,2024-04-25,0,202502.0
CAND-00988,2024-03-26,2024-05-25,0,189674.0
CAND-00988,2024-03-26,2024-06-24,0,167866.0
CAND-00988,2024-03-26,2024-07-24,0,146058.0
CAND-00989,2024-08-25,2024-09-24,0,317137.0
CAND-00989,2024-08-25,2024-10-24,30,308527.0
CAND-00989,2024-08-25,2024-11-23,0,284542.0
CAND-00990,2024-08-01,2024-08-31,0,818789.0
CAND-00990,2024-08-01,2024-09-30,0,730612.0
CAND-00990,2024-08-01,2024-10-30,0,657131.0
CAND-00990,2024-08-01,2024-11-29,30,641661.0
CAND-00990,2024-08-01,2024-12-29,0,592674.0
CAND-00991,2024-05-11,2024-06-10,0,1028279.0
CAND-00991,2024-05-11,2024-07-10,0,927608.0
CAND-00991,2024-05-11,2024-08-09,0,848510.0
CAND-00991,2024-05-11,2024-09-08,0,756228.0
CAND-00991,2024-05-11,2024-10-08,0,645491.0
CAND-00991,2024-05-11,2024-11-07,0,571665.0
CAND-00992,2024-07-25,2024-08-24,0,492596.0
CAND-00992,2024-07-25,2024-09-23,0,450915.0
CAND-00992,2024-07-25,2024-10-23,0,396730.0
CAND-00992,2024-07-25,2024-11-22,0,342544.0
CAND-00993,2024-01-11,2024-02-10,30,688630.0
CAND-00993,2024-01-11,2024-03-11,0,644156.0
CAND-00993,2024-01-11,2024-04-10,30,628686.0
CAND-00994,2024-06-27,2024-07-27,0,541777.0
CAND-00994,2024-06-27,2024-08-26,30,531398.0
CAND-00994,2024-06-27,2024-09-25,60,520837.0
CAND-00994,2024-06-27,2024-10-25,90,509260.0
CAND-00994,2024-06-27,2024-11-24,119,491019.0
CAND-00994,2024-06-27,2024-12-24,119,477338.0
CAND-00995,2024-08-23,2024-09-22,0,773390.0
CAND-00995,2024-08-23,2024-10-22,0,709323.0
CAND-00995,2024-08-23,2024-11-21,0,657267.0
CAND-00996,2024-07-31,2024-08-30,0,377686.0
CAND-00996,2024-07-31,2024-09-29,0,337220.0
CAND-00996,2024-07-31,2024-10-29,0,303498.0
CAND-00996,2024-07-31,2024-11-28,0,272370.0
CAND-00996,2024-07-31,2024-12-28,0,238648.0
CAND-00997,2024-04-06,2024-05-06,30,1141271.0
CAND-00997,2024-04-06,2024-06-05,60,1113926.0
CAND-00997,2024-04-06,2024-07-05,90,1089429.0
CAND-00998,2024-02-16,2024-03-17,0,820732.0
CAND-00998,2024-02-16,2024-04-16,0,759937.0
CAND-00998,2024-02-16,2024-05-16,0,668744.0
CAND-00998,2024-02-16,2024-06-15,0,611749.0
CAND-00998,2024-02-16,2024-07-15,0,546612.0
CAND-00998,2024-02-16,2024-08-14,0,485817.0
CAND-00999,2024-01-25,2024-02-24,0,2146916.0
CAND-00999,2024-01-25,2024-03-25,0,1982611.0
CAND-00999,2024-01-25,2024-04-24,0,1854818.0
CAND-00999,2024-01-25,2024-05-24,0,1711052.0
CAND-00999,2024-01-25,2024-06-23,0,1481025.0
CAND-00999,2024-01-25,2024-07-23,30,1433103.0
CAND-01001,2024-03-24,2024-04-23,0,207700.0
CAND-01001,2024-03-24,2024-05-23,0,191381.0
CAND-01001,2024-03-24,2024-06-22,0,177101.0
CAND-01001,2024-03-24,2024-07-22,0,164409.0
CAND-01001,2024-03-24,2024-08-21,0,149177.0
CAND-01001,2024-03-24,2024-09-20,0,126330.0
CAND-01002,2024-03-20,2024-04-19,0,451602.0
CAND-01002,2024-03-20,2024-05-19,0,418986.0
CAND-01002,2024-03-20,2024-06-18,0,384041.0
CAND-01002,2024-03-20,2024-07-18,0,335117.0
CAND-01002,2024-03-20,2024-08-17,0,294347.0
CAND-01003,2024-09-24,2024-10-24,0,895636.0
CAND-01003,2024-09-24,2024-11-23,0,822148.0
CAND-01003,2024-09-24,2024-12-23,0,735298.0
CAND-01004,2024-05-25,2024-06-24,0,465723.0
CAND-01004,2024-05-25,2024-07-24,0,415568.0
CAND-01004,2024-05-25,2024-08-23,30,405119.0
CAND-01004,2024-05-25,2024-09-22,0,377256.0
CAND-01004,2024-05-25,2024-10-22,0,349392.0
CAND-01004,2024-05-25,2024-11-21,30,336853.0
CAND-01005,2024-07-12,2024-08-11,0,410158.0
CAND-01005,2024-07-12,2024-09-10,0,368728.0
CAND-01005,2024-07-12,2024-10-10,0,340245.0
CAND-01005,2024-07-12,2024-11-09,0,294672.0
CAND-01006,2024-07-21,2024-08-20,0,736225.0
CAND-01006,2024-07-21,2024-09-19,0,665358.0
CAND-01006,2024-07-21,2024-10-19,0,600397.0
CAND-01006,2024-07-21,2024-11-18,0,551676.0
CAND-01006,2024-07-21,2024-12-18,0,480810.0
CAND-01006,2024-07-21,2025-01-17,0,434955.0
CAND-01007,2024-07-16,2024-08-15,30,379402.0
CAND-01007,2024-07-16,2024-09-14,0,357954.0
CAND-01007,2024-07-16,2024-10-14,0,319348.0
CAND-01007,2024-07-16,2024-11-13,0,289652.0
CAND-01007,2024-07-16,2024-12-13,0,257480.0
CAND-01008,2024-01-28,2024-02-27,0,683893.0
CAND-01008,2024-01-28,2024-03-28,0,618064.0
CAND-01008,2024-01-28,2024-04-27,0,557720.0
CAND-01009,2024-03-02,2024-04-01,0,156987.0
CAND-01009,2024-03-02,2024-05-01,0,146726.0
CAND-01009,2024-03-02,2024-05-31,0,135825.0
CAND-01009,2024-03-02,2024-06-30,0,124196.0
CAND-01010,2024-10-14,2024-11-13,0,389115.0
CAND-01010,2024-10-14,2024-12-13,0,364145.0
CAND-01010,2024-10-14,2025-01-12,0,328771.0
CAND-01010,2024-10-14,2025-02-11,0,290181.0
CAND-01010,2024-10-14,2025-03-13,0,251591.0
CAND-01010,2024-10-14,2025-04-12,0,223292.0
CAND-01011,2024-06-12,2024-07-12,0,520661.0
CAND-01011,2024-06-12,2024-08-11,0,469025.0
CAND-01011,2024-06-12,2024-09-10,0,425334.0
CAND-01012,2024-03-02,2024-04-01,0,267614.0
CAND-01012,2024-03-02,2024-05-01,0,242835.0
CAND-01012,2024-03-02,2024-05-31,0,213100.0
CAND-01013,2024-03-10,2024-04-09,0,371740.0
CAND-01013,2024-03-10,2024-05-09,0,338826.0
CAND-01013,2024-03-10,2024-06-08,0,312494.0
CAND-01013,2024-03-10,2024-07-08,0,289260.0
CAND-01013,2024-03-10,2024-08-07,0,258878.0
CAND-01013,2024-03-10,2024-09-06,30,251282.0
CAND-01014,2024-06-30,2024-07-30,30,1210780.0
CAND-01014,2024-06-30,2024-08-29,60,1182946.0
CAND-01014,2024-06-30,2024-09-28,90,1160579.0
CAND-01014,2024-06-30,2024-10-28,100,1138605.0
CAND-01015,2024-09-25,2024-10-25,0,1645592.0
CAND-01015,2024-09-25,2024-11-24,0,1511097.0
CAND-01015,2024-09-25,2024-12-24,0,1336253.0
CAND-01015,2024-09-25,2025-01-23,0,1201757.0
CAND-01015,2024-09-25,2025-02-22,0,1042808.0
CAND-01016,2024-07-07,2024-08-06,0,1516560.0
CAND-01016,2024-07-07,2024-09-05,0,1427350.0
CAND-01016,2024-07-07,2024-10-05,0,1332893.0
CAND-01016,2024-07-07,2024-11-04,0,1238436.0
CAND-01017,2024-05-12,2024-06-11,0,435067.0
CAND-01017,2024-05-12,2024-07-11,30,426498.0
CAND-01017,2024-05-12,2024-08-10,60,414095.0
CAND-01017,2024-05-12,2024-09-09,90,403621.0
CAND-01017,2024-05-12,2024-10-09,101,394893.0
CAND-01017,2024-05-12,2024-11-08,101,385466.0
CAND-01018,2024-02-27,2024-03-28,30,1800125.0
CAND-01018,2024-02-27,2024-04-27,60,1765467.0
CAND-01018,2024-02-27,2024-05-27,90,1718368.0
CAND-01018,2024-02-27,2024-06-26,104,1674633.0
CAND-01018,2024-02-27,2024-07-26,104,1617231.0
CAND-01019,2024-05-23,2024-06-22,0,548747.0
CAND-01019,2024-05-23,2024-07-22,0,508838.0
CAND-01019,2024-05-23,2024-08-21,0,458952.0
CAND-01020,2024-07-26,2024-08-25,0,747092.0
CAND-01020,2024-07-26,2024-09-24,0,685519.0
CAND-01020,2024-07-26,2024-10-24,0,628343.0
CAND-01021,2024-08-23,2024-09-22,0,331676.0
CAND-01021,2024-08-23,2024-10-22,0,299514.0
CAND-01021,2024-08-23,2024-11-21,0,274243.0
CAND-01021,2024-08-23,2024-12-21,30,264416.0
CAND-01021,2024-08-23,2025-01-20,0,239145.0
CAND-01022,2024-05-15,2024-06-14,0,799076.0
CAND-01022,2024-05-15,2024-07-14,0,714468.0
CAND-01022,2024-05-15,2024-08-13,0,637552.0
CAND-01022,2024-05-15,2024-09-12,0,567045.0
CAND-01022,2024-05-15,2024-10-12,0,490129.0
CAND-01022,2024-05-15,2024-11-11,0,440359.0
CAND-01024,2024-09-17,2024-10-17,0,318063.0
CAND-01024,2024-09-17,2024-11-16,0,289791.0
CAND-01024,2024-09-17,2024-12-16,0,265557.0
CAND-01024,2024-09-17,2025-01-15,0,239460.0
CAND-01024,2024-09-17,2025-02-14,0,220612.0
CAND-01024,2024-09-17,2025-03-16,0,199407.0
CAND-01025,2024-10-17,2024-11-16,0,407741.0
CAND-01025,2024-10-17,2024-12-16,0,383470.0
CAND-01025,2024-10-17,2025-01-15,0,357772.0
CAND-01025,2024-10-17,2025-02-14,0,333502.0
CAND-01027,2024-04-22,2024-05-22,0,230111.0
CAND-01027,2024-04-22,2024-06-21,0,210640.0
CAND-01027,2024-04-22,2024-07-21,0,194820.0
CAND-01028,2024-02-23,2024-03-24,0,2021630.0
CAND-01028,2024-02-23,2024-04-23,0,1895278.0
CAND-01028,2024-02-23,2024-05-23,0,1768926.0
CAND-01028,2024-02-23,2024-06-22,30,1707555.0
CAND-01029,2024-09-20,2024-10-20,0,309434.0
CAND-01029,2024-09-20,2024-11-19,0,284144.0
CAND-01029,2024-09-20,2024-12-19,0,263596.0
CAND-01029,2024-09-20,2025-01-18,0,243047.0
CAND-01030,2024-10-10,2024-11-09,0,789257.0
CAND-01030,2024-10-10,2024-12-09,0,705069.0
CAND-01030,2024-10-10,2025-01-08,30,683483.0
CAND-01031,2024-07-11,2024-08-10,0,313803.0
CAND-01031,2024-07-11,2024-09-09,0,285785.0
CAND-01031,2024-07-11,2024-10-09,0,261770.0
CAND-01031,2024-07-11,2024-11-08,0,243091.0
CAND-01031,2024-07-11,2024-12-08,0,224412.0
CAND-01032,2024-08-25,2024-09-24,0,254543.0
CAND-01032,2024-08-25,2024-10-24,0,229474.0
CAND-01032,2024-08-25,2024-11-23,0,213254.0
CAND-01032,2024-08-25,2024-12-23,0,185678.0
CAND-01032,2024-08-25,2025-01-22,0,168443.0
CAND-01033,2024-08-16,2024-09-15,0,681512.0
CAND-01033,2024-08-16,2024-10-15,0,614791.0
CAND-01033,2024-08-16,2024-11-14,0,571618.0
CAND-01033,2024-08-16,2024-12-14,0,528445.0
CAND-01034,2024-03-16,2024-04-15,0,821214.0
CAND-01034,2024-03-16,2024-05-15,0,768882.0
CAND-01034,2024-03-16,2024-06-14,0,705336.0
CAND-01034,2024-03-16,2024-07-14,0,655911.0
CAND-01034,2024-03-16,2024-08-13,0,600308.0
CAND-01034,2024-03-16,2024-09-12,0,540998.0
CAND-01035,2024-06-20,2024-07-20,0,929399.0
CAND-01035,2024-06-20,2024-08-19,0,847108.0
CAND-01035,2024-06-20,2024-09-18,0,792248.0
CAND-01036,2024-08-11,2024-09-10,0,357629.0
CAND-01036,2024-08-11,2024-10-10,0,335355.0
CAND-01036,2024-08-11,2024-11-09,0,311688.0
CAND-01036,2024-08-11,2024-12-09,0,277264.0
CAND-01036,2024-08-11,2025-01-08,0,248136.0
CAND-01037,2024-07-03,2024-08-02,30,259331.0
CAND-01037,2024-07-03,2024-09-01,60,251721.0
CAND-01037,2024-07-03,2024-10-01,90,246789.0
CAND-01037,2024-07-03,2024-10-31,114,242275.0
CAND-01037,2024-07-03,2024-11-30,114,234441.0
CAND-01037,2024-07-03,2024-12-30,114,227243.0
CAND-01038,2024-06-01,2024-07-01,0,319740.0
CAND-01038,2024-06-01,2024-07-31,30,307898.0
CAND-01038,2024-06-01,2024-08-30,0,287000.0
CAND-01039,2024-03-26,2024-04-25,0,853385.0
CAND-01039,2024-03-26,2024-05-25,0,781772.0
CAND-01039,2024-03-26,2024-06-24,0,697139.0
CAND-01039,2024-03-26,2024-07-24,0,645418.0
CAND-01039,2024-03-26,2024-08-23,30,628492.0
CAND-01039,2024-03-26,2024-09-22,0,561994.0
CAND-01040,2024-10-02,2024-11-01,0,448272.0
CAND-01040,2024-10-02,2024-12-01,0,413584.0
CAND-01040,2024-10-02,2024-12-31,0,383233.0
CAND-01040,2024-10-02,2025-01-30,0,342764.0
CAND-01041,2024-05-22,2024-06-21,0,623732.0
CAND-01041,2024-05-22,2024-07-21,0,582150.0
CAND-01041,2024-05-22,2024-08-20,0,530972.0
CAND-01041,2024-05-22,2024-09-19,0,486617.0
CAND-01041,2024-05-22,2024-10-19,0,435439.0
CAND-01042,2024-04-08,2024-05-08,0,587348.0
CAND-01042,2024-04-08,2024-06-07,0,540733.0
CAND-01042,2024-04-08,2024-07-07,0,494118.0
CAND-01042,2024-04-08,2024-08-06,0,434790.0
CAND-01043,2024-06-30,2024-07-30,0,1393938.0
CAND-01043,2024-06-30,2024-08-29,30,1359864.0
CAND-01043,2024-06-30,2024-09-28,60,1332483.0
CAND-01043,2024-06-30,2024-10-28,90,1295085.0
CAND-01043,2024-06-30,2024-11-27,110,1264418.0
CAND-01043,2024-06-30,2024-12-27,90,1214956.0
CAND-01044,2024-09-29,2024-10-29,0,276629.0
CAND-01044,2024-09-29,2024-11-28,0,256870.0
CAND-01044,2024-09-29,2024-12-28,0,234071.0
CAND-01045,2024-03-04,2024-04-03,0,431123.0
CAND-01045,2024-03-04,2024-05-03,0,388367.0
CAND-01045,2024-03-04,2024-06-02,0,357013.0
CAND-01045,2024-03-04,2024-07-02,0,329347.0
CAND-01045,2024-03-04,2024-08-01,0,299952.0
CAND-01045,2024-03-04,2024-08-31,0,273824.0
CAND-01046,2024-06-23,2024-07-23,0,316204.0
CAND-01046,2024-06-23,2024-08-22,0,287658.0
CAND-01046,2024-06-23,2024-09-21,0,267507.0
CAND-01046,2024-06-23,2024-10-21,0,246098.0
CAND-01046,2024-06-23,2024-11-20,0,217551.0
CAND-01046,2024-06-23,2024-12-20,0,191201.0
CAND-01047,2024-08-30,2024-09-29,0,918716.0
CAND-01047,2024-08-30,2024-10-29,0,829629.0
CAND-01047,2024-08-30,2024-11-28,0,754247.0
CAND-01047,2024-08-30,2024-12-28,0,699804.0
CAND-01047,2024-08-30,2025-01-27,0,638557.0
CAND-01047,2024-08-30,2025-02-26,0,556893.0
CAND-01048,2024-05-17,2024-06-16,30,1035436.0
CAND-01048,2024-05-17,2024-07-16,0,976605.0
CAND-01048,2024-05-17,2024-08-15,0,870708.0
CAND-01048,2024-05-17,2024-09-14,0,811876.0
CAND-01048,2024-05-17,2024-10-14,0,745691.0
CAND-01048,2024-05-17,2024-11-13,0,664232.0
CAND-01049,2024-03-30,2024-04-29,0,948556.0
CAND-01049,2024-03-30,2024-05-29,0,869978.0
CAND-01049,2024-03-30,2024-06-28,0,813226.0
CAND-01049,2024-03-30,2024-07-28,30,791945.0
CAND-01049,2024-03-30,2024-08-27,0,731855.0
CAND-01049,2024-03-30,2024-09-26,0,671766.0
CAND-01050,2024-08-20,2024-09-19,0,326328.0
CAND-01050,2024-08-20,2024-10-19,0,306550.0
CAND-01050,2024-08-20,2024-11-18,0,285610.0
CAND-01050,2024-08-20,2024-12-18,30,275721.0
CAND-01051,2024-05-05,2024-06-04,0,120168.0
CAND-01051,2024-05-05,2024-07-04,0,112750.0
CAND-01051,2024-05-05,2024-08-03,0,102479.0
CAND-01052,2024-09-28,2024-10-28,0,282074.0
CAND-01052,2024-09-28,2024-11-27,0,264375.0
CAND-01052,2024-09-28,2024-12-27,0,241231.0
CAND-01052,2024-09-28,2025-01-26,0,221172.0
CAND-01053,2024-06-13,2024-07-13,0,427479.0
CAND-01053,2024-06-13,2024-08-12,30,417385.0
CAND-01053,2024-06-13,2024-09-11,60,404027.0
CAND-01053,2024-06-13,2024-10-11,90,394943.0
CAND-01053,2024-06-13,2024-11-10,118,379803.0
CAND-01053,2024-06-13,2024-12-10,118,368157.0
CAND-01054,2024-04-03,2024-05-03,0,369886.0
CAND-01054,2024-04-03,2024-06-02,30,363169.0
CAND-01054,2024-04-03,2024-07-02,0,323538.0
CAND-01054,2024-04-03,2024-08-01,30,310754.0
CAND-01054,2024-04-03,2024-08-31,60,303921.0
CAND-01055,2024-02-29,2024-03-30,0,327231.0
CAND-01055,2024-02-29,2024-04-29,0,292463.0
CAND-01055,2024-02-29,2024-05-29,0,273147.0
CAND-01055,2024-02-29,2024-06-28,0,238379.0
CAND-01055,2024-02-29,2024-07-28,0,216649.0
CAND-01055,2024-02-29,2024-08-27,0,187675.0
CAND-01056,2024-05-02,2024-06-01,0,845705.0
CAND-01056,2024-05-02,2024-07-01,30,820831.0
CAND-01056,2024-05-02,2024-07-31,0,756870.0
CAND-01056,2024-05-02,2024-08-30,0,667325.0
CAND-01056,2024-05-02,2024-09-29,0,592704.0
CAND-01056,2024-05-02,2024-10-29,0,528743.0
CAND-01057,2024-06-21,2024-07-21,0,1242228.0
CAND-01057,2024-06-21,2024-08-20,0,1147952.0
CAND-01057,2024-06-21,2024-09-19,0,1065460.0
CAND-01057,2024-06-21,2024-10-19,0,992134.0
CAND-01058,2024-04-13,2024-05-13,0,855912.0
CAND-01058,2024-04-13,2024-06-12,0,799970.0
CAND-01058,2024-04-13,2024-07-12,0,744028.0
CAND-01059,2024-08-22,2024-09-21,0,307885.0
CAND-01059,2024-08-22,2024-10-21,0,282049.0
CAND-01059,2024-08-22,2024-11-20,0,258058.0
CAND-01060,2024-01-22,2024-02-21,0,731840.0
CAND-01060,2024-01-22,2024-03-22,0,685203.0
CAND-01060,2024-01-22,2024-04-21,0,632348.0
CAND-01061,2024-02-12,2024-03-13,0,527053.0
CAND-01061,2024-02-12,2024-04-12,0,489214.0
CAND-01061,2024-02-12,2024-05-12,0,451374.0
CAND-01061,2024-02-12,2024-06-11,0,410831.0
CAND-01062,2024-07-20,2024-08-19,0,156709.0
CAND-01062,2024-07-20,2024-09-18,0,146302.0
CAND-01062,2024-07-20,2024-10-18,0,131166.0
CAND-01062,2024-07-20,2024-11-17,0,117290.0
CAND-01062,2024-07-20,2024-12-17,0,106190.0
CAND-01062,2024-07-20,2025-01-16,0,96396.0
CAND-01064,2024-02-09,2024-03-10,0,837563.0
CAND-01064,2024-02-09,2024-04-09,0,765977.0
CAND-01064,2024-02-09,2024-05-09,30,742711.0
CAND-01064,2024-02-09,2024-06-08,0,691010.0
CAND-01064,2024-02-09,2024-07-08,0,597947.0
CAND-01065,2024-08-07,2024-09-06,0,588753.0
CAND-01065,2024-08-07,2024-10-06,0,534784.0
CAND-01065,2024-08-07,2024-11-05,0,491609.0
CAND-01065,2024-08-07,2024-12-05,30,476189.0
CAND-01066,2024-09-24,2024-10-24,0,576824.0
CAND-01066,2024-09-24,2024-11-23,0,533048.0
CAND-01066,2024-09-24,2024-12-23,30,518455.0
CAND-01066,2024-09-24,2025-01-22,0,484407.0
CAND-01066,2024-09-24,2025-02-21,0,428691.0
CAND-01067,2024-03-23,2024-04-22,0,287734.0
CAND-01067,2024-03-23,2024-05-22,0,270749.0
CAND-01067,2024-03-23,2024-06-21,0,252766.0
CAND-01068,2024-02-27,2024-03-28,30,476670.0
CAND-01068,2024-02-27,2024-04-27,0,439063.0
CAND-01068,2024-02-27,2024-05-27,0,401456.0
CAND-01068,2024-02-27,2024-06-26,30,392878.0
CAND-01068,2024-02-27,2024-07-26,60,383825.0
CAND-01069,2024-06-05,2024-07-05,30,143383.0
CAND-01069,2024-06-05,2024-08-04,60,140393.0
CAND-01069,2024-06-05,2024-09-03,90,135954.0
CAND-01070,2024-05-27,2024-06-26,0,331628.0
CAND-01070,2024-05-27,2024-07-26,0,308045.0
CAND-01070,2024-05-27,2024-08-25,0,280835.0
CAND-01070,2024-05-27,2024-09-24,30,269780.0
CAND-01072,2024-01-31,2024-03-01,0,992211.0
CAND-01072,2024-01-31,2024-03-31,0,908255.0
CAND-01072,2024-01-31,2024-04-30,30,878756.0
CAND-01072,2024-01-31,2024-05-30,0,800797.0
CAND-01072,2024-01-31,2024-06-29,0,740162.0
CAND-01072,2024-01-31,2024-07-29,0,679527.0
CAND-01073,2024-06-01,2024-07-01,0,300451.0
CAND-01073,2024-06-01,2024-07-31,0,270406.0
CAND-01073,2024-06-01,2024-08-30,0,249750.0
CAND-01074,2024-10-02,2024-11-01,30,1559945.0
CAND-01074,2024-10-02,2024-12-01,60,1519920.0
CAND-01074,2024-10-02,2024-12-31,90,1489132.0
CAND-01074,2024-10-02,2025-01-30,97,1442043.0
CAND-01074,2024-10-02,2025-03-01,97,1410651.0
CAND-01074,2024-10-02,2025-03-31,97,1367381.0
CAND-01075,2024-04-23,2024-05-23,0,431130.0
CAND-01075,2024-04-23,2024-06-22,0,400335.0
CAND-01075,2024-04-23,2024-07-22,30,389593.0
CAND-01075,2024-04-23,2024-08-21,0,343400.0
CAND-01076,2024-04-29,2024-05-29,0,373180.0
CAND-01076,2024-04-29,2024-06-28,0,335862.0
CAND-01076,2024-04-29,2024-07-28,0,301654.0
CAND-01076,2024-04-29,2024-08-27,0,274287.0
CAND-01077,2024-03-31,2024-04-30,0,1338466.0
CAND-01077,2024-03-31,2024-05-30,0,1219491.0
CAND-01077,2024-03-31,2024-06-29,0,1135509.0
CAND-01077,2024-03-31,2024-07-29,0,1025686.0
CAND-01077,2024-03-31,2024-08-28,30,999247.0
CAND-01077,2024-03-31,2024-09-27,0,915265.0
CAND-01078,2024-07-21,2024-08-20,0,352628.0
CAND-01078,2024-07-21,2024-09-19,0,331732.0
CAND-01078,2024-07-21,2024-10-19,0,306656.0
CAND-01079,2024-05-08,2024-06-07,0,875892.0
CAND-01079,2024-05-08,2024-07-07,0,797688.0
CAND-01079,2024-05-08,2024-08-06,0,739034.0
CAND-01079,2024-05-08,2024-09-05,0,686898.0
CAND-01079,2024-05-08,2024-10-05,0,608693.0
CAND-01080,2024-08-22,2024-09-21,0,179015.0
CAND-01080,2024-08-22,2024-10-21,0,166584.0
CAND-01080,2024-08-22,2024-11-20,0,148501.0
CAND-01080,2024-08-22,2024-12-20,0,131926.0
CAND-01080,2024-08-22,2025-01-19,30,125510.0
CAND-01080,2024-08-22,2025-02-18,0,111302.0
CAND-01081,2024-10-11,2024-11-10,0,249201.0
CAND-01081,2024-10-11,2024-12-10,0,226547.0
CAND-01081,2024-10-11,2025-01-09,0,209556.0
CAND-01081,2024-10-11,2025-02-08,0,184841.0
CAND-01082,2024-06-26,2024-07-26,0,666183.0
CAND-01082,2024-06-26,2024-08-25,0,615200.0
CAND-01082,2024-06-26,2024-09-24,0,564217.0
CAND-01082,2024-06-26,2024-10-24,0,509311.0
CAND-01083,2024-10-13,2024-11-12,0,687498.0
CAND-01083,2024-10-13,2024-12-12,30,673176.0
CAND-01083,2024-10-13,2025-01-11,0,611110.0
CAND-01083,2024-10-13,2025-02-10,0,567299.0
CAND-01083,2024-10-13,2025-03-12,0,517646.0
CAND-01083,2024-10-13,2025-04-11,0,473835.0
CAND-01084,2024-05-10,2024-06-09,0,346171.0
CAND-01084,2024-05-10,2024-07-09,0,314701.0
CAND-01084,2024-05-10,2024-08-08,0,283231.0
CAND-01084,2024-05-10,2024-09-07,0,254181.0
CAND-01084,2024-05-10,2024-10-07,0,219850.0
CAND-01084,2024-05-10,2024-11-06,0,182086.0
CAND-01085,2024-05-21,2024-06-20,0,777267.0
CAND-01085,2024-05-21,2024-07-20,0,725218.0
CAND-01085,2024-05-21,2024-08-19,0,641939.0
CAND-01085,2024-05-21,2024-09-18,0,577879.0
CAND-01085,2024-05-21,2024-10-18,0,508480.0
CAND-01085,2024-05-21,2024-11-17,0,439081.0
CAND-01086,2024-02-22,2024-03-23,0,404384.0
CAND-01086,2024-02-22,2024-04-22,0,376302.0
CAND-01086,2024-02-22,2024-05-22,0,338859.0
CAND-01086,2024-02-22,2024-06-21,0,306765.0
CAND-01087,2024-03-05,2024-04-04,0,444000.0
CAND-01087,2024-03-05,2024-05-04,0,412550.0
CAND-01087,2024-03-05,2024-06-03,0,383066.0
CAND-01087,2024-03-05,2024-07-03,0,353581.0
CAND-01087,2024-03-05,2024-08-02,30,343326.0
CAND-01087,2024-03-05,2024-09-01,60,333891.0
CAND-01088,2024-06-09,2024-07-09,0,536654.0
CAND-01088,2024-06-09,2024-08-08,0,494488.0
CAND-01088,2024-06-09,2024-09-07,0,440823.0
CAND-01088,2024-06-09,2024-10-07,0,398657.0
CAND-01088,2024-06-09,2024-11-06,0,349464.0
CAND-01088,2024-06-09,2024-12-06,0,316668.0
CAND-01089,2024-02-17,2024-03-18,0,743214.0
CAND-01089,2024-02-17,2024-04-17,0,696924.0
CAND-01089,2024-02-17,2024-05-17,0,647741.0
CAND-01090,2024-05-26,2024-06-25,0,341395.0
CAND-01090,2024-05-26,2024-07-25,30,330360.0
CAND-01090,2024-05-26,2024-08-24,0,297255.0
CAND-01091,2024-02-01,2024-03-02,0,403446.0
CAND-01091,2024-02-01,2024-04-01,0,372411.0
CAND-01091,2024-02-01,2024-05-01,0,345256.0
CAND-01091,2024-02-01,2024-05-31,0,305758.0
CAND-01091,2024-02-01,2024-06-30,0,280201.0
CAND-01092,2024-06-08,2024-07-08,0,391275.0
CAND-01092,2024-06-08,2024-08-07,0,361330.0
CAND-01092,2024-06-08,2024-09-06,0,323219.0
CAND-01093,2024-05-25,2024-06-24,0,1175173.0
CAND-01093,2024-05-25,2024-07-24,0,1098364.0
CAND-01093,2024-05-25,2024-08-23,0,979660.0
CAND-01094,2024-02-20,2024-03-21,30,1274351.0
CAND-01094,2024-02-20,2024-04-20,60,1237114.0
CAND-01094,2024-02-20,2024-05-20,90,1202816.0
CAND-01095,2024-02-12,2024-03-13,0,474022.0
CAND-01095,2024-02-12,2024-04-12,0,437559.0
CAND-01095,2024-02-12,2024-05-12,0,409198.0
CAND-01095,2024-02-12,2024-06-11,0,369930.0
CAND-01095,2024-02-12,2024-07-11,0,318882.0
CAND-01095,2024-02-12,2024-08-10,0,276341.0
CAND-01096,2024-05-29,2024-06-28,0,489769.0
CAND-01096,2024-05-29,2024-07-28,0,460745.0
CAND-01096,2024-05-29,2024-08-27,0,408503.0
CAND-01096,2024-05-29,2024-09-26,0,379480.0
CAND-01097,2024-07-14,2024-08-13,0,829382.0
CAND-01097,2024-07-14,2024-09-12,0,769482.0
CAND-01097,2024-07-14,2024-10-12,0,716629.0
CAND-01097,2024-07-14,2024-11-11,0,666713.0
CAND-01097,2024-07-14,2024-12-11,0,576863.0
CAND-01098,2024-05-30,2024-06-29,30,821938.0
CAND-01098,2024-05-30,2024-07-29,60,799816.0
CAND-01098,2024-05-30,2024-08-28,90,781136.0
CAND-01098,2024-05-30,2024-09-27,96,758416.0
CAND-01099,2024-07-11,2024-08-10,0,417053.0
CAND-01099,2024-07-11,2024-09-09,0,384284.0
CAND-01099,2024-07-11,2024-10-09,0,351516.0
CAND-01100,2024-08-30,2024-09-29,0,546608.0
CAND-01100,2024-08-30,2024-10-29,0,507738.0
CAND-01100,2024-08-30,2024-11-28,0,466091.0
CAND-01101,2024-10-15,2024-11-14,0,615521.0
CAND-01101,2024-10-15,2024-12-14,0,572072.0
CAND-01101,2024-10-15,2025-01-13,0,506900.0
CAND-01102,2024-07-27,2024-08-26,30,1527463.0
CAND-01102,2024-07-27,2024-09-25,60,1475172.0
CAND-01102,2024-07-27,2024-10-25,90,1434947.0
CAND-01102,2024-07-27,2024-11-24,113,1393665.0
CAND-01102,2024-07-27,2024-12-24,113,1351266.0
CAND-01103,2024-09-16,2024-10-16,0,795995.0
CAND-01103,2024-09-16,2024-11-15,0,718463.0
CAND-01103,2024-09-16,2024-12-15,0,657545.0
CAND-01103,2024-09-16,2025-01-14,0,591941.0
CAND-01104,2024-09-04,2024-10-04,0,553441.0
CAND-01104,2024-09-04,2024-11-03,0,502709.0
CAND-01104,2024-09-04,2024-12-03,0,441830.0
CAND-01105,2024-03-13,2024-04-12,0,733812.0
CAND-01105,2024-03-13,2024-05-12,0,688968.0
CAND-01105,2024-03-13,2024-06-11,0,638518.0
CAND-01105,2024-03-13,2024-07-11,0,576426.0
CAND-01105,2024-03-13,2024-08-10,0,514335.0
CAND-01105,2024-03-13,2024-09-09,0,466853.0
CAND-01106,2024-04-19,2024-05-19,0,919690.0
CAND-01106,2024-04-19,2024-06-18,0,830857.0
CAND-01106,2024-04-19,2024-07-18,0,776569.0
CAND-01106,2024-04-19,2024-08-17,0,701402.0
CAND-01106,2024-04-19,2024-09-16,0,643922.0
CAND-01106,2024-04-19,2024-10-16,0,578777.0
CAND-01107,2024-07-14,2024-08-13,0,508583.0
CAND-01107,2024-07-14,2024-09-12,0,471852.0
CAND-01107,2024-07-14,2024-10-12,0,421764.0
CAND-01107,2024-07-14,2024-11-11,0,366668.0
CAND-01108,2024-07-06,2024-08-05,0,198076.0
CAND-01108,2024-07-06,2024-09-04,0,181316.0
CAND-01108,2024-07-06,2024-10-04,0,159528.0
CAND-01108,2024-07-06,2024-11-03,0,146711.0
CAND-01108,2024-07-06,2024-12-03,0,134606.0
CAND-01109,2024-05-02,2024-06-01,30,303082.0
CAND-01109,2024-05-02,2024-07-01,60,295898.0
CAND-01109,2024-05-02,2024-07-31,90,290662.0
CAND-01110,2024-08-10,2024-09-09,30,336271.0
CAND-01110,2024-08-10,2024-10-09,60,329614.0
CAND-01110,2024-08-10,2024-11-08,90,321372.0
CAND-01110,2024-08-10,2024-12-08,105,314449.0
CAND-01110,2024-08-10,2025-01-07,105,306006.0
CAND-01111,2024-03-23,2024-04-22,0,444965.0
CAND-01111,2024-03-23,2024-05-22,30,430190.0
CAND-01111,2024-03-23,2024-06-21,60,414431.0
CAND-01112,2024-09-03,2024-10-03,0,528408.0
CAND-01112,2024-09-03,2024-11-02,0,487519.0
CAND-01112,2024-09-03,2024-12-02,0,449356.0
CAND-01112,2024-09-03,2025-01-01,0,405322.0
CAND-01112,2024-09-03,2025-01-31,0,361288.0
CAND-01113,2024-09-09,2024-10-09,0,292749.0
CAND-01113,2024-09-09,2024-11-08,0,260813.0
CAND-01113,2024-09-09,2024-12-08,0,234200.0
CAND-01113,2024-09-09,2025-01-07,0,207586.0
CAND-01113,2024-09-09,2025-02-06,0,184774.0
CAND-01113,2024-09-09,2025-03-08,0,167032.0
CAND-01114,2024-03-16,2024-04-15,0,599604.0
CAND-01114,2024-03-16,2024-05-15,0,548868.0
CAND-01114,2024-03-16,2024-06-14,0,501756.0
CAND-01114,2024-03-16,2024-07-14,0,462958.0
CAND-01114,2024-03-16,2024-08-13,0,402998.0
CAND-01114,2024-03-16,2024-09-12,0,366356.0
CAND-01115,2024-02-08,2024-03-09,0,467818.0
CAND-01115,2024-02-08,2024-04-08,0,431061.0
CAND-01115,2024-02-08,2024-05-08,0,398899.0
CAND-01115,2024-02-08,2024-06-07,0,364592.0
CAND-01115,2024-02-08,2024-07-07,0,330285.0
CAND-01116,2024-09-15,2024-10-15,0,605370.0
CAND-01116,2024-09-15,2024-11-14,0,557805.0
CAND-01116,2024-09-15,2024-12-14,0,497268.0
CAND-01116,2024-09-15,2025-01-13,0,449703.0
CAND-01117,2024-08-09,2024-09-08,0,488284.0
CAND-01117,2024-08-09,2024-10-08,0,438963.0
CAND-01117,2024-08-09,2024-11-07,0,407049.0
CAND-01118,2024-09-08,2024-10-08,0,437355.0
CAND-01118,2024-09-08,2024-11-07,0,403884.0
CAND-01118,2024-09-08,2024-12-07,0,376320.0
CAND-01119,2024-01-30,2024-02-29,0,461038.0
CAND-01119,2024-01-30,2024-03-30,0,418350.0
CAND-01119,2024-01-30,2024-04-29,0,388217.0
CAND-01119,2024-01-30,2024-05-29,0,348812.0
CAND-01119,2024-01-30,2024-06-28,0,306123.0
CAND-01119,2024-01-30,2024-07-28,0,269532.0
CAND-01120,2024-09-13,2024-10-13,0,222115.0
CAND-01120,2024-09-13,2024-11-12,0,205961.0
CAND-01120,2024-09-13,2024-12-12,0,192499.0
CAND-01121,2024-07-01,2024-07-31,0,362990.0
CAND-01121,2024-07-01,2024-08-30,0,336371.0
CAND-01121,2024-07-01,2024-09-29,0,296442.0
CAND-01121,2024-07-01,2024-10-29,0,265727.0
CAND-01121,2024-07-01,2024-11-28,0,225798.0
CAND-01121,2024-07-01,2024-12-28,30,216925.0
CAND-01122,2024-10-03,2024-11-02,0,196290.0
CAND-01122,2024-10-03,2024-12-02,0,184703.0
CAND-01122,2024-10-03,2025-01-01,30,181168.0
CAND-01122,2024-10-03,2025-01-31,0,166271.0
CAND-01122,2024-10-03,2025-03-02,0,152368.0
CAND-01124,2024-06-12,2024-07-12,0,276766.0
CAND-01124,2024-06-12,2024-08-11,0,246322.0
CAND-01124,2024-06-12,2024-09-10,0,227294.0
CAND-01124,2024-06-12,2024-10-10,0,206998.0
CAND-01124,2024-06-12,2024-11-09,0,190085.0
CAND-01124,2024-06-12,2024-12-09,0,162408.0
CAND-01125,2024-06-20,2024-07-20,30,1325545.0
CAND-01125,2024-06-20,2024-08-19,0,1250514.0
CAND-01125,2024-06-20,2024-09-18,0,1166104.0
CAND-01125,2024-06-20,2024-10-18,0,1031049.0
CAND-01126,2024-07-25,2024-08-24,0,395219.0
CAND-01126,2024-07-25,2024-09-23,0,367321.0
CAND-01126,2024-07-25,2024-10-23,0,325474.0
CAND-01126,2024-07-25,2024-11-22,0,290602.0
CAND-01126,2024-07-25,2024-12-22,0,267354.0
CAND-01127,2024-09-03,2024-10-03,0,774108.0
CAND-01127,2024-09-03,2024-11-02,0,716767.0
CAND-01127,2024-09-03,2024-12-02,0,666171.0
CAND-01128,2024-07-02,2024-08-01,0,457376.0
CAND-01128,2024-07-02,2024-08-31,0,419487.0
CAND-01128,2024-07-02,2024-09-30,0,374709.0
CAND-01128,2024-07-02,2024-10-30,0,341872.0
CAND-01128,2024-07-02,2024-11-29,0,306689.0
CAND-01129,2024-09-18,2024-10-18,0,678995.0
CAND-01129,2024-09-18,2024-11-17,30,663906.0
CAND-01129,2024-09-18,2024-12-17,0,615622.0
CAND-01129,2024-09-18,2025-01-16,0,549780.0
CAND-01129,2024-09-18,2025-02-15,0,494068.0
CAND-01130,2024-10-12,2024-11-11,0,1077564.0
CAND-01130,2024-10-12,2024-12-11,0,973073.0
CAND-01130,2024-10-12,2025-01-10,0,905461.0
CAND-01131,2024-10-12,2024-11-11,0,152467.0
CAND-01131,2024-10-12,2024-12-11,0,138914.0
CAND-01131,2024-10-12,2025-01-10,0,127297.0
CAND-01132,2024-05-31,2024-06-30,0,442153.0
CAND-01132,2024-05-31,2024-07-30,0,412676.0
CAND-01132,2024-05-31,2024-08-29,30,403942.0
CAND-01132,2024-05-31,2024-09-28,60,390467.0
CAND-01132,2024-05-31,2024-10-28,90,382193.0
CAND-01133,2024-05-27,2024-06-26,0,740352.0
CAND-01133,2024-05-27,2024-07-26,30,725452.0
CAND-01133,2024-05-27,2024-08-25,0,681579.0
CAND-01133,2024-05-27,2024-09-24,0,625172.0
CAND-01133,2024-05-27,2024-10-24,0,581299.0
CAND-01133,2024-05-27,2024-11-23,0,515490.0
CAND-01134,2024-09-08,2024-10-08,0,726764.0
CAND-01134,2024-09-08,2024-11-07,0,667132.0
CAND-01134,2024-09-08,2024-12-07,0,624065.0
CAND-01134,2024-09-08,2025-01-06,0,572384.0
CAND-01134,2024-09-08,2025-02-05,0,512752.0
CAND-01136,2024-04-25,2024-05-25,0,772358.0
CAND-01136,2024-04-25,2024-06-24,0,708985.0
CAND-01136,2024-04-25,2024-07-24,0,650139.0
CAND-01137,2024-06-01,2024-07-01,0,1251093.0
CAND-01137,2024-06-01,2024-07-31,0,1117643.0
CAND-01137,2024-06-01,2024-08-30,0,1014989.0
CAND-01137,2024-06-01,2024-09-29,0,919668.0
CAND-01137,2024-06-01,2024-10-29,0,808460.0
CAND-01137,2024-06-01,2024-11-28,0,697251.0
CAND-01138,2024-02-27,2024-03-28,0,272486.0
CAND-01138,2024-02-27,2024-04-27,0,252302.0
CAND-01138,2024-02-27,2024-05-27,0,235482.0
CAND-01138,2024-02-27,2024-06-26,0,207958.0
CAND-01139,2024-02-14,2024-03-15,0,113455.0
CAND-01139,2024-02-14,2024-04-14,0,105892.0
CAND-01139,2024-02-14,2024-05-14,0,98328.0
CAND-01139,2024-02-14,2024-06-13,0,89019.0
CAND-01139,2024-02-14,2024-07-13,0,80375.0
CAND-01140,2024-05-19,2024-06-18,0,413764.0
CAND-01140,2024-05-19,2024-07-18,0,386991.0
CAND-01140,2024-05-19,2024-08-17,0,349062.0
CAND-01140,2024-05-19,2024-09-16,30,340634.0
CAND-01140,2024-05-19,2024-10-16,0,295120.0
CAND-01141,2024-04-05,2024-05-05,0,785094.0
CAND-01141,2024-04-05,2024-06-04,0,707774.0
CAND-01141,2024-04-05,2024-07-04,0,636897.0
CAND-01141,2024-04-05,2024-08-03,0,559577.0
CAND-01142,2024-08-13,2024-09-12,0,814820.0
CAND-01142,2024-08-13,2024-10-12,0,732514.0
CAND-01142,2024-08-13,2024-11-11,0,650210.0
CAND-01142,2024-08-13,2024-12-11,0,567904.0
CAND-01143,2024-08-23,2024-09-22,0,212282.0
CAND-01143,2024-08-23,2024-10-22,0,197808.0
CAND-01143,2024-08-23,2024-11-21,0,178510.0
CAND-01143,2024-08-23,2024-12-21,30,173363.0
CAND-01144,2024-08-29,2024-09-28,0,849974.0
CAND-01144,2024-08-29,2024-10-28,0,773695.0
CAND-01144,2024-08-29,2024-11-27,0,712671.0
CAND-01144,2024-08-29,2024-12-27,0,647288.0
CAND-01144,2024-08-29,2025-01-26,0,555752.0
CAND-01144,2024-08-29,2025-02-25,0,485340.0
CAND-01145,2024-10-16,2024-11-15,30,758696.0
CAND-01145,2024-10-16,2024-12-15,60,745119.0
CAND-01145,2024-10-16,2025-01-14,30,722359.0
CAND-01145,2024-10-16,2025-02-13,60,709016.0
CAND-01146,2024-04-14,2024-05-14,0,655857.0
CAND-01146,2024-04-14,2024-06-13,0,606255.0
CAND-01146,2024-04-14,2024-07-13,0,556652.0
CAND-01146,2024-04-14,2024-08-12,0,498782.0
CAND-01147,2024-09-08,2024-10-08,0,1139614.0
CAND-01147,2024-09-08,2024-11-07,0,1067790.0
CAND-01147,2024-09-08,2024-12-07,0,973865.0
CAND-01147,2024-09-08,2025-01-06,30,939948.0
CAND-01147,2024-09-08,2025-02-05,60,904036.0
CAND-01147,2024-09-08,2025-03-07,30,877492.0
CAND-01148,2024-09-25,2024-10-25,0,816412.0
CAND-01148,2024-09-25,2024-11-24,0,768388.0
CAND-01148,2024-09-25,2024-12-24,0,706642.0
CAND-01148,2024-09-25,2025-01-23,30,689692.0
CAND-01148,2024-09-25,2025-02-22,0,603249.0
CAND-01149,2024-04-08,2024-05-08,0,269681.0
CAND-01149,2024-04-08,2024-06-07,0,251530.0
CAND-01149,2024-04-08,2024-07-07,0,230785.0
CAND-01149,2024-04-08,2024-08-06,0,204383.0
CAND-01149,2024-04-08,2024-09-05,30,198456.0
CAND-01149,2024-04-08,2024-10-05,0,176115.0
CAND-01150,2024-08-14,2024-09-13,0,586737.0
CAND-01150,2024-08-14,2024-10-13,0,538949.0
CAND-01150,2024-08-14,2024-11-12,0,500120.0
CAND-01150,2024-08-14,2024-12-12,0,437995.0
CAND-01151,2024-09-23,2024-10-23,0,1784675.0
CAND-01151,2024-09-23,2024-11-22,0,1656545.0
CAND-01151,2024-09-23,2024-12-22,0,1508702.0
CAND-01151,2024-09-23,2025-01-21,30,1471741.0
CAND-01152,2024-05-17,2024-06-16,0,729723.0
CAND-01152,2024-05-17,2024-07-16,0,650669.0
CAND-01152,2024-05-17,2024-08-15,0,597967.0
CAND-01152,2024-05-17,2024-09-14,0,532090.0
CAND-01152,2024-05-17,2024-10-14,0,460223.0
CAND-01153,2024-04-17,2024-05-17,0,1534020.0
CAND-01153,2024-04-17,2024-06-16,0,1425737.0
CAND-01153,2024-04-17,2024-07-16,0,1330192.0
CAND-01154,2024-09-17,2024-10-17,0,1370945.0
CAND-01154,2024-09-17,2024-11-16,0,1285261.0
CAND-01154,2024-09-17,2024-12-16,0,1204337.0
CAND-01155,2024-09-10,2024-10-10,0,1546089.0
CAND-01155,2024-09-10,2024-11-09,0,1405536.0
CAND-01155,2024-09-10,2024-12-09,0,1306322.0
CAND-01155,2024-09-10,2025-01-08,0,1152990.0
CAND-01156,2024-07-17,2024-08-16,30,461124.0
CAND-01156,2024-07-17,2024-09-15,60,452182.0
CAND-01156,2024-07-17,2024-10-15,90,436894.0
CAND-01156,2024-07-17,2024-11-14,60,424422.0
CAND-01157,2024-04-21,2024-05-21,0,451217.0
CAND-01157,2024-04-21,2024-06-20,0,410482.0
CAND-01157,2024-04-21,2024-07-20,0,381728.0
CAND-01157,2024-04-21,2024-08-19,30,372327.0
CAND-01158,2024-08-31,2024-09-30,30,615933.0
CAND-01158,2024-08-31,2024-10-30,60,604818.0
CAND-01158,2024-08-31,2024-11-29,90,593300.0
CAND-01158,2024-08-31,2024-12-29,112,576177.0
CAND-01158,2024-08-31,2025-01-28,112,565063.0
CAND-01159,2024-04-10,2024-05-10,0,642903.0
CAND-01159,2024-04-10,2024-06-09,0,574831.0
CAND-01159,2024-04-10,2024-07-09,0,522468.0
CAND-01159,2024-04-10,2024-08-08,0,460584.0
CAND-01160,2024-05-07,2024-06-06,0,91667.0
CAND-01160,2024-05-07,2024-07-06,0,82576.0
CAND-01160,2024-05-07,2024-08-05,0,76326.0
CAND-01160,2024-05-07,2024-09-04,0,70443.0
CAND-01160,2024-05-07,2024-10-04,0,64888.0
CAND-01160,2024-05-07,2024-11-03,0,59005.0
CAND-01161,2024-05-14,2024-06-13,0,304936.0
CAND-01161,2024-05-14,2024-07-13,0,277937.0
CAND-01161,2024-05-14,2024-08-12,0,253014.0
CAND-01162,2024-06-25,2024-07-25,0,862101.0
CAND-01162,2024-06-25,2024-08-24,0,786033.0
CAND-01162,2024-06-25,2024-09-23,0,715817.0
CAND-01163,2024-09-19,2024-10-19,0,227905.0
CAND-01163,2024-09-19,2024-11-18,0,212823.0
CAND-01163,2024-09-19,2024-12-18,0,197741.0
CAND-01164,2024-09-13,2024-10-13,0,325328.0
CAND-01164,2024-09-13,2024-11-12,0,292467.0
CAND-01164,2024-09-13,2024-12-12,0,268369.0
CAND-01164,2024-09-13,2025-01-11,0,245776.0
CAND-01164,2024-09-13,2025-02-10,0,217970.0
CAND-01165,2024-06-27,2024-07-27,0,647386.0
CAND-01165,2024-06-27,2024-08-26,0,585070.0
CAND-01165,2024-06-27,2024-09-25,30,573452.0
CAND-01165,2024-06-27,2024-10-25,60,553867.0
CAND-01165,2024-06-27,2024-11-24,90,536291.0
CAND-01165,2024-06-27,2024-12-24,106,519971.0
CAND-01166,2024-03-24,2024-04-23,30,353436.0
CAND-01166,2024-03-24,2024-05-23,0,317111.0
CAND-01166,2024-03-24,2024-06-22,0,280786.0
CAND-01166,2024-03-24,2024-07-22,0,254839.0
CAND-01166,2024-03-24,2024-08-21,0,228892.0
CAND-01167,2024-04-13,2024-05-13,0,453976.0
CAND-01167,2024-04-13,2024-06-12,0,426815.0
CAND-01167,2024-04-13,2024-07-12,0,394222.0
CAND-01167,2024-04-13,2024-08-11,0,356614.0
CAND-01167,2024-04-13,2024-09-10,0,324021.0
CAND-01168,2024-04-29,2024-05-29,0,681360.0
CAND-01168,2024-04-29,2024-06-28,30,668211.0
CAND-01168,2024-04-29,2024-07-28,0,610557.0
CAND-01168,2024-04-29,2024-08-27,0,568919.0
CAND-01168,2024-04-29,2024-09-26,0,522075.0
CAND-01168,2024-04-29,2024-10-26,0,472109.0
CAND-01169,2024-09-23,2024-10-23,0,1619006.0
CAND-01169,2024-09-23,2024-11-22,0,1500279.0
CAND-01169,2024-09-23,2024-12-22,0,1363286.0
CAND-01169,2024-09-23,2025-01-21,0,1264347.0
CAND-01170,2024-07-28,2024-08-27,30,980082.0
CAND-01170,2024-07-28,2024-09-26,0,888110.0
CAND-01170,2024-07-28,2024-10-26,0,796137.0
CAND-01170,2024-07-28,2024-11-25,0,728691.0
CAND-01171,2024-05-31,2024-06-30,30,399709.0
CAND-01171,2024-05-31,2024-07-30,60,390469.0
CAND-01171,2024-05-31,2024-08-29,90,381629.0
CAND-01171,2024-05-31,2024-09-28,98,368923.0
CAND-01171,2024-05-31,2024-10-28,98,360272.0
CAND-01171,2024-05-31,2024-11-27,98,348313.0
CAND-01172,2024-05-28,2024-06-27,0,559696.0
CAND-01172,2024-05-28,2024-07-27,30,542952.0
CAND-01172,2024-05-28,2024-08-26,60,528601.0
CAND-01172,2024-05-28,2024-09-25,90,509765.0
CAND-01172,2024-05-28,2024-10-25,96,490929.0
CAND-01173,2024-05-22,2024-06-21,0,402376.0
CAND-01173,2024-05-22,2024-07-21,0,365119.0
CAND-01173,2024-05-22,2024-08-20,0,337177.0
CAND-01174,2024-08-14,2024-09-13,0,375343.0
CAND-01174,2024-08-14,2024-10-13,0,346299.0
CAND-01174,2024-08-14,2024-11-12,0,319191.0
CAND-01175,2024-01-31,2024-03-01,0,650738.0
CAND-01175,2024-01-31,2024-03-31,0,587636.0
CAND-01175,2024-01-31,2024-04-30,30,575871.0
CAND-01175,2024-01-31,2024-05-30,0,532488.0
CAND-01175,2024-01-31,2024-06-29,0,493926.0
CAND-01175,2024-01-31,2024-07-29,0,436083.0
CAND-01176,2024-06-28,2024-07-28,0,1079976.0
CAND-01176,2024-06-28,2024-08-27,0,987670.0
CAND-01176,2024-06-28,2024-09-26,30,963671.0
CAND-01176,2024-06-28,2024-10-26,0,883672.0
CAND-01177,2024-01-29,2024-02-28,0,485386.0
CAND-01177,2024-01-29,2024-03-29,0,444315.0
CAND-01177,2024-01-29,2024-04-28,0,390923.0
CAND-01178,2024-03-02,2024-04-01,0,587528.0
CAND-01178,2024-03-02,2024-05-01,0,552556.0
CAND-01178,2024-03-02,2024-05-31,0,510590.0
CAND-01179,2024-04-12,2024-05-12,0,1864227.0
CAND-01179,2024-04-12,2024-06-11,0,1719971.0
CAND-01179,2024-04-12,2024-07-11,0,1575715.0
CAND-01179,2024-04-12,2024-08-10,0,1373758.0
CAND-01179,2024-04-12,2024-09-09,0,1205459.0
CAND-01180,2024-02-28,2024-03-29,0,1359688.0
CAND-01180,2024-02-28,2024-04-28,0,1262069.0
CAND-01180,2024-02-28,2024-05-28,0,1149432.0
CAND-01180,2024-02-28,2024-06-27,0,1051814.0
CAND-01180,2024-02-28,2024-07-27,0,960296.0
CAND-01180,2024-02-28,2024-08-26,30,915924.0
CAND-01181,2024-02-16,2024-03-17,0,520430.0
CAND-01181,2024-02-16,2024-04-16,0,467861.0
CAND-01181,2024-02-16,2024-05-16,0,429311.0
CAND-01181,2024-02-16,2024-06-15,0,393170.0
CAND-01181,2024-02-16,2024-07-15,0,351866.0
CAND-01182,2024-09-01,2024-10-01,0,519756.0
CAND-01182,2024-09-01,2024-10-31,0,484318.0
CAND-01182,2024-09-01,2024-11-30,0,452818.0
CAND-01182,2024-09-01,2024-12-30,0,409202.0
CAND-01183,2024-04-23,2024-05-23,0,1176988.0
CAND-01183,2024-04-23,2024-06-22,0,1079486.0
CAND-01183,2024-04-23,2024-07-22,0,1009068.0
CAND-01183,2024-04-23,2024-08-21,30,980901.0
CAND-01184,2024-05-07,2024-06-06,0,629913.0
CAND-01184,2024-05-07,2024-07-06,30,615292.0
CAND-01184,2024-05-07,2024-08-05,60,593818.0
CAND-01185,2024-02-27,2024-03-28,0,447608.0
CAND-01185,2024-02-27,2024-04-27,30,437617.0
CAND-01185,2024-02-27,2024-05-27,60,428736.0
CAND-01186,2024-03-01,2024-03-31,0,434831.0
CAND-01186,2024-03-01,2024-04-30,0,401944.0
CAND-01186,2024-03-01,2024-05-30,0,355903.0
CAND-01187,2024-05-15,2024-06-14,30,639459.0
CAND-01187,2024-05-15,2024-07-14,60,619126.0
CAND-01187,2024-05-15,2024-08-13,30,598792.0
CAND-01187,2024-05-15,2024-09-12,60,587764.0
CAND-01188,2024-04-09,2024-05-09,0,518547.0
CAND-01188,2024-04-09,2024-06-08,0,478141.0
CAND-01188,2024-04-09,2024-07-08,0,426715.0
CAND-01188,2024-04-09,2024-08-07,30,414417.0
CAND-01189,2024-10-13,2024-11-12,0,490893.0
CAND-01189,2024-10-13,2024-12-12,0,446576.0
CAND-01189,2024-10-13,2025-01-11,0,411123.0
CAND-01189,2024-10-13,2025-02-10,0,357943.0
CAND-01189,2024-10-13,2025-03-12,0,317035.0
CAND-01190,2024-09-18,2024-10-18,0,209465.0
CAND-01190,2024-09-18,2024-11-17,30,202744.0
CAND-01190,2024-09-18,2024-12-17,60,196568.0
CAND-01190,2024-09-18,2025-01-16,90,191905.0
CAND-01190,2024-09-18,2025-02-15,114,185729.0
CAND-01191,2024-07-04,2024-08-03,0,290319.0
CAND-01191,2024-07-04,2024-09-02,0,269826.0
CAND-01191,2024-07-04,2024-10-02,0,247869.0
CAND-01191,2024-07-04,2024-11-01,0,222253.0
CAND-01191,2024-07-04,2024-12-01,30,213945.0
CAND-01191,2024-07-04,2024-12-31,0,193452.0
CAND-01192,2024-09-04,2024-10-04,0,376100.0
CAND-01192,2024-09-04,2024-11-03,0,344539.0
CAND-01192,2024-09-04,2024-12-03,0,315233.0
CAND-01192,2024-09-04,2025-01-02,0,292439.0
CAND-01192,2024-09-04,2025-02-01,0,269645.0
CAND-01192,2024-09-04,2025-03-03,0,238084.0
CAND-01193,2024-02-04,2024-03-05,0,843363.0
CAND-01193,2024-02-04,2024-04-04,0,786260.0
CAND-01193,2024-02-04,2024-05-04,0,725351.0
CAND-01193,2024-02-04,2024-06-03,0,664441.0
CAND-01194,2024-09-29,2024-10-29,30,1486025.0
CAND-01194,2024-09-29,2024-11-28,0,1396669.0
CAND-01194,2024-09-29,2024-12-28,30,1370923.0
CAND-01195,2024-06-12,2024-07-12,0,341904.0
CAND-01195,2024-06-12,2024-08-11,0,317211.0
CAND-01195,2024-06-12,2024-09-10,0,283539.0
CAND-01196,2024-08-30,2024-09-29,0,472604.0
CAND-01196,2024-08-30,2024-10-29,0,444328.0
CAND-01196,2024-08-30,2024-11-28,0,410398.0
CAND-01196,2024-08-30,2024-12-28,0,374044.0
CAND-01197,2024-06-25,2024-07-25,0,796699.0
CAND-01197,2024-06-25,2024-08-24,0,726158.0
CAND-01197,2024-06-25,2024-09-23,0,679131.0
CAND-01197,2024-06-25,2024-10-23,0,594482.0
CAND-01197,2024-06-25,2024-11-22,0,534018.0
CAND-01198,2024-04-16,2024-05-16,0,771832.0
CAND-01198,2024-04-16,2024-06-15,0,688217.0
CAND-01198,2024-04-16,2024-07-15,0,632473.0
CAND-01199,2024-07-14,2024-08-13,30,96970.0
CAND-01199,2024-07-14,2024-09-12,0,90720.0
CAND-01199,2024-07-14,2024-10-12,0,80720.0
CAND-01199,2024-07-14,2024-11-11,0,74053.0
CAND-01199,2024-07-14,2024-12-11,0,66910.0
CAND-01200,2024-05-05,2024-06-04,30,226342.0
CAND-01200,2024-05-05,2024-07-04,60,221669.0
CAND-01200,2024-05-05,2024-08-03,30,217497.0
CAND-01201,2024-01-17,2024-02-16,0,744652.0
CAND-01201,2024-01-17,2024-03-17,0,686627.0
CAND-01201,2024-01-17,2024-04-16,0,635856.0
CAND-01201,2024-01-17,2024-05-16,0,585084.0
CAND-01202,2024-06-15,2024-07-15,0,215980.0
CAND-01202,2024-06-15,2024-08-14,0,194709.0
CAND-01202,2024-06-15,2024-09-13,0,175211.0
CAND-01202,2024-06-15,2024-10-13,0,160587.0
CAND-01202,2024-06-15,2024-11-12,0,141089.0
CAND-01203,2024-01-08,2024-02-07,0,969321.0
CAND-01203,2024-01-08,2024-03-08,0,864932.0
CAND-01203,2024-01-08,2024-04-07,0,770034.0
CAND-01204,2024-01-28,2024-02-27,0,1205627.0
CAND-01204,2024-01-28,2024-03-28,0,1125843.0
CAND-01204,2024-01-28,2024-04-27,0,1050752.0
CAND-01204,2024-01-28,2024-05-27,0,970968.0
CAND-01204,2024-01-28,2024-06-26,0,885865.0
CAND-01204,2024-01-28,2024-07-26,0,800761.0
CAND-01205,2024-07-02,2024-08-01,0,604233.0
CAND-01205,2024-07-02,2024-08-31,0,539494.0
CAND-01205,2024-07-02,2024-09-30,0,499032.0
CAND-01206,2024-04-14,2024-05-14,0,333083.0
CAND-01206,2024-04-14,2024-06-13,0,305860.0
CAND-01206,2024-04-14,2024-07-13,0,280581.0
CAND-01206,2024-04-14,2024-08-12,0,260920.0
CAND-01206,2024-04-14,2024-09-11,30,252877.0
CAND-01206,2024-04-14,2024-10-11,0,230758.0
CAND-01207,2024-02-06,2024-03-07,0,368463.0
CAND-01207,2024-02-06,2024-04-06,0,332996.0
CAND-01207,2024-02-06,2024-05-06,0,306987.0
CAND-01207,2024-02-06,2024-06-05,0,279120.0
CAND-01207,2024-02-06,2024-07-05,0,253111.0
CAND-01207,2024-02-06,2024-08-04,0,228727.0
CAND-01208,2024-04-25,2024-05-25,0,875583.0
CAND-01208,2024-04-25,2024-06-24,0,813563.0
CAND-01208,2024-04-25,2024-07-24,0,758839.0
CAND-01208,2024-04-25,2024-08-23,0,696818.0
CAND-01208,2024-04-25,2024-09-22,0,642094.0
CAND-01208,2024-04-25,2024-10-22,0,575644.0
CAND-01209,2024-03-23,2024-04-22,0,450544.0
CAND-01209,2024-03-23,2024-05-22,0,401735.0
CAND-01209,2024-03-23,2024-06-21,0,361061.0
CAND-01210,2024-04-25,2024-05-25,0,208153.0
CAND-01210,2024-04-25,2024-06-24,0,195304.0
CAND-01210,2024-04-25,2024-07-24,0,176031.0
CAND-01210,2024-04-25,2024-08-23,30,169022.0
CAND-01211,2024-02-05,2024-03-06,0,752430.0
CAND-01211,2024-02-05,2024-04-05,0,698685.0
CAND-01211,2024-02-05,2024-05-05,0,641101.0
CAND-01211,2024-02-05,2024-06-04,0,593679.0
CAND-01211,2024-02-05,2024-07-04,0,520390.0
CAND-01212,2024-05-22,2024-06-21,0,341958.0
CAND-01212,2024-05-22,2024-07-21,0,319608.0
CAND-01212,2024-05-22,2024-08-20,0,290380.0
CAND-01213,2024-08-15,2024-09-14,0,1700655.0
CAND-01213,2024-08-15,2024-10-14,0,1586772.0
CAND-01213,2024-08-15,2024-11-13,0,1434927.0
CAND-01214,2024-07-01,2024-07-31,0,348608.0
CAND-01214,2024-07-01,2024-08-30,0,325368.0
CAND-01214,2024-07-01,2024-09-29,0,294380.0
CAND-01214,2024-07-01,2024-10-29,0,267820.0
CAND-01214,2024-07-01,2024-11-28,0,241259.0
CAND-01215,2024-01-27,2024-02-26,0,384411.0
CAND-01215,2024-01-27,2024-03-27,0,350089.0
CAND-01215,2024-01-27,2024-04-26,0,324347.0
CAND-01216,2024-07-05,2024-08-04,0,452743.0
CAND-01216,2024-07-05,2024-09-03,0,407468.0
CAND-01216,2024-07-05,2024-10-03,0,378173.0
CAND-01217,2024-07-26,2024-08-25,0,410208.0
CAND-01217,2024-07-26,2024-09-24,0,366032.0
CAND-01217,2024-07-26,2024-10-24,0,336581.0
CAND-01217,2024-07-26,2024-11-23,0,310595.0
CAND-01217,2024-07-26,2024-12-23,0,281144.0
CAND-01218,2024-03-25,2024-04-24,30,808707.0
CAND-01218,2024-03-25,2024-05-24,60,792354.0
CAND-01218,2024-03-25,2024-06-23,90,771505.0
CAND-01218,2024-03-25,2024-07-23,116,746233.0
CAND-01219,2024-07-26,2024-08-25,0,763789.0
CAND-01219,2024-07-26,2024-09-24,0,704273.0
CAND-01219,2024-07-26,2024-10-24,0,644757.0
CAND-01219,2024-07-26,2024-11-23,0,595743.0
CAND-01220,2024-03-26,2024-04-25,0,622995.0
CAND-01220,2024-03-26,2024-05-25,0,586221.0
CAND-01220,2024-03-26,2024-06-24,0,535303.0
CAND-01220,2024-03-26,2024-07-24,0,475127.0
CAND-01220,2024-03-26,2024-08-23,0,424209.0
CAND-01221,2024-01-14,2024-02-13,0,797271.0
CAND-01221,2024-01-14,2024-03-14,0,724188.0
CAND-01221,2024-01-14,2024-04-13,0,636488.0
CAND-01221,2024-01-14,2024-05-13,0,584900.0
CAND-01221,2024-01-14,2024-06-12,0,533312.0
CAND-01222,2024-04-05,2024-05-05,0,894542.0
CAND-01222,2024-04-05,2024-06-04,0,832421.0
CAND-01222,2024-04-05,2024-07-04,0,755965.0
CAND-01222,2024-04-05,2024-08-03,0,656571.0
CAND-01222,2024-04-05,2024-09-02,0,601353.0
CAND-01222,2024-04-05,2024-10-02,0,539232.0
CAND-01223,2024-09-28,2024-10-28,0,799953.0
CAND-01223,2024-09-28,2024-11-27,0,744956.0
CAND-01223,2024-09-28,2024-12-27,0,664961.0
CAND-01223,2024-09-28,2025-01-26,0,602107.0
CAND-01223,2024-09-28,2025-02-25,0,539254.0
CAND-01223,2024-09-28,2025-03-27,0,487492.0
CAND-01224,2024-06-29,2024-07-29,0,400500.0
CAND-01224,2024-06-29,2024-08-28,0,367638.0
CAND-01224,2024-06-29,2024-09-27,0,343905.0
CAND-01224,2024-06-29,2024-10-27,0,313391.0
CAND-01225,2024-08-29,2024-09-28,0,503732.0
CAND-01225,2024-08-29,2024-10-28,0,470281.0
CAND-01225,2024-08-29,2024-11-27,0,421625.0
CAND-01226,2024-09-18,2024-10-18,0,173866.0
CAND-01226,2024-09-18,2024-11-17,0,155393.0
CAND-01226,2024-09-18,2024-12-17,0,139999.0
CAND-01226,2024-09-18,2025-01-16,0,123205.0
CAND-01226,2024-09-18,2025-02-15,0,108994.0
CAND-01226,2024-09-18,2025-03-17,0,98732.0
CAND-01227,2024-10-09,2024-11-08,0,535428.0
CAND-01227,2024-10-09,2024-12-08,0,492934.0
CAND-01227,2024-10-09,2025-01-07,0,457938.0
CAND-01227,2024-10-09,2025-02-06,0,424887.0
CAND-01227,2024-10-09,2025-03-08,0,391836.0
CAND-01228,2024-07-20,2024-08-19,0,741067.0
CAND-01228,2024-07-20,2024-09-18,30,722397.0
CAND-01228,2024-07-20,2024-10-18,0,649413.0
CAND-01228,2024-07-20,2024-11-17,30,625085.0
CAND-01228,2024-07-20,2024-12-17,0,544803.0
CAND-01229,2024-07-29,2024-08-28,0,560013.0
CAND-01229,2024-07-29,2024-09-27,0,522512.0
CAND-01229,2024-07-29,2024-10-27,0,462511.0
CAND-01230,2024-09-22,2024-10-22,0,579172.0
CAND-01230,2024-09-22,2024-11-21,0,515990.0
CAND-01230,2024-09-22,2024-12-21,0,458551.0
CAND-01230,2024-09-22,2025-01-20,0,419062.0
CAND-01231,2024-06-25,2024-07-25,0,840533.0
CAND-01231,2024-06-25,2024-08-24,0,755631.0
CAND-01231,2024-06-25,2024-09-23,0,703746.0
CAND-01231,2024-06-25,2024-10-23,0,610354.0
CAND-01232,2024-04-11,2024-05-11,0,1013434.0
CAND-01232,2024-04-11,2024-06-10,30,988098.0
CAND-01232,2024-04-11,2024-07-10,0,908471.0
CAND-01232,2024-04-11,2024-08-09,0,842896.0
CAND-01232,2024-04-11,2024-09-08,0,763269.0
CAND-01232,2024-04-11,2024-10-08,30,731418.0
CAND-01233,2024-01-13,2024-02-12,0,1202512.0
CAND-01233,2024-01-13,2024-03-13,0,1068899.0
CAND-01233,2024-01-13,2024-04-12,30,1044606.0
CAND-01233,2024-01-13,2024-05-12,0,949169.0
CAND-01233,2024-01-13,2024-06-11,30,924875.0
CAND-01233,2024-01-13,2024-07-11,60,896447.0
CAND-01234,2024-04-15,2024-05-15,0,487369.0
CAND-01234,2024-04-15,2024-06-14,0,452557.0
CAND-01234,2024-04-15,2024-07-14,0,419921.0
CAND-01234,2024-04-15,2024-08-13,0,387284.0
CAND-01234,2024-04-15,2024-09-12,0,347116.0
CAND-01235,2024-03-26,2024-04-25,0,781715.0
CAND-01235,2024-03-26,2024-05-25,0,733027.0
CAND-01235,2024-03-26,2024-06-24,0,681296.0
CAND-01236,2024-03-12,2024-04-11,0,449558.0
CAND-01236,2024-03-12,2024-05-11,0,405965.0
CAND-01236,2024-03-12,2024-06-10,0,366004.0
CAND-01237,2024-02-23,2024-03-24,0,599672.0
CAND-01237,2024-02-23,2024-04-23,0,548930.0
CAND-01237,2024-02-23,2024-05-23,0,504954.0
CAND-01237,2024-02-23,2024-06-22,0,454213.0
CAND-01238,2024-07-21,2024-08-20,0,724350.0
CAND-01238,2024-07-21,2024-09-19,0,672035.0
CAND-01238,2024-07-21,2024-10-19,0,593564.0
CAND-01239,2024-09-26,2024-10-26,30,490144.0
CAND-01239,2024-09-26,2024-11-25,60,474563.0
CAND-01239,2024-09-26,2024-12-25,90,461088.0
CAND-01239,2024-09-26,2025-01-24,98,449492.0
CAND-01239,2024-09-26,2025-02-23,98,432873.0
CAND-01240,2024-08-29,2024-09-28,0,435649.0
CAND-01240,2024-08-29,2024-10-28,0,388454.0
CAND-01240,2024-08-29,2024-11-27,0,349124.0
CAND-01240,2024-08-29,2024-12-27,0,301929.0
CAND-01240,2024-08-29,2025-01-26,0,274167.0
CAND-01240,2024-08-29,2025-02-25,0,231262.0
CAND-01241,2024-07-05,2024-08-04,0,631668.0
CAND-01241,2024-07-05,2024-09-03,30,611928.0
CAND-01241,2024-07-05,2024-10-03,0,544813.0
CAND-01241,2024-07-05,2024-11-02,0,496874.0
CAND-01241,2024-07-05,2024-12-02,0,448935.0
CAND-01242,2024-09-06,2024-10-06,0,522246.0
CAND-01242,2024-09-06,2024-11-05,0,479710.0
CAND-01242,2024-09-06,2024-12-05,0,448989.0
CAND-01242,2024-09-06,2025-01-04,0,402909.0
CAND-01242,2024-09-06,2025-02-03,0,356828.0
CAND-01243,2024-06-06,2024-07-06,0,260492.0
CAND-01243,2024-06-06,2024-08-05,0,239818.0
CAND-01243,2024-06-06,2024-09-04,0,222792.0
CAND-01244,2024-03-10,2024-04-09,0,545783.0
CAND-01244,2024-03-10,2024-05-09,0,511208.0
CAND-01244,2024-03-10,2024-06-08,0,476634.0
CAND-01245,2024-06-10,2024-07-10,0,492965.0
CAND-01245,2024-06-10,2024-08-09,0,455552.0
CAND-01245,2024-06-10,2024-09-08,0,420634.0
CAND-01245,2024-06-10,2024-10-08,0,389824.0
CAND-01245,2024-06-10,2024-11-07,0,354905.0
CAND-01245,2024-06-10,2024-12-07,0,325807.0
CAND-01246,2024-07-10,2024-08-09,0,444738.0
CAND-01246,2024-07-10,2024-09-08,0,416565.0
CAND-01246,2024-07-10,2024-10-08,0,386631.0
CAND-01247,2024-08-17,2024-09-16,0,355795.0
CAND-01247,2024-08-17,2024-10-16,0,317479.0
CAND-01247,2024-08-17,2024-11-15,0,288005.0
CAND-01247,2024-08-17,2024-12-15,0,266718.0
CAND-01247,2024-08-17,2025-01-14,30,258565.0
CAND-01247,2024-08-17,2025-02-13,0,226635.0
CAND-01248,2024-02-26,2024-03-27,0,234126.0
CAND-01248,2024-02-26,2024-04-26,0,217477.0
CAND-01248,2024-02-26,2024-05-26,0,199639.0
CAND-01248,2024-02-26,2024-06-25,30,194644.0
CAND-01248,2024-02-26,2024-07-25,0,180770.0
CAND-01249,2024-04-17,2024-05-17,0,393982.0
CAND-01249,2024-04-17,2024-06-16,0,369358.0
CAND-01249,2024-04-17,2024-07-16,0,343195.0
CAND-01249,2024-04-17,2024-08-15,30,334474.0
CAND-01250,2024-06-21,2024-07-21,0,410511.0
CAND-01250,2024-06-21,2024-08-20,0,365355.0
CAND-01250,2024-06-21,2024-09-19,0,338792.0
CAND-01251,2024-10-08,2024-11-07,0,1158488.0
CAND-01251,2024-10-08,2024-12-07,30,1137626.0
CAND-01251,2024-10-08,2025-01-06,0,1035051.0
CAND-01251,2024-10-08,2025-02-05,0,911962.0
CAND-01251,2024-10-08,2025-03-07,0,800063.0
CAND-01252,2024-02-27,2024-03-28,0,619239.0
CAND-01252,2024-02-27,2024-04-27,0,570986.0
CAND-01252,2024-02-27,2024-05-27,30,554510.0
CAND-01252,2024-02-27,2024-06-26,0,493098.0
CAND-01252,2024-02-27,2024-07-26,0,441134.0
CAND-01252,2024-02-27,2024-08-25,0,396098.0
CAND-01253,2024-02-15,2024-03-16,0,308060.0
CAND-01253,2024-02-15,2024-04-15,0,287431.0
CAND-01253,2024-02-15,2024-05-15,0,268015.0
CAND-01253,2024-02-15,2024-06-14,0,235009.0
CAND-01253,2024-02-15,2024-07-14,0,215593.0
CAND-01254,2024-07-19,2024-08-18,0,1203736.0
CAND-01254,2024-07-19,2024-09-17,0,1130783.0
CAND-01254,2024-07-19,2024-10-17,0,1011404.0
CAND-01254,2024-07-19,2024-11-16,0,892025.0
CAND-01254,2024-07-19,2024-12-16,0,791012.0
CAND-01254,2024-07-19,2025-01-15,0,671633.0
CAND-01255,2024-04-02,2024-05-02,0,1073046.0
CAND-01255,2024-04-02,2024-06-01,0,990504.0
CAND-01255,2024-04-02,2024-07-01,30,969493.0
CAND-01255,2024-04-02,2024-07-31,0,897269.0
CAND-01256,2024-04-05,2024-05-05,0,272584.0
CAND-01256,2024-04-05,2024-06-04,0,243378.0
CAND-01256,2024-04-05,2024-07-04,0,222517.0
CAND-01256,2024-04-05,2024-08-03,0,205338.0
CAND-01256,2024-04-05,2024-09-02,0,181000.0
CAND-01257,2024-01-21,2024-02-20,0,425155.0
CAND-01257,2024-01-21,2024-03-21,0,398675.0
CAND-01257,2024-01-21,2024-04-20,0,357751.0
CAND-01257,2024-01-21,2024-05-20,30,349712.0
CAND-01257,2024-01-21,2024-06-19,60,336472.0
CAND-01257,2024-01-21,2024-07-19,90,323232.0
CAND-01258,2024-04-19,2024-05-19,30,1034888.0
CAND-01258,2024-04-19,2024-06-18,60,1014501.0
CAND-01258,2024-04-19,2024-07-18,90,989847.0
CAND-01258,2024-04-19,2024-08-17,90,970572.0
CAND-01258,2024-04-19,2024-09-16,90,945330.0
CAND-01258,2024-04-19,2024-10-16,90,926055.0
CAND-01259,2024-05-06,2024-06-05,0,343060.0
CAND-01259,2024-05-06,2024-07-05,0,320190.0
CAND-01259,2024-05-06,2024-08-04,0,292041.0
CAND-01259,2024-05-06,2024-09-03,30,285137.0
CAND-01260,2024-05-14,2024-06-13,0,613571.0
CAND-01260,2024-05-14,2024-07-13,0,558179.0
CAND-01260,2024-05-14,2024-08-12,0,502787.0
CAND-01260,2024-05-14,2024-09-11,0,455309.0
CAND-01260,2024-05-14,2024-10-11,0,404178.0
CAND-01260,2024-05-14,2024-11-10,0,362634.0
CAND-01261,2024-10-25,2024-11-24,0,1438950.0
CAND-01261,2024-10-25,2024-12-24,0,1343725.0
CAND-01261,2024-10-25,2025-01-23,30,1317902.0
CAND-01261,2024-10-25,2025-02-22,0,1179393.0
CAND-01261,2024-10-25,2025-03-24,0,1089770.0
CAND-01261,2024-10-25,2025-04-23,0,994545.0
CAND-01262,2024-02-12,2024-03-13,30,1244576.0
CAND-01262,2024-02-12,2024-04-12,60,1221635.0
CAND-01262,2024-02-12,2024-05-12,90,1187826.0
CAND-01262,2024-02-12,2024-06-11,90,1164035.0
CAND-01262,2024-02-12,2024-07-11,90,1134158.0
CAND-01263,2024-09-11,2024-10-11,0,130434.0
CAND-01263,2024-09-11,2024-11-10,0,122583.0
CAND-01263,2024-09-11,2024-12-10,0,111714.0
CAND-01263,2024-09-11,2025-01-09,0,103864.0
CAND-01264,2024-05-25,2024-06-24,0,1054073.0
CAND-01264,2024-05-25,2024-07-24,0,982703.0
CAND-01264,2024-05-25,2024-08-23,0,887544.0
CAND-01264,2024-05-25,2024-09-22,0,820372.0
CAND-01264,2024-05-25,2024-10-22,0,738807.0
CAND-01265,2024-08-10,2024-09-09,0,313390.0
CAND-01265,2024-08-10,2024-10-09,0,283224.0
CAND-01265,2024-08-10,2024-11-08,0,255572.0
CAND-01265,2024-08-10,2024-12-08,30,248359.0
CAND-01265,2024-08-10,2025-01-07,60,242098.0
CAND-01266,2024-08-23,2024-09-22,0,771743.0
CAND-01266,2024-08-23,2024-10-22,0,722219.0
CAND-01266,2024-08-23,2024-11-21,0,666092.0
CAND-01266,2024-08-23,2024-12-21,0,619320.0
CAND-01267,2024-07-17,2024-08-16,30,299446.0
CAND-01267,2024-07-17,2024-09-15,0,273937.0
CAND-01267,2024-07-17,2024-10-15,30,268162.0
CAND-01268,2024-05-26,2024-06-25,0,934973.0
CAND-01268,2024-05-26,2024-07-25,0,870044.0
CAND-01268,2024-05-26,2024-08-24,30,838564.0
CAND-01268,2024-05-26,2024-09-23,60,816460.0
CAND-01268,2024-05-26,2024-10-23,90,795259.0
CAND-01269,2024-03-11,2024-04-10,0,653563.0
CAND-01269,2024-03-11,2024-05-10,30,638709.0
CAND-01269,2024-03-11,2024-06-09,60,622129.0
CAND-01269,2024-03-11,2024-07-09,90,609165.0
CAND-01269,2024-03-11,2024-08-08,60,597081.0
CAND-01270,2024-06-12,2024-07-12,0,305700.0
CAND-01270,2024-06-12,2024-08-11,0,272778.0
CAND-01270,2024-06-12,2024-09-10,0,254488.0
CAND-01270,2024-06-12,2024-10-10,0,229164.0
CAND-01270,2024-06-12,2024-11-09,0,203840.0
CAND-01271,2024-07-05,2024-08-04,0,542790.0
CAND-01271,2024-07-05,2024-09-03,0,500495.0
CAND-01271,2024-07-05,2024-10-03,0,441282.0
CAND-01273,2024-08-08,2024-09-07,0,1158553.0
CAND-01273,2024-08-08,2024-10-07,0,1086394.0
CAND-01273,2024-08-08,2024-11-06,0,992032.0
CAND-01273,2024-08-08,2024-12-06,0,897670.0
CAND-01274,2024-05-11,2024-06-10,0,529006.0
CAND-01274,2024-05-11,2024-07-10,0,480914.0
CAND-01274,2024-05-11,2024-08-09,0,442441.0
CAND-01274,2024-05-11,2024-09-08,0,403968.0
CAND-01275,2024-08-23,2024-09-22,30,194629.0
CAND-01275,2024-08-23,2024-10-22,60,190956.0
CAND-01275,2024-08-23,2024-11-21,90,186988.0
CAND-01276,2024-10-27,2024-11-26,0,596804.0
CAND-01276,2024-10-27,2024-12-26,0,557798.0
CAND-01276,2024-10-27,2025-01-25,0,506789.0
CAND-01276,2024-10-27,2025-02-24,0,440477.0
CAND-01276,2024-10-27,2025-03-26,0,389468.0
CAND-01277,2024-03-03,2024-04-02,0,449058.0
CAND-01277,2024-03-03,2024-05-02,0,416818.0
CAND-01277,2024-03-03,2024-06-01,30,402594.0
CAND-01277,2024-03-03,2024-07-01,60,389868.0
CAND-01277,2024-03-03,2024-07-31,90,376435.0
CAND-01278,2024-09-07,2024-10-07,0,800222.0
CAND-01278,2024-09-07,2024-11-06,0,714865.0
CAND-01278,2024-09-07,2024-12-06,0,657960.0
CAND-01278,2024-09-07,2025-01-05,0,586829.0
CAND-01279,2024-05-01,2024-05-31,0,350093.0
CAND-01279,2024-05-01,2024-06-30,0,316277.0
CAND-01279,2024-05-01,2024-07-30,0,293029.0
CAND-01279,2024-05-01,2024-08-29,0,262031.0
CAND-01279,2024-05-01,2024-09-28,0,231033.0
CAND-01280,2024-08-26,2024-09-25,0,1402864.0
CAND-01280,2024-08-26,2024-10-25,0,1307878.0
CAND-01280,2024-08-26,2024-11-24,0,1169717.0
CAND-01280,2024-08-26,2024-12-24,0,1061162.0
CAND-01281,2024-08-31,2024-09-30,0,2501988.0
CAND-01281,2024-08-31,2024-10-30,0,2292031.0
CAND-01281,2024-08-31,2024-11-29,0,2064578.0
CAND-01281,2024-08-31,2024-12-29,0,1816447.0
CAND-01281,2024-08-31,2025-01-28,0,1655891.0
CAND-01281,2024-08-31,2025-02-27,0,1504256.0
CAND-01282,2024-09-20,2024-10-20,0,391268.0
CAND-01282,2024-09-20,2024-11-19,0,362575.0
CAND-01282,2024-09-20,2024-12-19,0,338664.0
CAND-01283,2024-04-16,2024-05-16,0,204855.0
CAND-01283,2024-04-16,2024-06-15,0,191198.0
CAND-01283,2024-04-16,2024-07-15,30,187225.0
CAND-01283,2024-04-16,2024-08-14,60,181622.0
CAND-01283,2024-04-16,2024-09-13,30,176973.0
CAND-01283,2024-04-16,2024-10-13,60,171643.0
CAND-01284,2024-06-17,2024-07-17,0,221219.0
CAND-01284,2024-06-17,2024-08-16,0,204202.0
CAND-01284,2024-06-17,2024-09-15,0,189313.0
CAND-01284,2024-06-17,2024-10-15,0,172296.0
CAND-01284,2024-06-17,2024-11-14,0,158282.0
CAND-01285,2024-04-30,2024-05-30,0,838105.0
CAND-01285,2024-04-30,2024-06-29,0,776644.0
CAND-01285,2024-04-30,2024-07-29,0,705728.0
CAND-01285,2024-04-30,2024-08-28,0,654510.0
CAND-01285,2024-04-30,2024-09-27,0,588659.0
CAND-01285,2024-04-30,2024-10-27,0,534429.0
CAND-01286,2024-06-15,2024-07-15,0,650885.0
CAND-01286,2024-06-15,2024-08-14,0,599744.0
CAND-01286,2024-06-15,2024-09-13,0,548603.0
CAND-01286,2024-06-15,2024-10-13,0,506487.0
CAND-01286,2024-06-15,2024-11-12,0,455346.0
CAND-01287,2024-02-25,2024-03-26,0,2057550.0
CAND-01287,2024-02-25,2024-04-25,0,1928449.0
CAND-01287,2024-02-25,2024-05-25,0,1771683.0
CAND-01287,2024-02-25,2024-06-24,0,1572163.0
CAND-01287,2024-02-25,2024-07-24,0,1415397.0
CAND-01288,2024-06-02,2024-07-02,0,344683.0
CAND-01288,2024-06-02,2024-08-01,0,313087.0
CAND-01288,2024-06-02,2024-08-31,30,305795.0
CAND-01288,2024-06-02,2024-09-30,0,278713.0
CAND-01288,2024-06-02,2024-10-30,0,251631.0
CAND-01289,2024-02-18,2024-03-19,30,1939036.0
CAND-01289,2024-02-18,2024-04-18,0,1786835.0
CAND-01289,2024-02-18,2024-05-18,30,1726877.0
CAND-01289,2024-02-18,2024-06-17,60,1686498.0
CAND-01289,2024-02-18,2024-07-17,90,1638239.0
CAND-01290,2024-06-06,2024-07-06,0,289369.0
CAND-01290,2024-06-06,2024-08-05,0,270456.0
CAND-01290,2024-06-06,2024-09-04,0,238304.0
CAND-01290,2024-06-06,2024-10-04,0,211510.0
CAND-01291,2024-08-21,2024-09-20,30,519538.0
CAND-01291,2024-08-21,2024-10-20,60,510139.0
CAND-01291,2024-08-21,2024-11-19,30,496401.0
CAND-01291,2024-08-21,2024-12-19,60,482663.0
CAND-01292,2024-06-22,2024-07-22,0,363613.0
CAND-01292,2024-06-22,2024-08-21,0,337352.0
CAND-01292,2024-06-22,2024-09-20,30,326986.0
CAND-01292,2024-06-22,2024-10-20,60,314676.0
CAND-01292,2024-06-22,2024-11-19,90,306469.0
CAND-01292,2024-06-22,2024-12-19,108,298746.0
CAND-01293,2024-08-05,2024-09-04,0,1000456.0
CAND-01293,2024-08-05,2024-10-04,0,901237.0
CAND-01293,2024-08-05,2024-11-03,0,817282.0
CAND-01293,2024-08-05,2024-12-03,30,790663.0
CAND-01294,2024-05-16,2024-06-15,0,362002.0
CAND-01294,2024-05-16,2024-07-15,0,334421.0
CAND-01294,2024-05-16,2024-08-14,0,304719.0
CAND-01294,2024-05-16,2024-09-13,0,272541.0
CAND-01295,2024-04-11,2024-05-11,0,368519.0
CAND-01295,2024-04-11,2024-06-10,0,346340.0
CAND-01295,2024-04-11,2024-07-10,0,317823.0
CAND-01296,2024-07-07,2024-08-06,0,491404.0
CAND-01296,2024-07-07,2024-09-05,0,447528.0
CAND-01296,2024-07-07,2024-10-05,0,403653.0
CAND-01296,2024-07-07,2024-11-04,0,351003.0
CAND-01296,2024-07-07,2024-12-04,0,303139.0
CAND-01297,2024-10-01,2024-10-31,0,280373.0
CAND-01297,2024-10-01,2024-11-30,30,271986.0
CAND-01297,2024-10-01,2024-12-30,0,250418.0
CAND-01297,2024-10-01,2025-01-29,0,220224.0
CAND-01298,2024-06-27,2024-07-27,0,535627.0
CAND-01298,2024-06-27,2024-08-26,0,497368.0
CAND-01298,2024-06-27,2024-09-25,0,456376.0
CAND-01298,2024-06-27,2024-10-25,0,408552.0
CAND-01299,2024-05-22,2024-06-21,0,547616.0
CAND-01299,2024-05-22,2024-07-21,0,507789.0
CAND-01299,2024-05-22,2024-08-20,0,461835.0
CAND-01299,2024-05-22,2024-09-19,0,402095.0
CAND-01299,2024-05-22,2024-10-19,0,359424.0
CAND-01299,2024-05-22,2024-11-18,0,305115.0
CAND-01300,2024-07-23,2024-08-22,0,369570.0
CAND-01300,2024-07-23,2024-09-21,0,341142.0
CAND-01300,2024-07-23,2024-10-21,0,317730.0
CAND-01300,2024-07-23,2024-11-20,0,295619.0
CAND-01301,2024-08-06,2024-09-05,0,442673.0
CAND-01301,2024-08-06,2024-10-05,0,406189.0
CAND-01301,2024-08-06,2024-11-04,0,372311.0
CAND-01301,2024-08-06,2024-12-04,0,342668.0
CAND-01302,2024-08-16,2024-09-15,0,500327.0
CAND-01302,2024-08-16,2024-10-15,0,469165.0
CAND-01302,2024-08-16,2024-11-14,0,431325.0
CAND-01303,2024-02-05,2024-03-06,0,975770.0
CAND-01303,2024-02-05,2024-04-05,0,901094.0
CAND-01303,2024-02-05,2024-05-05,0,843012.0
CAND-01303,2024-02-05,2024-06-04,0,762592.0
CAND-01304,2024-01-26,2024-02-25,0,1199475.0
CAND-01304,2024-01-26,2024-03-26,0,1090432.0
CAND-01304,2024-01-26,2024-04-25,0,989776.0
CAND-01304,2024-01-26,2024-05-25,0,917081.0
CAND-01305,2024-08-25,2024-09-24,0,547397.0
CAND-01305,2024-08-25,2024-10-24,0,514646.0
CAND-01305,2024-08-25,2024-11-23,0,469300.0
CAND-01305,2024-08-25,2024-12-23,0,434623.0
CAND-01306,2024-06-17,2024-07-17,0,315739.0
CAND-01306,2024-06-17,2024-08-16,0,294596.0
CAND-01306,2024-06-17,2024-09-15,0,272043.0
CAND-01306,2024-06-17,2024-10-15,0,243852.0
CAND-01306,2024-06-17,2024-11-14,0,222709.0
CAND-01307,2024-05-01,2024-05-31,0,1567670.0
CAND-01307,2024-05-01,2024-06-30,0,1436117.0
CAND-01307,2024-05-01,2024-07-30,0,1304564.0
CAND-01308,2024-10-01,2024-10-31,0,484639.0
CAND-01308,2024-10-01,2024-11-30,0,435686.0
CAND-01308,2024-10-01,2024-12-30,0,404010.0
CAND-01309,2024-02-15,2024-03-16,0,207362.0
CAND-01309,2024-02-15,2024-04-15,30,202509.0
CAND-01309,2024-02-15,2024-05-15,0,189091.0
CAND-01309,2024-02-15,2024-06-14,0,171545.0
CAND-01309,2024-02-15,2024-07-14,0,158128.0
CAND-01310,2024-09-21,2024-10-21,0,284965.0
CAND-01310,2024-09-21,2024-11-20,0,268203.0
CAND-01310,2024-09-21,2024-12-20,0,240773.0
CAND-01310,2024-09-21,2025-01-19,0,223024.0
CAND-01311,2024-08-11,2024-09-10,0,185171.0
CAND-01311,2024-08-11,2024-10-10,30,181298.0
CAND-01311,2024-08-11,2024-11-09,60,177641.0
CAND-01311,2024-08-11,2024-12-09,90,173047.0
CAND-01311,2024-08-11,2025-01-08,97,168845.0
CAND-01311,2024-08-11,2025-02-07,97,164551.0
CAND-01312,2024-01-30,2024-02-29,0,902686.0
CAND-01312,2024-01-30,2024-03-30,0,846965.0
CAND-01312,2024-01-30,2024-04-29,0,769812.0
CAND-01312,2024-01-30,2024-05-29,0,702947.0
CAND-01313,2024-02-20,2024-03-21,0,382061.0
CAND-01313,2024-02-20,2024-04-20,0,352952.0
CAND-01313,2024-02-20,2024-05-20,0,328979.0
CAND-01313,2024-02-20,2024-06-19,0,291931.0
CAND-01313,2024-02-20,2024-07-19,0,257970.0
CAND-01314,2024-10-02,2024-11-01,0,883451.0
CAND-01314,2024-10-02,2024-12-01,0,824785.0
CAND-01314,2024-10-02,2024-12-31,0,746562.0
CAND-01315,2024-09-17,2024-10-17,0,542841.0
CAND-01315,2024-09-17,2024-11-16,0,485364.0
CAND-01315,2024-09-17,2024-12-16,0,451554.0
CAND-01315,2024-09-17,2025-01-15,0,399302.0
CAND-01315,2024-09-17,2025-02-14,0,363378.0
CAND-01315,2024-09-17,2025-03-16,0,329568.0
CAND-01316,2024-08-18,2024-09-17,0,352822.0
CAND-01316,2024-08-18,2024-10-17,0,324821.0
CAND-01316,2024-08-18,2024-11-16,0,300319.0
CAND-01316,2024-08-18,2024-12-16,0,275818.0
CAND-01316,2024-08-18,2025-01-15,0,247816.0
CAND-01316,2024-08-18,2025-02-14,0,219814.0
CAND-01317,2024-05-19,2024-06-18,0,451444.0
CAND-01317,2024-05-19,2024-07-18,0,414675.0
CAND-01317,2024-05-19,2024-08-17,0,366875.0
CAND-01317,2024-05-19,2024-09-16,0,338758.0
CAND-01317,2024-05-19,2024-10-16,0,301988.0
CAND-01317,2024-05-19,2024-11-15,0,273871.0
CAND-01318,2024-02-08,2024-03-09,0,276345.0
CAND-01318,2024-02-08,2024-04-08,0,259287.0
CAND-01318,2024-02-08,2024-05-08,0,240096.0
CAND-01318,2024-02-08,2024-06-07,0,209391.0
CAND-01318,2024-02-08,2024-07-07,0,187459.0
CAND-01319,2024-09-29,2024-10-29,0,428427.0
CAND-01319,2024-09-29,2024-11-28,0,381690.0
CAND-01319,2024-09-29,2024-12-28,0,354197.0
CAND-01319,2024-09-29,2025-01-27,0,328232.0
CAND-01319,2024-09-29,2025-02-26,0,294848.0
CAND-01319,2024-09-29,2025-03-28,0,263689.0
CAND-01320,2024-10-15,2024-11-14,0,1141637.0
CAND-01320,2024-10-15,2024-12-14,0,1037852.0
CAND-01320,2024-10-15,2025-01-13,0,964592.0
CAND-01320,2024-10-15,2025-02-12,0,875633.0
CAND-01321,2024-05-27,2024-06-26,0,362122.0
CAND-01321,2024-05-27,2024-07-26,30,350946.0
CAND-01321,2024-05-27,2024-08-25,0,317416.0
CAND-01322,2024-04-13,2024-05-13,0,512950.0
CAND-01322,2024-04-13,2024-06-12,0,467532.0
CAND-01322,2024-04-13,2024-07-12,0,422115.0
CAND-01322,2024-04-13,2024-08-11,0,376697.0
CAND-01322,2024-04-13,2024-09-10,0,322196.0
CAND-01324,2024-08-05,2024-09-04,0,1073437.0
CAND-01324,2024-08-05,2024-10-04,30,1037796.0
CAND-01324,2024-08-05,2024-11-03,60,1004251.0
CAND-01324,2024-08-05,2024-12-03,90,982731.0
CAND-01325,2024-06-15,2024-07-15,30,906542.0
CAND-01325,2024-06-15,2024-08-14,0,814178.0
CAND-01325,2024-06-15,2024-09-13,0,730210.0
CAND-01325,2024-06-15,2024-10-13,30,712447.0
CAND-01325,2024-06-15,2024-11-12,0,641398.0
CAND-01326,2024-09-26,2024-10-26,0,421795.0
CAND-01326,2024-09-26,2024-11-25,0,383450.0
CAND-01326,2024-09-26,2024-12-25,0,352774.0
CAND-01326,2024-09-26,2025-01-24,0,319907.0
CAND-01326,2024-09-26,2025-02-23,0,287040.0
CAND-01327,2024-05-21,2024-06-20,0,625775.0
CAND-01327,2024-05-21,2024-07-20,0,588113.0
CAND-01327,2024-05-21,2024-08-19,0,520320.0
CAND-01327,2024-05-21,2024-09-18,0,458691.0
CAND-01328,2024-06-23,2024-07-23,0,417011.0
CAND-01328,2024-06-23,2024-08-22,0,392481.0
CAND-01328,2024-06-23,2024-09-21,0,364885.0
CAND-01329,2024-09-11,2024-10-11,0,494692.0
CAND-01329,2024-09-11,2024-11-10,0,440726.0
CAND-01329,2024-09-11,2024-12-10,0,406997.0
CAND-01329,2024-09-11,2025-01-09,0,375252.0
CAND-01330,2024-02-25,2024-03-26,0,526116.0
CAND-01330,2024-02-25,2024-04-25,0,493348.0
CAND-01330,2024-02-25,2024-05-25,0,450496.0
CAND-01330,2024-02-25,2024-06-24,0,415680.0
CAND-01330,2024-02-25,2024-07-24,0,384732.0
CAND-01330,2024-02-25,2024-08-23,0,341881.0
CAND-01331,2024-05-29,2024-06-28,0,662187.0
CAND-01331,2024-05-29,2024-07-28,0,598226.0
CAND-01331,2024-05-29,2024-08-27,0,559139.0
CAND-01331,2024-05-29,2024-09-26,0,515165.0
CAND-01332,2024-05-31,2024-06-30,0,564323.0
CAND-01332,2024-05-31,2024-07-30,0,520913.0
CAND-01332,2024-05-31,2024-08-29,0,474165.0
CAND-01332,2024-05-31,2024-09-28,0,427416.0
CAND-01332,2024-05-31,2024-10-28,0,372168.0
CAND-01332,2024-05-31,2024-11-27,0,336419.0
CAND-01333,2024-05-01,2024-05-31,0,1408370.0
CAND-01333,2024-05-01,2024-06-30,0,1322303.0
CAND-01333,2024-05-01,2024-07-30,0,1211645.0
CAND-01334,2024-03-30,2024-04-29,0,429534.0
CAND-01334,2024-03-30,2024-05-29,0,404180.0
CAND-01334,2024-03-30,2024-06-28,0,371581.0
CAND-01334,2024-03-30,2024-07-28,0,333549.0
CAND-01335,2024-09-03,2024-10-03,0,1020716.0
CAND-01335,2024-09-03,2024-11-02,0,937292.0
CAND-01335,2024-09-03,2024-12-02,0,877042.0
CAND-01335,2024-09-03,2025-01-01,0,778450.0
CAND-01335,2024-09-03,2025-01-31,0,706149.0
CAND-01336,2024-06-15,2024-07-15,0,310010.0
CAND-01336,2024-06-15,2024-08-14,0,284176.0
CAND-01336,2024-06-15,2024-09-13,0,253644.0
CAND-01336,2024-06-15,2024-10-13,0,220060.0
CAND-01336,2024-06-15,2024-11-12,0,186476.0
CAND-01336,2024-06-15,2024-12-12,0,167818.0
CAND-01337,2024-07-11,2024-08-10,0,1285385.0
CAND-01337,2024-07-11,2024-09-09,0,1184390.0
CAND-01337,2024-07-11,2024-10-09,30,1138780.0
CAND-01337,2024-07-11,2024-11-08,0,1060228.0
CAND-01338,29-09-2024,2024-10-29,30,262461.0
CAND-01338,29-09-2024,2024-11-28,60,256369.0
CAND-01338,29-09-2024,2024-12-28,90,248485.0
CAND-01339,2024-05-18,2024-06-17,0,420061.0
CAND-01339,2024-05-18,2024-07-17,0,389723.0
CAND-01339,2024-05-18,2024-08-16,30,379830.0
CAND-01339,2024-05-18,2024-09-15,0,347326.0
CAND-01340,2024-05-09,2024-06-08,0,507966.0
CAND-01340,2024-05-09,2024-07-08,0,462612.0
CAND-01340,2024-05-09,2024-08-07,0,430597.0
CAND-01340,2024-05-09,2024-09-06,0,398582.0
CAND-01341,2024-07-03,2024-08-02,0,995971.0
CAND-01341,2024-07-03,2024-09-01,30,975300.0
CAND-01341,2024-07-03,2024-10-01,0,897045.0
CAND-01342,2024-08-31,2024-09-30,0,648006.0
CAND-01342,2024-08-31,2024-10-30,0,609755.0
CAND-01342,2024-08-31,2024-11-29,0,571505.0
CAND-01343,2024-06-01,2024-07-01,0,275824.0
CAND-01343,2024-06-01,2024-07-31,0,248470.0
CAND-01343,2024-06-01,2024-08-30,0,225324.0
CAND-01343,2024-06-01,2024-09-29,0,208607.0
CAND-01344,2024-03-01,2024-03-31,30,423737.0
CAND-01344,2024-03-01,2024-04-30,60,415114.0
CAND-01344,2024-03-01,2024-05-30,90,406131.0
CAND-01345,2024-07-27,2024-08-26,0,229197.0
CAND-01345,2024-07-27,2024-09-25,0,214752.0
CAND-01345,2024-07-27,2024-10-25,0,195862.0
CAND-01345,2024-07-27,2024-11-24,0,175398.0
CAND-01346,2024-02-24,2024-03-25,30,1405633.0
CAND-01346,2024-02-24,2024-04-24,60,1370570.0
CAND-01346,2024-02-24,2024-05-24,90,1342924.0
CAND-01346,2024-02-24,2024-06-23,60,1307861.0
CAND-01346,2024-02-24,2024-07-23,90,1275915.0
CAND-01346,2024-02-24,2024-08-22,105,1245328.0
CAND-01347,2024-03-12,2024-04-11,0,251910.0
CAND-01347,2024-03-12,2024-05-11,0,234854.0
CAND-01347,2024-03-12,2024-06-10,0,216660.0
CAND-01347,2024-03-12,2024-07-10,0,201499.0
CAND-01348,2024-03-01,2024-03-31,0,331563.0
CAND-01348,2024-03-01,2024-04-30,0,298072.0
CAND-01348,2024-03-01,2024-05-30,0,277605.0
CAND-01349,2024-03-18,2024-04-17,0,263003.0
CAND-01349,2024-03-18,2024-05-17,0,235156.0
CAND-01349,2024-03-18,2024-06-16,0,209840.0
CAND-01349,2024-03-18,2024-07-16,0,186634.0
CAND-01350,2024-03-19,2024-04-18,0,580079.0
CAND-01350,2024-03-19,2024-05-18,0,545550.0
CAND-01350,2024-03-19,2024-06-17,0,489049.0
CAND-01350,2024-03-19,2024-07-17,0,441240.0
CAND-01350,2024-03-19,2024-08-16,0,389448.0
CAND-01351,2024-01-31,2024-03-01,0,810569.0
CAND-01351,2024-01-31,2024-03-31,0,756743.0
CAND-01351,2024-01-31,2024-04-30,0,690494.0
CAND-01351,2024-01-31,2024-05-30,0,624246.0
CAND-01352,2024-04-24,2024-05-24,0,173610.0
CAND-01352,2024-04-24,2024-06-23,0,162121.0
CAND-01352,2024-04-24,2024-07-23,0,151908.0
CAND-01352,2024-04-24,2024-08-22,0,139654.0
CAND-01352,2024-04-24,2024-09-21,0,128165.0
CAND-01353,2024-03-27,2024-04-26,0,1829391.0
CAND-01353,2024-03-27,2024-05-26,0,1721780.0
CAND-01353,2024-03-27,2024-06-25,0,1545688.0
CAND-01354,2024-06-29,2024-07-29,0,1325967.0
CAND-01354,2024-06-29,2024-08-28,0,1247391.0
CAND-01354,2024-06-29,2024-09-27,30,1204532.0
CAND-01354,2024-06-29,2024-10-27,0,1075953.0
CAND-01354,2024-06-29,2024-11-26,0,997377.0
CAND-01354,2024-06-29,2024-12-26,0,855941.0
CAND-01355,2024-07-31,2024-08-30,0,505570.0
CAND-01355,2024-07-31,2024-09-29,0,469619.0
CAND-01355,2024-07-31,2024-10-29,0,431099.0
CAND-01355,2024-07-31,2024-11-28,0,392579.0
CAND-01356,2024-03-01,2024-03-31,0,290625.0
CAND-01356,2024-03-01,2024-04-30,0,264982.0
CAND-01356,2024-03-01,2024-05-30,30,258948.0
CAND-01356,2024-03-01,2024-06-29,0,238433.0
CAND-01356,2024-03-01,2024-07-29,0,220332.0
CAND-01356,2024-03-01,2024-08-28,0,189560.0
CAND-01357,2024-08-17,2024-09-16,0,772504.0
CAND-01357,2024-08-17,2024-10-16,0,697260.0
CAND-01357,2024-08-17,2024-11-15,0,642081.0
CAND-01357,2024-08-17,2024-12-15,0,573108.0
CAND-01357,2024-08-17,2025-01-14,0,509440.0
CAND-01358,2024-05-29,2024-06-28,0,1001590.0
CAND-01358,2024-05-29,2024-07-28,0,895539.0
CAND-01358,2024-05-29,2024-08-27,0,807164.0
CAND-01358,2024-05-29,2024-09-26,0,725586.0
CAND-01359,2024-04-08,2024-05-08,0,287989.0
CAND-01359,2024-04-08,2024-06-07,0,256572.0
CAND-01359,2024-04-08,2024-07-07,0,234131.0
CAND-01359,2024-04-08,2024-08-06,0,214496.0
CAND-01360,2024-05-11,2024-06-10,0,237574.0
CAND-01360,2024-05-11,2024-07-10,0,212419.0
CAND-01360,2024-05-11,2024-08-09,0,194451.0
CAND-01360,2024-05-11,2024-09-08,0,177681.0
CAND-01360,2024-05-11,2024-10-08,0,154813.0
CAND-01361,2024-04-25,2024-05-25,0,1057039.0
CAND-01361,2024-04-25,2024-06-24,0,968953.0
CAND-01361,2024-04-25,2024-07-24,0,905335.0
CAND-01361,2024-04-25,2024-08-23,0,801232.0
CAND-01361,2024-04-25,2024-09-22,0,724891.0
CAND-01361,2024-04-25,2024-10-22,0,629463.0
CAND-01362,2024-05-30,2024-06-29,30,307435.0
CAND-01362,2024-05-30,2024-07-29,0,284965.0
CAND-01362,2024-05-30,2024-08-28,0,260766.0
CAND-01363,2024-06-27,2024-07-27,0,270584.0
CAND-01363,2024-06-27,2024-08-26,0,244346.0
CAND-01363,2024-06-27,2024-09-25,0,228311.0
CAND-01364,2024-02-18,2024-03-19,0,903582.0
CAND-01364,2024-02-18,2024-04-18,0,838323.0
CAND-01364,2024-02-18,2024-05-18,0,783941.0
CAND-01365,2024-09-21,2024-10-21,0,1050163.0
CAND-01365,2024-09-21,2024-11-20,0,937646.0
CAND-01365,2024-09-21,2024-12-20,0,835357.0
CAND-01366,2024-09-09,2024-10-09,0,152746.0
CAND-01366,2024-09-09,2024-11-08,0,136297.0
CAND-01366,2024-09-09,2024-12-08,0,126016.0
CAND-01367,2024-08-01,2024-08-31,0,300330.0
CAND-01367,2024-08-01,2024-09-30,30,292394.0
CAND-01367,2024-08-01,2024-10-30,0,273255.0
CAND-01367,2024-08-01,2024-11-29,0,243677.0
CAND-01367,2024-08-01,2024-12-29,0,220438.0
CAND-01368,2024-09-09,2024-10-09,0,590324.0
CAND-01368,2024-09-09,2024-11-08,0,532186.0
CAND-01368,2024-09-09,2024-12-08,0,482993.0
CAND-01369,2024-04-11,2024-05-11,30,356891.0
CAND-01369,2024-04-11,2024-06-10,0,335431.0
CAND-01369,2024-04-11,2024-07-10,0,312630.0
CAND-01370,2024-09-09,2024-10-09,0,418976.0
CAND-01370,2024-09-09,2024-11-08,0,394245.0
CAND-01370,2024-09-09,2024-12-08,0,362447.0
CAND-01370,2024-09-09,2025-01-07,0,337716.0
CAND-01372,2024-07-10,2024-08-09,0,708379.0
CAND-01372,2024-07-10,2024-09-08,0,648439.0
CAND-01372,2024-07-10,2024-10-08,0,596492.0
CAND-01372,2024-07-10,2024-11-07,0,547790.0
CAND-01372,2024-07-10,2024-12-07,0,476953.0
CAND-01373,2024-08-06,2024-09-05,0,535954.0
CAND-01373,2024-08-06,2024-10-05,0,498735.0
CAND-01373,2024-08-06,2024-11-04,0,444599.0
CAND-01374,2024-07-01,2024-07-31,0,660087.0
CAND-01374,2024-07-01,2024-08-30,0,618831.0
CAND-01374,2024-07-01,2024-09-29,0,574997.0
CAND-01374,2024-07-01,2024-10-29,0,528241.0
CAND-01375,2024-05-21,2024-06-20,0,1648836.0
CAND-01375,2024-05-21,2024-07-20,0,1542147.0
CAND-01375,2024-05-21,2024-08-19,0,1421232.0
CAND-01375,2024-05-21,2024-09-18,0,1256349.0
CAND-01375,2024-05-21,2024-10-18,0,1142991.0
CAND-01376,2024-07-15,2024-08-14,0,534742.0
CAND-01376,2024-07-15,2024-09-13,0,490865.0
CAND-01376,2024-07-15,2024-10-13,0,439012.0
CAND-01376,2024-07-15,2024-11-12,0,405459.0
CAND-01377,2024-02-13,2024-03-14,0,530747.0
CAND-01377,2024-02-13,2024-04-13,0,491826.0
CAND-01377,2024-02-13,2024-05-13,0,455337.0
CAND-01377,2024-02-13,2024-06-12,0,420994.0
CAND-01377,2024-02-13,2024-07-12,0,372343.0
CAND-01378,2024-06-30,2024-07-30,0,546570.0
CAND-01378,2024-06-30,2024-08-29,0,487359.0
CAND-01378,2024-06-30,2024-09-28,0,428147.0
CAND-01379,2024-07-20,2024-08-19,0,468051.0
CAND-01379,2024-07-20,2024-09-18,0,438401.0
CAND-01379,2024-07-20,2024-10-18,0,392578.0
CAND-01379,2024-07-20,2024-11-17,0,362927.0
CAND-01380,2024-06-16,2024-07-16,0,896058.0
CAND-01380,2024-06-16,2024-08-15,0,828054.0
CAND-01380,2024-06-16,2024-09-14,0,754818.0
CAND-01380,2024-06-16,2024-10-14,0,695315.0
CAND-01380,2024-06-16,2024-11-13,0,642422.0
CAND-01380,2024-06-16,2024-12-13,0,586419.0
CAND-01381,2024-06-25,2024-07-25,0,583311.0
CAND-01381,2024-06-25,2024-08-24,0,544050.0
CAND-01381,2024-06-25,2024-09-23,0,502171.0
CAND-01381,2024-06-25,2024-10-23,0,465219.0
CAND-01381,2024-06-25,2024-11-22,0,430320.0
CAND-01381,2024-06-25,2024-12-22,0,373213.0
CAND-01382,2024-06-23,2024-07-23,0,354382.0
CAND-01382,2024-06-23,2024-08-22,30,347381.0
CAND-01382,2024-06-23,2024-09-21,0,313017.0
CAND-01382,2024-06-23,2024-10-21,30,300417.0
CAND-01383,2024-08-31,2024-09-30,0,425603.0
CAND-01383,2024-08-31,2024-10-30,30,414794.0
CAND-01383,2024-08-31,2024-11-29,60,407100.0
CAND-01383,2024-08-31,2024-12-29,90,398993.0
CAND-01384,2024-02-16,2024-03-17,0,223382.0
CAND-01384,2024-02-16,2024-04-16,0,205053.0
CAND-01384,2024-02-16,2024-05-16,0,183392.0
CAND-01384,2024-02-16,2024-06-15,0,167507.0
CAND-01385,2024-05-01,2024-05-31,0,753430.0
CAND-01385,2024-05-01,2024-06-30,0,689034.0
CAND-01385,2024-05-01,2024-07-30,30,672619.0
CAND-01386,2024-08-23,2024-09-22,0,515168.0
CAND-01386,2024-08-23,2024-10-22,0,460621.0
CAND-01386,2024-08-23,2024-11-21,0,430317.0
CAND-01387,2024-03-23,2024-04-22,0,477544.0
CAND-01387,2024-03-23,2024-05-22,0,425448.0
CAND-01387,2024-03-23,2024-06-21,0,392888.0
CAND-01387,2024-03-23,2024-07-21,0,358158.0
CAND-01388,2024-02-25,2024-03-26,0,627030.0
CAND-01388,2024-02-25,2024-04-25,0,564327.0
CAND-01388,2024-02-25,2024-05-25,0,515060.0
CAND-01388,2024-02-25,2024-06-24,30,496909.0
CAND-01389,2024-08-14,2024-09-13,0,310606.0
CAND-01389,2024-08-14,2024-10-13,0,291193.0
CAND-01389,2024-08-14,2024-11-12,0,265807.0
CAND-01390,2024-05-03,2024-06-02,30,284919.0
CAND-01390,2024-05-03,2024-07-02,0,262526.0
CAND-01390,2024-05-03,2024-08-01,0,245402.0
CAND-01390,2024-05-03,2024-08-31,0,218937.0
CAND-01391,2024-04-30,2024-05-30,0,359630.0
CAND-01391,2024-04-30,2024-06-29,30,348297.0
CAND-01391,2024-04-30,2024-07-29,60,335453.0
CAND-01391,2024-04-30,2024-08-28,90,323024.0
CAND-01391,2024-04-30,2024-09-27,96,314461.0
CAND-01392,2024-06-28,2024-07-28,0,503303.0
CAND-01392,2024-06-28,2024-08-27,0,466953.0
CAND-01392,2024-06-28,2024-09-26,30,448779.0
CAND-01392,2024-06-28,2024-10-26,0,394254.0
CAND-01392,2024-06-28,2024-11-25,0,362181.0
CAND-01393,2024-06-11,2024-07-11,0,498118.0
CAND-01393,2024-06-11,2024-08-10,0,447803.0
CAND-01393,2024-06-11,2024-09-09,0,392456.0
CAND-01393,2024-06-11,2024-10-09,0,337110.0
CAND-01393,2024-06-11,2024-11-08,0,302518.0
CAND-01393,2024-06-11,2024-12-08,30,284070.0
CAND-01394,2024-04-14,2024-05-14,0,609519.0
CAND-01394,2024-04-14,2024-06-13,0,570907.0
CAND-01394,2024-04-14,2024-07-13,0,516206.0
CAND-01395,2024-03-17,2024-04-16,0,415989.0
CAND-01395,2024-03-17,2024-05-16,0,381705.0
CAND-01395,2024-03-17,2024-06-15,0,337134.0
CAND-01395,2024-03-17,2024-07-15,0,292564.0
CAND-01396,2024-10-04,2024-11-03,0,751454.0
CAND-01396,2024-10-04,2024-12-03,0,694621.0
CAND-01396,2024-10-04,2025-01-02,0,628316.0
CAND-01396,2024-10-04,2025-02-01,0,584113.0
CAND-01397,2024-04-19,2024-05-19,0,719653.0
CAND-01397,2024-04-19,2024-06-18,30,703248.0
CAND-01397,2024-04-19,2024-07-18,0,633152.0
CAND-01398,2024-05-14,2024-06-13,0,399785.0
CAND-01398,2024-05-14,2024-07-13,0,375353.0
CAND-01398,2024-05-14,2024-08-12,0,331377.0
CAND-01399,2024-01-30,2024-02-29,0,417600.0
CAND-01399,2024-01-30,2024-03-30,0,391822.0
CAND-01399,2024-01-30,2024-04-29,0,366044.0
CAND-01400,2024-06-11,2024-07-11,0,736232.0
CAND-01400,2024-06-11,2024-08-10,0,663217.0
CAND-01400,2024-06-11,2024-09-09,0,609673.0
CAND-01401,2024-05-27,2024-06-26,0,1372287.0
CAND-01401,2024-05-27,2024-07-26,0,1273177.0
CAND-01401,2024-05-27,2024-08-25,0,1158820.0
CAND-01402,2024-06-22,2024-07-22,0,159332.0
CAND-01402,2024-06-22,2024-08-21,30,154504.0
CAND-01402,2024-06-22,2024-09-20,60,150462.0
CAND-01402,2024-06-22,2024-10-20,30,146005.0
CAND-01402,2024-06-22,2024-11-19,60,142597.0
CAND-01403,2024-05-11,2024-06-10,0,1303324.0
CAND-01403,2024-05-11,2024-07-10,0,1207747.0
CAND-01403,2024-05-11,2024-08-09,0,1118143.0
CAND-01403,2024-05-11,2024-09-08,0,1015739.0
CAND-01403,2024-05-11,2024-10-08,0,920162.0
CAND-01404,2024-09-07,2024-10-07,0,1111210.0
CAND-01404,2024-09-07,2024-11-06,30,1090127.0
CAND-01404,2024-09-07,2024-12-06,0,1011416.0
CAND-01404,2024-09-07,2025-01-05,0,932706.0
CAND-01404,2024-09-07,2025-02-04,0,814640.0
CAND-01404,2024-09-07,2025-03-06,0,745189.0
CAND-01405,2024-05-05,2024-06-04,0,307924.0
CAND-01405,2024-05-05,2024-07-04,0,289596.0
CAND-01405,2024-05-05,2024-08-03,0,267601.0
CAND-01406,2024-09-12,2024-10-12,0,494122.0
CAND-01406,2024-09-12,2024-11-11,0,463620.0
CAND-01406,2024-09-12,2024-12-11,0,417868.0
CAND-01407,2024-08-25,2024-09-24,0,1045210.0
CAND-01407,2024-08-25,2024-10-24,0,952303.0
CAND-01407,2024-08-25,2024-11-23,0,877977.0
CAND-01407,2024-08-25,2024-12-23,0,776623.0
CAND-01407,2024-08-25,2025-01-22,0,683715.0
CAND-01407,2024-08-25,2025-02-21,0,572226.0
CAND-01408,2024-03-25,2024-04-24,0,542641.0
CAND-01408,2024-03-25,2024-05-24,0,500005.0
CAND-01408,2024-03-25,2024-06-23,0,462698.0
CAND-01408,2024-03-25,2024-07-23,30,446990.0
CAND-01408,2024-03-25,2024-08-22,0,404354.0
CAND-01409,2024-08-26,2024-09-25,0,697070.0
CAND-01409,2024-08-26,2024-10-25,0,622716.0
CAND-01409,2024-08-26,2024-11-24,0,555121.0
CAND-01409,2024-08-26,2024-12-24,0,511383.0
CAND-01409,2024-08-26,2025-01-23,0,454188.0
CAND-01410,2024-07-16,2024-08-15,0,853248.0
CAND-01410,2024-07-16,2024-09-14,0,760166.0
CAND-01410,2024-07-16,2024-10-14,30,739011.0
CAND-01410,2024-07-16,2024-11-13,0,654392.0
CAND-01410,2024-07-16,2024-12-13,0,599638.0
CAND-01411,2024-04-18,2024-05-18,0,271168.0
CAND-01411,2024-04-18,2024-06-17,0,241038.0
CAND-01411,2024-04-18,2024-07-17,0,224300.0
CAND-01412,2024-06-30,2024-07-30,0,450917.0
CAND-01412,2024-06-30,2024-08-29,30,442494.0
CAND-01412,2024-06-30,2024-09-28,0,409928.0
CAND-01412,2024-06-30,2024-10-28,0,377362.0
CAND-01412,2024-06-30,2024-11-27,0,336654.0
CAND-01413,2024-03-03,2024-04-02,0,764975.0
CAND-01413,2024-03-03,2024-05-02,0,713486.0
CAND-01413,2024-03-03,2024-06-01,0,654642.0
CAND-01413,2024-03-03,2024-07-01,0,579749.0
CAND-01414,2024-09-29,2024-10-29,0,1036640.0
CAND-01414,2024-09-29,2024-11-28,0,961772.0
CAND-01414,2024-09-29,2024-12-28,0,849469.0
CAND-01414,2024-09-29,2025-01-27,30,828280.0
CAND-01414,2024-09-29,2025-02-26,0,765890.0
CAND-01414,2024-09-29,2025-03-28,0,685673.0
CAND-01415,2024-01-30,2024-02-29,0,427080.0
CAND-01415,2024-01-30,2024-03-30,0,388254.0
CAND-01415,2024-01-30,2024-04-29,30,379464.0
CAND-01415,2024-01-30,2024-05-29,0,332873.0
CAND-01415,2024-01-30,2024-06-28,0,303754.0
CAND-01415,2024-01-30,2024-07-28,0,267915.0
CAND-01416,2024-07-18,2024-08-17,0,451543.0
CAND-01416,2024-07-18,2024-09-16,0,424665.0
CAND-01416,2024-07-18,2024-10-16,0,384349.0
CAND-01417,2024-08-22,2024-09-21,0,1249706.0
CAND-01417,2024-08-22,2024-10-21,0,1115809.0
CAND-01417,2024-08-22,2024-11-20,0,1012811.0
CAND-01417,2024-08-22,2024-12-20,0,934048.0
CAND-01418,2024-09-13,2024-10-13,0,803489.0
CAND-01418,2024-09-13,2024-11-12,0,750974.0
CAND-01418,2024-09-13,2024-12-12,0,676577.0
CAND-01418,2024-09-13,2025-01-11,0,602179.0
CAND-01418,2024-09-13,2025-02-10,0,538410.0
CAND-01418,2024-09-13,2025-03-12,0,449134.0
CAND-01419,2024-02-16,2024-03-17,0,128716.0
CAND-01419,2024-02-16,2024-04-16,0,120671.0
CAND-01419,2024-02-16,2024-05-16,0,111554.0
CAND-01420,2024-01-27,2024-02-26,30,674052.0
CAND-01420,2024-01-27,2024-03-27,0,621292.0
CAND-01420,2024-01-27,2024-04-26,30,608102.0
CAND-01421,2024-02-19,2024-03-20,0,538310.0
CAND-01421,2024-02-19,2024-04-19,0,484479.0
CAND-01421,2024-02-19,2024-05-19,30,473713.0
CAND-01422,2024-06-08,2024-07-08,0,1586510.0
CAND-01422,2024-06-08,2024-08-07,0,1486520.0
CAND-01422,2024-06-08,2024-09-06,0,1331990.0
CAND-01422,2024-06-08,2024-10-06,0,1162006.0
CAND-01422,2024-06-08,2024-11-05,0,1055767.0
CAND-01423,2024-05-10,2024-06-09,0,178159.0
CAND-01423,2024-05-10,2024-07-09,0,160613.0
CAND-01423,2024-05-10,2024-08-08,0,143067.0
CAND-01423,2024-05-10,2024-09-07,0,130200.0
CAND-01423,2024-05-10,2024-10-07,0,110900.0
CAND-01424,2024-08-25,2024-09-24,0,417540.0
CAND-01424,2024-08-25,2024-10-24,0,379582.0
CAND-01424,2024-08-25,2024-11-23,0,351113.0
CAND-01424,2024-08-25,2024-12-23,0,325808.0
CAND-01424,2024-08-25,2025-01-22,0,300502.0
CAND-01424,2024-08-25,2025-02-21,0,275197.0
CAND-01425,2024-09-24,2024-10-24,0,343121.0
CAND-01425,2024-09-24,2024-11-23,0,310094.0
CAND-01425,2024-09-24,2024-12-23,0,288723.0
CAND-01425,2024-09-24,2025-01-22,30,279862.0
CAND-01425,2024-09-24,2025-02-21,0,249586.0
CAND-01425,2024-09-24,2025-03-23,0,228215.0
CAND-01426,2024-03-04,2024-04-03,0,408849.0
CAND-01426,2024-03-04,2024-05-03,0,381167.0
CAND-01426,2024-03-04,2024-06-02,0,353484.0
CAND-01426,2024-03-04,2024-07-02,0,313219.0
CAND-01426,2024-03-04,2024-08-01,0,283691.0
CAND-01426,2024-03-04,2024-08-31,0,249620.0
CAND-01427,2024-06-20,2024-07-20,0,742727.0
CAND-01427,2024-06-20,2024-08-19,0,688261.0
CAND-01427,2024-06-20,2024-09-18,0,606561.0
CAND-01427,2024-06-20,2024-10-18,0,561172.0
CAND-01427,2024-06-20,2024-11-17,0,479472.0
CAND-01428,2024-05-19,2024-06-18,0,706491.0
CAND-01428,2024-05-19,2024-07-18,0,647617.0
CAND-01428,2024-05-19,2024-08-17,0,592948.0
CAND-01428,2024-05-19,2024-09-16,0,538279.0
CAND-01428,2024-05-19,2024-10-16,0,461742.0
CAND-01429,2024-08-29,2024-09-28,0,864600.0
CAND-01429,2024-08-29,2024-10-28,0,805159.0
CAND-01429,2024-08-29,2024-11-27,0,732000.0
CAND-01429,2024-08-29,2024-12-27,0,664067.0
CAND-01430,2024-09-11,2024-10-11,0,435719.0
CAND-01430,2024-09-11,2024-11-10,0,405461.0
CAND-01430,2024-09-11,2024-12-10,0,357047.0
CAND-01430,2024-09-11,2025-01-09,0,326789.0
CAND-01430,2024-09-11,2025-02-08,0,296531.0
CAND-01431,2024-08-13,2024-09-12,30,661454.0
CAND-01431,2024-08-13,2024-10-12,0,609631.0
CAND-01431,2024-08-13,2024-11-11,0,561509.0
CAND-01431,2024-08-13,2024-12-11,0,494139.0
CAND-01431,2024-08-13,2025-01-10,30,482108.0
CAND-01432,2024-05-13,2024-06-12,0,814791.0
CAND-01432,2024-05-13,2024-07-12,0,746417.0
CAND-01432,2024-05-13,2024-08-11,0,687159.0
CAND-01432,2024-05-13,2024-09-10,0,618785.0
CAND-01432,2024-05-13,2024-10-10,0,566499.0
CAND-01432,2024-05-13,2024-11-09,0,507242.0
CAND-01433,2024-01-21,2024-02-20,0,528397.0
CAND-01433,2024-01-21,2024-03-21,0,492620.0
CAND-01433,2024-01-21,2024-04-20,0,451732.0
CAND-01433,2024-01-21,2024-05-20,0,394489.0
CAND-01433,2024-01-21,2024-06-19,0,346787.0
CAND-01435,2024-04-10,2024-05-10,0,603662.0
CAND-01435,2024-04-10,2024-06-09,30,592644.0
CAND-01435,2024-04-10,2024-07-09,0,538469.0
CAND-01436,2024-09-30,2024-10-30,0,260218.0
CAND-01436,2024-09-30,2024-11-29,0,242599.0
CAND-01436,2024-09-30,2024-12-29,0,224980.0
CAND-01437,2024-04-16,2024-05-16,0,537561.0
CAND-01437,2024-04-16,2024-06-15,0,505208.0
CAND-01437,2024-04-16,2024-07-15,0,463611.0
CAND-01438,2024-06-02,2024-07-02,0,576943.0
CAND-01438,2024-06-02,2024-08-01,0,531154.0
CAND-01438,2024-06-02,2024-08-31,0,472877.0
CAND-01438,2024-06-02,2024-09-30,0,430140.0
CAND-01438,2024-06-02,2024-10-30,0,387404.0
CAND-01438,2024-06-02,2024-11-29,30,369597.0
CAND-01439,2024-06-18,2024-07-18,0,616867.0
CAND-01439,2024-06-18,2024-08-17,0,578446.0
CAND-01439,2024-06-18,2024-09-16,0,528203.0
CAND-01440,2024-08-21,2024-09-20,0,892590.0
CAND-01440,2024-08-21,2024-10-20,0,802430.0
CAND-01440,2024-08-21,2024-11-19,0,703253.0
CAND-01440,2024-08-21,2024-12-19,0,626963.0
CAND-01440,2024-08-21,2025-01-18,0,544316.0
CAND-01440,2024-08-21,2025-02-17,0,454155.0
CAND-01441,2024-03-12,2024-04-11,0,871545.0
CAND-01441,2024-03-12,2024-05-11,30,855580.0
CAND-01441,2024-03-12,2024-06-10,60,834044.0
CAND-01441,2024-03-12,2024-07-10,90,814752.0
CAND-01441,2024-03-12,2024-08-09,105,788295.0
CAND-01442,2024-06-20,2024-07-20,0,475788.0
CAND-01442,2024-06-20,2024-08-19,0,442087.0
CAND-01442,2024-06-20,2024-09-18,0,399959.0
CAND-01442,2024-06-20,2024-10-18,0,354003.0
CAND-01443,2024-08-14,2024-09-13,0,346225.0
CAND-01443,2024-08-14,2024-10-13,0,321494.0
CAND-01443,2024-08-14,2024-11-12,0,292959.0
CAND-01443,2024-08-14,2024-12-12,0,259236.0
CAND-01444,2024-08-25,2024-09-24,0,249254.0
CAND-01444,2024-08-25,2024-10-24,0,233615.0
CAND-01444,2024-08-25,2024-11-23,0,218844.0
CAND-01446,2024-03-31,2024-04-30,0,361402.0
CAND-01446,2024-03-31,2024-05-30,0,338815.0
CAND-01446,2024-03-31,2024-06-29,0,313215.0
CAND-01446,2024-03-31,2024-07-29,0,287616.0
CAND-01447,2024-03-09,2024-04-08,0,298506.0
CAND-01447,2024-03-09,2024-05-08,0,266168.0
CAND-01447,2024-03-09,2024-06-07,0,233830.0
CAND-01447,2024-03-09,2024-07-07,0,215864.0
CAND-01448,2024-06-11,2024-07-11,0,598255.0
CAND-01448,2024-06-11,2024-08-10,0,555522.0
CAND-01448,2024-06-11,2024-09-09,0,502106.0
CAND-01448,2024-06-11,2024-10-09,30,483793.0
CAND-01448,2024-06-11,2024-11-08,0,434486.0
CAND-01449,2024-04-29,2024-05-29,30,1032753.0
CAND-01449,2024-04-29,2024-06-28,0,973640.0
CAND-01449,2024-04-29,2024-07-28,0,884969.0
CAND-01449,2024-04-29,2024-08-27,0,808965.0
CAND-01449,2024-04-29,2024-09-26,0,732962.0
CAND-01449,2024-04-29,2024-10-26,0,673848.0
CAND-01450,2024-08-28,2024-09-27,0,774321.0
CAND-01450,2024-08-28,2024-10-27,0,715062.0
CAND-01450,2024-08-28,2024-11-26,30,698131.0
CAND-01450,2024-08-28,2024-12-26,60,682477.0
CAND-01450,2024-08-28,2025-01-25,90,667393.0
CAND-01450,2024-08-28,2025-02-24,104,651126.0
CAND-01451,2024-06-11,2024-07-11,0,1476842.0
CAND-01451,2024-06-11,2024-08-10,0,1389668.0
CAND-01451,2024-06-11,2024-09-09,0,1268964.0
CAND-01451,2024-06-11,2024-10-09,0,1164355.0
CAND-01452,2024-08-09,2024-09-08,0,324776.0
CAND-01452,2024-08-09,2024-10-08,0,290388.0
CAND-01452,2024-08-09,2024-11-07,0,259126.0
CAND-01452,2024-08-09,2024-12-07,0,234564.0
CAND-01452,2024-08-09,2025-01-06,0,200175.0
CAND-01453,2024-02-12,2024-03-13,0,812588.0
CAND-01453,2024-02-12,2024-04-12,0,748097.0
CAND-01453,2024-02-12,2024-05-12,0,666018.0
CAND-01453,2024-02-12,2024-06-11,0,590778.0
CAND-01453,2024-02-12,2024-07-11,0,500490.0
CAND-01453,2024-02-12,2024-08-10,0,418411.0
CAND-01454,2024-06-06,2024-07-06,0,824116.0
CAND-01454,2024-06-06,2024-08-05,0,753679.0
CAND-01454,2024-06-06,2024-09-04,0,702808.0
CAND-01454,2024-06-06,2024-10-04,0,645577.0
CAND-01454,2024-06-06,2024-11-03,0,588347.0
CAND-01454,2024-06-06,2024-12-03,0,496779.0
CAND-01455,2024-08-19,2024-09-18,0,1105188.0
CAND-01455,2024-08-19,2024-10-18,0,995583.0
CAND-01455,2024-08-19,2024-11-17,0,920229.0
CAND-01455,2024-08-19,2024-12-17,0,844875.0
CAND-01455,2024-08-19,2025-01-16,0,752132.0
CAND-01455,2024-08-19,2025-02-15,0,685151.0
CAND-01456,2024-03-13,2024-04-12,0,783243.0
CAND-01456,2024-03-13,2024-05-12,0,723801.0
CAND-01456,2024-03-13,2024-06-11,0,668321.0
CAND-01456,2024-03-13,2024-07-11,0,612841.0
CAND-01456,2024-03-13,2024-08-10,0,557362.0
CAND-01457,2024-08-03,2024-09-02,0,318925.0
CAND-01457,2024-08-03,2024-10-02,0,288226.0
CAND-01457,2024-08-03,2024-11-01,0,260086.0
CAND-01457,2024-08-03,2024-12-01,0,238980.0
CAND-01457,2024-08-03,2024-12-31,0,219117.0
CAND-01457,2024-08-03,2025-01-30,0,194996.0
CAND-01458,2024-03-01,2024-03-31,30,487965.0
CAND-01458,2024-03-01,2024-04-30,0,449678.0
CAND-01458,2024-03-01,2024-05-30,0,411392.0
CAND-01458,2024-03-01,2024-06-29,0,366144.0
CAND-01458,2024-03-01,2024-07-29,0,336866.0
CAND-01459,2024-08-26,2024-09-25,0,316915.0
CAND-01459,2024-08-26,2024-10-25,0,285704.0
CAND-01459,2024-08-26,2024-11-24,0,262816.0
CAND-01460,2024-09-16,2024-10-16,0,1693963.0
CAND-01460,2024-09-16,2024-11-15,0,1530908.0
CAND-01460,2024-09-16,2024-12-15,0,1381441.0
CAND-01460,2024-09-16,2025-01-14,0,1231973.0
CAND-01461,2024-07-28,2024-08-27,0,338439.0
CAND-01461,2024-07-28,2024-09-26,0,317757.0
CAND-01461,2024-07-28,2024-10-26,0,297074.0
CAND-01461,2024-07-28,2024-11-25,0,266051.0
CAND-01461,2024-07-28,2024-12-25,0,235027.0
CAND-01461,2024-07-28,2025-01-24,0,206390.0
CAND-01462,2024-05-28,2024-06-27,0,883720.0
CAND-01462,2024-05-28,2024-07-27,0,820597.0
CAND-01462,2024-05-28,2024-08-26,0,764901.0
CAND-01462,2024-05-28,2024-09-25,30,743860.0
CAND-01462,2024-05-28,2024-10-25,60,723276.0
CAND-01463,2024-05-26,2024-06-25,0,766673.0
CAND-01463,2024-05-26,2024-07-25,0,684108.0
CAND-01463,2024-05-26,2024-08-24,0,632505.0
CAND-01463,2024-05-26,2024-09-23,0,580902.0
CAND-01464,2024-05-11,2024-06-10,0,207784.0
CAND-01464,2024-05-11,2024-07-10,0,187441.0
CAND-01464,2024-05-11,2024-08-09,0,165064.0
CAND-01464,2024-05-11,2024-09-08,0,152633.0
CAND-01464,2024-05-11,2024-10-08,0,137715.0
CAND-01465,2024-04-27,2024-05-27,0,456175.0
CAND-01465,2024-04-27,2024-06-26,0,421555.0
CAND-01465,2024-04-27,2024-07-26,0,384271.0
CAND-01465,2024-04-27,2024-08-25,0,349651.0
CAND-01465,2024-04-27,2024-09-24,0,312367.0
CAND-01465,2024-04-27,2024-10-24,0,263899.0
CAND-01466,2024-05-23,2024-06-22,0,156159.0
CAND-01466,2024-05-23,2024-07-22,0,145423.0
CAND-01466,2024-05-23,2024-08-21,0,132210.0
CAND-01466,2024-05-23,2024-09-20,0,118996.0
CAND-01466,2024-05-23,2024-10-20,0,108260.0
CAND-01466,2024-05-23,2024-11-19,0,92644.0
CAND-01467,2024-08-11,2024-09-10,0,450742.0
CAND-01467,2024-08-11,2024-10-10,0,401570.0
CAND-01467,2024-08-11,2024-11-09,0,363745.0
CAND-01467,2024-08-11,2024-12-09,0,330964.0
CAND-01468,2024-10-15,2024-11-14,0,1247786.0
CAND-01468,2024-10-15,2024-12-14,0,1113409.0
CAND-01468,2024-10-15,2025-01-13,0,1034363.0
CAND-01469,2024-04-14,2024-05-14,0,573539.0
CAND-01469,2024-04-14,2024-06-13,0,537693.0
CAND-01469,2024-04-14,2024-07-13,0,501846.0
CAND-01469,2024-04-14,2024-08-12,0,467992.0
CAND-01469,2024-04-14,2024-09-11,0,434137.0
CAND-01470,2024-01-23,2024-02-22,0,484729.0
CAND-01470,2024-01-23,2024-03-23,30,469284.0
CAND-01470,2024-01-23,2024-04-22,60,457072.0
CAND-01471,2024-06-25,2024-07-25,0,484734.0
CAND-01471,2024-06-25,2024-08-24,0,441454.0
CAND-01471,2024-06-25,2024-09-23,0,410904.0
CAND-01471,2024-06-25,2024-10-23,0,382051.0
CAND-01471,2024-06-25,2024-11-22,0,342100.0
CAND-01471,2024-06-25,2024-12-22,0,313247.0
CAND-01472,2024-03-16,2024-04-15,0,1248318.0
CAND-01472,2024-03-16,2024-05-15,30,1210490.0
CAND-01472,2024-03-16,2024-06-14,0,1097006.0
CAND-01473,2024-08-27,2024-09-26,0,1038733.0
CAND-01473,2024-08-27,2024-10-26,0,927935.0
CAND-01473,2024-08-27,2024-11-25,0,817137.0
CAND-01474,2024-04-24,2024-05-24,0,389258.0
CAND-01474,2024-04-24,2024-06-23,0,351511.0
CAND-01474,2024-04-24,2024-07-23,0,325561.0
CAND-01474,2024-04-24,2024-08-22,0,297880.0
CAND-01475,2024-04-21,2024-05-21,0,338841.0
CAND-01475,2024-04-21,2024-06-20,0,313024.0
CAND-01475,2024-04-21,2024-07-20,0,287208.0
CAND-01475,2024-04-21,2024-08-19,0,259405.0
CAND-01476,2024-01-28,2024-02-27,0,718101.0
CAND-01476,2024-01-28,2024-03-28,0,646291.0
CAND-01476,2024-01-28,2024-04-27,0,585528.0
CAND-01476,2024-01-28,2024-05-27,0,519703.0
CAND-01476,2024-01-28,2024-06-26,0,467042.0
CAND-01476,2024-01-28,2024-07-26,30,446788.0
CAND-01477,2024-05-26,2024-06-25,0,371205.0
CAND-01477,2024-05-26,2024-07-25,0,331764.0
CAND-01477,2024-05-26,2024-08-24,0,301425.0
CAND-01477,2024-05-26,2024-09-23,30,288279.0
CAND-01478,2024-07-30,2024-08-29,0,441628.0
CAND-01478,2024-07-30,2024-09-28,0,415650.0
CAND-01478,2024-07-30,2024-10-28,30,406990.0
CAND-01478,2024-07-30,2024-11-27,60,394685.0
CAND-01478,2024-07-30,2024-12-27,90,384736.0
CAND-01478,2024-07-30,2025-01-26,120,373046.0
CAND-01479,2024-01-22,2024-02-21,0,350514.0
CAND-01479,2024-01-22,2024-03-22,30,341683.0
CAND-01479,2024-01-22,2024-04-21,60,329816.0
CAND-01480,2024-06-27,2024-07-27,0,349725.0
CAND-01480,2024-06-27,2024-08-26,0,322663.0
CAND-01480,2024-06-27,2024-09-25,0,301615.0
CAND-01480,2024-06-27,2024-10-25,0,272471.0
CAND-01481,2024-04-13,2024-05-13,0,410136.0
CAND-01481,2024-04-13,2024-06-12,0,382793.0
CAND-01481,2024-04-13,2024-07-12,0,349141.0
CAND-01481,2024-04-13,2024-08-11,0,305393.0
CAND-01481,2024-04-13,2024-09-10,0,281089.0
CAND-01481,2024-04-13,2024-10-10,0,253747.0
CAND-01482,2024-07-07,2024-08-06,0,758242.0
CAND-01482,2024-07-07,2024-09-05,0,695749.0
CAND-01482,2024-07-07,2024-10-05,0,628049.0
CAND-01482,2024-07-07,2024-11-04,0,573889.0
CAND-01483,2024-08-24,2024-09-23,0,256406.0
CAND-01483,2024-08-24,2024-10-23,0,241324.0
CAND-01483,2024-08-24,2024-11-22,0,214175.0
CAND-01483,2024-08-24,2024-12-22,0,194783.0
CAND-01484,2024-05-05,2024-06-04,0,593043.0
CAND-01484,2024-05-05,2024-07-04,0,557562.0
CAND-01484,2024-05-05,2024-08-03,0,511943.0
CAND-01484,2024-05-05,2024-09-02,0,472027.0
CAND-01484,2024-05-05,2024-10-02,0,429450.0
CAND-01484,2024-05-05,2024-11-01,0,380322.0
CAND-01485,2024-04-23,2024-05-23,0,1603192.0
CAND-01485,2024-04-23,2024-06-22,0,1461243.0
CAND-01485,2024-04-23,2024-07-22,0,1306389.0
CAND-01485,2024-04-23,2024-08-21,0,1211756.0
CAND-01485,2024-04-23,2024-09-20,0,1098197.0
CAND-01486,2024-07-14,2024-08-13,0,281153.0
CAND-01486,2024-07-14,2024-09-12,0,253037.0
CAND-01486,2024-07-14,2024-10-12,0,229248.0
CAND-01486,2024-07-14,2024-11-11,0,211055.0
CAND-01487,2024-05-16,2024-06-15,30,1429903.0
CAND-01487,2024-05-16,2024-07-15,0,1343740.0
CAND-01487,2024-05-16,2024-08-14,0,1231065.0
CAND-01487,2024-05-16,2024-09-13,0,1084587.0
CAND-01488,2024-09-16,2024-10-16,0,484864.0
CAND-01488,2024-09-16,2024-11-15,0,448193.0
CAND-01488,2024-09-16,2024-12-15,0,401522.0
CAND-01489,2024-05-20,2024-06-19,0,869437.0
CAND-01489,2024-05-20,2024-07-19,0,809059.0
CAND-01489,2024-05-20,2024-08-18,0,752233.0
CAND-01489,2024-05-20,2024-09-17,0,691856.0
CAND-01490,2024-07-23,2024-08-22,0,701566.0
CAND-01490,2024-07-23,2024-09-21,0,643102.0
CAND-01490,2024-07-23,2024-10-21,0,584638.0
CAND-01490,2024-07-23,2024-11-20,0,539931.0
CAND-01491,2024-08-25,2024-09-24,0,319598.0
CAND-01491,2024-08-25,2024-10-24,30,313186.0
CAND-01491,2024-08-25,2024-11-23,60,304075.0
CAND-01492,2024-05-01,2024-05-31,0,1681022.0
CAND-01492,2024-05-01,2024-06-30,0,1499989.0
CAND-01492,2024-05-01,2024-07-30,0,1370679.0
CAND-01493,2024-02-25,2024-03-26,0,838265.0
CAND-01493,2024-02-25,2024-04-25,0,784846.0
CAND-01493,2024-02-25,2024-05-25,0,731427.0
CAND-01493,2024-02-25,2024-06-24,0,648871.0
CAND-01494,2024-07-04,2024-08-03,0,791443.0
CAND-01494,2024-07-04,2024-09-02,0,735382.0
CAND-01494,2024-07-04,2024-10-02,0,675317.0
CAND-01494,2024-07-04,2024-11-01,30,648191.0
CAND-01495,2024-01-24,2024-02-23,0,655946.0
CAND-01495,2024-01-24,2024-03-24,0,604408.0
CAND-01495,2024-01-24,2024-04-23,0,538813.0
CAND-01495,2024-01-24,2024-05-23,0,493717.0
CAND-01495,2024-01-24,2024-06-22,0,433588.0
CAND-01495,2024-01-24,2024-07-22,0,373460.0
CAND-01496,2024-08-29,2024-09-28,0,844828.0
CAND-01496,2024-08-29,2024-10-28,0,770026.0
CAND-01496,2024-08-29,2024-11-27,0,680263.0
CAND-01496,2024-08-29,2024-12-27,0,624161.0
CAND-01496,2024-08-29,2025-01-26,0,568059.0
CAND-01496,2024-08-29,2025-02-25,0,503943.0
CAND-01497,2024-09-09,2024-10-09,0,313872.0
CAND-01497,2024-09-09,2024-11-08,0,294178.0
CAND-01497,2024-09-09,2024-12-08,0,263742.0
CAND-01497,2024-09-09,2025-01-07,0,241422.0
CAND-01497,2024-09-09,2025-02-06,0,207943.0
CAND-01497,2024-09-09,2025-03-08,0,189343.0
CAND-01498,2024-08-26,2024-09-25,0,1090601.0
CAND-01498,2024-08-26,2024-10-25,0,1025684.0
CAND-01498,2024-08-26,2024-11-24,0,942220.0
CAND-01498,2024-08-26,2024-12-24,0,835992.0
CAND-01498,2024-08-26,2025-01-23,0,758092.0
CAND-01499,2024-08-07,2024-09-06,30,179140.0
CAND-01499,2024-08-07,2024-10-06,60,174737.0
CAND-01499,2024-08-07,2024-11-05,90,170717.0
CAND-01499,2024-08-07,2024-12-05,101,164752.0
CAND-01499,2024-08-07,2025-01-04,101,161263.0
CAND-01499,2024-08-07,2025-02-03,101,156860.0
CAND-01500,2024-07-30,2024-08-29,0,326394.0
CAND-01500,2024-07-30,2024-09-28,0,302960.0
CAND-01500,2024-07-30,2024-10-28,0,283433.0
CAND-01501,2024-05-15,2024-06-14,0,1100844.0
CAND-01501,2024-05-15,2024-07-14,0,1025787.0
CAND-01501,2024-05-15,2024-08-13,0,916612.0
CAND-01502,2024-05-18,2024-06-17,30,719874.0
CAND-01502,2024-05-18,2024-07-17,60,701964.0
CAND-01502,2024-05-18,2024-08-16,90,689305.0
CAND-01503,2024-05-17,2024-06-16,0,431722.0
CAND-01503,2024-05-17,2024-07-16,0,405558.0
CAND-01503,2024-05-17,2024-08-15,0,379392.0
CAND-01504,2024-07-09,2024-08-08,0,240769.0
CAND-01504,2024-07-09,2024-09-07,0,215276.0
CAND-01504,2024-07-09,2024-10-07,0,192100.0
CAND-01504,2024-07-09,2024-11-06,0,173891.0
CAND-01504,2024-07-09,2024-12-06,0,159728.0
CAND-01504,2024-07-09,2025-01-05,30,153191.0
CAND-01505,2024-02-01,2024-03-02,0,604818.0
CAND-01505,2024-02-01,2024-04-01,0,568162.0
CAND-01505,2024-02-01,2024-05-01,0,513179.0
CAND-01505,2024-02-01,2024-05-31,0,447198.0
CAND-01506,2024-08-29,2024-09-28,0,429261.0
CAND-01506,2024-08-29,2024-10-28,0,401715.0
CAND-01506,2024-08-29,2024-11-27,0,372447.0
CAND-01506,2024-08-29,2024-12-27,0,333424.0
CAND-01507,2024-07-05,2024-08-04,0,997355.0
CAND-01507,2024-07-05,2024-09-03,0,918200.0
CAND-01507,2024-07-05,2024-10-03,0,832956.0
CAND-01508,2024-04-17,2024-05-17,0,358767.0
CAND-01508,2024-04-17,2024-06-16,0,334619.0
CAND-01508,2024-04-17,2024-07-16,0,311892.0
CAND-01508,2024-04-17,2024-08-15,0,287744.0
CAND-01509,2024-05-25,2024-06-24,0,215585.0
CAND-01509,2024-05-25,2024-07-24,0,202753.0
CAND-01509,2024-05-25,2024-08-23,0,187354.0
CAND-01509,2024-05-25,2024-09-22,0,166355.0
CAND-01510,2024-08-21,2024-09-20,0,736653.0
CAND-01510,2024-08-21,2024-10-20,30,718623.0
CAND-01510,2024-08-21,2024-11-19,60,695290.0
CAND-01510,2024-08-21,2024-12-19,90,680599.0
CAND-01511,2024-06-14,2024-07-14,0,458565.0
CAND-01511,2024-06-14,2024-08-13,30,448756.0
CAND-01511,2024-06-14,2024-09-12,60,440131.0
CAND-01511,2024-06-14,2024-10-12,90,427625.0
CAND-01511,2024-06-14,2024-11-11,111,411488.0
CAND-01511,2024-06-14,2024-12-11,111,401868.0
CAND-01512,2024-03-01,2024-03-31,0,374556.0
CAND-01512,2024-03-01,2024-04-30,0,341392.0
CAND-01512,2024-03-01,2024-05-30,0,312966.0
CAND-01512,2024-03-01,2024-06-29,0,276788.0
CAND-01512,2024-03-01,2024-07-29,0,243624.0
CAND-01513,2024-07-14,2024-08-13,0,461482.0
CAND-01513,2024-07-14,2024-09-12,0,412450.0
CAND-01513,2024-07-14,2024-10-12,30,398441.0
CAND-01513,2024-07-14,2024-11-11,60,386182.0
CAND-01514,2024-02-22,2024-03-23,0,1347778.0
CAND-01514,2024-02-22,2024-04-22,0,1268222.0
CAND-01514,2024-02-22,2024-05-22,0,1125020.0
CAND-01514,2024-02-22,2024-06-21,30,1099897.0
CAND-01515,2024-08-25,2024-09-24,0,1626618.0
CAND-01515,2024-08-25,2024-10-24,0,1524100.0
CAND-01515,2024-08-25,2024-11-23,30,1489244.0
CAND-01516,2024-04-27,2024-05-27,0,756071.0
CAND-01516,2024-04-27,2024-06-26,0,707149.0
CAND-01516,2024-04-27,2024-07-26,0,631542.0
CAND-01517,2024-02-17,2024-03-18,0,650068.0
CAND-01517,2024-02-17,2024-04-17,0,609280.0
CAND-01517,2024-02-17,2024-05-17,0,568491.0
CAND-01518,2024-05-30,2024-06-29,0,409790.0
CAND-01518,2024-05-30,2024-07-29,30,400526.0
CAND-01518,2024-05-30,2024-08-28,60,387332.0
CAND-01518,2024-05-30,2024-09-27,90,378959.0
CAND-01518,2024-05-30,2024-10-27,113,370251.0
CAND-01518,2024-05-30,2024-11-26,113,356206.0
CAND-01519,2024-01-20,2024-02-19,0,1153979.0
CAND-01519,2024-01-20,2024-03-20,0,1072522.0
CAND-01519,2024-01-20,2024-04-19,0,985246.0
CAND-01519,2024-01-20,2024-05-19,0,883424.0
CAND-01519,2024-01-20,2024-06-18,0,815543.0
CAND-01520,2024-09-17,2024-10-17,0,175784.0
CAND-01520,2024-09-17,2024-11-16,0,156741.0
CAND-01520,2024-09-17,2024-12-16,0,144045.0
CAND-01520,2024-09-17,2025-01-15,0,126733.0
CAND-01521,2024-05-16,2024-06-15,30,1089140.0
CAND-01521,2024-05-16,2024-07-15,60,1062314.0
CAND-01521,2024-05-16,2024-08-14,90,1040647.0
CAND-01522,2024-02-20,2024-03-21,0,286937.0
CAND-01522,2024-02-20,2024-04-20,0,256556.0
CAND-01522,2024-02-20,2024-05-20,0,233185.0
CAND-01523,2024-07-12,2024-08-11,30,1537775.0
CAND-01523,2024-07-12,2024-09-10,0,1395003.0
CAND-01523,2024-07-12,2024-10-10,0,1282825.0
CAND-01523,2024-07-12,2024-11-09,0,1195575.0
CAND-01523,2024-07-12,2024-12-09,0,1097420.0
CAND-01523,2024-07-12,2025-01-08,0,966545.0
CAND-01524,2024-03-25,2024-04-24,30,956246.0
CAND-01524,2024-03-25,2024-05-24,60,936332.0
CAND-01524,2024-03-25,2024-06-23,90,911938.0
CAND-01524,2024-03-25,2024-07-23,60,895400.0
CAND-01524,2024-03-25,2024-08-22,90,871601.0
CAND-01525,2024-07-12,2024-08-11,0,496316.0
CAND-01525,2024-07-12,2024-09-10,0,457320.0
CAND-01525,2024-07-12,2024-10-10,0,415324.0
CAND-01526,2024-07-23,2024-08-22,0,354712.0
CAND-01526,2024-07-23,2024-09-21,0,330838.0
CAND-01526,2024-07-23,2024-10-21,0,299004.0
CAND-01526,2024-07-23,2024-11-20,0,271719.0
CAND-01526,2024-07-23,2024-12-20,0,250497.0
CAND-01527,2024-08-08,2024-09-07,0,335969.0
CAND-01527,2024-08-08,2024-10-07,0,303630.0
CAND-01527,2024-08-08,2024-11-06,0,271291.0
CAND-01527,2024-08-08,2024-12-06,0,250365.0
CAND-01527,2024-08-08,2025-01-05,0,229440.0
CAND-01527,2024-08-08,2025-02-04,0,208514.0
CAND-01528,2024-09-27,2024-10-27,0,94444.0
CAND-01528,2024-09-27,2024-11-26,0,85354.0
CAND-01528,2024-09-27,2024-12-26,0,76263.0
CAND-01528,2024-09-27,2025-01-25,0,66263.0
CAND-01529,2024-05-01,2024-05-31,30,694149.0
CAND-01529,2024-05-01,2024-06-30,0,639663.0
CAND-01529,2024-05-01,2024-07-30,0,568831.0
CAND-01529,2024-05-01,2024-08-29,0,527166.0
CAND-01529,2024-05-01,2024-09-28,30,506333.0
CAND-01530,2024-02-28,2024-03-29,0,1303562.0
CAND-01530,2024-02-28,2024-04-28,0,1213037.0
CAND-01530,2024-02-28,2024-05-28,0,1122512.0
CAND-01530,2024-02-28,2024-06-27,0,990839.0
CAND-01530,2024-02-28,2024-07-27,0,887381.0
CAND-01531,2024-02-08,2024-03-09,0,444326.0
CAND-01531,2024-02-08,2024-04-08,0,416652.0
CAND-01531,2024-02-08,2024-05-08,0,380462.0
CAND-01531,2024-02-08,2024-06-07,0,352788.0
CAND-01531,2024-02-08,2024-07-07,0,310019.0
CAND-01531,2024-02-08,2024-08-06,0,262972.0
CAND-01532,2024-10-17,2024-11-16,0,1262952.0
CAND-01532,2024-10-17,2024-12-16,0,1135381.0
CAND-01532,2024-10-17,2025-01-15,0,1052835.0
CAND-01532,2024-10-17,2025-02-14,0,925264.0
CAND-01533,2024-08-27,2024-09-26,0,303610.0
CAND-01533,2024-08-27,2024-10-26,0,285056.0
CAND-01533,2024-08-27,2024-11-25,0,251659.0
CAND-01533,2024-08-27,2024-12-25,0,223828.0
CAND-01533,2024-08-27,2025-01-24,0,193467.0
CAND-01534,2024-02-25,2024-03-26,0,885853.0
CAND-01534,2024-02-25,2024-04-25,0,822254.0
CAND-01534,2024-02-25,2024-05-25,0,742754.0
CAND-01534,2024-02-25,2024-06-24,0,683129.0
CAND-01534,2024-02-25,2024-07-24,0,587730.0
CAND-01534,2024-02-25,2024-08-23,0,492330.0
CAND-01535,2024-05-11,2024-06-10,0,934235.0
CAND-01535,2024-05-11,2024-07-10,0,870007.0
CAND-01535,2024-05-11,2024-08-09,0,767241.0
CAND-01535,2024-05-11,2024-09-08,0,664475.0
CAND-01535,2024-05-11,2024-10-08,0,600246.0
CAND-01535,2024-05-11,2024-11-07,0,526842.0
CAND-01536,2024-06-26,2024-07-26,0,1801229.0
CAND-01536,2024-06-26,2024-08-25,0,1695275.0
CAND-01536,2024-06-26,2024-09-24,0,1576076.0
CAND-01536,2024-06-26,2024-10-24,0,1429369.0
CAND-01536,2024-06-26,2024-11-23,0,1270437.0
CAND-01536,2024-06-26,2024-12-23,0,1151238.0
CAND-01537,2024-09-01,2024-10-01,30,428587.0
CAND-01537,2024-09-01,2024-10-31,60,421149.0
CAND-01537,2024-09-01,2024-11-30,90,412546.0
CAND-01537,2024-09-01,2024-12-30,112,401843.0
CAND-01537,2024-09-01,2025-01-29,112,393068.0
CAND-01538,2024-02-05,2024-03-06,0,1833648.0
CAND-01538,2024-02-05,2024-04-05,0,1638823.0
CAND-01538,2024-02-05,2024-05-05,0,1530587.0
CAND-01538,2024-02-05,2024-06-04,0,1353473.0
CAND-01539,2024-04-18,2024-05-18,0,931655.0
CAND-01539,2024-04-18,2024-06-17,0,859989.0
CAND-01539,2024-04-18,2024-07-17,0,768778.0
CAND-01539,2024-04-18,2024-08-16,0,697113.0
CAND-01539,2024-04-18,2024-09-15,0,596781.0
CAND-01539,2024-04-18,2024-10-15,0,534073.0
CAND-01540,2024-03-12,2024-04-11,0,1075210.0
CAND-01540,2024-03-12,2024-05-11,0,967689.0
CAND-01540,2024-03-12,2024-06-10,0,876710.0
CAND-01541,2024-02-24,2024-03-25,0,438380.0
CAND-01541,2024-02-24,2024-04-24,0,409024.0
CAND-01541,2024-02-24,2024-05-24,0,381395.0
CAND-01542,2024-02-07,2024-03-08,0,624925.0
CAND-01542,2024-02-07,2024-04-07,0,579098.0
CAND-01542,2024-02-07,2024-05-07,0,533270.0
CAND-01542,2024-02-07,2024-06-06,0,464528.0
CAND-01542,2024-02-07,2024-07-06,0,421564.0
CAND-01543,2024-09-14,2024-10-14,0,425502.0
CAND-01543,2024-09-14,2024-11-13,0,399894.0
CAND-01543,2024-09-14,2024-12-13,0,369163.0
CAND-01543,2024-09-14,2025-01-12,0,336237.0
CAND-01543,2024-09-14,2025-02-11,0,309122.0
CAND-01543,2024-09-14,2025-03-13,0,276196.0
CAND-01544,2024-02-16,2024-03-17,0,250338.0
CAND-01544,2024-02-16,2024-04-16,0,229476.0
CAND-01544,2024-02-16,2024-05-16,0,210105.0
CAND-01544,2024-02-16,2024-06-15,0,182985.0
CAND-01544,2024-02-16,2024-07-15,0,164905.0
CAND-01544,2024-02-16,2024-08-14,30,158598.0
CAND-01545,2024-10-21,2024-11-20,0,491650.0
CAND-01545,2024-10-21,2024-12-20,0,447753.0
CAND-01545,2024-10-21,2025-01-19,0,418488.0
CAND-01545,2024-10-21,2025-02-18,0,380862.0
CAND-01545,2024-10-21,2025-03-20,0,328185.0
CAND-01546,2024-05-13,2024-06-12,0,677405.0
CAND-01546,2024-05-13,2024-07-12,0,604019.0
CAND-01546,2024-05-13,2024-08-11,0,537305.0
CAND-01546,2024-05-13,2024-09-10,0,494137.0
CAND-01547,2024-02-22,2024-03-23,0,692919.0
CAND-01547,2024-02-22,2024-04-22,0,646518.0
CAND-01547,2024-02-22,2024-05-22,0,593488.0
CAND-01548,2024-08-18,2024-09-17,0,1668982.0
CAND-01548,2024-08-18,2024-10-17,0,1490958.0
CAND-01548,2024-08-18,2024-11-16,0,1392055.0
CAND-01548,2024-08-18,2024-12-16,0,1280790.0
CAND-01548,2024-08-18,2025-01-15,0,1162106.0
CAND-01549,2024-04-12,2024-05-12,0,617879.0
CAND-01549,2024-04-12,2024-06-11,0,567554.0
CAND-01549,2024-04-12,2024-07-11,30,552685.0
CAND-01549,2024-04-12,2024-08-10,60,539857.0
CAND-01550,2024-04-13,2024-05-13,0,512619.0
CAND-01550,2024-04-13,2024-06-12,0,467388.0
CAND-01550,2024-04-13,2024-07-12,0,425636.0
CAND-01551,2024-10-01,2024-10-31,30,517663.0
CAND-01551,2024-10-01,2024-11-30,60,508713.0
CAND-01551,2024-10-01,2024-12-30,90,496713.0
CAND-01551,2024-10-01,2025-01-29,109,481627.0
CAND-01551,2024-10-01,2025-02-28,109,468088.0
CAND-01552,2024-03-07,2024-04-06,0,529430.0
CAND-01552,2024-03-07,2024-05-06,0,478469.0
CAND-01552,2024-03-07,2024-06-05,0,438428.0
CAND-01552,2024-03-07,2024-07-05,0,387467.0
CAND-01552,2024-03-07,2024-08-04,0,340752.0
CAND-01553,2024-01-18,2024-02-17,0,569421.0
CAND-01553,2024-01-18,2024-03-18,0,531459.0
CAND-01553,2024-01-18,2024-04-17,0,497716.0
CAND-01553,2024-01-18,2024-05-17,0,454331.0
CAND-01553,2024-01-18,2024-06-16,0,418603.0
CAND-01553,2024-01-18,2024-07-16,0,367988.0
CAND-01554,2024-08-29,2024-09-28,0,1318600.0
CAND-01554,2024-08-29,2024-10-28,0,1201849.0
CAND-01554,2024-08-29,2024-11-27,0,1094078.0
CAND-01554,2024-08-29,2024-12-27,0,1000678.0
CAND-01554,2024-08-29,2025-01-26,30,966507.0
CAND-01555,2024-03-08,2024-04-07,0,356146.0
CAND-01555,2024-03-08,2024-05-07,0,335196.0
CAND-01555,2024-03-08,2024-06-06,0,314247.0
CAND-01556,2024-09-18,2024-10-18,0,134747.0
CAND-01556,2024-09-18,2024-11-17,0,125235.0
CAND-01556,2024-09-18,2024-12-17,0,116318.0
CAND-01556,2024-09-18,2025-01-16,0,108392.0
CAND-01557,2024-04-27,2024-05-27,0,903928.0
CAND-01557,2024-04-27,2024-06-26,0,843666.0
CAND-01557,2024-04-27,2024-07-26,0,747247.0
CAND-01557,2024-04-27,2024-08-25,0,678377.0
CAND-01557,2024-04-27,2024-09-24,0,614097.0
CAND-01557,2024-04-27,2024-10-24,0,549818.0
CAND-01558,2024-06-07,2024-07-07,0,356315.0
CAND-01558,2024-06-07,2024-08-06,0,332560.0
CAND-01558,2024-06-07,2024-09-05,0,298009.0
CAND-01558,2024-06-07,2024-10-05,30,285340.0
CAND-01559,2024-05-02,2024-06-01,0,417334.0
CAND-01559,2024-05-02,2024-07-01,0,392493.0
CAND-01559,2024-05-02,2024-07-31,0,366190.0
CAND-01559,2024-05-02,2024-08-30,0,341349.0
CAND-01560,2024-01-18,2024-02-17,0,685276.0
CAND-01560,2024-01-18,2024-03-18,30,664777.0
CAND-01560,2024-01-18,2024-04-17,0,597687.0
CAND-01560,2024-01-18,2024-05-17,0,536188.0
CAND-01560,2024-01-18,2024-06-16,0,462389.0
CAND-01561,2024-07-07,2024-08-06,0,1048613.0
CAND-01561,2024-07-07,2024-09-05,0,955403.0
CAND-01561,2024-07-07,2024-10-05,0,853720.0
CAND-01561,2024-07-07,2024-11-04,0,752036.0
CAND-01561,2024-07-07,2024-12-04,0,640184.0
CAND-01561,2024-07-07,2025-01-03,0,570276.0
CAND-01562,2024-06-22,2024-07-22,0,1900353.0
CAND-01562,2024-06-22,2024-08-21,0,1764614.0
CAND-01562,2024-06-22,2024-09-20,0,1594940.0
CAND-01562,2024-06-22,2024-10-20,30,1554218.0
CAND-01562,2024-06-22,2024-11-19,60,1508971.0
CAND-01562,2024-06-22,2024-12-19,90,1459310.0
CAND-01563,2024-10-04,2024-11-03,0,1308707.0
CAND-01563,2024-10-04,2024-12-03,0,1190560.0
CAND-01563,2024-10-04,2025-01-02,0,1089291.0
CAND-01563,2024-10-04,2025-02-01,0,1010526.0
CAND-01563,2024-10-04,2025-03-03,0,916008.0
CAND-01563,2024-10-04,2025-04-02,0,827398.0
CAND-01564,2024-05-20,2024-06-19,30,441227.0
CAND-01564,2024-05-20,2024-07-19,60,432188.0
CAND-01564,2024-05-20,2024-08-18,90,424527.0
CAND-01564,2024-05-20,2024-09-17,96,415664.0
CAND-01565,2024-10-03,2024-11-02,0,292381.0
CAND-01565,2024-10-03,2024-12-02,30,286628.0
CAND-01565,2024-10-03,2025-01-01,0,269370.0
CAND-01565,2024-10-03,2025-01-31,0,238304.0
CAND-01565,2024-10-03,2025-03-02,0,220030.0
CAND-01566,2024-01-25,2024-02-24,0,701147.0
CAND-01566,2024-01-25,2024-03-25,0,643360.0
CAND-01566,2024-01-25,2024-04-24,0,599170.0
CAND-01567,2024-07-08,2024-08-07,0,718205.0
CAND-01567,2024-07-08,2024-09-06,0,671264.0
CAND-01567,2024-07-08,2024-10-06,0,591463.0
CAND-01568,2024-07-26,2024-08-25,0,592534.0
CAND-01568,2024-07-26,2024-09-24,0,551386.0
CAND-01568,2024-07-26,2024-10-24,0,514810.0
CAND-01568,2024-07-26,2024-11-23,0,459945.0
CAND-01569,2024-03-31,2024-04-30,0,740918.0
CAND-01569,2024-03-31,2024-05-30,0,667438.0
CAND-01569,2024-03-31,2024-06-29,0,622534.0
CAND-01569,2024-03-31,2024-07-29,30,597276.0
CAND-01569,2024-03-31,2024-08-28,60,581427.0
CAND-01570,2024-10-11,2024-11-10,0,485802.0
CAND-01570,2024-10-11,2024-12-10,0,434186.0
CAND-01570,2024-10-11,2025-01-09,0,387262.0
CAND-01571,2024-08-23,2024-09-22,0,685568.0
CAND-01571,2024-08-23,2024-10-22,0,622724.0
CAND-01571,2024-08-23,2024-11-21,30,609722.0
CAND-01571,2024-08-23,2024-12-21,60,587542.0
CAND-01571,2024-08-23,2025-01-20,90,568206.0
CAND-01571,2024-08-23,2025-02-19,90,550668.0
CAND-01572,2024-02-29,2024-03-30,0,637677.0
CAND-01572,2024-02-29,2024-04-29,0,595165.0
CAND-01572,2024-02-29,2024-05-29,0,546580.0
CAND-01572,2024-02-29,2024-06-28,0,506569.0
CAND-01573,2024-09-09,2024-10-09,0,361246.0
CAND-01573,2024-09-09,2024-11-08,30,353218.0
CAND-01573,2024-09-09,2024-12-08,0,329607.0
CAND-01573,2024-09-09,2025-01-07,0,298731.0
CAND-01573,2024-09-09,2025-02-06,0,276432.0
CAND-01573,2024-09-09,2025-03-08,30,268713.0
CAND-01574,2024-02-26,2024-03-27,0,487778.0
CAND-01574,2024-02-26,2024-04-26,0,456476.0
CAND-01574,2024-02-26,2024-05-26,0,415544.0
CAND-01574,2024-02-26,2024-06-25,0,374612.0
CAND-01575,2024-04-07,2024-05-07,0,717797.0
CAND-01575,2024-04-07,2024-06-06,0,672055.0
CAND-01575,2024-04-07,2024-07-06,0,616511.0
CAND-01575,2024-04-07,2024-08-05,0,573310.0
CAND-01576,2024-08-01,2024-08-31,0,918856.0
CAND-01576,2024-08-01,2024-09-30,30,889374.0
CAND-01576,2024-08-01,2024-10-30,60,864314.0
CAND-01576,2024-08-01,2024-11-29,90,843857.0
CAND-01577,2024-02-13,2024-03-14,0,308212.0
CAND-01577,2024-02-13,2024-04-13,0,281869.0
CAND-01577,2024-02-13,2024-05-13,0,259039.0
CAND-01578,2024-06-03,2024-07-03,0,480920.0
CAND-01578,2024-06-03,2024-08-02,0,433837.0
CAND-01578,2024-06-03,2024-09-01,0,386754.0
CAND-01578,2024-06-03,2024-10-01,0,354384.0
CAND-01578,2024-06-03,2024-10-31,0,322015.0
CAND-01578,2024-06-03,2024-11-30,0,278855.0
CAND-01579,2024-06-06,2024-07-06,30,256608.0
CAND-01579,2024-06-06,2024-08-05,0,230505.0
CAND-01579,2024-06-06,2024-09-04,0,210425.0
CAND-01580,2024-09-13,2024-10-13,0,1839318.0
CAND-01580,2024-09-13,2024-11-12,0,1655386.0
CAND-01580,2024-09-13,2024-12-12,0,1510869.0
CAND-01581,2024-06-11,2024-07-11,0,1167991.0
CAND-01581,2024-06-11,2024-08-10,0,1043892.0
CAND-01581,2024-06-11,2024-09-09,0,970892.0
CAND-01582,2024-04-30,2024-05-30,0,1117301.0
CAND-01582,2024-04-30,2024-06-29,0,996976.0
CAND-01582,2024-04-30,2024-07-29,0,926197.0
CAND-01582,2024-04-30,2024-08-28,0,816811.0
CAND-01583,2024-03-05,2024-04-04,0,501766.0
CAND-01583,2024-03-05,2024-05-04,0,467270.0
CAND-01583,2024-03-05,2024-06-03,0,417093.0
CAND-01583,2024-03-05,2024-07-03,0,377669.0
CAND-01584,2024-04-30,2024-05-30,0,281192.0
CAND-01584,2024-04-30,2024-06-29,0,252788.0
CAND-01584,2024-04-30,2024-07-29,30,245168.0
CAND-01584,2024-04-30,2024-08-28,0,221134.0
CAND-01585,2024-08-29,2024-09-28,0,796766.0
CAND-01585,2024-08-29,2024-10-28,0,741435.0
CAND-01585,2024-08-29,2024-11-27,30,719302.0
CAND-01585,2024-08-29,2024-12-27,0,667226.0
CAND-01586,2024-06-18,2024-07-18,0,668819.0
CAND-01586,2024-06-18,2024-08-17,0,626854.0
CAND-01586,2024-06-18,2024-09-16,0,555513.0
CAND-01587,2024-02-22,2024-03-23,0,616731.0
CAND-01587,2024-02-22,2024-04-22,0,579833.0
CAND-01587,2024-02-22,2024-05-22,0,538322.0
CAND-01588,2024-09-26,2024-10-26,0,777972.0
CAND-01588,2024-09-26,2024-11-25,0,712688.0
CAND-01588,2024-09-26,2024-12-25,0,635534.0
CAND-01588,2024-09-26,2025-01-24,0,574912.0
CAND-01589,2024-09-23,2024-10-23,0,485883.0
CAND-01589,2024-09-23,2024-11-22,0,453729.0
CAND-01589,2024-09-23,2024-12-22,0,423466.0
CAND-01590,2024-03-24,2024-04-23,0,1855738.0
CAND-01590,2024-03-24,2024-05-23,0,1697128.0
CAND-01590,2024-03-24,2024-06-22,0,1525300.0
CAND-01591,2024-07-28,2024-08-27,0,1557275.0
CAND-01591,2024-07-28,2024-09-26,0,1446535.0
CAND-01591,2024-07-28,2024-10-26,0,1318759.0
CAND-01591,2024-07-28,2024-11-25,30,1263389.0
CAND-01591,2024-07-28,2024-12-25,0,1152649.0
CAND-01592,2024-07-30,2024-08-29,0,402095.0
CAND-01592,2024-07-30,2024-09-28,0,372608.0
CAND-01592,2024-07-30,2024-10-28,0,338585.0
CAND-01592,2024-07-30,2024-11-27,0,309098.0
CAND-01592,2024-07-30,2024-12-27,0,279611.0
CAND-01593,2024-03-21,2024-04-20,0,607461.0
CAND-01593,2024-03-21,2024-05-20,0,566574.0
CAND-01593,2024-03-21,2024-06-19,0,528093.0
CAND-01593,2024-03-21,2024-07-19,0,473577.0
CAND-01594,2024-08-11,2024-09-10,0,271239.0
CAND-01594,2024-08-11,2024-10-10,0,254345.0
CAND-01594,2024-08-11,2024-11-09,0,235199.0
CAND-01594,2024-08-11,2024-12-09,0,211266.0
CAND-01594,2024-08-11,2025-01-08,30,205023.0
CAND-01594,2024-08-11,2025-02-07,0,182931.0
CAND-01595,2024-05-04,2024-06-03,0,499214.0
CAND-01595,2024-05-04,2024-07-03,0,458413.0
CAND-01595,2024-05-04,2024-08-02,0,414212.0
CAND-01595,2024-05-04,2024-09-01,0,381061.0
CAND-01595,2024-05-04,2024-10-01,0,345700.0
CAND-01595,2024-05-04,2024-10-31,0,304899.0
CAND-01596,2024-08-21,2024-09-20,0,233546.0
CAND-01596,2024-08-21,2024-10-20,0,208635.0
CAND-01596,2024-08-21,2024-11-19,0,192027.0
CAND-01597,2024-08-27,2024-09-26,0,522946.0
CAND-01597,2024-08-27,2024-10-26,30,508699.0
CAND-01597,2024-08-27,2024-11-25,60,492357.0
CAND-01598,2024-10-01,2024-10-31,0,673984.0
CAND-01598,2024-10-01,2024-11-30,0,616954.0
CAND-01598,2024-10-01,2024-12-30,0,549556.0
CAND-01598,2024-10-01,2025-01-29,0,508368.0
CAND-01598,2024-10-01,2025-02-28,0,434230.0
CAND-01598,2024-10-01,2025-03-30,0,387893.0
CAND-01599,2024-05-19,2024-06-18,0,930597.0
CAND-01599,2024-05-19,2024-07-18,0,871645.0
CAND-01599,2024-05-19,2024-08-17,0,809009.0
CAND-01599,2024-05-19,2024-09-16,0,717901.0
CAND-01600,2024-08-15,2024-09-14,0,293231.0
CAND-01600,2024-08-15,2024-10-14,0,272868.0
CAND-01600,2024-08-15,2024-11-13,0,240286.0
CAND-01600,2024-08-15,2024-12-13,0,213135.0
CAND-01601,2024-06-10,2024-07-10,0,445389.0
CAND-01601,2024-06-10,2024-08-09,0,397424.0
CAND-01601,2024-06-10,2024-09-08,30,381436.0
CAND-01601,2024-06-10,2024-10-08,60,365963.0
CAND-01602,2024-06-21,2024-07-21,0,653627.0
CAND-01602,2024-06-21,2024-08-20,0,583907.0
CAND-01602,2024-06-21,2024-09-19,0,534107.0
CAND-01603,2024-08-27,2024-09-26,0,1344031.0
CAND-01603,2024-08-27,2024-10-26,0,1213119.0
CAND-01603,2024-08-27,2024-11-25,30,1178832.0
CAND-01603,2024-08-27,2024-12-25,0,1098830.0
CAND-01604,2024-02-20,2024-03-21,0,709423.0
CAND-01604,2024-02-20,2024-04-20,30,696251.0
CAND-01604,2024-02-20,2024-05-20,0,641680.0
CAND-01604,2024-02-20,2024-06-19,30,622580.0
CAND-01605,2024-09-28,2024-10-28,0,577003.0
CAND-01605,2024-09-28,2024-11-27,0,524913.0
CAND-01605,2024-09-28,2024-12-27,0,490186.0
CAND-01605,2024-09-28,2025-01-26,30,476295.0
CAND-01605,2024-09-28,2025-02-25,60,458435.0
CAND-01606,2024-02-25,2024-03-26,30,546093.0
CAND-01606,2024-02-25,2024-04-25,0,513386.0
CAND-01606,2024-02-25,2024-05-25,0,482496.0
CAND-01606,2024-02-25,2024-06-24,0,451606.0
CAND-01606,2024-02-25,2024-07-24,0,416854.0
CAND-01606,2024-02-25,2024-08-23,0,379786.0
CAND-01607,2024-06-12,2024-07-12,0,1366063.0
CAND-01607,2024-06-12,2024-08-11,0,1217038.0
CAND-01607,2024-06-12,2024-09-10,0,1123898.0
CAND-01607,2024-06-12,2024-10-10,0,1017451.0
CAND-01607,2024-06-12,2024-11-09,0,881974.0
CAND-01608,2024-03-04,2024-04-03,0,238730.0
CAND-01608,2024-03-04,2024-05-03,0,217306.0
CAND-01608,2024-03-04,2024-06-02,0,201237.0
CAND-01608,2024-03-04,2024-07-02,0,184098.0
CAND-01608,2024-03-04,2024-08-01,0,162673.0
CAND-01608,2024-03-04,2024-08-31,0,142897.0
CAND-01609,2024-07-25,2024-08-24,0,462075.0
CAND-01609,2024-07-25,2024-09-23,0,426869.0
CAND-01609,2024-07-25,2024-10-23,0,388955.0
CAND-01609,2024-07-25,2024-11-22,0,351042.0
CAND-01609,2024-07-25,2024-12-22,0,313128.0
CAND-01610,2024-09-21,2024-10-21,30,327239.0
CAND-01610,2024-09-21,2024-11-20,0,303294.0
CAND-01610,2024-09-21,2024-12-20,0,280946.0
CAND-01610,2024-09-21,2025-01-19,0,259995.0
CAND-01610,2024-09-21,2025-02-18,0,239044.0
CAND-01611,2024-05-02,2024-06-01,0,452691.0
CAND-01611,2024-05-02,2024-07-01,0,415547.0
CAND-01611,2024-05-02,2024-07-31,0,378403.0
CAND-01612,2024-09-02,2024-10-02,0,440292.0
CAND-01612,2024-09-02,2024-11-01,0,396626.0
CAND-01612,2024-09-02,2024-12-01,0,364605.0
CAND-01612,2024-09-02,2024-12-31,0,320940.0
CAND-01613,2024-09-28,2024-10-28,0,1585759.0
CAND-01613,2024-09-28,2024-11-27,0,1479570.0
CAND-01613,2024-09-28,2024-12-27,30,1443421.0
CAND-01613,2024-09-28,2025-01-26,0,1273518.0
CAND-01613,2024-09-28,2025-02-25,0,1173575.0
CAND-01613,2024-09-28,2025-03-27,0,1019118.0
CAND-01614,2024-03-22,2024-04-21,0,378128.0
CAND-01614,2024-03-22,2024-05-21,0,352346.0
CAND-01614,2024-03-22,2024-06-20,0,311096.0
CAND-01614,2024-03-22,2024-07-20,0,286831.0
CAND-01614,2024-03-22,2024-08-19,0,259331.0
CAND-01614,2024-03-22,2024-09-18,0,229866.0
CAND-01615,2024-07-25,2024-08-24,0,717908.0
CAND-01615,2024-07-25,2024-09-23,0,668054.0
CAND-01615,2024-07-25,2024-10-23,0,601581.0
CAND-01615,2024-07-25,2024-11-22,30,584240.0
CAND-01616,2024-10-04,2024-11-03,0,249422.0
CAND-01616,2024-10-04,2024-12-03,0,234026.0
CAND-01616,2024-10-04,2025-01-02,0,218630.0
CAND-01616,2024-10-04,2025-02-01,0,200154.0
CAND-01616,2024-10-04,2025-03-03,0,177059.0
CAND-01616,2024-10-04,2025-04-02,30,167821.0
CAND-01617,2024-09-14,2024-10-14,0,609645.0
CAND-01617,2024-09-14,2024-11-13,30,590887.0
CAND-01617,2024-09-14,2024-12-13,0,549853.0
CAND-01617,2024-09-14,2025-01-12,0,508819.0
CAND-01618,2024-04-22,2024-05-22,0,1572360.0
CAND-01618,2024-04-22,2024-06-21,0,1468307.0
CAND-01618,2024-04-22,2024-07-21,0,1301822.0
CAND-01618,2024-04-22,2024-08-20,0,1197769.0
CAND-01618,2024-04-22,2024-09-19,0,1086778.0
CAND-01618,2024-04-22,2024-10-19,0,958713.0
CAND-01619,2024-06-27,2024-07-27,0,819303.0
CAND-01619,2024-06-27,2024-08-26,0,743442.0
CAND-01619,2024-06-27,2024-09-25,0,678418.0
CAND-01619,2024-06-27,2024-10-25,0,602556.0
CAND-01619,2024-06-27,2024-11-24,0,526695.0
CAND-01620,2024-06-08,2024-07-08,0,2055564.0
CAND-01620,2024-06-08,2024-08-07,0,1857703.0
CAND-01620,2024-06-08,2024-09-06,0,1640055.0
CAND-01620,2024-06-08,2024-10-06,0,1512026.0
CAND-01620,2024-06-08,2024-11-05,30,1448012.0
CAND-01621,2024-09-25,2024-10-25,0,364936.0
CAND-01621,2024-09-25,2024-11-24,0,342635.0
CAND-01621,2024-09-25,2024-12-24,0,313961.0
CAND-01621,2024-09-25,2025-01-23,0,287199.0
CAND-01621,2024-09-25,2025-02-22,0,250705.0
CAND-01621,2024-09-25,2025-03-24,0,210562.0
CAND-01622,2024-02-20,2024-03-21,0,1387346.0
CAND-01622,2024-02-20,2024-04-20,0,1288250.0
CAND-01622,2024-02-20,2024-05-20,0,1173908.0
CAND-01622,2024-02-20,2024-06-19,0,1074812.0
CAND-01622,2024-02-20,2024-07-19,30,1045083.0
CAND-01623,2024-04-10,2024-05-10,0,1174719.0
CAND-01623,2024-04-10,2024-06-09,0,1084356.0
CAND-01623,2024-04-10,2024-07-09,30,1042187.0
CAND-01623,2024-04-10,2024-08-08,60,1012066.0
CAND-01623,2024-04-10,2024-09-07,90,978774.0
CAND-01624,2024-08-02,2024-09-01,0,417186.0
CAND-01624,2024-08-02,2024-10-01,0,392226.0
CAND-01624,2024-08-02,2024-10-31,0,367266.0
CAND-01624,2024-08-02,2024-11-30,0,322338.0
CAND-01624,2024-08-02,2024-12-30,0,292387.0
CAND-01624,2024-08-02,2025-01-29,0,260295.0
CAND-01625,2024-03-25,2024-04-24,0,724063.0
CAND-01625,2024-03-25,2024-05-24,0,668366.0
CAND-01625,2024-03-25,2024-06-23,0,590390.0
CAND-01626,2024-04-22,2024-05-22,0,612074.0
CAND-01626,2024-04-22,2024-06-21,0,568719.0
CAND-01626,2024-04-22,2024-07-21,0,528074.0
CAND-01626,2024-04-22,2024-08-20,0,487428.0
CAND-01626,2024-04-22,2024-09-19,0,433234.0
CAND-01627,2024-07-29,2024-08-28,0,457624.0
CAND-01627,2024-07-29,2024-09-27,0,423726.0
CAND-01627,2024-07-29,2024-10-27,0,384613.0
CAND-01627,2024-07-29,2024-11-26,0,333766.0
CAND-01628,2024-05-13,2024-06-12,30,399517.0
CAND-01628,2024-05-13,2024-07-12,0,368170.0
CAND-01628,2024-05-13,2024-08-11,0,342701.0
CAND-01629,2024-07-22,2024-08-21,0,1279858.0
CAND-01629,2024-07-22,2024-09-20,0,1194534.0
CAND-01629,2024-07-22,2024-10-20,30,1160405.0
CAND-01629,2024-07-22,2024-11-19,0,1055391.0
CAND-01630,2024-07-14,2024-08-13,0,593016.0
CAND-01630,2024-07-14,2024-09-12,0,534204.0
CAND-01630,2024-07-14,2024-10-12,0,498264.0
CAND-01630,2024-07-14,2024-11-11,30,484786.0
CAND-01631,2024-04-10,2024-05-10,0,614110.0
CAND-01631,2024-04-10,2024-06-09,30,592319.0
CAND-01631,2024-04-10,2024-07-09,60,573555.0
CAND-01631,2024-04-10,2024-08-08,90,553084.0
CAND-01631,2024-04-10,2024-09-07,106,538399.0
CAND-01632,2024-02-11,2024-03-12,0,422411.0
CAND-01632,2024-02-11,2024-04-11,0,383690.0
CAND-01632,2024-02-11,2024-05-11,0,354649.0
CAND-01632,2024-02-11,2024-06-10,0,308184.0
CAND-01632,2024-02-11,2024-07-10,0,277207.0
CAND-01632,2024-02-11,2024-08-09,0,248166.0
CAND-01634,2024-01-11,2024-02-10,0,578118.0
CAND-01634,2024-01-11,2024-03-11,0,526236.0
CAND-01634,2024-01-11,2024-04-10,0,481765.0
CAND-01634,2024-01-11,2024-05-10,0,440259.0
CAND-01634,2024-01-11,2024-06-09,0,392368.0
CAND-01634,2024-01-11,2024-07-09,30,378533.0
CAND-01635,2024-04-23,2024-05-23,0,333823.0
CAND-01635,2024-04-23,2024-06-22,0,311568.0
CAND-01635,2024-04-23,2024-07-22,0,279198.0
CAND-01635,2024-04-23,2024-08-21,0,258252.0
CAND-01635,2024-04-23,2024-09-20,0,235997.0
CAND-01635,2024-04-23,2024-10-20,0,206324.0
CAND-01636,2024-01-12,2024-02-11,0,620115.0
CAND-01636,2024-01-12,2024-03-12,30,604792.0
CAND-01636,2024-01-12,2024-04-11,0,566035.0
CAND-01636,2024-01-12,2024-05-11,0,529431.0
CAND-01637,2024-06-09,2024-07-09,0,813389.0
CAND-01637,2024-06-09,2024-08-08,0,727265.0
CAND-01637,2024-06-09,2024-09-07,0,679419.0
CAND-01637,2024-06-09,2024-10-07,0,628758.0
CAND-01637,2024-06-09,2024-11-06,0,556988.0
CAND-01637,2024-06-09,2024-12-06,0,470865.0
CAND-01639,2024-03-17,2024-04-16,0,497948.0
CAND-01639,2024-03-17,2024-05-16,0,459417.0
CAND-01639,2024-03-17,2024-06-15,30,445221.0
CAND-01639,2024-03-17,2024-07-15,60,428874.0
CAND-01639,2024-03-17,2024-08-14,90,413889.0
CAND-01639,2024-03-17,2024-09-13,108,400057.0
CAND-01640,2024-06-03,2024-07-03,0,367034.0
CAND-01640,2024-06-03,2024-08-02,0,328171.0
CAND-01640,2024-06-03,2024-09-01,0,302263.0
CAND-01641,2024-04-18,2024-05-18,0,899947.0
CAND-01641,2024-04-18,2024-06-17,0,837451.0
CAND-01641,2024-04-18,2024-07-17,0,778631.0
CAND-01641,2024-04-18,2024-08-16,0,711968.0
CAND-01642,2024-05-04,2024-06-03,0,609280.0
CAND-01642,2024-05-04,2024-07-03,0,559065.0
CAND-01642,2024-05-04,2024-08-02,0,515545.0
CAND-01643,2024-02-22,2024-03-23,30,1348241.0
CAND-01643,2024-02-22,2024-04-22,60,1324291.0
CAND-01643,2024-02-22,2024-05-22,90,1277988.0
CAND-01643,2024-02-22,2024-06-21,94,1249639.0
CAND-01643,2024-02-22,2024-07-21,94,1225269.0
CAND-01644,2024-05-17,2024-06-16,30,179593.0
CAND-01644,2024-05-17,2024-07-16,60,173629.0
CAND-01644,2024-05-17,2024-08-15,90,168633.0
CAND-01645,2024-06-20,2024-07-20,0,744507.0
CAND-01645,2024-06-20,2024-08-19,0,694652.0
CAND-01645,2024-06-20,2024-09-18,0,614883.0
CAND-01646,2024-07-07,2024-08-06,0,608136.0
CAND-01646,2024-07-07,2024-09-05,0,543268.0
CAND-01646,2024-07-07,2024-10-05,0,507230.0
CAND-01646,2024-07-07,2024-11-04,30,491409.0
CAND-01647,2024-05-28,2024-06-27,0,1237446.0
CAND-01647,2024-05-28,2024-07-27,0,1118334.0
CAND-01647,2024-05-28,2024-08-26,0,999221.0
CAND-01647,2024-05-28,2024-09-25,0,911872.0
CAND-01647,2024-05-28,2024-10-25,0,780848.0
CAND-01647,2024-05-28,2024-11-24,0,698959.0
CAND-01648,2024-07-31,2024-08-30,0,223936.0
CAND-01648,2024-07-31,2024-09-29,0,204796.0
CAND-01648,2024-07-31,2024-10-29,0,190973.0
CAND-01648,2024-07-31,2024-11-28,0,176337.0
CAND-01648,2024-07-31,2024-12-28,0,155602.0
CAND-01649,2024-01-23,2024-02-22,0,226270.0
CAND-01649,2024-01-23,2024-03-23,0,205529.0
CAND-01649,2024-01-23,2024-04-22,0,180639.0
CAND-01650,2024-09-15,2024-10-15,0,1811502.0
CAND-01650,2024-09-15,2024-11-14,0,1686961.0
CAND-01650,2024-09-15,2024-12-14,0,1533680.0
CAND-01650,2024-09-15,2025-01-13,0,1380399.0
CAND-01650,2024-09-15,2025-02-12,0,1181134.0
CAND-01650,2024-09-15,2025-03-14,0,1063919.0
CAND-01651,2024-05-07,2024-06-06,0,434044.0
CAND-01651,2024-05-07,2024-07-06,30,424574.0
CAND-01651,2024-05-07,2024-08-05,60,412737.0
CAND-01652,2024-05-06,2024-06-05,30,765500.0
CAND-01652,2024-05-06,2024-07-05,0,709550.0
CAND-01652,2024-05-06,2024-08-04,0,657329.0
CAND-01652,2024-05-06,2024-09-03,0,578999.0
CAND-01652,2024-05-06,2024-10-03,0,523049.0
CAND-01652,2024-05-06,2024-11-02,0,479532.0
CAND-01653,2024-05-18,2024-06-17,0,1288419.0
CAND-01653,2024-05-18,2024-07-17,0,1147864.0
CAND-01653,2024-05-18,2024-08-16,0,1060017.0
CAND-01653,2024-05-18,2024-09-15,0,972171.0
CAND-01653,2024-05-18,2024-10-15,0,855042.0
CAND-01654,2024-06-09,2024-07-09,0,349662.0
CAND-01654,2024-06-09,2024-08-08,0,322188.0
CAND-01654,2024-06-09,2024-09-07,0,294715.0
CAND-01654,2024-06-09,2024-10-07,30,283402.0
CAND-01655,2024-03-11,2024-04-10,0,836671.0
CAND-01655,2024-03-11,2024-05-10,0,781111.0
CAND-01655,2024-03-11,2024-06-09,0,728819.0
CAND-01655,2024-03-11,2024-07-09,0,665322.0
CAND-01656,2024-06-28,2024-07-28,30,361502.0
CAND-01656,2024-06-28,2024-08-27,60,354816.0
CAND-01656,2024-06-28,2024-09-26,90,344000.0
CAND-01656,2024-06-28,2024-10-26,111,336496.0
CAND-01657,2024-07-16,2024-08-15,0,202997.0
CAND-01657,2024-07-16,2024-09-14,0,189563.0
CAND-01657,2024-07-16,2024-10-14,30,185858.0
CAND-01657,2024-07-16,2024-11-13,0,167946.0
CAND-01657,2024-07-16,2024-12-13,0,153617.0
CAND-01658,2024-03-12,2024-04-11,0,565062.0
CAND-01658,2024-03-12,2024-05-11,0,517249.0
CAND-01658,2024-03-12,2024-06-10,0,460743.0
CAND-01658,2024-03-12,2024-07-10,0,398586.0
CAND-01659,2024-06-23,2024-07-23,0,1144855.0
CAND-01659,2024-06-23,2024-08-22,0,1017649.0
CAND-01659,2024-06-23,2024-09-21,0,942822.0
CAND-01659,2024-06-23,2024-10-21,0,867995.0
CAND-01659,2024-06-23,2024-11-20,0,788491.0
CAND-01660,2024-09-06,2024-10-06,0,214402.0
CAND-01660,2024-09-06,2024-11-05,0,201640.0
CAND-01660,2024-09-06,2024-12-05,0,178668.0
CAND-01660,2024-09-06,2025-01-04,0,155696.0
CAND-01660,2024-09-06,2025-02-03,0,140382.0
CAND-01660,2024-09-06,2025-03-05,0,121239.0
CAND-01661,2024-03-12,2024-04-11,0,309816.0
CAND-01661,2024-03-12,2024-05-11,30,303066.0
CAND-01661,2024-03-12,2024-06-10,60,295243.0
CAND-01661,2024-03-12,2024-07-10,90,284138.0
CAND-01662,2024-01-28,2024-02-27,0,640585.0
CAND-01662,2024-01-28,2024-03-28,0,583644.0
CAND-01662,2024-01-28,2024-04-27,0,534838.0
CAND-01662,2024-01-28,2024-05-27,0,477897.0
CAND-01662,2024-01-28,2024-06-26,0,432344.0
CAND-01662,2024-01-28,2024-07-26,0,383538.0
CAND-01663,2024-04-14,2024-05-14,0,447043.0
CAND-01663,2024-04-14,2024-06-13,0,420297.0
CAND-01663,2024-04-14,2024-07-13,0,380178.0
CAND-01664,2024-02-11,2024-03-12,0,1329685.0
CAND-01664,2024-02-11,2024-04-11,0,1209644.0
CAND-01664,2024-02-11,2024-05-11,0,1106752.0
CAND-01664,2024-02-11,2024-06-10,0,975798.0
CAND-01664,2024-02-11,2024-07-10,0,844844.0
CAND-01665,2024-03-31,2024-04-30,0,1354269.0
CAND-01665,2024-03-31,2024-05-30,0,1234360.0
CAND-01665,2024-03-31,2024-06-29,0,1114451.0
CAND-01665,2024-03-31,2024-07-29,0,1024519.0
CAND-01665,2024-03-31,2024-08-28,0,921739.0
CAND-01666,2024-04-20,2024-05-20,0,2277883.0
CAND-01666,2024-04-20,2024-06-19,0,2089183.0
CAND-01666,2024-04-20,2024-07-19,0,1900482.0
CAND-01666,2024-04-20,2024-08-18,0,1747163.0
CAND-01667,2024-09-19,2024-10-19,0,851155.0
CAND-01667,2024-09-19,2024-11-18,0,780645.0
CAND-01667,2024-09-19,2024-12-18,0,726725.0
CAND-01668,2024-09-03,2024-10-03,0,334416.0
CAND-01668,2024-09-03,2024-11-02,0,311615.0
CAND-01668,2024-09-03,2024-12-02,0,275134.0
CAND-01668,2024-09-03,2025-01-01,0,250812.0
CAND-01668,2024-09-03,2025-01-31,0,222749.0
CAND-01668,2024-09-03,2025-03-02,0,189584.0
CAND-01669,2024-04-23,2024-05-23,0,687748.0
CAND-01669,2024-04-23,2024-06-22,0,640856.0
CAND-01669,2024-04-23,2024-07-22,0,587266.0
CAND-01669,2024-04-23,2024-08-21,0,524743.0
CAND-01670,2024-08-27,2024-09-26,0,301119.0
CAND-01670,2024-08-27,2024-10-26,0,274234.0
CAND-01670,2024-08-27,2024-11-25,0,256310.0
CAND-01671,2024-07-11,2024-08-10,0,651465.0
CAND-01671,2024-07-11,2024-09-09,0,599761.0
CAND-01671,2024-07-11,2024-10-09,0,559548.0
CAND-01672,2024-04-12,2024-05-12,0,467146.0
CAND-01672,2024-04-12,2024-06-11,0,436232.0
CAND-01672,2024-04-12,2024-07-11,30,427239.0
CAND-01672,2024-04-12,2024-08-10,60,418855.0
CAND-01674,2024-05-11,2024-06-10,0,382440.0
CAND-01674,2024-05-11,2024-07-10,0,351291.0
CAND-01674,2024-05-11,2024-08-09,0,314478.0
CAND-01675,2024-02-16,2024-03-17,0,727101.0
CAND-01675,2024-02-16,2024-04-16,0,661001.0
CAND-01675,2024-02-16,2024-05-16,0,616934.0
CAND-01675,2024-02-16,2024-06-15,0,560277.0
CAND-01675,2024-02-16,2024-07-15,0,510702.0
CAND-01675,2024-02-16,2024-08-14,0,466635.0
CAND-01676,2024-09-15,2024-10-15,0,361874.0
CAND-01676,2024-09-15,2024-11-14,0,331897.0
CAND-01676,2024-09-15,2024-12-14,0,307540.0
CAND-01676,2024-09-15,2025-01-13,0,277562.0
CAND-01676,2024-09-15,2025-02-12,0,238591.0
CAND-01677,2024-04-18,2024-05-18,0,221286.0
CAND-01677,2024-04-18,2024-06-17,0,199732.0
CAND-01677,2024-04-18,2024-07-17,0,181494.0
CAND-01678,2024-07-31,2024-08-30,0,447979.0
CAND-01678,2024-07-31,2024-09-29,0,417435.0
CAND-01678,2024-07-31,2024-10-29,0,379842.0
CAND-01678,2024-07-31,2024-11-28,0,349298.0
CAND-01678,2024-07-31,2024-12-28,0,320551.0
CAND-01678,2024-07-31,2025-01-27,0,282958.0
CAND-01679,2024-05-23,2024-06-22,0,834845.0
CAND-01679,2024-05-23,2024-07-22,0,758317.0
CAND-01679,2024-05-23,2024-08-21,0,707299.0
CAND-01679,2024-05-23,2024-09-20,0,646077.0
CAND-01679,2024-05-23,2024-10-20,0,569550.0
CAND-01679,2024-05-23,2024-11-19,0,486065.0
CAND-01680,2024-01-25,2024-02-24,30,271464.0
CAND-01680,2024-01-25,2024-03-25,60,263766.0
CAND-01680,2024-01-25,2024-04-24,90,258817.0
CAND-01680,2024-01-25,2024-05-24,95,250420.0
CAND-01682,2024-05-30,2024-06-29,0,265053.0
CAND-01682,2024-05-30,2024-07-29,0,239104.0
CAND-01682,2024-05-30,2024-08-28,0,215317.0
CAND-01682,2024-05-30,2024-09-27,0,193360.0
CAND-01683,2024-04-04,2024-05-04,0,498828.0
CAND-01683,2024-04-04,2024-06-03,30,485318.0
CAND-01683,2024-04-04,2024-07-03,0,436191.0
CAND-01683,2024-04-04,2024-08-02,0,382151.0
CAND-01683,2024-04-04,2024-09-01,30,372326.0
CAND-01683,2024-04-04,2024-10-01,0,338551.0
CAND-01684,2024-06-24,2024-07-24,0,719930.0
CAND-01684,2024-06-24,2024-08-23,0,639938.0
CAND-01684,2024-06-24,2024-09-22,0,573277.0
CAND-01685,2024-09-09,2024-10-09,0,531592.0
CAND-01685,2024-09-09,2024-11-08,0,500091.0
CAND-01685,2024-09-09,2024-12-08,0,443388.0
CAND-01685,2024-09-09,2025-01-07,0,396135.0
CAND-01686,2024-05-21,2024-06-20,0,963934.0
CAND-01686,2024-05-21,2024-07-20,0,895081.0
CAND-01686,2024-05-21,2024-08-19,0,834329.0
CAND-01686,2024-05-21,2024-09-18,0,769780.0
CAND-01687,2024-03-26,2024-04-25,0,834880.0
CAND-01687,2024-03-26,2024-05-25,30,818315.0
CAND-01687,2024-03-26,2024-06-24,0,741011.0
CAND-01687,2024-03-26,2024-07-24,0,669654.0
CAND-01687,2024-03-26,2024-08-23,0,585322.0
CAND-01688,2024-07-30,2024-08-29,30,261934.0
CAND-01688,2024-07-30,2024-09-28,0,246880.0
CAND-01688,2024-07-30,2024-10-28,0,228816.0
CAND-01688,2024-07-30,2024-11-27,0,206235.0
CAND-01689,2024-03-04,2024-04-03,30,1027274.0
CAND-01689,2024-03-04,2024-05-03,0,940083.0
CAND-01689,2024-03-04,2024-06-02,0,852891.0
CAND-01689,2024-03-04,2024-07-02,0,791344.0
CAND-01689,2024-03-04,2024-08-01,0,733217.0
CAND-01689,2024-03-04,2024-08-31,0,652732.0
CAND-01690,2024-06-09,2024-07-09,0,210358.0
CAND-01690,2024-06-09,2024-08-08,0,194776.0
CAND-01690,2024-06-09,2024-09-07,0,176797.0
CAND-01690,2024-06-09,2024-10-07,0,162188.0
CAND-01690,2024-06-09,2024-11-06,0,142711.0
CAND-01690,2024-06-09,2024-12-06,0,127129.0
CAND-01691,2024-05-24,2024-06-23,0,191169.0
CAND-01691,2024-05-24,2024-07-23,0,176376.0
CAND-01691,2024-05-24,2024-08-22,0,161584.0
CAND-01691,2024-05-24,2024-09-21,0,140874.0
CAND-01692,2024-06-28,2024-07-28,0,459141.0
CAND-01692,2024-06-28,2024-08-27,0,410357.0
CAND-01692,2024-06-28,2024-09-26,0,369704.0
CAND-01692,2024-06-28,2024-10-26,0,329051.0
CAND-01692,2024-06-28,2024-11-25,0,298561.0
CAND-01693,2024-04-11,2024-05-11,0,389541.0
CAND-01693,2024-04-11,2024-06-10,0,365933.0
CAND-01693,2024-04-11,2024-07-10,0,340935.0
CAND-01693,2024-04-11,2024-08-09,0,315938.0
CAND-01693,2024-04-11,2024-09-08,0,290941.0
CAND-01694,2024-06-23,2024-07-23,0,746601.0
CAND-01694,2024-06-23,2024-08-22,0,692999.0
CAND-01694,2024-06-23,2024-09-21,0,639397.0
CAND-01694,2024-06-23,2024-10-21,0,592101.0
CAND-01695,2024-08-23,2024-09-22,0,1625326.0
CAND-01695,2024-08-23,2024-10-22,0,1467719.0
CAND-01695,2024-08-23,2024-11-21,0,1352140.0
CAND-01695,2024-08-23,2024-12-21,0,1255824.0
CAND-01696,2024-07-04,2024-08-03,30,776916.0
CAND-01696,2024-07-04,2024-09-02,60,763103.0
CAND-01696,2024-07-04,2024-10-02,90,740847.0
CAND-01696,2024-07-04,2024-11-01,99,722638.0
CAND-01696,2024-07-04,2024-12-01,99,697601.0
CAND-01696,2024-07-04,2024-12-31,99,683787.0
CAND-01697,2024-04-18,2024-05-18,0,1621215.0
CAND-01697,2024-04-18,2024-06-17,0,1505414.0
CAND-01697,2024-04-18,2024-07-17,0,1408913.0
CAND-01697,2024-04-18,2024-08-16,0,1284840.0
CAND-01697,2024-04-18,2024-09-15,0,1151224.0
CAND-01697,2024-04-18,2024-10-15,0,977522.0
CAND-01698,2024-01-08,2024-02-07,0,222748.0
CAND-01698,2024-01-08,2024-03-08,0,208638.0
CAND-01698,2024-01-08,2024-04-07,0,191503.0
CAND-01699,2024-05-23,2024-06-22,0,497416.0
CAND-01699,2024-05-23,2024-07-22,0,457939.0
CAND-01699,2024-05-23,2024-08-21,0,421093.0
CAND-01699,2024-05-23,2024-09-20,0,378579.0
CAND-01700,2024-04-07,2024-05-07,0,122783.0
CAND-01700,2024-04-07,2024-06-06,0,115437.0
CAND-01700,2024-04-07,2024-07-06,0,108091.0
CAND-01700,2024-04-07,2024-08-05,0,100745.0
CAND-01700,2024-04-07,2024-09-04,0,91300.0
CAND-01700,2024-04-07,2024-10-04,0,81129.0
CAND-01701,2024-05-07,2024-06-06,0,1192924.0
CAND-01701,2024-05-07,2024-07-06,0,1094606.0
CAND-01701,2024-05-07,2024-08-05,0,1014723.0
CAND-01701,2024-05-07,2024-09-04,0,916405.0
CAND-01702,2024-02-27,2024-03-28,0,665134.0
CAND-01702,2024-02-27,2024-04-27,30,643050.0
CAND-01702,2024-02-27,2024-05-27,0,603788.0
CAND-01703,2024-02-11,2024-03-12,0,203435.0
CAND-01703,2024-02-11,2024-04-11,0,181735.0
CAND-01703,2024-02-11,2024-05-11,0,163652.0
CAND-01704,2024-06-27,2024-07-27,0,388435.0
CAND-01704,2024-06-27,2024-08-26,0,365196.0
CAND-01704,2024-06-27,2024-09-25,0,323364.0
CAND-01705,2024-10-14,2024-11-13,0,584482.0
CAND-01705,2024-10-14,2024-12-13,0,543893.0
CAND-01705,2024-10-14,2025-01-12,0,507813.0
CAND-01705,2024-10-14,2025-02-11,0,453695.0
CAND-01705,2024-10-14,2025-03-13,0,399576.0
CAND-01706,2024-06-05,2024-07-05,0,437652.0
CAND-01706,2024-06-05,2024-08-04,0,411468.0
CAND-01706,2024-06-05,2024-09-03,0,383744.0
CAND-01706,2024-06-05,2024-10-03,0,354286.0
CAND-01706,2024-06-05,2024-11-02,0,326562.0
CAND-01706,2024-06-05,2024-12-02,0,290306.0
CAND-01707,2024-09-30,2024-10-30,0,420100.0
CAND-01707,2024-09-30,2024-11-29,0,373422.0
CAND-01707,2024-09-30,2024-12-29,0,340081.0
CAND-01708,2024-05-07,2024-06-06,30,631308.0
CAND-01708,2024-05-07,2024-07-06,60,612924.0
CAND-01708,2024-05-07,2024-08-05,90,593999.0
CAND-01708,2024-05-07,2024-09-04,60,576609.0
CAND-01709,2024-03-20,2024-04-19,0,547194.0
CAND-01709,2024-03-20,2024-05-19,0,487002.0
CAND-01709,2024-03-20,2024-06-18,30,472322.0
CAND-01709,2024-03-20,2024-07-18,60,459236.0
CAND-01710,2024-01-25,2024-02-24,30,711814.0
CAND-01710,2024-01-25,2024-03-25,0,639362.0
CAND-01710,2024-01-25,2024-04-24,0,596742.0
CAND-01710,2024-01-25,2024-05-24,0,530877.0
CAND-01711,2024-02-13,2024-03-14,0,580440.0
CAND-01711,2024-02-13,2024-04-13,0,535791.0
CAND-01711,2024-02-13,2024-05-13,0,494118.0
CAND-01711,2024-02-13,2024-06-12,0,442027.0
CAND-01711,2024-02-13,2024-07-12,0,379518.0
CAND-01711,2024-02-13,2024-08-11,0,340450.0
CAND-01713,2024-09-21,2024-10-21,0,1729518.0
CAND-01713,2024-09-21,2024-11-20,0,1545036.0
CAND-01713,2024-09-21,2024-12-20,0,1377325.0
CAND-01714,2024-05-07,2024-06-06,0,341183.0
CAND-01714,2024-05-07,2024-07-06,0,304628.0
CAND-01714,2024-05-07,2024-08-05,0,271395.0
CAND-01715,2024-05-11,2024-06-10,0,388797.0
CAND-01715,2024-05-11,2024-07-10,0,364167.0
CAND-01715,2024-05-11,2024-08-09,0,322297.0
CAND-01715,2024-05-11,2024-09-08,0,284233.0
CAND-01716,2024-04-13,2024-05-13,30,394361.0
CAND-01716,2024-04-13,2024-06-12,60,387314.0
CAND-01716,2024-04-13,2024-07-12,90,376157.0
CAND-01716,2024-04-13,2024-08-11,119,368433.0
CAND-01717,2024-06-19,2024-07-19,0,280165.0
CAND-01717,2024-06-19,2024-08-18,0,259412.0
CAND-01717,2024-06-19,2024-09-17,0,241100.0
CAND-01717,2024-06-19,2024-10-17,30,233318.0
CAND-01717,2024-06-19,2024-11-16,0,212565.0
CAND-01717,2024-06-19,2024-12-16,0,181436.0
CAND-01718,2024-01-30,2024-02-29,0,200710.0
CAND-01718,2024-01-30,2024-03-30,0,185349.0
CAND-01718,2024-01-30,2024-04-29,30,181576.0
CAND-01718,2024-01-30,2024-05-29,60,175252.0
CAND-01719,2024-07-05,2024-08-04,0,923294.0
CAND-01719,2024-07-05,2024-09-03,0,864805.0
CAND-01719,2024-07-05,2024-10-03,0,802660.0
CAND-01719,2024-07-05,2024-11-02,0,712268.0
CAND-01720,2024-03-17,2024-04-16,0,316890.0
CAND-01720,2024-03-17,2024-05-16,0,296178.0
CAND-01720,2024-03-17,2024-06-15,0,276617.0
CAND-01721,2024-04-17,2024-05-17,0,326963.0
CAND-01721,2024-04-17,2024-06-16,0,294266.0
CAND-01721,2024-04-17,2024-07-16,0,261570.0
CAND-01721,2024-04-17,2024-08-15,0,237593.0
CAND-01721,2024-04-17,2024-09-14,0,211903.0
CAND-01722,2024-02-04,2024-03-05,0,487262.0
CAND-01722,2024-02-04,2024-04-04,0,452612.0
CAND-01722,2024-02-04,2024-05-04,0,422039.0
CAND-01722,2024-02-04,2024-06-03,0,370064.0
CAND-01723,2024-09-18,2024-10-18,0,670615.0
CAND-01723,2024-09-18,2024-11-17,0,619029.0
CAND-01723,2024-09-18,2024-12-17,0,558846.0
CAND-01723,2024-09-18,2025-01-16,0,516364.0
CAND-01724,2024-03-29,2024-04-28,0,560800.0
CAND-01724,2024-03-29,2024-05-28,0,523246.0
CAND-01724,2024-03-29,2024-06-27,0,489865.0
CAND-01724,2024-03-29,2024-07-27,0,449808.0
CAND-01725,2024-03-31,2024-04-30,0,403847.0
CAND-01725,2024-03-31,2024-05-30,0,374853.0
CAND-01725,2024-03-31,2024-06-29,0,341398.0
CAND-01725,2024-03-31,2024-07-29,0,297907.0
CAND-01725,2024-03-31,2024-08-28,30,283877.0
CAND-01726,2024-03-18,2024-04-17,0,762260.0
CAND-01726,2024-03-18,2024-05-17,0,713345.0
CAND-01726,2024-03-18,2024-06-16,0,667147.0
CAND-01726,2024-03-18,2024-07-16,0,615175.0
CAND-01726,2024-03-18,2024-08-15,0,559738.0
CAND-01726,2024-03-18,2024-09-14,0,513540.0
CAND-01727,2024-08-25,2024-09-24,0,288384.0
CAND-01727,2024-08-25,2024-10-24,0,262168.0
CAND-01727,2024-08-25,2024-11-23,0,230707.0
CAND-01728,2024-07-04,2024-08-03,0,324346.0
CAND-01728,2024-07-04,2024-09-02,0,297837.0
CAND-01728,2024-07-04,2024-10-02,30,291571.0
CAND-01728,2024-07-04,2024-11-01,0,262853.0
CAND-01728,2024-07-04,2024-12-01,0,236344.0
CAND-01728,2024-07-04,2024-12-31,0,217199.0
CAND-01729,2024-05-11,2024-06-10,0,866276.0
CAND-01729,2024-05-11,2024-07-10,0,807622.0
CAND-01729,2024-05-11,2024-08-09,0,735432.0
CAND-01729,2024-05-11,2024-09-08,30,719526.0
CAND-01729,2024-05-11,2024-10-08,0,641321.0
CAND-01730,2024-03-10,2024-04-09,0,508548.0
CAND-01730,2024-03-10,2024-05-09,0,476764.0
CAND-01730,2024-03-10,2024-06-08,0,431736.0
CAND-01730,2024-03-10,2024-07-08,0,401717.0
CAND-01731,2024-05-13,2024-06-12,0,360475.0
CAND-01731,2024-05-13,2024-07-12,0,331013.0
CAND-01731,2024-05-13,2024-08-11,0,292713.0
CAND-01732,2024-05-04,2024-06-03,0,476711.0
CAND-01732,2024-05-04,2024-07-03,0,423743.0
CAND-01732,2024-05-04,2024-08-02,0,375591.0
CAND-01732,2024-05-04,2024-09-01,0,342486.0
CAND-01732,2024-05-04,2024-10-01,0,301741.0
CAND-01733,2024-09-25,2024-10-25,0,982830.0
CAND-01733,2024-09-25,2024-11-24,0,907948.0
CAND-01733,2024-09-25,2024-12-24,0,842426.0
CAND-01733,2024-09-25,2025-01-23,0,761783.0
CAND-01734,2024-09-12,2024-10-12,0,843066.0
CAND-01734,2024-09-12,2024-11-11,0,793302.0
CAND-01734,2024-09-12,2024-12-11,0,737317.0
CAND-01734,2024-09-12,2025-01-10,0,684625.0
CAND-01735,2024-04-19,2024-05-19,0,310594.0
CAND-01735,2024-04-19,2024-06-18,0,277707.0
CAND-01735,2024-04-19,2024-07-18,0,252410.0
CAND-01735,2024-04-19,2024-08-17,0,234140.0
CAND-01735,2024-04-19,2024-09-16,0,214795.0
CAND-01735,2024-04-19,2024-10-16,0,192871.0
CAND-01736,2024-07-27,2024-08-26,0,396724.0
CAND-01736,2024-07-27,2024-09-25,0,358254.0
CAND-01736,2024-07-27,2024-10-25,0,334744.0
CAND-01737,2024-02-20,2024-03-21,0,2042712.0
CAND-01737,2024-02-20,2024-04-20,0,1846088.0
CAND-01737,2024-02-20,2024-05-20,0,1649463.0
CAND-01737,2024-02-20,2024-06-19,30,1599164.0
CAND-01737,2024-02-20,2024-07-19,0,1471936.0
CAND-01737,2024-02-20,2024-08-18,0,1255649.0
CAND-01738,2024-05-14,2024-06-13,30,728770.0
CAND-01738,2024-05-14,2024-07-13,60,714865.0
CAND-01738,2024-05-14,2024-08-12,90,698180.0
CAND-01738,2024-05-14,2024-09-11,60,683740.0
CAND-01738,2024-05-14,2024-10-11,90,667055.0
CAND-01739,2024-04-24,2024-05-24,0,310030.0
CAND-01739,2024-04-24,2024-06-23,0,280187.0
CAND-01739,2024-04-24,2024-07-23,0,254936.0
CAND-01739,2024-04-24,2024-08-22,0,229685.0
CAND-01739,2024-04-24,2024-09-21,0,207800.0
CAND-01739,2024-04-24,2024-10-21,0,187284.0
CAND-01740,2024-02-22,2024-03-23,0,568969.0
CAND-01740,2024-02-22,2024-04-22,0,514012.0
CAND-01740,2024-02-22,2024-05-22,0,467510.0
CAND-01741,2024-06-16,2024-07-16,0,1148313.0
CAND-01741,2024-06-16,2024-08-15,30,1113758.0
CAND-01741,2024-06-16,2024-09-14,60,1092673.0
CAND-01741,2024-06-16,2024-10-14,90,1060775.0
CAND-01741,2024-06-16,2024-11-13,60,1034858.0
CAND-01741,2024-06-16,2024-12-13,90,1010935.0
CAND-01742,2024-02-14,2024-03-15,0,162299.0
CAND-01742,2024-02-14,2024-04-14,0,152018.0
CAND-01742,2024-02-14,2024-05-14,0,141737.0
CAND-01742,2024-02-14,2024-06-13,0,131455.0
CAND-01742,2024-02-14,2024-07-13,0,118010.0
CAND-01743,2024-07-13,2024-08-12,0,255717.0
CAND-01743,2024-07-13,2024-09-11,0,239734.0
CAND-01743,2024-07-13,2024-10-11,0,224640.0
CAND-01744,2024-01-24,2024-02-23,0,1176293.0
CAND-01744,2024-01-24,2024-03-24,0,1099411.0
CAND-01744,2024-01-24,2024-04-23,0,1022529.0
CAND-01744,2024-01-24,2024-05-23,0,921991.0
CAND-01745,2024-09-30,2024-10-30,0,397133.0
CAND-01745,2024-09-30,2024-11-29,0,358774.0
CAND-01745,2024-09-30,2024-12-29,0,332402.0
CAND-01745,2024-09-30,2025-01-28,0,304271.0
CAND-01745,2024-09-30,2025-02-27,0,269108.0
CAND-01746,2024-05-09,2024-06-08,30,1256538.0
CAND-01746,2024-05-09,2024-07-08,60,1224484.0
CAND-01746,2024-05-09,2024-08-07,90,1190742.0
CAND-01746,2024-05-09,2024-09-06,105,1157866.0
CAND-01746,2024-05-09,2024-10-06,105,1126593.0
CAND-01746,2024-05-09,2024-11-05,105,1104861.0
CAND-01747,2024-10-23,2024-11-22,0,302973.0
CAND-01747,2024-10-23,2024-12-22,0,275922.0
CAND-01747,2024-10-23,2025-01-21,0,243460.0
CAND-01747,2024-10-23,2025-02-20,0,220274.0
CAND-01748,2024-05-09,2024-06-08,0,462094.0
CAND-01748,2024-05-09,2024-07-08,0,433570.0
CAND-01748,2024-05-09,2024-08-07,0,396896.0
CAND-01748,2024-05-09,2024-09-06,0,366693.0
CAND-01748,2024-05-09,2024-10-06,0,320017.0
CAND-01749,2024-02-26,2024-03-27,0,423776.0
CAND-01749,2024-02-26,2024-04-26,30,413503.0
CAND-01749,2024-02-26,2024-05-26,60,402227.0
CAND-01749,2024-02-26,2024-06-25,90,390951.0
CAND-01749,2024-02-26,2024-07-25,110,375541.0
CAND-01750,2024-03-03,2024-04-02,30,271716.0
CAND-01750,2024-03-03,2024-05-02,60,266652.0
CAND-01750,2024-03-03,2024-06-01,90,259323.0
CAND-01750,2024-03-03,2024-07-01,100,251796.0
CAND-01750,2024-03-03,2024-07-31,100,242512.0
CAND-01751,2024-03-20,2024-04-19,0,1142170.0
CAND-01751,2024-03-20,2024-05-19,0,1069815.0
CAND-01751,2024-03-20,2024-06-18,0,981956.0
CAND-01751,2024-03-20,2024-07-18,0,870135.0
CAND-01751,2024-03-20,2024-08-17,0,788133.0
CAND-01752,2024-07-04,2024-08-03,0,381381.0
CAND-01752,2024-07-04,2024-09-02,0,355378.0
CAND-01752,2024-07-04,2024-10-02,0,325660.0
CAND-01752,2024-07-04,2024-11-01,0,287837.0
CAND-01752,2024-07-04,2024-12-01,30,280538.0
CAND-01752,2024-07-04,2024-12-31,0,252801.0
CAND-01753,2024-10-11,2024-11-10,0,995543.0
CAND-01753,2024-10-11,2024-12-10,0,936284.0
CAND-01753,2024-10-11,2025-01-09,0,865174.0
CAND-01753,2024-10-11,2025-02-08,0,788985.0
CAND-01753,2024-10-11,2025-03-10,0,692016.0
CAND-01754,2024-04-23,2024-05-23,0,212613.0
CAND-01754,2024-04-23,2024-06-22,0,194895.0
CAND-01754,2024-04-23,2024-07-22,0,179540.0
CAND-01755,2024-04-27,2024-05-27,0,554429.0
CAND-01755,2024-04-27,2024-06-26,0,519641.0
CAND-01755,2024-04-27,2024-07-26,0,477399.0
CAND-01755,2024-04-27,2024-08-25,0,440437.0
CAND-01755,2024-04-27,2024-09-24,0,403475.0
CAND-01755,2024-04-27,2024-10-24,0,368688.0
CAND-01756,2024-08-02,2024-09-01,0,582129.0
CAND-01756,2024-08-02,2024-10-01,0,547633.0
CAND-01756,2024-08-02,2024-10-31,0,485539.0
CAND-01756,2024-08-02,2024-11-30,0,444143.0
CAND-01756,2024-08-02,2024-12-30,0,387694.0
CAND-01756,2024-08-02,2025-01-29,0,343342.0
CAND-01757,2024-08-02,2024-09-01,0,327499.0
CAND-01757,2024-08-02,2024-10-01,0,298388.0
CAND-01757,2024-08-02,2024-10-31,0,269277.0
CAND-01758,2024-06-30,2024-07-30,0,362524.0
CAND-01758,2024-06-30,2024-08-29,30,351041.0
CAND-01758,2024-06-30,2024-09-28,0,318507.0
CAND-01758,2024-06-30,2024-10-28,0,292479.0
CAND-01758,2024-06-30,2024-11-27,0,264593.0
CAND-01760,2024-04-08,2024-05-08,30,491327.0
CAND-01760,2024-04-08,2024-06-07,60,480408.0
CAND-01760,2024-04-08,2024-07-07,90,467191.0
CAND-01760,2024-04-08,2024-08-06,92,456505.0
CAND-01761,2024-06-21,2024-07-21,0,811525.0
CAND-01761,2024-06-21,2024-08-20,0,759810.0
CAND-01761,2024-06-21,2024-09-19,0,701200.0
CAND-01761,2024-06-21,2024-10-19,0,633573.0
CAND-01762,2024-01-17,2024-02-16,0,737694.0
CAND-01762,2024-01-17,2024-03-17,0,657218.0
CAND-01762,2024-01-17,2024-04-16,0,612509.0
CAND-01762,2024-01-17,2024-05-16,0,558859.0
CAND-01762,2024-01-17,2024-06-15,0,505209.0
CAND-01762,2024-01-17,2024-07-15,0,451558.0
CAND-01763,2024-03-02,2024-04-01,0,687722.0
CAND-01763,2024-03-02,2024-05-01,0,614365.0
CAND-01763,2024-03-02,2024-05-31,0,541008.0
CAND-01763,2024-03-02,2024-06-30,0,484579.0
CAND-01763,2024-03-02,2024-07-30,0,417891.0
CAND-01764,2024-08-29,2024-09-28,0,822901.0
CAND-01764,2024-08-29,2024-10-28,0,764612.0
CAND-01764,2024-08-29,2024-11-27,0,709966.0
CAND-01764,2024-08-29,2024-12-27,30,695147.0
CAND-01764,2024-08-29,2025-01-26,0,632695.0
CAND-01764,2024-08-29,2025-02-25,0,584121.0
CAND-01765,2024-01-24,2024-02-23,0,494213.0
CAND-01765,2024-01-24,2024-03-24,0,461394.0
CAND-01765,2024-01-24,2024-04-23,0,432222.0
CAND-01765,2024-01-24,2024-05-23,0,394714.0
CAND-01765,2024-01-24,2024-06-22,0,365542.0
CAND-01765,2024-01-24,2024-07-22,0,334654.0
CAND-01766,2024-04-17,2024-05-17,0,1016149.0
CAND-01766,2024-04-17,2024-06-16,0,942247.0
CAND-01766,2024-04-17,2024-07-16,0,877040.0
CAND-01766,2024-04-17,2024-08-15,0,807757.0
CAND-01766,2024-04-17,2024-09-14,0,722486.0
CAND-01766,2024-04-17,2024-10-14,0,637214.0
CAND-01767,2024-01-28,2024-02-27,0,333337.0
CAND-01767,2024-01-28,2024-03-28,0,311946.0
CAND-01767,2024-01-28,2024-04-27,0,289219.0
CAND-01767,2024-01-28,2024-05-27,0,252855.0
CAND-01767,2024-01-28,2024-06-26,0,232652.0
CAND-01767,2024-01-28,2024-07-26,0,208410.0
CAND-01768,2024-06-22,2024-07-22,0,4145132.0
CAND-01768,2024-06-22,2024-08-21,0,3684562.0
CAND-01768,2024-06-22,2024-09-20,0,3377515.0
CAND-01769,2024-09-12,2024-10-12,0,579124.0
CAND-01769,2024-09-12,2024-11-11,0,536655.0
CAND-01769,2024-09-12,2024-12-11,0,496840.0
CAND-01770,2024-05-08,2024-06-07,0,1416825.0
CAND-01770,2024-05-08,2024-07-07,30,1373453.0
CAND-01770,2024-05-08,2024-08-06,60,1339719.0
CAND-01771,2024-03-05,2024-04-04,0,565998.0
CAND-01771,2024-03-05,2024-05-04,30,553649.0
CAND-01771,2024-03-05,2024-06-03,60,541775.0
CAND-01771,2024-03-05,2024-07-03,90,521857.0
CAND-01771,2024-03-05,2024-08-02,119,504215.0
CAND-01771,2024-03-05,2024-09-01,119,488779.0
CAND-01772,2024-06-10,2024-07-10,0,2029173.0
CAND-01772,2024-06-10,2024-08-09,0,1810646.0
CAND-01772,2024-06-10,2024-09-08,0,1689243.0
CAND-01772,2024-06-10,2024-10-08,0,1567839.0
CAND-01772,2024-06-10,2024-11-07,0,1446436.0
CAND-01773,2024-05-16,2024-06-15,0,246693.0
CAND-01773,2024-05-16,2024-07-15,0,231328.0
CAND-01773,2024-05-16,2024-08-14,0,215002.0
CAND-01774,2024-04-17,2024-05-17,0,416366.0
CAND-01774,2024-04-17,2024-06-16,0,390343.0
CAND-01774,2024-04-17,2024-07-16,0,346104.0
CAND-01775,2024-03-20,2024-04-19,30,929251.0
CAND-01775,2024-03-20,2024-05-19,60,907057.0
CAND-01775,2024-03-20,2024-06-18,30,890014.0
CAND-01775,2024-03-20,2024-07-18,60,871661.0
CAND-01776,2024-08-11,2024-09-10,0,946656.0
CAND-01776,2024-08-11,2024-10-10,0,880916.0
CAND-01776,2024-08-11,2024-11-09,0,822480.0
CAND-01777,2024-03-12,2024-04-11,0,381684.0
CAND-01777,2024-03-12,2024-05-11,0,358552.0
CAND-01777,2024-03-12,2024-06-10,0,332528.0
CAND-01777,2024-03-12,2024-07-10,0,306504.0
CAND-01777,2024-03-12,2024-08-09,0,271806.0
CAND-01778,2024-02-14,2024-03-15,0,2040680.0
CAND-01778,2024-02-14,2024-04-14,0,1895565.0
CAND-01778,2024-02-14,2024-05-14,0,1774636.0
CAND-01778,2024-02-14,2024-06-13,0,1576751.0
CAND-01778,2024-02-14,2024-07-13,0,1378867.0
CAND-01779,2024-08-27,2024-09-26,0,284416.0
CAND-01779,2024-08-27,2024-10-26,0,260549.0
CAND-01779,2024-08-27,2024-11-25,30,252163.0
CAND-01779,2024-08-27,2024-12-25,0,230001.0
CAND-01779,2024-08-27,2025-01-24,0,204145.0
CAND-01779,2024-08-27,2025-02-23,0,183460.0
CAND-01780,2024-04-05,2024-05-05,30,882351.0
CAND-01780,2024-04-05,2024-06-04,0,828718.0
CAND-01780,2024-04-05,2024-07-04,0,745831.0
CAND-01780,2024-04-05,2024-08-03,0,675695.0
CAND-01780,2024-04-05,2024-09-02,0,584519.0
CAND-01780,2024-04-05,2024-10-02,0,519393.0
CAND-01781,2024-09-26,2024-10-26,30,776708.0
CAND-01781,2024-09-26,2024-11-25,0,723600.0
CAND-01781,2024-09-26,2024-12-25,0,651180.0
CAND-01781,2024-09-26,2025-01-24,0,578759.0
CAND-01781,2024-09-26,2025-02-23,0,531899.0
CAND-01782,2024-09-04,2024-10-04,0,420881.0
CAND-01782,2024-09-04,2024-11-03,0,390016.0
CAND-01782,2024-09-04,2024-12-03,30,382169.0
CAND-01782,2024-09-04,2025-01-02,60,369657.0
CAND-01783,2024-02-27,2024-03-28,0,1299590.0
CAND-01783,2024-02-27,2024-04-27,0,1217263.0
CAND-01783,2024-02-27,2024-05-27,0,1139509.0
CAND-01783,2024-02-27,2024-06-26,0,1039541.0
CAND-01783,2024-02-27,2024-07-26,0,931883.0
CAND-01784,2024-04-23,2024-05-23,0,1006198.0
CAND-01784,2024-04-23,2024-06-22,0,921058.0
CAND-01784,2024-04-23,2024-07-22,0,835918.0
CAND-01784,2024-04-23,2024-08-21,0,750779.0
CAND-01785,2024-04-01,2024-05-01,0,715783.0
CAND-01785,2024-04-01,2024-05-31,0,657484.0
CAND-01785,2024-04-01,2024-06-30,0,603349.0
CAND-01785,2024-04-01,2024-07-30,0,545050.0
CAND-01785,2024-04-01,2024-08-29,0,486751.0
CAND-01786,2024-09-24,2024-10-24,30,470949.0
CAND-01786,2024-09-24,2024-11-23,60,462387.0
CAND-01786,2024-09-24,2024-12-23,90,451489.0
CAND-01786,2024-09-24,2025-01-22,117,439793.0
CAND-01786,2024-09-24,2025-02-21,117,426093.0
CAND-01786,2024-09-24,2025-03-23,117,415669.0
CAND-01787,2024-08-29,2024-09-28,0,310073.0
CAND-01787,2024-08-29,2024-10-28,0,290933.0
CAND-01787,2024-08-29,2024-11-27,0,266324.0
CAND-01787,2024-08-29,2024-12-27,0,239822.0
CAND-01787,2024-08-29,2025-01-26,0,216854.0
CAND-01788,2024-05-18,2024-06-17,30,608314.0
CAND-01788,2024-05-18,2024-07-17,60,597542.0
CAND-01788,2024-05-18,2024-08-16,30,578610.0
CAND-01789,2024-01-14,2024-02-13,0,463520.0
CAND-01789,2024-01-14,2024-03-14,30,449474.0
CAND-01789,2024-01-14,2024-04-13,0,419729.0
CAND-01790,2024-01-26,2024-02-25,0,724815.0
CAND-01790,2024-01-26,2024-03-26,30,711351.0
CAND-01790,2024-01-26,2024-04-25,0,641583.0
CAND-01791,2024-08-12,2024-09-11,0,130037.0
CAND-01791,2024-08-12,2024-10-11,0,117141.0
CAND-01791,2024-08-12,2024-11-10,0,104245.0
CAND-01791,2024-08-12,2024-12-10,30,101712.0
CAND-01791,2024-08-12,2025-01-09,0,87526.0
CAND-01791,2024-08-12,2025-02-08,0,76614.0
CAND-01792,2024-07-16,2024-08-15,0,456999.0
CAND-01792,2024-07-16,2024-09-14,0,412258.0
CAND-01792,2024-07-16,2024-10-14,30,402214.0
CAND-01792,2024-07-16,2024-11-13,0,364356.0
CAND-01792,2024-07-16,2024-12-13,0,333597.0
CAND-01792,2024-07-16,2025-01-12,0,304646.0
CAND-01793,2024-07-29,2024-08-28,0,1611664.0
CAND-01793,2024-07-29,2024-09-27,0,1510089.0
CAND-01793,2024-07-29,2024-10-27,0,1377259.0
CAND-01793,2024-07-29,2024-11-26,0,1204581.0
CAND-01794,2024-03-13,2024-04-12,0,466949.0
CAND-01794,2024-03-13,2024-05-12,0,425442.0
CAND-01794,2024-03-13,2024-06-11,0,397771.0
CAND-01794,2024-03-13,2024-07-11,0,356265.0
CAND-01794,2024-03-13,2024-08-10,0,310985.0
CAND-01794,2024-03-13,2024-09-09,0,261177.0
CAND-01795,2024-10-12,2024-11-11,30,375230.0
CAND-01795,2024-10-12,2024-12-11,0,352591.0
CAND-01795,2024-10-12,2025-01-10,0,320521.0
CAND-01795,2024-10-12,2025-02-09,0,285534.0
CAND-01795,2024-10-12,2025-03-11,0,253463.0
CAND-01795,2024-10-12,2025-04-10,0,227806.0
CAND-01796,2024-06-21,2024-07-21,0,377961.0
CAND-01796,2024-06-21,2024-08-20,0,335966.0
CAND-01796,2024-06-21,2024-09-19,0,305969.0
CAND-01796,2024-06-21,2024-10-19,0,273664.0
CAND-01796,2024-06-21,2024-11-18,0,235486.0
CAND-01796,2024-06-21,2024-12-18,30,224718.0
CAND-01797,2024-06-26,2024-07-26,0,697947.0
CAND-01797,2024-06-26,2024-08-25,0,653733.0
CAND-01797,2024-06-26,2024-09-24,0,606756.0
CAND-01797,2024-06-26,2024-10-24,0,544120.0
CAND-01798,2024-07-02,2024-08-01,0,248572.0
CAND-01798,2024-07-02,2024-08-31,30,241619.0
CAND-01798,2024-07-02,2024-09-30,0,216968.0
CAND-01798,2024-07-02,2024-10-30,0,197598.0
CAND-01799,2024-09-17,2024-10-17,0,1485977.0
CAND-01799,2024-09-17,2024-11-16,0,1373592.0
CAND-01799,2024-09-17,2024-12-16,0,1261207.0
CAND-01799,2024-09-17,2025-01-15,0,1156315.0
CAND-01799,2024-09-17,2025-02-14,0,1051422.0
CAND-01799,2024-09-17,2025-03-16,0,920307.0
CAND-01800,2024-05-10,2024-06-09,0,580695.0
CAND-01800,2024-05-10,2024-07-09,0,539401.0
CAND-01800,2024-05-10,2024-08-08,30,522660.0
CAND-01800,2024-05-10,2024-09-07,0,460720.0
CAND-01800,2024-05-10,2024-10-07,0,424284.0
CAND-01801,2024-07-23,2024-08-22,0,1216029.0
CAND-01801,2024-07-23,2024-09-21,0,1098572.0
CAND-01801,2024-07-23,2024-10-21,0,1012436.0
CAND-01801,2024-07-23,2024-11-20,0,920148.0
CAND-01801,2024-07-23,2024-12-20,0,848369.0
CAND-01802,2024-08-28,2024-09-27,30,191541.0
CAND-01802,2024-08-28,2024-10-27,0,175148.0
CAND-01802,2024-08-28,2024-11-26,0,155476.0
CAND-01802,2024-08-28,2024-12-26,0,144547.0
CAND-01802,2024-08-28,2025-01-25,0,132253.0
CAND-01802,2024-08-28,2025-02-24,0,114369.0
CAND-01803,2024-04-23,2024-05-23,0,364992.0
CAND-01803,2024-04-23,2024-06-22,30,358009.0
CAND-01803,2024-04-23,2024-07-22,0,325420.0
CAND-01803,2024-04-23,2024-08-21,0,299349.0
CAND-01803,2024-04-23,2024-09-20,0,277624.0
CAND-01804,2024-08-12,2024-09-11,0,603093.0
CAND-01804,2024-08-12,2024-10-11,0,561973.0
CAND-01804,2024-08-12,2024-11-10,0,511364.0
CAND-01804,2024-08-12,2024-12-10,0,470244.0
CAND-01805,2024-04-27,2024-05-27,0,281140.0
CAND-01805,2024-04-27,2024-06-26,0,250470.0
CAND-01805,2024-04-27,2024-07-26,0,224912.0
CAND-01805,2024-04-27,2024-08-25,0,203005.0
CAND-01806,2024-07-09,2024-08-08,0,447429.0
CAND-01806,2024-07-09,2024-09-07,0,402686.0
CAND-01806,2024-07-09,2024-10-07,0,361672.0
CAND-01806,2024-07-09,2024-11-06,0,312455.0
CAND-01807,2024-03-09,2024-04-08,0,1065475.0
CAND-01807,2024-03-09,2024-05-08,0,994966.0
CAND-01807,2024-03-09,2024-06-07,0,892407.0
CAND-01808,2024-02-15,2024-03-16,0,313906.0
CAND-01808,2024-02-15,2024-04-15,0,294723.0
CAND-01808,2024-02-15,2024-05-15,0,268162.0
CAND-01809,2024-02-10,2024-03-11,0,695597.0
CAND-01809,2024-02-10,2024-04-10,0,619714.0
CAND-01809,2024-02-10,2024-05-10,0,569125.0
CAND-01809,2024-02-10,2024-06-09,0,493241.0
CAND-01809,2024-02-10,2024-07-09,0,442653.0
CAND-01810,2024-09-05,2024-10-05,0,516258.0
CAND-01810,2024-09-05,2024-11-04,0,470706.0
CAND-01810,2024-09-05,2024-12-04,0,440338.0
CAND-01810,2024-09-05,2025-01-03,0,390644.0
CAND-01811,2024-03-02,2024-04-01,0,406543.0
CAND-01811,2024-03-02,2024-05-01,0,381222.0
CAND-01811,2024-03-02,2024-05-31,0,354318.0
CAND-01811,2024-03-02,2024-06-30,0,315186.0
CAND-01811,2024-03-02,2024-07-30,0,276053.0
CAND-01811,2024-03-02,2024-08-29,0,245306.0
CAND-01812,2024-05-12,2024-06-11,0,378325.0
CAND-01812,2024-05-12,2024-07-11,0,344827.0
CAND-01812,2024-05-12,2024-08-10,0,318029.0
CAND-01812,2024-05-12,2024-09-09,0,289317.0
CAND-01812,2024-05-12,2024-10-09,0,266985.0
CAND-01812,2024-05-12,2024-11-08,0,230443.0
CAND-01813,2024-09-02,2024-10-02,0,341262.0
CAND-01813,2024-09-02,2024-11-01,0,310792.0
CAND-01813,2024-09-02,2024-12-01,0,277552.0
CAND-01813,2024-09-02,2024-12-31,0,257239.0
CAND-01813,2024-09-02,2025-01-30,0,234387.0
CAND-01813,2024-09-02,2025-03-01,0,206261.0
CAND-01815,2024-04-12,2024-05-12,0,757184.0
CAND-01815,2024-04-12,2024-06-11,0,698593.0
CAND-01815,2024-04-12,2024-07-11,0,640001.0
CAND-01815,2024-04-12,2024-08-10,0,594430.0
CAND-01816,2024-03-30,2024-04-29,0,537470.0
CAND-01816,2024-03-30,2024-05-29,0,487704.0
CAND-01816,2024-03-30,2024-06-28,0,454527.0
CAND-01816,2024-03-30,2024-07-28,0,400237.0
CAND-01816,2024-03-30,2024-08-27,0,354300.0
CAND-01816,2024-03-30,2024-09-26,0,308362.0
CAND-01817,2024-09-16,2024-10-16,0,515704.0
CAND-01817,2024-09-16,2024-11-15,0,470043.0
CAND-01817,2024-09-16,2024-12-15,0,435797.0
CAND-01817,2024-09-16,2025-01-14,30,417533.0
CAND-01817,2024-09-16,2025-02-13,60,404168.0
CAND-01818,2024-08-29,2024-09-28,0,1209167.0
CAND-01818,2024-08-29,2024-10-28,0,1101685.0
CAND-01818,2024-08-29,2024-11-27,0,1025816.0
CAND-01819,2024-09-04,2024-10-04,0,452812.0
CAND-01819,2024-09-04,2024-11-03,0,414814.0
CAND-01819,2024-09-04,2024-12-03,0,369907.0
CAND-01820,2024-07-23,2024-08-22,0,778170.0
CAND-01820,2024-07-23,2024-09-21,0,725113.0
CAND-01820,2024-07-23,2024-10-21,0,672056.0
CAND-01820,2024-07-23,2024-11-20,0,587165.0
CAND-01821,2024-05-21,2024-06-20,0,520188.0
CAND-01821,2024-05-21,2024-07-20,30,501828.0
CAND-01821,2024-05-21,2024-08-19,60,491993.0
CAND-01821,2024-05-21,2024-09-18,90,481978.0
CAND-01821,2024-05-21,2024-10-18,120,472315.0
CAND-01822,2024-04-15,2024-05-15,30,1694001.0
CAND-01822,2024-04-15,2024-06-14,60,1652323.0
CAND-01822,2024-04-15,2024-07-14,90,1619907.0
CAND-01822,2024-04-15,2024-08-13,97,1589197.0
CAND-01822,2024-04-15,2024-09-12,97,1554875.0
CAND-01822,2024-04-15,2024-10-12,97,1504861.0
CAND-01823,2024-04-15,2024-05-15,0,1263291.0
CAND-01823,2024-04-15,2024-06-14,0,1182787.0
CAND-01823,2024-04-15,2024-07-14,0,1077513.0
CAND-01823,2024-04-15,2024-08-13,0,953098.0
CAND-01823,2024-04-15,2024-09-12,30,923979.0
CAND-01824,2024-10-01,2024-10-31,0,236112.0
CAND-01824,2024-10-01,2024-11-30,0,211112.0
CAND-01824,2024-10-01,2024-12-30,0,193255.0
CAND-01824,2024-10-01,2025-01-29,0,172421.0
CAND-01824,2024-10-01,2025-02-28,0,147421.0
CAND-01824,2024-10-01,2025-03-30,0,126588.0
CAND-01825,2024-01-28,2024-02-27,0,213459.0
CAND-01825,2024-01-28,2024-03-28,0,193892.0
CAND-01825,2024-01-28,2024-04-27,0,177120.0
CAND-01826,2024-10-01,2024-10-31,0,309915.0
CAND-01826,2024-10-01,2024-11-30,0,286395.0
CAND-01826,2024-10-01,2024-12-30,0,268101.0
CAND-01826,2024-10-01,2025-01-29,0,235173.0
CAND-01826,2024-10-01,2025-02-28,0,205238.0
CAND-01827,2024-02-24,2024-03-25,30,617712.0
CAND-01827,2024-02-24,2024-04-24,60,604025.0
CAND-01827,2024-02-24,2024-05-24,90,592578.0
CAND-01828,2024-03-20,2024-04-19,30,588145.0
CAND-01828,2024-03-20,2024-05-19,60,576240.0
CAND-01828,2024-03-20,2024-06-18,90,564785.0
CAND-01829,2024-06-26,2024-07-26,0,1283743.0
CAND-01829,2024-06-26,2024-08-25,0,1176016.0
CAND-01829,2024-06-26,2024-09-24,0,1068290.0
CAND-01829,2024-06-26,2024-10-24,0,951586.0
CAND-01830,2024-06-10,2024-07-10,30,313549.0
CAND-01830,2024-06-10,2024-08-09,60,304873.0
CAND-01830,2024-06-10,2024-09-08,90,299338.0
CAND-01830,2024-06-10,2024-10-08,116,292359.0
CAND-01830,2024-06-10,2024-11-07,116,284128.0
CAND-01831,2024-04-11,2024-05-11,0,376992.0
CAND-01831,2024-04-11,2024-06-10,0,335866.0
CAND-01831,2024-04-11,2024-07-10,0,311674.0
CAND-01831,2024-04-11,2024-08-09,0,277402.0
CAND-01831,2024-04-11,2024-09-08,0,251698.0
CAND-01832,2024-06-29,2024-07-29,0,210305.0
CAND-01832,2024-06-29,2024-08-28,0,197560.0
CAND-01832,2024-06-29,2024-09-27,0,179912.0
CAND-01833,2024-10-02,2024-11-01,0,297897.0
CAND-01833,2024-10-02,2024-12-01,0,266246.0
CAND-01833,2024-10-02,2024-12-31,0,245145.0
CAND-01833,2024-10-02,2025-01-30,0,220797.0
CAND-01833,2024-10-02,2025-03-01,0,196450.0
CAND-01833,2024-10-02,2025-03-31,0,172103.0
CAND-01834,2024-06-03,2024-07-03,0,710526.0
CAND-01834,2024-06-03,2024-08-02,0,663343.0
CAND-01834,2024-06-03,2024-09-01,0,616159.0
CAND-01835,2024-08-15,2024-09-14,0,1464148.0
CAND-01835,2024-08-15,2024-10-14,30,1434774.0
CAND-01835,2024-08-15,2024-11-13,0,1302594.0
CAND-01835,2024-08-15,2024-12-13,0,1209291.0
CAND-01836,2024-02-08,2024-03-09,0,559590.0
CAND-01836,2024-02-08,2024-04-08,0,519797.0
CAND-01836,2024-02-08,2024-05-08,0,477162.0
CAND-01836,2024-02-08,2024-06-07,0,434526.0
CAND-01836,2024-02-08,2024-07-07,0,388611.0
CAND-01836,2024-02-08,2024-08-06,0,348818.0
CAND-01837,2024-03-29,2024-04-28,0,492473.0
CAND-01837,2024-03-29,2024-05-28,0,451433.0
CAND-01837,2024-03-29,2024-06-27,0,418089.0
CAND-01837,2024-03-29,2024-07-27,0,382521.0
CAND-01838,2024-09-15,2024-10-15,0,507022.0
CAND-01838,2024-09-15,2024-11-14,0,461249.0
CAND-01838,2024-09-15,2024-12-14,0,426920.0
CAND-01838,2024-09-15,2025-01-13,0,381147.0
CAND-01838,2024-09-15,2025-02-12,0,341913.0
CAND-01839,2024-04-24,2024-05-24,0,252572.0
CAND-01839,2024-04-24,2024-06-23,0,235858.0
CAND-01839,2024-04-24,2024-07-23,30,231247.0
CAND-01839,2024-04-24,2024-08-22,0,216390.0
CAND-01840,2024-08-01,2024-08-31,0,428291.0
CAND-01840,2024-08-01,2024-09-30,0,394300.0
CAND-01840,2024-08-01,2024-10-30,0,362574.0
CAND-01841,2024-02-03,2024-03-04,0,379032.0
CAND-01841,2024-02-03,2024-04-03,0,356658.0
CAND-01841,2024-02-03,2024-05-03,0,331488.0
CAND-01841,2024-02-03,2024-06-02,0,291216.0
CAND-01841,2024-02-03,2024-07-02,30,283758.0
CAND-01842,2024-03-05,2024-04-04,0,683852.0
CAND-01842,2024-03-05,2024-05-04,0,607869.0
CAND-01842,2024-03-05,2024-06-03,0,549420.0
CAND-01842,2024-03-05,2024-07-03,0,490971.0
CAND-01842,2024-03-05,2024-08-02,0,440315.0
CAND-01843,2024-03-10,2024-04-09,0,502746.0
CAND-01843,2024-03-10,2024-05-09,0,452887.0
CAND-01843,2024-03-10,2024-06-08,0,403028.0
CAND-01843,2024-03-10,2024-07-08,0,372558.0
CAND-01844,2024-03-20,2024-04-19,0,369273.0
CAND-01844,2024-03-20,2024-05-19,30,356510.0
CAND-01844,2024-03-20,2024-06-18,0,326076.0
CAND-01844,2024-03-20,2024-07-18,0,304095.0
CAND-01844,2024-03-20,2024-08-17,0,282115.0
CAND-01844,2024-03-20,2024-09-16,0,253854.0
CAND-01845,2024-03-05,2024-04-04,0,658663.0
CAND-01845,2024-03-05,2024-05-04,0,617150.0
CAND-01845,2024-03-05,2024-06-03,0,552995.0
CAND-01845,2024-03-05,2024-07-03,0,505948.0
CAND-01846,2024-05-10,2024-06-09,30,320653.0
CAND-01846,2024-05-10,2024-07-09,0,295513.0
CAND-01846,2024-05-10,2024-08-08,0,265802.0
CAND-01846,2024-05-10,2024-09-07,0,245376.0
CAND-01846,2024-05-10,2024-10-07,0,215665.0
CAND-01846,2024-05-10,2024-11-06,0,188430.0
CAND-01847,2024-05-06,2024-06-05,0,516141.0
CAND-01847,2024-05-06,2024-07-05,30,498936.0
CAND-01847,2024-05-06,2024-08-04,60,486856.0
CAND-01847,2024-05-06,2024-09-03,30,471915.0
CAND-01847,2024-05-06,2024-10-03,60,462127.0
CAND-01848,2024-03-20,2024-04-19,0,247349.0
CAND-01848,2024-03-20,2024-05-19,0,224862.0
CAND-01848,2024-03-20,2024-06-18,0,204106.0
CAND-01848,2024-03-20,2024-07-18,0,183349.0
CAND-01849,2024-09-26,2024-10-26,30,541244.0
CAND-01849,2024-09-26,2024-11-25,0,495181.0
CAND-01849,2024-09-26,2024-12-25,0,449118.0
CAND-01850,2024-03-27,2024-04-26,0,273612.0
CAND-01850,2024-03-27,2024-05-26,0,256722.0
CAND-01850,2024-03-27,2024-06-25,0,239832.0
CAND-01850,2024-03-27,2024-07-25,0,216447.0
CAND-01850,2024-03-27,2024-08-24,0,186046.0
CAND-01851,2024-05-19,2024-06-18,0,1218840.0
CAND-01851,2024-05-19,2024-07-18,0,1125976.0
CAND-01851,2024-05-19,2024-08-17,0,1017635.0
CAND-01851,2024-05-19,2024-09-16,30,985132.0
CAND-01852,2024-09-14,2024-10-14,0,857033.0
CAND-01852,2024-09-14,2024-11-13,0,798599.0
CAND-01852,2024-09-14,2024-12-13,0,746657.0
CAND-01852,2024-09-14,2025-01-12,0,691661.0
CAND-01853,2024-02-26,2024-03-27,0,376550.0
CAND-01853,2024-02-26,2024-04-26,0,336680.0
CAND-01853,2024-02-26,2024-05-26,0,300435.0
CAND-01854,2024-04-08,2024-05-08,0,713701.0
CAND-01854,2024-04-08,2024-06-07,0,642921.0
CAND-01854,2024-04-08,2024-07-07,0,599666.0
CAND-01854,2024-04-08,2024-08-06,0,551005.0
CAND-01854,2024-04-08,2024-09-05,0,486123.0
CAND-01855,2024-08-11,2024-09-10,0,221566.0
CAND-01855,2024-08-11,2024-10-10,0,201256.0
CAND-01855,2024-08-11,2024-11-09,0,187716.0
CAND-01855,2024-08-11,2024-12-09,0,168968.0
CAND-01855,2024-08-11,2025-01-08,30,163782.0
CAND-01855,2024-08-11,2025-02-07,60,159095.0
CAND-01856,2024-02-06,2024-03-07,0,504401.0
CAND-01856,2024-02-06,2024-04-06,0,450358.0
CAND-01856,2024-02-06,2024-05-06,0,420334.0
CAND-01856,2024-02-06,2024-06-05,0,366291.0
CAND-01856,2024-02-06,2024-07-05,0,336268.0
CAND-01856,2024-02-06,2024-08-04,0,306244.0
CAND-01857,2024-02-11,2024-03-12,0,781147.0
CAND-01857,2024-02-11,2024-04-11,0,711402.0
CAND-01857,2024-02-11,2024-05-11,0,655605.0
CAND-01857,2024-02-11,2024-06-10,0,579520.0
CAND-01858,2024-03-17,2024-04-16,0,596880.0
CAND-01858,2024-03-17,2024-05-16,0,542618.0
CAND-01858,2024-03-17,2024-06-15,0,501922.0
CAND-01858,2024-03-17,2024-07-15,0,463619.0
CAND-01858,2024-03-17,2024-08-14,0,427445.0
CAND-01859,2024-06-16,2024-07-16,0,539696.0
CAND-01859,2024-06-16,2024-08-15,0,505833.0
CAND-01859,2024-06-16,2024-09-14,0,461550.0
CAND-01860,2024-02-17,2024-03-18,0,347657.0
CAND-01860,2024-02-17,2024-04-17,0,320341.0
CAND-01860,2024-02-17,2024-05-17,0,296440.0
CAND-01860,2024-02-17,2024-06-16,0,270945.0
CAND-01861,2024-08-16,2024-09-15,0,116394.0
CAND-01861,2024-08-16,2024-10-15,0,109020.0
CAND-01861,2024-08-16,2024-11-14,0,101647.0
CAND-01862,2024-05-25,2024-06-24,0,420052.0
CAND-01862,2024-05-25,2024-07-24,30,411816.0
CAND-01862,2024-05-25,2024-08-23,60,402147.0
CAND-01862,2024-05-25,2024-09-22,90,387800.0
CAND-01863,2024-01-10,2024-02-09,0,447631.0
CAND-01863,2024-01-10,2024-03-10,0,419751.0
CAND-01863,2024-01-10,2024-04-09,0,390128.0
CAND-01863,2024-01-10,2024-05-09,0,347041.0
CAND-01864,2024-02-16,2024-03-17,0,407197.0
CAND-01864,2024-02-16,2024-04-16,0,373027.0
CAND-01864,2024-02-16,2024-05-16,0,338856.0
CAND-01865,2024-08-27,2024-09-26,0,652080.0
CAND-01865,2024-08-27,2024-10-26,0,591702.0
CAND-01865,2024-08-27,2024-11-25,0,519249.0
CAND-01865,2024-08-27,2024-12-25,0,478997.0
CAND-01865,2024-08-27,2025-01-24,0,433714.0
CAND-01865,2024-08-27,2025-02-23,0,377980.0
CAND-01866,2024-06-12,2024-07-12,0,636736.0
CAND-01866,2024-06-12,2024-08-11,0,573589.0
CAND-01866,2024-06-12,2024-09-10,0,523973.0
CAND-01866,2024-06-12,2024-10-10,0,477665.0
CAND-01867,2024-06-26,2024-07-26,30,1197671.0
CAND-01867,2024-06-26,2024-08-25,60,1161231.0
CAND-01867,2024-06-26,2024-09-24,90,1122513.0
CAND-01867,2024-06-26,2024-10-24,105,1099569.0
CAND-01868,2024-06-23,2024-07-23,30,1522701.0
CAND-01868,2024-06-23,2024-08-22,0,1392284.0
CAND-01868,2024-06-23,2024-09-21,30,1363303.0
CAND-01868,2024-06-23,2024-10-21,60,1332003.0
CAND-01868,2024-06-23,2024-11-20,90,1295608.0
CAND-01869,2024-02-02,2024-03-03,0,813346.0
CAND-01869,2024-02-02,2024-04-02,0,760186.0
CAND-01869,2024-02-02,2024-05-02,0,678030.0
CAND-01869,2024-02-02,2024-06-01,0,617782.0
CAND-01869,2024-02-02,2024-07-01,0,548265.0
CAND-01869,2024-02-02,2024-07-31,0,488018.0
CAND-01870,2024-06-11,2024-07-11,0,1604309.0
CAND-01870,2024-06-11,2024-08-10,30,1568658.0
CAND-01870,2024-06-11,2024-09-09,0,1431538.0
CAND-01871,2024-02-25,2024-03-26,0,674678.0
CAND-01871,2024-02-25,2024-04-25,0,609736.0
CAND-01871,2024-02-25,2024-05-25,30,592727.0
CAND-01871,2024-02-25,2024-06-24,0,541701.0
CAND-01871,2024-02-25,2024-07-24,0,499680.0
CAND-01871,2024-02-25,2024-08-23,0,444728.0
CAND-01872,2024-02-12,2024-03-13,0,185654.0
CAND-01872,2024-02-12,2024-04-12,0,171067.0
CAND-01872,2024-02-12,2024-05-12,0,159054.0
CAND-01872,2024-02-12,2024-06-11,0,146290.0
CAND-01872,2024-02-12,2024-07-11,0,127725.0
CAND-01872,2024-02-12,2024-08-10,0,110706.0
CAND-01873,2024-05-30,2024-06-29,0,1115815.0
CAND-01873,2024-05-30,2024-07-29,0,1034665.0
CAND-01873,2024-05-30,2024-08-28,0,947718.0
CAND-01873,2024-05-30,2024-09-27,0,854084.0
CAND-01873,2024-05-30,2024-10-27,0,767137.0
CAND-01873,2024-05-30,2024-11-26,0,673502.0
CAND-01874,2024-02-29,2024-03-30,0,487468.0
CAND-01874,2024-02-29,2024-04-29,0,443944.0
CAND-01874,2024-02-29,2024-05-29,0,411301.0
CAND-01875,2024-02-14,2024-03-15,0,504158.0
CAND-01875,2024-02-14,2024-04-14,0,457477.0
CAND-01875,2024-02-14,2024-05-14,0,410796.0
CAND-01875,2024-02-14,2024-06-13,0,379675.0
CAND-01875,2024-02-14,2024-07-13,0,346723.0
CAND-01876,2024-06-27,2024-07-27,0,803427.0
CAND-01876,2024-06-27,2024-08-26,0,752791.0
CAND-01876,2024-06-27,2024-09-25,0,695403.0
CAND-01876,2024-06-27,2024-10-25,0,617148.0
CAND-01877,2024-09-09,2024-10-09,0,574863.0
CAND-01877,2024-09-09,2024-11-08,0,529695.0
CAND-01877,2024-09-09,2024-12-08,0,490173.0
CAND-01877,2024-09-09,2025-01-07,0,448017.0
CAND-01877,2024-09-09,2025-02-06,0,402849.0
CAND-01878,2024-09-06,2024-10-06,0,3038750.0
CAND-01878,2024-09-06,2024-11-05,0,2853049.0
CAND-01878,2024-09-06,2024-12-05,0,2595924.0
CAND-01878,2024-09-06,2025-01-04,0,2373082.0
CAND-01878,2024-09-06,2025-02-03,0,2164168.0
CAND-01878,2024-09-06,2025-03-05,30,2056341.0
CAND-01879,2024-04-14,2024-05-14,0,702334.0
CAND-01879,2024-04-14,2024-06-13,30,681013.0
CAND-01879,2024-04-14,2024-07-13,60,661376.0
CAND-01879,2024-04-14,2024-08-12,90,644416.0
CAND-01879,2024-04-14,2024-09-11,120,624247.0
CAND-01879,2024-04-14,2024-10-11,120,608701.0
CAND-01880,2024-07-02,2024-08-01,0,262270.0
CAND-01880,2024-07-02,2024-08-31,0,244618.0
CAND-01880,2024-07-02,2024-09-30,0,225788.0
CAND-01881,2024-01-19,2024-02-18,0,862701.0
CAND-01881,2024-01-19,2024-03-19,0,810416.0
CAND-01881,2024-01-19,2024-04-18,0,751595.0
CAND-01881,2024-01-19,2024-05-18,0,657482.0
CAND-01881,2024-01-19,2024-06-17,0,585088.0
CAND-01882,2024-07-24,2024-08-23,0,548303.0
CAND-01882,2024-07-24,2024-09-22,0,509138.0
CAND-01882,2024-07-24,2024-10-22,0,476501.0
CAND-01882,2024-07-24,2024-11-21,0,439784.0
CAND-01882,2024-07-24,2024-12-21,0,397822.0
CAND-01883,2024-01-30,2024-02-29,0,477115.0
CAND-01883,2024-01-30,2024-03-30,0,442416.0
CAND-01883,2024-01-30,2024-04-29,0,413500.0
CAND-01883,2024-01-30,2024-05-29,0,384584.0
CAND-01883,2024-01-30,2024-06-28,0,352053.0
CAND-01884,2024-02-19,2024-03-20,0,413056.0
CAND-01884,2024-02-19,2024-04-19,0,372823.0
CAND-01884,2024-02-19,2024-05-19,0,348237.0
CAND-01884,2024-02-19,2024-06-18,0,314194.0
CAND-01884,2024-02-19,2024-07-18,0,288161.0
CAND-01884,2024-02-19,2024-08-17,0,251281.0
CAND-01885,2024-05-05,2024-06-04,0,414551.0
CAND-01885,2024-05-05,2024-07-04,0,376166.0
CAND-01885,2024-05-05,2024-08-03,0,349072.0
CAND-01885,2024-05-05,2024-09-02,0,313640.0
CAND-01885,2024-05-05,2024-10-02,0,286545.0
CAND-01885,2024-05-05,2024-11-01,0,248161.0
CAND-01886,2024-03-31,2024-04-30,0,633096.0
CAND-01886,2024-03-31,2024-05-30,30,613715.0
CAND-01886,2024-03-31,2024-06-29,60,598642.0
CAND-01886,2024-03-31,2024-07-29,90,585597.0
CAND-01886,2024-03-31,2024-08-28,94,573036.0
CAND-01887,2024-06-01,2024-07-01,30,1086934.0
CAND-01887,2024-06-01,2024-07-31,60,1066742.0
CAND-01887,2024-06-01,2024-08-30,30,1036727.0
CAND-01888,2024-04-08,2024-05-08,0,771930.0
CAND-01888,2024-04-08,2024-06-07,0,707602.0
CAND-01888,2024-04-08,2024-07-07,0,631579.0
CAND-01888,2024-04-08,2024-08-06,0,555555.0
CAND-01888,2024-04-08,2024-09-05,30,539158.0
CAND-01888,2024-04-08,2024-10-05,0,483408.0
CAND-01889,2024-05-06,2024-06-05,0,425812.0
CAND-01889,2024-05-06,2024-07-05,0,378499.0
CAND-01889,2024-05-06,2024-08-04,0,350668.0
CAND-01890,2024-04-28,2024-05-28,0,1770088.0
CAND-01890,2024-04-28,2024-06-27,0,1582016.0
CAND-01890,2024-04-28,2024-07-27,0,1477531.0
CAND-01890,2024-04-28,2024-08-26,0,1373047.0
CAND-01891,2024-03-14,2024-04-13,0,1193135.0
CAND-01891,2024-03-14,2024-05-13,0,1074808.0
CAND-01891,2024-03-14,2024-06-12,0,956480.0
CAND-01891,2024-03-14,2024-07-12,0,826320.0
CAND-01891,2024-03-14,2024-08-11,0,696160.0
CAND-01891,2024-03-14,2024-09-10,0,566000.0
CAND-01892,2024-08-28,2024-09-27,30,526827.0
CAND-01892,2024-08-28,2024-10-27,60,514848.0
CAND-01892,2024-08-28,2024-11-26,90,498992.0
CAND-01893,2024-02-25,2024-03-26,0,559338.0
CAND-01893,2024-02-25,2024-04-25,0,519855.0
CAND-01893,2024-02-25,2024-05-25,0,482840.0
CAND-01894,2024-03-06,2024-04-05,0,696204.0
CAND-01894,2024-03-06,2024-05-05,0,636699.0
CAND-01894,2024-03-06,2024-06-04,0,585129.0
CAND-01894,2024-03-06,2024-07-04,0,542153.0
CAND-01894,2024-03-06,2024-08-03,0,490582.0
CAND-01894,2024-03-06,2024-09-02,0,445079.0
CAND-01895,2024-05-07,2024-06-06,0,320358.0
CAND-01895,2024-05-07,2024-07-06,0,285410.0
CAND-01895,2024-05-07,2024-08-05,0,258527.0
CAND-01895,2024-05-07,2024-09-04,0,226756.0
CAND-01896,2024-08-08,2024-09-07,0,498944.0
CAND-01896,2024-08-08,2024-10-07,0,459345.0
CAND-01896,2024-08-08,2024-11-06,0,408947.0
CAND-01896,2024-08-08,2024-12-06,0,362748.0
CAND-01896,2024-08-08,2025-01-05,0,330138.0
CAND-01896,2024-08-08,2025-02-04,0,279739.0
CAND-01897,2024-02-18,2024-03-19,0,761027.0
CAND-01897,2024-02-18,2024-04-18,0,686901.0
CAND-01897,2024-02-18,2024-05-18,0,638937.0
CAND-01897,2024-02-18,2024-06-17,0,593638.0
CAND-01898,2024-05-16,2024-06-15,0,1274382.0
CAND-01898,2024-05-16,2024-07-15,0,1187492.0
CAND-01898,2024-05-16,2024-08-14,0,1100603.0
CAND-01899,2024-05-15,2024-06-14,0,751152.0
CAND-01899,2024-05-15,2024-07-14,0,706211.0
CAND-01899,2024-05-15,2024-08-13,0,648430.0
CAND-01899,2024-05-15,2024-09-12,0,574891.0
CAND-01900,2024-06-21,2024-07-21,0,109719.0
CAND-01900,2024-06-21,2024-08-20,0,98636.0
CAND-01900,2024-06-21,2024-09-19,0,86445.0
CAND-01900,2024-06-21,2024-10-19,0,76286.0
CAND-01900,2024-06-21,2024-11-18,0,68159.0
CAND-01900,2024-06-21,2024-12-18,0,58781.0
CAND-01901,2024-08-01,2024-08-31,0,232965.0
CAND-01901,2024-08-01,2024-09-30,0,216140.0
CAND-01901,2024-08-01,2024-10-30,0,196726.0
CAND-01902,2024-08-15,2024-09-14,0,1618724.0
CAND-01902,2024-08-15,2024-10-14,0,1458190.0
CAND-01902,2024-08-15,2024-11-13,0,1297655.0
CAND-01902,2024-08-15,2024-12-13,0,1137120.0
CAND-01902,2024-08-15,2025-01-12,0,1010986.0
CAND-01903,2024-03-11,2024-04-10,30,1289031.0
CAND-01903,2024-03-11,2024-05-10,60,1257029.0
CAND-01903,2024-03-11,2024-06-09,90,1232274.0
CAND-01903,2024-03-11,2024-07-09,120,1199473.0
CAND-01904,2024-06-25,2024-07-25,0,469164.0
CAND-01904,2024-06-25,2024-08-24,0,439943.0
CAND-01904,2024-06-25,2024-09-23,0,394783.0
CAND-01904,2024-06-25,2024-10-23,0,359300.0
CAND-01904,2024-06-25,2024-11-22,30,349364.0
CAND-01904,2024-06-25,2024-12-22,0,313881.0
CAND-01905,2024-08-30,2024-09-29,0,493977.0
CAND-01905,2024-08-30,2024-10-29,0,462498.0
CAND-01905,2024-08-30,2024-11-28,0,417903.0
CAND-01905,2024-08-30,2024-12-28,0,376738.0
CAND-01906,2024-01-22,2024-02-21,0,1011372.0
CAND-01906,2024-01-22,2024-03-22,0,937818.0
CAND-01906,2024-01-22,2024-04-21,0,864263.0
CAND-01906,2024-01-22,2024-05-21,0,779393.0
CAND-01907,2024-06-05,2024-07-05,0,687699.0
CAND-01907,2024-06-05,2024-08-04,0,625982.0
CAND-01907,2024-06-05,2024-09-03,0,584838.0
CAND-01908,2024-02-05,2024-03-06,0,718676.0
CAND-01908,2024-02-05,2024-04-05,30,701686.0
CAND-01908,2024-02-05,2024-05-05,0,648451.0
CAND-01908,2024-02-05,2024-06-04,0,581907.0
CAND-01908,2024-02-05,2024-07-04,0,502054.0
CAND-01908,2024-02-05,2024-08-03,0,455082.0
CAND-01909,2024-04-30,2024-05-30,30,743754.0
CAND-01909,2024-04-30,2024-06-29,0,680143.0
CAND-01909,2024-04-30,2024-07-29,0,610750.0
CAND-01909,2024-04-30,2024-08-28,0,552032.0
CAND-01910,2024-03-12,2024-04-11,0,468211.0
CAND-01910,2024-03-12,2024-05-11,0,432538.0
CAND-01910,2024-03-12,2024-06-10,0,394120.0
CAND-01910,2024-03-12,2024-07-10,0,362906.0
CAND-01910,2024-03-12,2024-08-09,0,321288.0
CAND-01910,2024-03-12,2024-09-08,0,291910.0
CAND-01911,2024-06-16,2024-07-16,0,496242.0
CAND-01911,2024-06-16,2024-08-15,0,442800.0
CAND-01911,2024-06-16,2024-09-14,0,394217.0
CAND-01911,2024-06-16,2024-10-14,30,383311.0
CAND-01911,2024-06-16,2024-11-13,0,345138.0
CAND-01912,2024-06-05,2024-07-05,0,1578404.0
CAND-01912,2024-06-05,2024-08-04,0,1485556.0
CAND-01912,2024-06-05,2024-09-03,30,1441576.0
CAND-01913,2024-02-09,2024-03-10,0,624456.0
CAND-01913,2024-02-09,2024-04-09,0,587724.0
CAND-01913,2024-02-09,2024-05-09,0,521605.0
CAND-01913,2024-02-09,2024-06-08,0,474377.0
CAND-01914,2024-09-14,2024-10-14,30,494866.0
CAND-01914,2024-09-14,2024-11-13,60,478596.0
CAND-01914,2024-09-14,2024-12-13,90,468088.0
CAND-01915,2024-04-25,2024-05-25,0,411093.0
CAND-01915,2024-04-25,2024-06-24,0,386732.0
CAND-01915,2024-04-25,2024-07-24,0,357498.0
CAND-01915,2024-04-25,2024-08-23,0,320957.0
CAND-01916,2024-04-30,2024-05-30,0,890734.0
CAND-01916,2024-04-30,2024-06-29,0,831087.0
CAND-01916,2024-04-30,2024-07-29,0,774948.0
CAND-01916,2024-04-30,2024-08-28,0,706780.0
CAND-01917,2024-02-06,2024-03-07,0,519096.0
CAND-01917,2024-02-06,2024-04-06,0,483408.0
CAND-01917,2024-02-06,2024-05-06,0,431499.0
CAND-01917,2024-02-06,2024-06-05,0,395811.0
CAND-01917,2024-02-06,2024-07-05,0,357744.0
CAND-01917,2024-02-06,2024-08-04,0,310160.0
CAND-01919,2024-02-24,2024-03-25,0,959073.0
CAND-01919,2024-02-24,2024-04-24,0,894520.0
CAND-01919,2024-02-24,2024-05-24,0,825664.0
CAND-01920,2024-03-12,2024-04-11,0,246912.0
CAND-01920,2024-03-12,2024-05-11,0,222221.0
CAND-01920,2024-03-12,2024-06-10,0,204114.0
CAND-01920,2024-03-12,2024-07-10,0,181480.0
CAND-01920,2024-03-12,2024-08-09,30,173250.0
CAND-01920,2024-03-12,2024-09-08,60,165909.0
CAND-01921,2024-06-11,2024-07-11,0,109299.0
CAND-01921,2024-06-11,2024-08-10,30,106567.0
CAND-01921,2024-06-11,2024-09-09,0,99052.0
CAND-01921,2024-06-11,2024-10-09,0,89033.0
CAND-01922,2024-07-15,2024-08-14,0,239608.0
CAND-01922,2024-07-15,2024-09-13,0,218393.0
CAND-01922,2024-07-15,2024-10-13,0,201421.0
CAND-01922,2024-07-15,2024-11-12,0,187277.0
CAND-01922,2024-07-15,2024-12-12,0,170305.0
CAND-01922,2024-07-15,2025-01-11,0,156161.0
CAND-01923,2024-02-18,2024-03-19,0,355468.0
CAND-01923,2024-02-18,2024-04-18,0,317382.0
CAND-01923,2024-02-18,2024-05-18,30,307089.0
CAND-01923,2024-02-18,2024-06-17,0,279885.0
CAND-01923,2024-02-18,2024-07-17,0,245261.0
CAND-01924,2024-08-15,2024-09-14,30,708256.0
CAND-01924,2024-08-15,2024-10-14,0,641975.0
CAND-01924,2024-08-15,2024-11-13,0,593370.0
CAND-01924,2024-08-15,2024-12-13,0,552865.0
CAND-01925,2024-03-24,2024-04-23,0,723386.0
CAND-01925,2024-03-24,2024-05-23,0,679544.0
CAND-01925,2024-03-24,2024-06-22,0,623176.0
CAND-01925,2024-03-24,2024-07-22,0,570567.0
CAND-01925,2024-03-24,2024-08-21,0,491652.0
CAND-01925,2024-03-24,2024-09-20,0,447810.0
CAND-01926,2024-02-08,2024-03-09,0,1187474.0
CAND-01926,2024-02-08,2024-04-08,30,1152290.0
CAND-01926,2024-02-08,2024-05-08,0,1046736.0
CAND-01926,2024-02-08,2024-06-07,30,1019787.0
CAND-01926,2024-02-08,2024-07-07,60,986454.0
CAND-01926,2024-02-08,2024-08-06,90,962998.0
CAND-01927,2024-06-07,2024-07-07,0,962220.0
CAND-01927,2024-06-07,2024-08-06,0,877024.0
CAND-01927,2024-06-07,2024-09-05,0,813126.0
CAND-01927,2024-06-07,2024-10-05,0,749229.0
CAND-01928,2024-09-02,2024-10-02,0,932347.0
CAND-01928,2024-09-02,2024-11-01,0,873585.0
CAND-01928,2024-09-02,2024-12-01,0,790340.0
CAND-01928,2024-09-02,2024-12-31,30,761799.0
CAND-01929,2024-03-23,2024-04-22,0,156788.0
CAND-01929,2024-03-23,2024-05-22,0,147207.0
CAND-01929,2024-03-23,2024-06-21,0,137062.0
CAND-01929,2024-03-23,2024-07-21,0,126916.0
CAND-01929,2024-03-23,2024-08-20,0,117335.0
CAND-01930,2024-03-19,2024-04-18,0,509594.0
CAND-01930,2024-03-19,2024-05-18,0,473195.0
CAND-01930,2024-03-19,2024-06-17,0,439070.0
CAND-01930,2024-03-19,2024-07-17,0,404946.0
CAND-01931,2024-06-07,2024-07-07,0,568688.0
CAND-01931,2024-06-07,2024-08-06,0,534664.0
CAND-01931,2024-06-07,2024-09-05,0,483628.0
CAND-01931,2024-06-07,2024-10-05,0,439882.0
CAND-01931,2024-06-07,2024-11-04,0,405858.0
CAND-01931,2024-06-07,2024-12-04,0,354822.0
CAND-01932,2024-01-27,2024-02-26,0,615378.0
CAND-01932,2024-01-27,2024-03-27,0,548712.0
CAND-01932,2024-01-27,2024-04-26,0,511675.0
CAND-01932,2024-01-27,2024-05-26,0,445009.0
CAND-01933,2024-09-30,2024-10-30,0,308974.0
CAND-01933,2024-09-30,2024-11-29,0,288376.0
CAND-01933,2024-09-30,2024-12-29,0,267777.0
CAND-01933,2024-09-30,2025-01-28,0,242426.0
CAND-01933,2024-09-30,2025-02-27,0,223039.0
CAND-01934,2024-08-21,2024-09-20,0,578618.0
CAND-01934,2024-08-21,2024-10-20,0,527563.0
CAND-01934,2024-08-21,2024-11-19,0,476509.0
CAND-01934,2024-08-21,2024-12-19,30,464256.0
CAND-01935,2024-04-21,2024-05-21,0,633267.0
CAND-01935,2024-04-21,2024-06-20,0,593533.0
CAND-01935,2024-04-21,2024-07-20,0,537242.0
CAND-01935,2024-04-21,2024-08-19,0,475835.0
CAND-01935,2024-04-21,2024-09-18,0,438308.0
CAND-01936,2024-04-08,2024-05-08,30,493651.0
CAND-01936,2024-04-08,2024-06-07,0,447226.0
CAND-01936,2024-04-08,2024-07-07,0,417186.0
CAND-01937,2024-07-07,2024-08-06,0,784462.0
CAND-01937,2024-07-07,2024-09-05,0,728896.0
CAND-01937,2024-07-07,2024-10-05,0,664781.0
CAND-01938,2024-08-03,2024-09-02,0,315403.0
CAND-01938,2024-08-03,2024-10-02,0,292040.0
CAND-01938,2024-08-03,2024-11-01,0,262836.0
CAND-01938,2024-08-03,2024-12-01,0,239473.0
CAND-01938,2024-08-03,2024-12-31,0,210269.0
CAND-01938,2024-08-03,2025-01-30,30,204329.0
CAND-01941,2024-02-09,2024-03-10,0,499035.0
CAND-01941,2024-02-09,2024-04-09,0,448627.0
CAND-01941,2024-02-09,2024-05-09,0,393179.0
CAND-01941,2024-02-09,2024-06-08,0,360562.0
CAND-01941,2024-02-09,2024-07-08,0,310155.0
CAND-01941,2024-02-09,2024-08-07,30,299282.0
CAND-01942,2024-04-19,2024-05-19,0,2917313.0
CAND-01942,2024-04-19,2024-06-18,0,2739033.0
CAND-01942,2024-04-19,2024-07-18,30,2676110.0
CAND-01943,2024-05-18,2024-06-17,0,440109.0
CAND-01943,2024-05-18,2024-07-17,0,397599.0
CAND-01943,2024-05-18,2024-08-16,0,368373.0
CAND-01943,2024-05-18,2024-09-15,0,332402.0
CAND-01943,2024-05-18,2024-10-15,0,293434.0
CAND-01944,2024-07-03,2024-08-02,0,1598608.0
CAND-01944,2024-07-03,2024-09-01,30,1552702.0
CAND-01944,2024-07-03,2024-10-01,60,1517316.0
CAND-01944,2024-07-03,2024-10-31,90,1475889.0
CAND-01945,2024-04-15,2024-05-15,0,610908.0
CAND-01945,2024-04-15,2024-06-14,0,574706.0
CAND-01945,2024-04-15,2024-07-14,0,531264.0
CAND-01945,2024-04-15,2024-08-13,30,513163.0
CAND-01945,2024-04-15,2024-09-12,0,469720.0
CAND-01946,2024-05-10,2024-06-09,0,259062.0
CAND-01946,2024-05-10,2024-07-09,0,239469.0
CAND-01946,2024-05-10,2024-08-08,30,234389.0
CAND-01946,2024-05-10,2024-09-07,0,206959.0
CAND-01946,2024-05-10,2024-10-07,0,187366.0
CAND-01947,2024-10-09,2024-11-08,30,942730.0
CAND-01947,2024-10-09,2024-12-08,0,873572.0
CAND-01947,2024-10-09,2025-01-07,0,776751.0
CAND-01948,2024-05-15,2024-06-14,0,549888.0
CAND-01948,2024-05-15,2024-07-14,0,491462.0
CAND-01948,2024-05-15,2024-08-13,0,446520.0
CAND-01948,2024-05-15,2024-09-12,0,393405.0
CAND-01949,2024-02-19,2024-03-20,0,278684.0
CAND-01949,2024-02-19,2024-04-19,0,261120.0
CAND-01949,2024-02-19,2024-05-19,0,233975.0
CAND-01949,2024-02-19,2024-06-18,0,217387.0
CAND-01949,2024-02-19,2024-07-18,0,187528.0
CAND-01950,2024-05-27,2024-06-26,30,577397.0
CAND-01950,2024-05-27,2024-07-26,60,567366.0
CAND-01950,2024-05-27,2024-08-25,30,555761.0
CAND-01950,2024-05-27,2024-09-24,60,544380.0
CAND-01952,2024-09-25,2024-10-25,0,760017.0
CAND-01952,2024-09-25,2024-11-24,0,712680.0
CAND-01952,2024-09-25,2024-12-24,0,659032.0
CAND-01953,2024-03-23,2024-04-22,30,599400.0
CAND-01953,2024-03-23,2024-05-22,0,558229.0
CAND-01953,2024-03-23,2024-06-21,0,496473.0
CAND-01953,2024-03-23,2024-07-21,0,462164.0
CAND-01954,2024-07-10,2024-08-09,30,753590.0
CAND-01954,2024-07-10,2024-09-08,60,738512.0
CAND-01954,2024-07-10,2024-10-08,90,722151.0
CAND-01955,2024-02-27,2024-03-28,0,1129014.0
CAND-01955,2024-02-27,2024-04-27,0,1043330.0
CAND-01955,2024-02-27,2024-05-27,30,1021115.0
CAND-01955,2024-02-27,2024-06-26,0,935431.0
CAND-01955,2024-02-27,2024-07-26,0,864868.0
CAND-01956,2024-08-15,2024-09-14,0,859699.0
CAND-01956,2024-08-15,2024-10-14,0,797610.0
CAND-01956,2024-08-15,2024-11-13,0,742825.0
CAND-01956,2024-08-15,2024-12-13,0,680736.0
CAND-01956,2024-08-15,2025-01-12,0,596068.0
CAND-01956,2024-08-15,2025-02-11,0,544327.0
CAND-01957,2024-08-05,2024-09-04,0,1054309.0
CAND-01957,2024-08-05,2024-10-04,0,965098.0
CAND-01957,2024-08-05,2024-11-03,0,859667.0
CAND-01957,2024-08-05,2024-12-03,0,763022.0
CAND-01957,2024-08-05,2025-01-02,0,666377.0
CAND-01958,2024-05-07,2024-06-06,0,335033.0
CAND-01958,2024-05-07,2024-07-06,30,323025.0
CAND-01958,2024-05-07,2024-08-05,60,315269.0
CAND-01958,2024-05-07,2024-09-04,90,307349.0
CAND-01958,2024-05-07,2024-10-04,93,298486.0
CAND-01959,2024-05-09,2024-06-08,0,590665.0
CAND-01959,2024-05-09,2024-07-08,0,545662.0
CAND-01959,2024-05-09,2024-08-07,0,503659.0
CAND-01959,2024-05-09,2024-09-06,0,446383.0
CAND-01959,2024-05-09,2024-10-06,0,397918.0
CAND-01960,2024-02-25,2024-03-26,0,476574.0
CAND-01960,2024-02-25,2024-04-25,0,436248.0
CAND-01960,2024-02-25,2024-05-25,0,395923.0
CAND-01961,2024-07-11,2024-08-10,30,298270.0
CAND-01961,2024-07-11,2024-09-09,0,276458.0
CAND-01961,2024-07-11,2024-10-09,30,267204.0
CAND-01961,2024-07-11,2024-11-08,60,262029.0
CAND-01961,2024-07-11,2024-12-08,90,254927.0
CAND-01961,2024-07-11,2025-01-07,118,245384.0
CAND-01962,2024-05-29,2024-06-28,0,980948.0
CAND-01962,2024-05-29,2024-07-28,30,963344.0
CAND-01962,2024-05-29,2024-08-27,0,905641.0
CAND-01962,2024-05-29,2024-09-26,0,801776.0
CAND-01962,2024-05-29,2024-10-26,0,697911.0
CAND-01962,2024-05-29,2024-11-25,0,632995.0
CAND-01963,2024-05-16,2024-06-15,0,1343470.0
CAND-01963,2024-05-16,2024-07-15,0,1241510.0
CAND-01963,2024-05-16,2024-08-14,0,1152296.0
CAND-01963,2024-05-16,2024-09-13,0,1033342.0
CAND-01964,2024-07-10,2024-08-09,0,831048.0
CAND-01964,2024-07-10,2024-09-08,0,763361.0
CAND-01964,2024-07-10,2024-10-08,0,704698.0
CAND-01964,2024-07-10,2024-11-07,0,624705.0
CAND-01964,2024-07-10,2024-12-07,0,575819.0
CAND-01966,2024-01-04,2024-02-03,0,1009620.0
CAND-01966,2024-01-04,2024-03-04,0,949791.0
CAND-01966,2024-01-04,2024-04-03,0,889961.0
CAND-01966,2024-01-04,2024-05-03,0,792059.0
CAND-01967,2024-07-25,2024-08-24,0,500069.0
CAND-01967,2024-07-25,2024-09-23,0,470150.0
CAND-01967,2024-07-25,2024-10-23,0,416297.0
CAND-01967,2024-07-25,2024-11-22,0,374871.0
CAND-01967,2024-07-25,2024-12-22,0,338969.0
CAND-01968,2024-10-01,2024-10-31,0,489527.0
CAND-01968,2024-10-01,2024-11-30,0,437695.0
CAND-01968,2024-10-01,2024-12-30,0,408899.0
CAND-01968,2024-10-01,2025-01-29,30,398321.0
CAND-01968,2024-10-01,2025-02-28,0,369526.0
CAND-01969,2024-07-26,2024-08-25,0,1067299.0
CAND-01969,2024-07-26,2024-09-24,0,971516.0
CAND-01969,2024-07-26,2024-10-24,0,875733.0
CAND-01970,2024-02-03,2024-03-04,0,674066.0
CAND-01970,2024-02-03,2024-04-03,30,657215.0
CAND-01970,2024-02-03,2024-05-03,60,638203.0
CAND-01970,2024-02-03,2024-06-02,90,625635.0
CAND-01970,2024-02-03,2024-07-02,107,609859.0
CAND-01970,2024-02-03,2024-08-01,107,588674.0
CAND-01971,2024-05-25,2024-06-24,0,969930.0
CAND-01971,2024-05-25,2024-07-24,0,912678.0
CAND-01971,2024-05-25,2024-08-23,0,809622.0
CAND-01972,2024-02-16,2024-03-17,0,404027.0
CAND-01972,2024-02-16,2024-04-16,0,364237.0
CAND-01972,2024-02-16,2024-05-16,0,332973.0
CAND-01972,2024-02-16,2024-06-15,0,289203.0
CAND-01973,2024-02-15,2024-03-16,0,1782936.0
CAND-01973,2024-02-15,2024-04-15,0,1593499.0
CAND-01973,2024-02-15,2024-05-15,0,1475101.0
CAND-01973,2024-02-15,2024-06-14,0,1317237.0
CAND-01974,2024-01-14,2024-02-13,0,530779.0
CAND-01974,2024-01-14,2024-03-14,0,483388.0
CAND-01974,2024-01-14,2024-04-13,0,445475.0
CAND-01974,2024-01-14,2024-05-13,0,407563.0
CAND-01975,2024-09-12,2024-10-12,0,462122.0
CAND-01975,2024-09-12,2024-11-11,0,416292.0
CAND-01975,2024-09-12,2024-12-11,0,384783.0
CAND-01975,2024-09-12,2025-01-10,0,356776.0
CAND-01975,2024-09-12,2025-02-09,0,314765.0
CAND-01976,2024-02-02,2024-03-03,0,530982.0
CAND-01976,2024-02-02,2024-04-02,0,490684.0
CAND-01976,2024-02-02,2024-05-02,0,453073.0
CAND-01976,2024-02-02,2024-06-01,30,442625.0
CAND-01977,2024-09-12,2024-10-12,0,653296.0
CAND-01977,2024-09-12,2024-11-11,0,606393.0
CAND-01977,2024-09-12,2024-12-11,0,547764.0
CAND-01977,2024-09-12,2025-01-10,30,531013.0
CAND-01979,2024-08-10,2024-09-09,0,820298.0
CAND-01979,2024-08-10,2024-10-09,0,752991.0
CAND-01979,2024-08-10,2024-11-08,0,690492.0
CAND-01980,2024-03-23,2024-04-22,0,1005311.0
CAND-01980,2024-03-23,2024-05-22,0,936767.0
CAND-01980,2024-03-23,2024-06-21,0,852405.0
CAND-01981,2024-06-11,2024-07-11,0,588252.0
CAND-01981,2024-06-11,2024-08-10,0,528832.0
CAND-01981,2024-06-11,2024-09-09,0,485258.0
CAND-01982,2024-01-20,2024-02-19,0,1218806.0
CAND-01982,2024-01-20,2024-03-20,0,1111265.0
CAND-01982,2024-01-20,2024-04-19,0,1039570.0
CAND-01982,2024-01-20,2024-05-19,0,940301.0
CAND-01982,2024-01-20,2024-06-18,0,841032.0
CAND-01982,2024-01-20,2024-07-18,0,741762.0
CAND-01984,2024-04-19,2024-05-19,0,463183.0
CAND-01984,2024-04-19,2024-06-18,0,431018.0
CAND-01984,2024-04-19,2024-07-18,0,402426.0
CAND-01984,2024-04-19,2024-08-17,30,392896.0
CAND-01984,2024-04-19,2024-09-16,0,364304.0
CAND-01984,2024-04-19,2024-10-16,0,312839.0
CAND-01985,2024-04-09,2024-05-09,0,813108.0
CAND-01985,2024-04-09,2024-06-08,0,758380.0
CAND-01985,2024-04-09,2024-07-08,0,685409.0
CAND-01985,2024-04-09,2024-08-07,0,612437.0
CAND-01985,2024-04-09,2024-09-06,0,557709.0
CAND-01986,2024-04-04,2024-05-04,0,1077423.0
CAND-01986,2024-04-04,2024-06-03,0,961393.0
CAND-01986,2024-04-04,2024-07-03,0,896932.0
CAND-01986,2024-04-04,2024-08-02,0,824413.0
CAND-01986,2024-04-04,2024-09-01,0,756160.0
CAND-01987,2024-07-16,2024-08-15,30,1284766.0
CAND-01987,2024-07-16,2024-09-14,60,1242103.0
CAND-01987,2024-07-16,2024-10-14,90,1218056.0
CAND-01987,2024-07-16,2024-11-13,92,1173971.0
CAND-01987,2024-07-16,2024-12-13,92,1150354.0
CAND-01988,2024-03-01,2024-03-31,0,430899.0
CAND-01988,2024-03-01,2024-04-30,0,384218.0
CAND-01988,2024-03-01,2024-05-30,0,345317.0
CAND-01989,2024-10-02,2024-11-01,0,633997.0
CAND-01989,2024-10-02,2024-12-01,0,566069.0
CAND-01989,2024-10-02,2024-12-31,0,517549.0
CAND-01989,2024-10-02,2025-01-30,0,477591.0
CAND-01989,2024-10-02,2025-03-01,0,415838.0
CAND-01990,2024-05-11,2024-06-10,0,183622.0
CAND-01990,2024-05-11,2024-07-10,0,165075.0
CAND-01990,2024-05-11,2024-08-09,0,144672.0
CAND-01990,2024-05-11,2024-09-08,0,124270.0
CAND-01990,2024-05-11,2024-10-08,0,110668.0
CAND-01990,2024-05-11,2024-11-07,0,94974.0
CAND-01991,2024-02-20,2024-03-21,0,668815.0
CAND-01991,2024-02-20,2024-04-20,0,608013.0
CAND-01991,2024-02-20,2024-05-20,0,555898.0
CAND-01991,2024-02-20,2024-06-19,0,507257.0
CAND-01991,2024-02-20,2024-07-19,0,446456.0
CAND-01992,2024-05-27,2024-06-26,0,1673008.0
CAND-01992,2024-05-27,2024-07-26,0,1553508.0
CAND-01992,2024-05-27,2024-08-25,0,1415622.0
CAND-01992,2024-05-27,2024-09-24,0,1310181.0
CAND-01992,2024-05-27,2024-10-24,0,1182144.0
CAND-01992,2024-05-27,2024-11-23,0,1002894.0
CAND-01993,2024-06-14,2024-07-14,0,91667.0
CAND-01993,2024-06-14,2024-08-13,0,81667.0
CAND-01993,2024-06-14,2024-09-12,0,74524.0
CAND-01993,2024-06-14,2024-10-12,0,67381.0
CAND-01994,2024-07-11,2024-08-10,0,1053147.0
CAND-01994,2024-07-11,2024-09-09,0,959900.0
CAND-01994,2024-07-11,2024-10-09,0,848003.0
CAND-01994,2024-07-11,2024-11-08,0,761928.0
CAND-01994,2024-07-11,2024-12-08,0,650032.0
CAND-01995,2024-09-04,2024-10-04,0,186299.0
CAND-01995,2024-09-04,2024-11-03,0,170376.0
CAND-01995,2024-09-04,2024-12-03,0,153126.0
CAND-01995,2024-09-04,2025-01-02,30,146449.0
CAND-01996,2024-07-18,2024-08-17,30,669867.0
CAND-01996,2024-07-18,2024-09-16,60,647132.0
CAND-01996,2024-07-18,2024-10-16,90,632620.0
CAND-01996,2024-07-18,2024-11-15,103,617464.0
CAND-01996,2024-07-18,2024-12-15,103,600412.0
CAND-01997,2024-04-13,2024-05-13,30,1041233.0
CAND-01997,2024-04-13,2024-06-12,60,1019088.0
CAND-01997,2024-04-13,2024-07-12,90,988719.0
CAND-01997,2024-04-13,2024-08-11,112,970071.0
CAND-01997,2024-04-13,2024-09-10,112,945914.0
CAND-01997,2024-04-13,2024-10-10,112,927898.0
CAND-01998,2024-02-24,2024-03-25,0,439895.0
CAND-01998,2024-02-24,2024-04-24,0,391506.0
CAND-01998,2024-02-24,2024-05-24,0,364624.0
CAND-01998,2024-02-24,2024-06-23,0,330061.0
CAND-01998,2024-02-24,2024-07-23,0,297802.0
CAND-01998,2024-02-24,2024-08-22,0,260580.0
CAND-01999,2024-03-24,2024-04-23,0,1354967.0
CAND-01999,2024-03-24,2024-05-23,0,1269570.0
CAND-01999,2024-03-24,2024-06-22,0,1148590.0
CAND-01999,2024-03-24,2024-07-22,0,1067938.0
CAND-01999,2024-03-24,2024-08-21,0,977203.0
CAND-02000,2024-02-11,2024-03-12,30,785949.0
CAND-02000,2024-02-11,2024-04-11,0,731862.0
CAND-02000,2024-02-11,2024-05-11,0,677775.0
CAND-02000,2024-02-11,2024-06-10,0,630052.0
CAND-02000,2024-02-11,2024-07-10,0,579345.0
CAND-02001,2024-01-15,2024-02-14,0,619841.0
CAND-02001,2024-01-15,2024-03-15,0,563883.0
CAND-02001,2024-01-15,2024-04-14,0,515919.0
CAND-02002,2024-03-09,2024-04-08,0,563857.0
CAND-02002,2024-03-09,2024-05-08,0,509582.0
CAND-02002,2024-03-09,2024-06-07,0,449879.0
CAND-02002,2024-03-09,2024-07-07,0,410078.0
CAND-02002,2024-03-09,2024-08-06,0,376910.0
CAND-02003,2024-07-17,2024-08-16,0,855694.0
CAND-02003,2024-07-17,2024-09-15,0,804986.0
CAND-02003,2024-07-17,2024-10-15,0,751295.0
CAND-02003,2024-07-17,2024-11-14,0,660021.0
CAND-02003,2024-07-17,2024-12-14,0,606331.0
CAND-02003,2024-07-17,2025-01-13,0,555623.0
CAND-02004,2024-01-19,2024-02-18,0,491729.0
CAND-02004,2024-01-19,2024-03-19,0,443833.0
CAND-02004,2024-01-19,2024-04-18,0,412842.0
CAND-02004,2024-01-19,2024-05-18,0,372315.0
CAND-02004,2024-01-19,2024-06-17,0,319629.0
CAND-02004,2024-01-19,2024-07-17,0,279102.0
CAND-02005,2024-06-12,2024-07-12,0,372763.0
CAND-02005,2024-06-12,2024-08-11,0,349753.0
CAND-02005,2024-06-12,2024-09-10,0,325389.0
CAND-02005,2024-06-12,2024-10-10,0,293529.0
CAND-02005,2024-06-12,2024-11-09,0,255876.0
CAND-02005,2024-06-12,2024-12-09,0,224016.0
CAND-02006,2024-05-21,2024-06-20,0,496212.0
CAND-02006,2024-05-21,2024-07-20,0,462813.0
CAND-02006,2024-05-21,2024-08-19,0,431379.0
CAND-02006,2024-05-21,2024-09-18,0,399945.0
CAND-02006,2024-05-21,2024-10-18,0,364319.0
CAND-02007,2024-06-27,2024-07-27,0,448649.0
CAND-02007,2024-06-27,2024-08-26,30,438985.0
CAND-02007,2024-06-27,2024-09-25,60,429694.0
CAND-02007,2024-06-27,2024-10-25,90,417909.0
CAND-02007,2024-06-27,2024-11-24,106,404488.0
CAND-02008,2024-09-05,2024-10-05,0,1209272.0
CAND-02008,2024-09-05,2024-11-04,0,1120592.0
CAND-02008,2024-09-05,2024-12-04,0,1037454.0
CAND-02008,2024-09-05,2025-01-03,0,935131.0
CAND-02008,2024-09-05,2025-02-02,30,908527.0
CAND-02009,2024-02-06,2024-03-07,0,436396.0
CAND-02009,2024-02-06,2024-04-06,0,393117.0
CAND-02009,2024-02-06,2024-05-06,0,363363.0
CAND-02010,2024-03-21,2024-04-20,0,314056.0
CAND-02010,2024-03-21,2024-05-20,0,293201.0
CAND-02010,2024-03-21,2024-06-19,0,265394.0
CAND-02010,2024-03-21,2024-07-19,0,245766.0
CAND-02011,2024-05-04,2024-06-03,0,297651.0
CAND-02011,2024-05-04,2024-07-03,0,273228.0
CAND-02011,2024-05-04,2024-08-02,0,254552.0
CAND-02011,2024-05-04,2024-09-01,0,230129.0
CAND-02012,2024-01-30,2024-02-29,0,1094040.0
CAND-02012,2024-01-30,2024-03-30,0,995272.0
CAND-02012,2024-01-30,2024-04-29,0,887526.0
CAND-02013,2024-05-15,2024-06-14,0,119669.0
CAND-02013,2024-05-15,2024-07-14,0,108589.0
CAND-02013,2024-05-15,2024-08-13,0,101202.0
CAND-02013,2024-05-15,2024-09-12,0,90121.0
CAND-02013,2024-05-15,2024-10-12,0,81811.0
CAND-02014,2024-06-10,2024-07-10,0,272692.0
CAND-02014,2024-06-10,2024-08-09,0,252493.0
CAND-02014,2024-06-10,2024-09-08,0,232293.0
CAND-02014,2024-06-10,2024-10-08,0,208986.0
CAND-02014,2024-06-10,2024-11-07,30,201217.0
CAND-02015,02-07-2024,2024-08-01,30,345261.0
CAND-02015,02-07-2024,2024-08-31,0,320126.0
CAND-02015,02-07-2024,2024-09-30,30,310351.0
CAND-02015,02-07-2024,2024-10-30,60,302531.0
CAND-02016,2024-06-27,2024-07-27,0,419664.0
CAND-02016,2024-06-27,2024-08-26,0,389688.0
CAND-02016,2024-06-27,2024-09-25,0,359712.0
CAND-02017,2024-07-11,2024-08-10,0,272999.0
CAND-02017,2024-07-11,2024-09-09,0,243217.0
CAND-02017,2024-07-11,2024-10-09,0,224604.0
CAND-02017,2024-07-11,2024-11-08,0,207085.0
CAND-02018,2024-03-28,2024-04-27,0,1259156.0
CAND-02018,2024-03-28,2024-05-27,30,1227178.0
CAND-02018,2024-03-28,2024-06-26,0,1143234.0
CAND-02018,2024-03-28,2024-07-26,0,1068617.0
CAND-02019,2024-04-10,2024-05-10,0,819583.0
CAND-02019,2024-04-10,2024-06-09,0,766990.0
CAND-02019,2024-04-10,2024-07-09,0,717318.0
CAND-02019,2024-04-10,2024-08-08,0,642811.0
CAND-02019,2024-04-10,2024-09-07,0,593139.0
CAND-02019,2024-04-10,2024-10-07,0,543467.0
CAND-02020,2024-02-23,2024-03-24,0,361933.0
CAND-02020,2024-02-23,2024-04-23,0,334234.0
CAND-02020,2024-02-23,2024-05-23,0,304404.0
CAND-02020,2024-02-23,2024-06-22,0,269151.0
CAND-02021,2024-06-09,2024-07-09,0,921981.0
CAND-02021,2024-06-09,2024-08-08,30,903355.0
CAND-02021,2024-06-09,2024-09-07,60,872312.0
CAND-02022,2024-10-04,2024-11-03,0,390745.0
CAND-02022,2024-10-04,2024-12-03,0,352262.0
CAND-02022,2024-10-04,2025-01-02,0,316987.0
CAND-02022,2024-10-04,2025-02-01,0,288766.0
CAND-02022,2024-10-04,2025-03-03,0,253491.0
CAND-02022,2024-10-04,2025-04-02,0,215008.0
CAND-02023,2024-05-10,2024-06-09,0,605022.0
CAND-02023,2024-05-10,2024-07-09,0,537798.0
CAND-02023,2024-05-10,2024-08-08,0,489780.0
CAND-02023,2024-05-10,2024-09-07,0,452433.0
CAND-02023,2024-05-10,2024-10-07,0,400722.0
CAND-02024,2024-04-21,2024-05-21,0,639189.0
CAND-02024,2024-04-21,2024-06-20,30,620068.0
CAND-02024,2024-04-21,2024-07-20,60,606830.0
CAND-02024,2024-04-21,2024-08-19,90,591866.0
CAND-02025,2024-08-13,2024-09-12,0,379685.0
CAND-02025,2024-08-13,2024-10-12,0,346067.0
CAND-02025,2024-08-13,2024-11-11,0,323655.0
CAND-02025,2024-08-13,2024-12-11,0,301243.0
CAND-02026,2024-02-09,2024-03-10,0,968194.0
CAND-02026,2024-02-09,2024-04-09,0,894098.0
CAND-02026,2024-02-09,2024-05-09,0,790363.0
CAND-02027,2024-03-29,2024-04-28,0,1042247.0
CAND-02027,2024-03-29,2024-05-28,0,971678.0
CAND-02027,2024-03-29,2024-06-27,0,858768.0
CAND-02027,2024-03-29,2024-07-27,0,783495.0
CAND-02028,2024-01-24,2024-02-23,0,1275607.0
CAND-02028,2024-01-24,2024-03-24,0,1135290.0
CAND-02028,2024-01-24,2024-04-23,0,994974.0
CAND-02029,2024-05-31,2024-06-30,0,750747.0
CAND-02029,2024-05-31,2024-07-30,0,700697.0
CAND-02029,2024-05-31,2024-08-29,0,653592.0
CAND-02029,2024-05-31,2024-09-28,0,573512.0
CAND-02030,2024-10-03,2024-11-02,30,219893.0
CAND-02030,2024-10-03,2024-12-02,60,215601.0
CAND-02030,2024-10-03,2025-01-01,30,211466.0
CAND-02031,2024-01-29,2024-02-28,0,287426.0
CAND-02031,2024-01-29,2024-03-29,0,255490.0
CAND-02031,2024-01-29,2024-04-28,30,249787.0
CAND-02031,2024-01-29,2024-05-28,60,242360.0
CAND-02031,2024-01-29,2024-06-27,90,235263.0
CAND-02031,2024-01-29,2024-07-27,91,226858.0
CAND-02032,2024-06-20,2024-07-20,0,894121.0
CAND-02032,2024-06-20,2024-08-19,30,865091.0
CAND-02032,2024-06-20,2024-09-18,0,778002.0
CAND-02032,2024-06-20,2024-10-18,0,709574.0
CAND-02032,2024-06-20,2024-11-17,0,645708.0
CAND-02032,2024-06-20,2024-12-17,0,592487.0
CAND-02033,2024-04-21,2024-05-21,0,438582.0
CAND-02033,2024-04-21,2024-06-20,0,398711.0
CAND-02033,2024-04-21,2024-07-20,0,361907.0
CAND-02034,2024-04-16,2024-05-16,0,335524.0
CAND-02034,2024-04-16,2024-06-15,0,310671.0
CAND-02034,2024-04-16,2024-07-15,0,285817.0
CAND-02034,2024-04-16,2024-08-14,30,277533.0
CAND-02034,2024-04-16,2024-09-13,0,252679.0
CAND-02034,2024-04-16,2024-10-13,0,229379.0
CAND-02035,2024-08-21,2024-09-20,0,928200.0
CAND-02035,2024-08-21,2024-10-20,0,836147.0
CAND-02035,2024-08-21,2024-11-19,0,763820.0
CAND-02035,2024-08-21,2024-12-19,0,671767.0
CAND-02036,2024-03-22,2024-04-21,0,604025.0
CAND-02036,2024-03-22,2024-05-21,0,557561.0
CAND-02036,2024-03-22,2024-06-20,0,511098.0
CAND-02037,2024-04-11,2024-05-11,0,387761.0
CAND-02037,2024-04-11,2024-06-10,0,361323.0
CAND-02037,2024-04-11,2024-07-10,0,322867.0
CAND-02037,2024-04-11,2024-08-09,0,292652.0
CAND-02037,2024-04-11,2024-09-08,0,257401.0
CAND-02038,2024-08-08,2024-09-07,0,737893.0
CAND-02038,2024-08-08,2024-10-07,0,658428.0
CAND-02038,2024-08-08,2024-11-06,0,601667.0
CAND-02039,2024-06-11,2024-07-11,0,861713.0
CAND-02039,2024-06-11,2024-08-10,30,840338.0
CAND-02039,2024-06-11,2024-09-09,0,786269.0
CAND-02039,2024-06-11,2024-10-09,0,724992.0
CAND-02039,2024-06-11,2024-11-08,0,633076.0
CAND-02040,2024-08-08,2024-09-07,0,417588.0
CAND-02040,2024-08-08,2024-10-07,0,384446.0
CAND-02040,2024-08-08,2024-11-06,0,355447.0
CAND-02040,2024-08-08,2024-12-06,0,313267.0
CAND-02040,2024-08-08,2025-01-05,0,284267.0
CAND-02040,2024-08-08,2025-02-04,0,245602.0
CAND-02041,2024-03-21,2024-04-20,0,241560.0
CAND-02041,2024-03-21,2024-05-20,0,224382.0
CAND-02041,2024-03-21,2024-06-19,30,218900.0
CAND-02041,2024-03-21,2024-07-19,0,195476.0
CAND-02041,2024-03-21,2024-08-18,0,169710.0
CAND-02041,2024-03-21,2024-09-17,0,151305.0
CAND-02042,2024-06-02,2024-07-02,0,1030086.0
CAND-02042,2024-06-02,2024-08-01,0,960753.0
CAND-02042,2024-06-02,2024-08-31,30,932309.0
CAND-02042,2024-06-02,2024-09-30,60,911766.0
CAND-02042,2024-06-02,2024-10-30,90,884033.0
CAND-02043,2024-07-23,2024-08-22,0,292038.0
CAND-02043,2024-07-23,2024-09-21,0,273785.0
CAND-02043,2024-07-23,2024-10-21,30,267453.0
CAND-02043,2024-07-23,2024-11-20,60,257756.0
CAND-02043,2024-07-23,2024-12-20,90,248354.0
CAND-02043,2024-07-23,2025-01-19,98,240188.0
CAND-02044,2024-10-18,2024-11-17,0,1363045.0
CAND-02044,2024-10-18,2024-12-17,0,1254866.0
CAND-02044,2024-10-18,2025-01-16,0,1103417.0
CAND-02045,2024-03-02,2024-04-01,0,1054346.0
CAND-02045,2024-03-02,2024-05-01,30,1027569.0
CAND-02045,2024-03-02,2024-05-31,60,1006743.0
CAND-02046,2024-03-08,2024-04-07,0,334730.0
CAND-02046,2024-03-08,2024-05-07,0,298467.0
CAND-02046,2024-03-08,2024-06-06,0,268249.0
CAND-02047,2024-05-29,2024-06-28,0,673069.0
CAND-02047,2024-05-29,2024-07-28,30,655811.0
CAND-02047,2024-05-29,2024-08-27,60,641872.0
CAND-02047,2024-05-29,2024-09-26,30,621162.0
CAND-02048,2024-09-30,2024-10-30,0,719868.0
CAND-02048,2024-09-30,2024-11-29,0,661236.0
CAND-02048,2024-09-30,2024-12-29,0,618891.0
CAND-02049,2024-06-18,2024-07-18,0,434939.0
CAND-02049,2024-06-18,2024-08-17,0,400420.0
CAND-02049,2024-06-18,2024-09-16,30,388633.0
CAND-02049,2024-06-18,2024-10-16,0,351459.0
CAND-02050,2024-09-29,2024-10-29,0,607533.0
CAND-02050,2024-09-29,2024-11-28,0,540704.0
CAND-02050,2024-09-29,2024-12-28,30,524404.0
CAND-02050,2024-09-29,2025-01-27,60,510766.0
CAND-02050,2024-09-29,2025-02-26,90,496547.0
CAND-02050,2024-09-29,2025-03-28,110,479412.0
CAND-02051,2024-09-27,2024-10-27,0,827946.0
CAND-02051,2024-09-27,2024-11-26,0,777768.0
CAND-02051,2024-09-27,2024-12-26,0,695657.0
CAND-02051,2024-09-27,2025-01-25,0,631142.0
CAND-02052,2024-01-24,2024-02-23,0,1043573.0
CAND-02052,2024-01-24,2024-03-24,0,956000.0
CAND-02052,2024-01-24,2024-04-23,0,842156.0
CAND-02053,2024-01-28,2024-02-27,0,427912.0
CAND-02053,2024-01-28,2024-03-28,0,395310.0
CAND-02053,2024-01-28,2024-04-27,0,369952.0
CAND-02053,2024-01-28,2024-05-27,0,328457.0
CAND-02053,2024-01-28,2024-06-26,0,301608.0
CAND-02054,2024-10-26,2024-11-25,0,780983.0
CAND-02054,2024-10-26,2024-12-25,0,728918.0
CAND-02054,2024-10-26,2025-01-24,0,679915.0
CAND-02055,2024-03-01,2024-03-31,0,1073390.0
CAND-02055,2024-03-01,2024-04-30,0,996326.0
CAND-02055,2024-03-01,2024-05-30,0,907406.0
CAND-02055,2024-03-01,2024-06-29,30,879212.0
CAND-02055,2024-03-01,2024-07-29,60,845213.0
CAND-02056,2024-07-31,2024-08-30,0,686994.0
CAND-02056,2024-07-31,2024-09-29,0,625928.0
CAND-02056,2024-07-31,2024-10-29,0,580129.0
CAND-02056,2024-07-31,2024-11-28,0,506849.0
CAND-02056,2024-07-31,2024-12-28,0,466138.0
CAND-02057,2024-04-09,2024-05-09,0,1029794.0
CAND-02057,2024-04-09,2024-06-08,0,929490.0
CAND-02057,2024-04-09,2024-07-08,0,868192.0
CAND-02057,2024-04-09,2024-08-07,0,789382.0
CAND-02057,2024-04-09,2024-09-06,0,679046.0
CAND-02058,2024-07-05,2024-08-04,0,609665.0
CAND-02058,2024-07-05,2024-09-03,0,561763.0
CAND-02058,2024-07-05,2024-10-03,0,517054.0
CAND-02058,2024-07-05,2024-11-02,0,472346.0
CAND-02059,2024-02-17,2024-03-18,0,713871.0
CAND-02059,2024-02-17,2024-04-17,0,658958.0
CAND-02059,2024-02-17,2024-05-17,0,594892.0
CAND-02059,2024-02-17,2024-06-16,0,552182.0
CAND-02060,2024-05-14,2024-06-13,0,857074.0
CAND-02060,2024-05-14,2024-07-13,0,777716.0
CAND-02060,2024-05-14,2024-08-12,0,682485.0
CAND-02060,2024-05-14,2024-09-11,0,618998.0
CAND-02060,2024-05-14,2024-10-11,0,523768.0
CAND-02061,2024-08-23,2024-09-22,0,268536.0
CAND-02061,2024-08-23,2024-10-22,0,249887.0
CAND-02061,2024-08-23,2024-11-21,0,225023.0
CAND-02061,2024-08-23,2024-12-21,0,197898.0
CAND-02061,2024-08-23,2025-01-20,0,179250.0
CAND-02061,2024-08-23,2025-02-19,0,154385.0
CAND-02062,2024-02-06,2024-03-07,0,478640.0
CAND-02062,2024-02-06,2024-04-06,0,441822.0
CAND-02062,2024-02-06,2024-05-06,0,411501.0
CAND-02064,2024-02-23,2024-03-24,0,471226.0
CAND-02064,2024-02-23,2024-04-23,0,430950.0
CAND-02064,2024-02-23,2024-05-23,0,400151.0
CAND-02064,2024-02-23,2024-06-22,30,387381.0
CAND-02064,2024-02-23,2024-07-22,0,343749.0
CAND-02065,2024-04-18,2024-05-18,0,582386.0
CAND-02065,2024-04-18,2024-06-17,0,519668.0
CAND-02065,2024-04-18,2024-07-17,0,480469.0
CAND-02066,2024-04-12,2024-05-12,0,581458.0
CAND-02066,2024-04-12,2024-06-11,0,546218.0
CAND-02066,2024-04-12,2024-07-11,0,508905.0
CAND-02066,2024-04-12,2024-08-10,0,471593.0
CAND-02066,2024-04-12,2024-09-09,0,422799.0
CAND-02066,2024-04-12,2024-10-09,0,377491.0
CAND-02067,2024-09-04,2024-10-04,0,730580.0
CAND-02067,2024-09-04,2024-11-03,0,677816.0
CAND-02067,2024-09-04,2024-12-03,0,621283.0
CAND-02067,2024-09-04,2025-01-02,0,571817.0
CAND-02067,2024-09-04,2025-02-01,0,519053.0
CAND-02067,2024-09-04,2025-03-03,0,453097.0
CAND-02068,2024-04-29,2024-05-29,0,680565.0
CAND-02068,2024-04-29,2024-06-28,0,620306.0
CAND-02068,2024-04-29,2024-07-28,0,575113.0
CAND-02068,2024-04-29,2024-08-27,0,519490.0
CAND-02068,2024-04-29,2024-09-26,0,474296.0
CAND-02069,2024-08-18,2024-09-17,0,683151.0
CAND-02069,2024-08-18,2024-10-17,0,640981.0
CAND-02069,2024-08-18,2024-11-16,0,582592.0
CAND-02070,2024-06-28,2024-07-28,0,1331204.0
CAND-02070,2024-06-28,2024-08-27,0,1236910.0
CAND-02070,2024-06-28,2024-09-26,0,1119043.0
CAND-02070,2024-06-28,2024-10-26,0,990461.0
CAND-02070,2024-06-28,2024-11-25,0,896167.0
CAND-02071,2024-06-02,2024-07-02,0,528877.0
CAND-02071,2024-06-02,2024-08-01,0,490906.0
CAND-02071,2024-06-02,2024-08-31,0,443443.0
CAND-02072,2024-04-10,2024-05-10,0,446460.0
CAND-02072,2024-04-10,2024-06-09,0,418322.0
CAND-02072,2024-04-10,2024-07-09,0,386432.0
CAND-02073,2024-03-09,2024-04-08,0,274318.0
CAND-02073,2024-03-09,2024-05-08,0,251898.0
CAND-02073,2024-03-09,2024-06-07,30,245562.0
CAND-02073,2024-03-09,2024-07-07,60,239360.0
CAND-02073,2024-03-09,2024-08-06,90,232736.0
CAND-02074,2024-04-04,2024-05-04,0,283441.0
CAND-02074,2024-04-04,2024-06-03,0,256063.0
CAND-02074,2024-04-04,2024-07-03,30,248893.0
CAND-02074,2024-04-04,2024-08-02,0,227382.0
CAND-02075,2024-09-23,2024-10-23,0,180894.0
CAND-02075,2024-09-23,2024-11-22,30,176856.0
CAND-02075,2024-09-23,2024-12-22,0,157475.0
CAND-02075,2024-09-23,2025-01-21,0,144554.0
CAND-02075,2024-09-23,2025-02-20,0,133153.0
CAND-02076,2024-05-24,2024-06-23,0,106136.0
CAND-02076,2024-05-24,2024-07-23,0,94859.0
CAND-02076,2024-05-24,2024-08-22,0,88225.0
CAND-02076,2024-05-24,2024-09-21,0,76948.0
CAND-02076,2024-05-24,2024-10-21,0,65671.0
CAND-02076,2024-05-24,2024-11-20,0,57616.0
CAND-02077,2024-02-01,2024-03-02,0,333041.0
CAND-02077,2024-02-01,2024-04-01,0,312483.0
CAND-02077,2024-02-01,2024-05-01,0,284018.0
CAND-02077,2024-02-01,2024-05-31,0,263460.0
CAND-02078,2024-08-01,2024-08-31,30,941978.0
CAND-02078,2024-08-01,2024-09-30,0,853581.0
CAND-02078,2024-08-01,2024-10-30,0,799561.0
CAND-02078,2024-08-01,2024-11-29,0,711164.0
CAND-02078,2024-08-01,2024-12-29,0,613928.0
CAND-02078,2024-08-01,2025-01-28,0,553155.0
CAND-02079,2024-08-21,2024-09-20,0,490902.0
CAND-02079,2024-08-21,2024-10-20,0,438539.0
CAND-02079,2024-08-21,2024-11-19,0,405812.0
CAND-02079,2024-08-21,2024-12-19,0,370904.0
CAND-02079,2024-08-21,2025-01-18,0,338177.0
CAND-02080,2024-06-10,2024-07-10,30,812101.0
CAND-02080,2024-06-10,2024-08-09,60,792305.0
CAND-02080,2024-06-10,2024-09-08,90,775337.0
CAND-02080,2024-06-10,2024-10-08,99,759940.0
CAND-02081,2024-09-26,2024-10-26,0,958511.0
CAND-02081,2024-09-26,2024-11-25,0,889285.0
CAND-02081,2024-09-26,2024-12-25,0,815115.0
CAND-02081,2024-09-26,2025-01-24,0,750216.0
CAND-02082,2024-02-19,2024-03-20,0,300560.0
CAND-02082,2024-02-19,2024-04-19,0,278701.0
CAND-02082,2024-02-19,2024-05-19,0,245913.0
CAND-02082,2024-02-19,2024-06-18,0,218589.0
CAND-02083,2024-03-20,2024-04-19,0,1015631.0
CAND-02083,2024-03-20,2024-05-19,30,994472.0
CAND-02083,2024-03-20,2024-06-18,0,930995.0
CAND-02085,2024-09-26,2024-10-26,0,1038135.0
CAND-02085,2024-09-26,2024-11-25,0,966042.0
CAND-02085,2024-09-26,2024-12-25,0,893949.0
CAND-02085,2024-09-26,2025-01-24,0,821857.0
CAND-02085,2024-09-26,2025-02-23,0,725733.0
CAND-02085,2024-09-26,2025-03-25,0,629609.0
CAND-02086,2024-09-16,2024-10-16,0,368371.0
CAND-02086,2024-09-16,2024-11-15,0,339427.0
CAND-02086,2024-09-16,2024-12-15,0,308258.0
CAND-02086,2024-09-16,2025-01-14,0,274490.0
CAND-02086,2024-09-16,2025-02-13,30,264100.0
CAND-02087,2024-06-20,2024-07-20,0,546974.0
CAND-02087,2024-06-20,2024-08-19,30,526918.0
CAND-02087,2024-06-20,2024-09-18,0,476779.0
CAND-02087,2024-06-20,2024-10-18,0,422081.0
CAND-02087,2024-06-20,2024-11-17,0,361914.0
CAND-02087,2024-06-20,2024-12-17,0,307217.0
CAND-02088,2024-07-10,2024-08-09,30,562944.0
CAND-02088,2024-07-10,2024-09-08,60,547730.0
CAND-02088,2024-07-10,2024-10-08,90,537405.0
CAND-02088,2024-07-10,2024-11-07,94,519338.0
CAND-02088,2024-07-10,2024-12-07,94,504884.0
CAND-02088,2024-07-10,2025-01-06,94,493085.0
CAND-02089,2024-07-27,2024-08-26,30,1036293.0
CAND-02089,2024-07-27,2024-09-25,60,1003119.0
CAND-02089,2024-07-27,2024-10-25,90,978431.0
CAND-02090,2024-04-10,2024-05-10,0,682597.0
CAND-02090,2024-04-10,2024-06-09,30,669823.0
CAND-02090,2024-04-10,2024-07-09,60,652487.0
CAND-02090,2024-04-10,2024-08-08,90,637318.0
CAND-02090,2024-04-10,2024-09-07,95,623042.0
CAND-02090,2024-04-10,2024-10-07,95,599555.0
CAND-02091,2024-08-24,2024-09-23,0,748110.0
CAND-02091,2024-08-24,2024-10-23,0,696677.0
CAND-02091,2024-08-24,2024-11-22,0,641816.0
CAND-02091,2024-08-24,2024-12-22,0,583036.0
CAND-02091,2024-08-24,2025-01-21,0,519734.0
CAND-02092,2024-02-12,2024-03-13,0,845010.0
CAND-02092,2024-02-12,2024-04-12,0,755538.0
CAND-02092,2024-02-12,2024-05-12,0,699618.0
CAND-02092,2024-02-12,2024-06-11,0,625059.0
CAND-02092,2024-02-12,2024-07-11,0,561150.0
CAND-02092,2024-02-12,2024-08-10,0,492326.0
CAND-02093,2024-06-06,2024-07-06,0,316813.0
CAND-02093,2024-06-06,2024-08-05,0,294183.0
CAND-02093,2024-06-06,2024-09-04,0,265896.0
CAND-02093,2024-06-06,2024-10-04,0,239785.0
CAND-02093,2024-06-06,2024-11-03,30,233724.0
CAND-02094,2024-03-13,2024-04-12,0,319316.0
CAND-02094,2024-03-13,2024-05-12,0,295082.0
CAND-02094,2024-03-13,2024-06-11,0,272464.0
CAND-02094,2024-03-13,2024-07-11,30,263982.0
CAND-02094,2024-03-13,2024-08-10,0,230055.0
CAND-02094,2024-03-13,2024-09-09,0,210097.0
CAND-02095,2024-07-18,2024-08-17,0,719247.0
CAND-02095,2024-07-18,2024-09-16,0,654315.0
CAND-02095,2024-07-18,2024-10-16,0,611027.0
CAND-02095,2024-07-18,2024-11-15,0,565192.0
CAND-02095,2024-07-18,2024-12-15,0,487274.0
CAND-02096,2024-08-10,2024-09-09,0,466805.0
CAND-02096,2024-08-10,2024-10-09,0,438278.0
CAND-02096,2024-08-10,2024-11-08,0,391597.0
CAND-02096,2024-08-10,2024-12-08,0,363070.0
CAND-02096,2024-08-10,2025-01-07,0,320280.0
CAND-02098,2024-03-12,2024-04-11,0,188220.0
CAND-02098,2024-03-12,2024-05-11,0,171109.0
CAND-02098,2024-03-12,2024-06-10,0,153998.0
CAND-02098,2024-03-12,2024-07-10,0,142591.0
CAND-02099,2024-06-14,2024-07-14,0,1647152.0
CAND-02099,2024-06-14,2024-08-13,0,1467463.0
CAND-02099,2024-06-14,2024-09-12,0,1304109.0
CAND-02099,2024-06-14,2024-10-12,0,1140755.0
CAND-02100,2024-05-28,2024-06-27,0,495221.0
CAND-02100,2024-05-28,2024-07-27,30,483992.0
CAND-02100,2024-05-28,2024-08-26,60,472762.0
CAND-02100,2024-05-28,2024-09-25,90,458282.0
CAND-02100,2024-05-28,2024-10-25,117,441087.0
CAND-02100,2024-05-28,2024-11-24,117,429624.0
CAND-02101,2024-03-16,2024-04-15,0,887126.0
CAND-02101,2024-03-16,2024-05-15,0,827415.0
CAND-02101,2024-03-16,2024-06-14,0,740564.0
CAND-02101,2024-03-16,2024-07-14,0,687488.0
CAND-02101,2024-03-16,2024-08-13,0,607874.0
CAND-02102,2024-01-13,2024-02-12,0,477198.0
CAND-02102,2024-01-13,2024-03-13,0,444662.0
CAND-02102,2024-01-13,2024-04-12,0,412126.0
CAND-02103,2024-03-12,2024-04-11,0,675357.0
CAND-02103,2024-03-12,2024-05-11,0,630333.0
CAND-02103,2024-03-12,2024-06-10,0,585310.0
CAND-02103,2024-03-12,2024-07-10,0,545288.0
CAND-02104,2024-09-24,2024-10-24,0,1350705.0
CAND-02104,2024-09-24,2024-11-23,0,1219728.0
CAND-02104,2024-09-24,2024-12-23,30,1192544.0
CAND-02105,2024-04-05,2024-05-05,0,869344.0
CAND-02105,2024-04-05,2024-06-04,0,803108.0
CAND-02105,2024-04-05,2024-07-04,0,741288.0
CAND-02105,2024-04-05,2024-08-03,0,689771.0
CAND-02106,2024-05-24,2024-06-23,0,175218.0
CAND-02106,2024-05-24,2024-07-23,30,171887.0
CAND-02106,2024-05-24,2024-08-22,0,154631.0
CAND-02106,2024-05-24,2024-09-21,0,141073.0
CAND-02106,2024-05-24,2024-10-21,0,122091.0
CAND-02107,2024-06-23,2024-07-23,0,524418.0
CAND-02107,2024-06-23,2024-08-22,0,491197.0
CAND-02107,2024-06-23,2024-09-21,0,457976.0
CAND-02107,2024-06-23,2024-10-21,0,410913.0
CAND-02107,2024-06-23,2024-11-20,0,367470.0
CAND-02107,2024-06-23,2024-12-20,0,336094.0
CAND-02108,2024-08-18,2024-09-17,0,413735.0
CAND-02108,2024-08-18,2024-10-17,0,375427.0
CAND-02108,2024-08-18,2024-11-16,0,349887.0
CAND-02109,2024-03-06,2024-04-05,0,906803.0
CAND-02109,2024-03-06,2024-05-05,0,810078.0
CAND-02109,2024-03-06,2024-06-04,0,729473.0
CAND-02110,2024-08-01,2024-08-31,0,1156560.0
CAND-02110,2024-08-01,2024-09-30,0,1070889.0
CAND-02110,2024-08-01,2024-10-30,30,1048733.0
CAND-02110,2024-08-01,2024-11-29,60,1016606.0
CAND-02111,2024-06-29,2024-07-29,0,268339.0
CAND-02111,2024-06-29,2024-08-28,30,258581.0
CAND-02111,2024-06-29,2024-09-27,60,250449.0
CAND-02111,2024-06-29,2024-10-27,90,241301.0
CAND-02112,2024-06-04,2024-07-04,0,469121.0
CAND-02112,2024-06-04,2024-08-03,30,456415.0
CAND-02112,2024-06-04,2024-09-02,60,447653.0
CAND-02112,2024-06-04,2024-10-02,90,437489.0
CAND-02112,2024-06-04,2024-11-01,105,428077.0
CAND-02113,2024-05-20,2024-06-19,0,422610.0
CAND-02113,2024-05-20,2024-07-19,0,380349.0
CAND-02113,2024-05-20,2024-08-18,0,347144.0
CAND-02113,2024-05-20,2024-09-17,0,304883.0
CAND-02113,2024-05-20,2024-10-17,0,279057.0
CAND-02114,2024-02-03,2024-03-04,0,714829.0
CAND-02114,2024-02-03,2024-04-03,0,644846.0
CAND-02114,2024-02-03,2024-05-03,0,567864.0
CAND-02114,2024-02-03,2024-06-02,0,503713.0
CAND-02115,2024-02-28,2024-03-29,0,562314.0
CAND-02115,2024-02-28,2024-04-28,0,519786.0
CAND-02115,2024-02-28,2024-05-28,0,470170.0
CAND-02115,2024-02-28,2024-06-27,0,420554.0
CAND-02115,2024-02-28,2024-07-27,0,387477.0
CAND-02116,2024-04-30,2024-05-30,0,1169391.0
CAND-02116,2024-04-30,2024-06-29,30,1135678.0
CAND-02116,2024-04-30,2024-07-29,0,1057719.0
CAND-02116,2024-04-30,2024-08-28,30,1028020.0
CAND-02117,2024-03-16,2024-04-15,0,469408.0
CAND-02117,2024-03-16,2024-05-15,0,439823.0
CAND-02117,2024-03-16,2024-06-14,0,410239.0
CAND-02118,2024-04-21,2024-05-21,0,1700670.0
CAND-02118,2024-04-21,2024-06-20,0,1518455.0
CAND-02118,2024-04-21,2024-07-20,0,1396979.0
CAND-02119,2024-01-13,2024-02-12,0,382457.0
CAND-02119,2024-01-13,2024-03-13,0,353037.0
CAND-02119,2024-01-13,2024-04-12,0,321355.0
CAND-02119,2024-01-13,2024-05-12,0,298473.0
CAND-02120,2024-04-06,2024-05-06,0,599612.0
CAND-02120,2024-04-06,2024-06-05,0,556004.0
CAND-02120,2024-04-06,2024-07-05,0,512396.0
CAND-02121,2024-08-29,2024-09-28,0,990814.0
CAND-02121,2024-08-29,2024-10-28,30,957469.0
CAND-02121,2024-08-29,2024-11-27,60,936949.0
CAND-02122,2024-07-14,2024-08-13,0,288721.0
CAND-02122,2024-07-14,2024-09-12,0,268098.0
CAND-02122,2024-07-14,2024-10-12,0,244302.0
CAND-02122,2024-07-14,2024-11-11,0,222206.0
CAND-02122,2024-07-14,2024-12-11,30,214473.0
CAND-02123,2024-08-10,2024-09-09,0,705862.0
CAND-02123,2024-08-10,2024-10-09,0,652082.0
CAND-02123,2024-08-10,2024-11-08,0,583635.0
CAND-02124,2024-07-22,2024-08-21,0,943576.0
CAND-02124,2024-07-22,2024-09-20,30,925681.0
CAND-02124,2024-07-22,2024-10-20,60,905721.0
CAND-02124,2024-07-22,2024-11-19,90,881008.0
CAND-02124,2024-07-22,2024-12-19,116,861787.0
CAND-02124,2024-07-22,2025-01-18,116,840605.0
CAND-02125,2024-04-07,2024-05-07,0,364921.0
CAND-02125,2024-04-07,2024-06-06,0,329377.0
CAND-02125,2024-04-07,2024-07-06,30,320491.0
CAND-02125,2024-04-07,2024-08-05,0,281392.0
CAND-02126,2024-01-31,2024-03-01,0,1217080.0
CAND-02126,2024-01-31,2024-03-31,0,1139980.0
CAND-02126,2024-01-31,2024-04-30,0,1062880.0
CAND-02127,2024-09-26,2024-10-26,0,770025.0
CAND-02127,2024-09-26,2024-11-25,0,688210.0
CAND-02127,2024-09-26,2024-12-25,0,613833.0
CAND-02127,2024-09-26,2025-01-24,0,559289.0
CAND-02127,2024-09-26,2025-02-23,0,508155.0
CAND-02128,2024-10-30,2024-11-29,0,1066221.0
CAND-02128,2024-10-30,2024-12-29,0,981600.0
CAND-02128,2024-10-30,2025-01-28,0,907557.0
CAND-02128,2024-10-30,2025-02-27,0,808833.0
CAND-02128,2024-10-30,2025-03-29,0,701134.0
CAND-02129,2024-08-12,2024-09-11,30,1635074.0
CAND-02129,2024-08-12,2024-10-11,60,1601731.0
CAND-02129,2024-08-12,2024-11-10,90,1566260.0
CAND-02129,2024-08-12,2024-12-10,120,1512482.0
CAND-02129,2024-08-12,2025-01-09,120,1469735.0
CAND-02129,2024-08-12,2025-02-08,120,1424677.0
CAND-02130,2024-01-26,2024-02-25,0,1385135.0
CAND-02130,2024-01-26,2024-03-26,0,1297836.0
CAND-02130,2024-01-26,2024-04-25,30,1266260.0
CAND-02130,2024-01-26,2024-05-25,0,1173506.0
CAND-02131,2024-04-14,2024-05-14,30,161472.0
CAND-02131,2024-04-14,2024-06-13,0,148732.0
CAND-02131,2024-04-14,2024-07-13,0,135993.0
CAND-02132,2024-02-16,2024-03-17,30,960167.0
CAND-02132,2024-02-16,2024-04-16,0,878102.0
CAND-02132,2024-02-16,2024-05-16,0,802349.0
CAND-02132,2024-02-16,2024-06-15,30,777098.0
CAND-02132,2024-02-16,2024-07-15,60,746323.0
CAND-02133,2024-06-27,2024-07-27,0,929351.0
CAND-02133,2024-06-27,2024-08-26,0,846373.0
CAND-02133,2024-06-27,2024-09-25,0,791055.0
CAND-02133,2024-06-27,2024-10-25,0,714460.0
CAND-02133,2024-06-27,2024-11-24,0,631482.0
CAND-02133,2024-06-27,2024-12-24,0,548504.0
CAND-02134,2024-09-13,2024-10-13,0,387435.0
CAND-02134,2024-09-13,2024-11-12,0,361019.0
CAND-02134,2024-09-13,2024-12-12,0,336157.0
CAND-02135,2024-01-28,2024-02-27,0,607095.0
CAND-02135,2024-01-28,2024-03-28,0,568137.0
CAND-02135,2024-01-28,2024-04-27,30,556911.0
CAND-02135,2024-01-28,2024-05-27,0,517954.0
CAND-02135,2024-01-28,2024-06-26,0,457746.0
CAND-02135,2024-01-28,2024-07-26,0,413593.0
CAND-02136,2024-03-28,2024-04-27,0,283018.0
CAND-02136,2024-03-28,2024-05-27,0,265330.0
CAND-02136,2024-03-28,2024-06-26,0,248624.0
CAND-02136,2024-03-28,2024-07-26,0,223565.0
CAND-02137,2024-10-13,2024-11-12,0,228724.0
CAND-02137,2024-10-13,2024-12-12,0,211425.0
CAND-02137,2024-10-13,2025-01-11,0,196289.0
CAND-02137,2024-10-13,2025-02-10,0,177660.0
CAND-02138,2024-09-25,2024-10-25,0,559175.0
CAND-02138,2024-09-25,2024-11-24,0,504430.0
CAND-02138,2024-09-25,2024-12-24,0,461417.0
CAND-02139,2024-04-17,2024-05-17,0,679642.0
CAND-02139,2024-04-17,2024-06-16,30,664848.0
CAND-02139,2024-04-17,2024-07-16,0,616517.0
CAND-02139,2024-04-17,2024-08-15,0,550613.0
CAND-02139,2024-04-17,2024-09-14,0,478118.0
CAND-02139,2024-04-17,2024-10-14,0,426335.0
CAND-02140,2024-08-09,2024-09-08,0,200576.0
CAND-02140,2024-08-09,2024-10-08,0,186313.0
CAND-02140,2024-08-09,2024-11-07,0,174427.0
CAND-02141,2024-09-08,2024-10-08,0,486926.0
CAND-02141,2024-09-08,2024-11-07,0,457942.0
CAND-02141,2024-09-08,2024-12-07,30,445217.0
CAND-02141,2024-09-08,2025-01-06,60,436065.0
CAND-02142,2024-03-03,2024-04-02,0,1009670.0
CAND-02142,2024-03-03,2024-05-02,0,948903.0
CAND-02142,2024-03-03,2024-06-01,0,857752.0
CAND-02143,2024-06-21,2024-07-21,0,383902.0
CAND-02143,2024-06-21,2024-08-20,0,352100.0
CAND-02143,2024-06-21,2024-09-19,0,326260.0
CAND-02143,2024-06-21,2024-10-19,30,315924.0
CAND-02143,2024-06-21,2024-11-18,0,292956.0
CAND-02143,2024-06-21,2024-12-18,0,268636.0
CAND-02144,2024-07-02,2024-08-01,0,166517.0
CAND-02144,2024-07-02,2024-08-31,30,161479.0
CAND-02144,2024-07-02,2024-09-30,0,143848.0
CAND-02145,2024-02-18,2024-03-19,0,450030.0
CAND-02145,2024-02-18,2024-04-18,0,415742.0
CAND-02145,2024-02-18,2024-05-18,0,375739.0
CAND-02145,2024-02-18,2024-06-17,0,338814.0
CAND-02145,2024-02-18,2024-07-17,0,312145.0
CAND-02146,2024-02-24,2024-03-25,0,306176.0
CAND-02146,2024-02-24,2024-04-24,0,286165.0
CAND-02146,2024-02-24,2024-05-24,0,261865.0
CAND-02146,2024-02-24,2024-06-23,0,230938.0
CAND-02146,2024-02-24,2024-07-23,0,196919.0
CAND-02146,2024-02-24,2024-08-22,0,178019.0
CAND-02147,2024-08-18,2024-09-17,0,615359.0
CAND-02147,2024-08-18,2024-10-17,0,564642.0
CAND-02147,2024-08-18,2024-11-16,0,504705.0
CAND-02147,2024-08-18,2024-12-16,0,465922.0
CAND-02147,2024-08-18,2025-01-15,0,427139.0
CAND-02148,2024-04-18,2024-05-18,0,1217319.0
CAND-02148,2024-04-18,2024-06-17,0,1136481.0
CAND-02148,2024-04-18,2024-07-17,0,1028698.0
CAND-02148,2024-04-18,2024-08-16,0,911116.0
CAND-02149,2024-04-21,2024-05-21,0,422901.0
CAND-02149,2024-04-21,2024-06-20,0,388201.0
CAND-02149,2024-04-21,2024-07-20,0,363140.0
CAND-02149,2024-04-21,2024-08-19,0,334947.0
CAND-02149,2024-04-21,2024-09-18,0,304874.0
CAND-02149,2024-04-21,2024-10-18,0,259765.0
CAND-02150,2024-01-07,2024-02-06,0,897744.0
CAND-02150,2024-01-07,2024-03-07,0,816698.0
CAND-02150,2024-01-07,2024-04-06,0,755913.0
CAND-02150,2024-01-07,2024-05-06,0,698704.0
CAND-02150,2024-01-07,2024-06-05,0,601448.0
CAND-02150,2024-01-07,2024-07-05,0,540663.0
CAND-02151,2024-05-28,2024-06-27,0,635553.0
CAND-02151,2024-05-28,2024-07-27,0,573331.0
CAND-02151,2024-05-28,2024-08-26,0,524443.0
CAND-02151,2024-05-28,2024-09-25,0,467406.0
CAND-02151,2024-05-28,2024-10-25,0,424628.0
CAND-02152,2024-10-09,2024-11-08,0,476448.0
CAND-02152,2024-10-09,2024-12-08,0,433135.0
CAND-02152,2024-10-09,2025-01-07,0,404259.0
CAND-02152,2024-10-09,2025-02-06,30,391265.0
CAND-02152,2024-10-09,2025-03-08,0,344014.0
CAND-02153,2024-07-21,2024-08-20,0,464837.0
CAND-02153,2024-07-21,2024-09-19,0,431265.0
CAND-02153,2024-07-21,2024-10-19,0,399792.0
CAND-02153,2024-07-21,2024-11-18,0,361055.0
CAND-02153,2024-07-21,2024-12-18,0,329582.0
CAND-02154,2024-04-05,2024-05-05,0,626687.0
CAND-02154,2024-04-05,2024-06-04,0,586472.0
CAND-02154,2024-04-05,2024-07-04,0,543743.0
CAND-02155,2024-02-22,2024-03-23,0,2079344.0
CAND-02155,2024-02-22,2024-04-22,0,1928119.0
CAND-02155,2024-02-22,2024-05-22,0,1753628.0
CAND-02155,2024-02-22,2024-06-21,0,1611855.0
CAND-02155,2024-02-22,2024-07-21,0,1460630.0
CAND-02156,2024-05-05,2024-06-04,0,871779.0
CAND-02156,2024-05-05,2024-07-04,0,787573.0
CAND-02156,2024-05-05,2024-08-03,0,694946.0
CAND-02156,2024-05-05,2024-09-02,0,640460.0
CAND-02156,2024-05-05,2024-10-02,0,585974.0
CAND-02156,2024-05-05,2024-11-01,0,534515.0
CAND-02157,2024-05-10,2024-06-09,0,139053.0
CAND-02157,2024-05-10,2024-07-09,0,127168.0
CAND-02157,2024-05-10,2024-08-08,30,122184.0
CAND-02157,2024-05-10,2024-09-07,0,111884.0
CAND-02157,2024-05-10,2024-10-07,0,103300.0
CAND-02157,2024-05-10,2024-11-06,0,87850.0
CAND-02158,2024-07-25,2024-08-24,0,455418.0
CAND-02158,2024-07-25,2024-09-23,0,406081.0
CAND-02158,2024-07-25,2024-10-23,0,375246.0
CAND-02158,2024-07-25,2024-11-22,0,347836.0
CAND-02158,2024-07-25,2024-12-22,0,309885.0
CAND-02159,2024-08-14,2024-09-13,0,441254.0
CAND-02159,2024-08-14,2024-10-13,0,409386.0
CAND-02159,2024-08-14,2024-11-12,0,381266.0
CAND-02159,2024-08-14,2024-12-12,0,347122.0
CAND-02160,2024-03-07,2024-04-06,30,1444479.0
CAND-02160,2024-03-07,2024-05-06,0,1296672.0
CAND-02160,2024-03-07,2024-06-05,0,1214557.0
CAND-02160,2024-03-07,2024-07-05,0,1080187.0
CAND-02160,2024-03-07,2024-08-04,0,987807.0
CAND-02160,2024-03-07,2024-09-03,0,864635.0
CAND-02161,2024-06-06,2024-07-06,0,205332.0
CAND-02161,2024-06-06,2024-08-05,0,192888.0
CAND-02161,2024-06-06,2024-09-04,0,176888.0
CAND-02161,2024-06-06,2024-10-04,0,164444.0
CAND-02162,2024-01-17,2024-02-16,30,203692.0
CAND-02162,2024-01-17,2024-03-17,60,199770.0
CAND-02162,2024-01-17,2024-04-16,90,193997.0
CAND-02162,2024-01-17,2024-05-16,119,190148.0
CAND-02162,2024-01-17,2024-06-15,119,185629.0
CAND-02163,2024-06-28,2024-07-28,0,721630.0
CAND-02163,2024-06-28,2024-08-27,0,657199.0
CAND-02163,2024-06-28,2024-09-26,0,601972.0
CAND-02163,2024-06-28,2024-10-26,0,524654.0
CAND-02164,2024-10-09,2024-11-08,0,511592.0
CAND-02164,2024-10-09,2024-12-08,0,480984.0
CAND-02164,2024-10-09,2025-01-07,0,446550.0
CAND-02164,2024-10-09,2025-02-06,0,396464.0
CAND-02164,2024-10-09,2025-03-08,0,357111.0
CAND-02164,2024-10-09,2025-04-07,0,302016.0
CAND-02165,2024-01-21,2024-02-20,0,590788.0
CAND-02165,2024-01-21,2024-03-21,0,552561.0
CAND-02165,2024-01-21,2024-04-20,0,509236.0
CAND-02165,2024-01-21,2024-05-20,0,465912.0
CAND-02166,2024-02-25,2024-03-26,0,1134537.0
CAND-02166,2024-02-25,2024-04-25,0,1038538.0
CAND-02166,2024-02-25,2024-05-25,0,949396.0
CAND-02167,2024-04-01,2024-05-01,0,924169.0
CAND-02167,2024-04-01,2024-05-31,30,894414.0
CAND-02167,2024-04-01,2024-06-30,0,796221.0
CAND-02167,2024-04-01,2024-07-30,30,769682.0
CAND-02167,2024-04-01,2024-08-29,0,699544.0
CAND-02168,2024-05-15,2024-06-14,0,167118.0
CAND-02168,2024-05-15,2024-07-14,0,149212.0
CAND-02168,2024-05-15,2024-08-13,30,145957.0
CAND-02168,2024-05-15,2024-09-12,0,133167.0
CAND-02168,2024-05-15,2024-10-12,0,118246.0
CAND-02168,2024-05-15,2024-11-11,0,105456.0
CAND-02169,2024-06-25,2024-07-25,0,334593.0
CAND-02169,2024-06-25,2024-08-24,0,310428.0
CAND-02169,2024-06-25,2024-09-23,0,286263.0
CAND-02170,2024-07-05,2024-08-04,0,873167.0
CAND-02170,2024-07-05,2024-09-03,0,786572.0
CAND-02170,2024-07-05,2024-10-03,0,733653.0
CAND-02170,2024-07-05,2024-11-02,0,677621.0
CAND-02171,2024-03-26,2024-04-25,0,710035.0
CAND-02171,2024-03-26,2024-05-25,0,657966.0
CAND-02171,2024-03-26,2024-06-24,0,597886.0
CAND-02171,2024-03-26,2024-07-24,0,545817.0
CAND-02171,2024-03-26,2024-08-23,0,499874.0
CAND-02171,2024-03-26,2024-09-22,0,439794.0
CAND-02172,2024-07-02,2024-08-01,0,858194.0
CAND-02172,2024-07-02,2024-08-31,0,782471.0
CAND-02172,2024-07-02,2024-09-30,0,729019.0
CAND-02173,2024-03-20,2024-04-19,0,370592.0
CAND-02173,2024-03-20,2024-05-19,0,330164.0
CAND-02173,2024-03-20,2024-06-18,0,307704.0
CAND-02173,2024-03-20,2024-07-18,0,283922.0
CAND-02173,2024-03-20,2024-08-17,0,252824.0
CAND-02174,2024-10-08,2024-11-07,0,169783.0
CAND-02174,2024-10-08,2024-12-07,30,165067.0
CAND-02174,2024-10-08,2025-01-06,0,148346.0
CAND-02175,2024-06-09,2024-07-09,0,738167.0
CAND-02175,2024-06-09,2024-08-08,0,692602.0
CAND-02175,2024-06-09,2024-09-07,0,610583.0
CAND-02176,2024-02-11,2024-03-12,0,1032924.0
CAND-02176,2024-02-11,2024-04-11,0,947793.0
CAND-02176,2024-02-11,2024-05-11,0,862662.0
CAND-02176,2024-02-11,2024-06-10,0,762052.0
CAND-02176,2024-02-11,2024-07-10,0,700569.0
CAND-02177,2024-07-22,2024-08-21,30,776261.0
CAND-02177,2024-07-22,2024-09-20,0,709612.0
CAND-02177,2024-07-22,2024-10-20,0,665180.0
CAND-02177,2024-07-22,2024-11-19,0,598531.0
CAND-02177,2024-07-22,2024-12-19,0,545212.0
CAND-02177,2024-07-22,2025-01-18,0,498166.0
CAND-02178,2024-09-22,2024-10-22,0,729270.0
CAND-02178,2024-09-22,2024-11-21,0,650266.0
CAND-02178,2024-09-22,2024-12-21,30,626325.0
CAND-02178,2024-09-22,2025-01-20,0,554503.0
CAND-02178,2024-09-22,2025-02-19,0,488666.0
CAND-02179,2024-05-19,2024-06-18,30,710916.0
CAND-02179,2024-05-19,2024-07-18,0,659100.0
CAND-02179,2024-05-19,2024-08-17,0,593153.0
CAND-02179,2024-05-19,2024-09-16,0,532701.0
CAND-02180,2024-04-21,2024-05-21,0,310264.0
CAND-02180,2024-04-21,2024-06-20,0,275790.0
CAND-02180,2024-04-21,2024-07-20,30,269161.0
CAND-02181,2024-09-03,2024-10-03,30,751247.0
CAND-02181,2024-09-03,2024-11-02,60,727013.0
CAND-02181,2024-09-03,2024-12-02,90,708979.0
CAND-02181,2024-09-03,2025-01-01,97,694066.0
CAND-02181,2024-09-03,2025-01-31,97,673107.0
CAND-02182,2024-09-30,2024-10-30,0,627852.0
CAND-02182,2024-09-30,2024-11-29,0,589801.0
CAND-02182,2024-09-30,2024-12-29,0,551749.0
CAND-02183,2024-06-22,2024-07-22,0,644498.0
CAND-02183,2024-06-22,2024-08-21,30,630959.0
CAND-02183,2024-06-22,2024-09-20,0,577841.0
CAND-02183,2024-06-22,2024-10-20,0,537221.0
CAND-02183,2024-06-22,2024-11-19,0,498858.0
CAND-02183,2024-06-22,2024-12-19,30,480195.0
CAND-02184,2024-02-23,2024-03-24,0,518612.0
CAND-02184,2024-02-23,2024-04-23,0,482957.0
CAND-02184,2024-02-23,2024-05-23,0,442209.0
CAND-02184,2024-02-23,2024-06-22,0,404178.0
CAND-02184,2024-02-23,2024-07-22,0,352316.0
CAND-02184,2024-02-23,2024-08-21,0,320624.0
CAND-02185,2024-07-30,2024-08-29,0,587858.0
CAND-02185,2024-07-30,2024-09-28,0,550396.0
CAND-02185,2024-07-30,2024-10-28,0,486712.0
CAND-02185,2024-07-30,2024-11-27,0,449250.0
CAND-02186,2024-01-25,2024-02-24,0,279998.0
CAND-02186,2024-01-25,2024-03-25,0,261469.0
CAND-02186,2024-01-25,2024-04-24,0,231822.0
CAND-02186,2024-01-25,2024-05-24,0,214383.0
CAND-02186,2024-01-25,2024-06-23,0,194618.0
CAND-02187,2024-06-06,2024-07-06,0,209287.0
CAND-02187,2024-06-06,2024-08-05,0,195389.0
CAND-02187,2024-06-06,2024-09-04,0,173152.0
CAND-02187,2024-06-06,2024-10-04,0,160798.0
CAND-02187,2024-06-06,2024-11-03,30,156755.0
CAND-02187,2024-06-06,2024-12-03,0,136540.0
CAND-02188,2024-08-26,2024-09-25,0,216894.0
CAND-02188,2024-08-26,2024-10-25,0,202976.0
CAND-02188,2024-08-26,2024-11-24,0,184775.0
CAND-02188,2024-08-26,2024-12-24,30,177816.0
CAND-02188,2024-08-26,2025-01-23,60,172182.0
CAND-02189,2024-04-25,2024-05-25,0,905952.0
CAND-02189,2024-04-25,2024-06-24,0,823592.0
CAND-02189,2024-04-25,2024-07-24,0,765457.0
CAND-02189,2024-04-25,2024-08-23,0,707321.0
CAND-02189,2024-04-25,2024-09-22,0,608490.0
CAND-02191,2024-09-05,2024-10-05,0,660060.0
CAND-02191,2024-09-05,2024-11-04,0,616056.0
CAND-02191,2024-09-05,2024-12-04,0,572052.0
CAND-02191,2024-09-05,2025-01-03,0,501646.0
CAND-02192,2024-04-29,2024-05-29,0,901597.0
CAND-02192,2024-04-29,2024-06-28,0,838986.0
CAND-02192,2024-04-29,2024-07-28,30,812623.0
CAND-02193,2024-05-02,2024-06-01,0,1653024.0
CAND-02193,2024-05-02,2024-07-01,0,1516786.0
CAND-02193,2024-05-02,2024-07-31,0,1398713.0
CAND-02194,2024-03-26,2024-04-25,0,1000978.0
CAND-02194,2024-03-26,2024-05-25,0,912656.0
CAND-02194,2024-03-26,2024-06-24,0,850312.0
CAND-02195,2024-02-05,2024-03-06,0,1114896.0
CAND-02195,2024-02-05,2024-04-05,0,1026412.0
CAND-02195,2024-02-05,2024-05-05,0,913796.0
CAND-02196,2024-08-15,2024-09-14,0,645835.0
CAND-02196,2024-08-15,2024-10-14,0,599909.0
CAND-02196,2024-08-15,2024-11-13,0,542502.0
CAND-02197,2024-07-30,2024-08-29,0,361955.0
CAND-02197,2024-07-30,2024-09-28,0,331792.0
CAND-02197,2024-07-30,2024-10-28,0,308726.0
CAND-02198,2024-04-08,2024-05-08,30,511542.0
CAND-02198,2024-04-08,2024-06-07,0,471100.0
CAND-02198,2024-04-08,2024-07-07,0,433546.0
CAND-02198,2024-04-08,2024-08-06,0,400687.0
CAND-02198,2024-04-08,2024-09-05,0,367827.0
CAND-02199,2024-09-02,2024-10-02,0,451430.0
CAND-02199,2024-09-02,2024-11-01,0,415960.0
CAND-02199,2024-09-02,2024-12-01,30,405826.0
CAND-02199,2024-09-02,2024-12-31,0,376616.0
CAND-02199,2024-09-02,2025-01-30,0,347406.0
CAND-02199,2024-09-02,2025-03-01,0,318196.0
CAND-02200,2024-09-11,2024-10-11,0,409624.0
CAND-02200,2024-09-11,2024-11-10,0,379833.0
CAND-02200,2024-09-11,2024-12-10,30,372259.0
CAND-02200,2024-09-11,2025-01-09,0,344330.0
CAND-02200,2024-09-11,2025-02-08,0,303706.0
CAND-02201,2024-07-14,2024-08-13,0,507013.0
CAND-02201,2024-07-14,2024-09-12,0,473344.0
CAND-02201,2024-07-14,2024-10-12,0,434865.0
CAND-02201,2024-07-14,2024-11-11,0,396387.0
CAND-02201,2024-07-14,2024-12-11,0,354948.0
CAND-02202,2024-08-10,2024-09-09,0,569348.0
CAND-02202,2024-08-10,2024-10-09,0,513276.0
CAND-02202,2024-08-10,2024-11-08,0,476994.0
CAND-02202,2024-08-10,2024-12-08,0,415315.0
CAND-02202,2024-08-10,2025-01-07,0,359243.0
CAND-02202,2024-08-10,2025-02-06,0,320693.0
CAND-02203,2024-05-20,2024-06-19,0,333985.0
CAND-02203,2024-05-20,2024-07-19,0,312702.0
CAND-02203,2024-05-20,2024-08-18,0,290088.0
CAND-02203,2024-05-20,2024-09-17,0,257196.0
CAND-02204,2024-03-30,2024-04-29,0,1046490.0
CAND-02204,2024-03-30,2024-05-29,0,965511.0
CAND-02204,2024-03-30,2024-06-28,0,884533.0
CAND-02204,2024-03-30,2024-07-28,30,853041.0
CAND-02205,2024-07-28,2024-08-27,30,327379.0
CAND-02205,2024-07-28,2024-09-26,0,307751.0
CAND-02205,2024-07-28,2024-10-26,0,282084.0
CAND-02205,2024-07-28,2024-11-25,0,262456.0
CAND-02206,2024-07-30,2024-08-29,30,529958.0
CAND-02206,2024-07-30,2024-09-28,60,516601.0
CAND-02206,2024-07-30,2024-10-28,90,504432.0
CAND-02206,2024-07-30,2024-11-27,90,494653.0
CAND-02206,2024-07-30,2024-12-27,90,482748.0
CAND-02207,2024-06-22,2024-07-22,0,905605.0
CAND-02207,2024-06-22,2024-08-21,0,823278.0
CAND-02207,2024-06-22,2024-09-20,0,733465.0
CAND-02207,2024-06-22,2024-10-20,30,716432.0
CAND-02207,2024-06-22,2024-11-19,60,699100.0
CAND-02208,2024-07-29,2024-08-28,0,1512464.0
CAND-02208,2024-07-29,2024-09-27,0,1411183.0
CAND-02208,2024-07-29,2024-10-27,0,1321155.0
CAND-02208,2024-07-29,2024-11-26,0,1173837.0
CAND-02208,2024-07-29,2024-12-26,0,1058087.0
CAND-02209,2024-01-12,2024-02-11,0,592920.0
CAND-02209,2024-01-12,2024-03-12,0,546333.0
CAND-02209,2024-01-12,2024-04-11,30,534475.0
CAND-02209,2024-01-12,2024-05-11,0,490994.0
CAND-02209,2024-01-12,2024-06-10,0,450231.0
CAND-02210,2024-07-25,2024-08-24,0,584947.0
CAND-02210,2024-07-25,2024-09-23,0,547671.0
CAND-02210,2024-07-25,2024-10-23,0,490063.0
CAND-02211,2024-08-07,2024-09-06,0,642487.0
CAND-02211,2024-08-07,2024-10-06,30,628265.0
CAND-02211,2024-08-07,2024-11-05,0,585600.0
CAND-02212,2024-07-12,2024-08-11,0,547426.0
CAND-02212,2024-07-12,2024-09-10,0,514986.0
CAND-02212,2024-07-12,2024-10-10,0,470069.0
CAND-02213,2024-06-02,2024-07-02,0,570521.0
CAND-02213,2024-06-02,2024-08-01,30,551997.0
CAND-02213,2024-06-02,2024-08-31,60,541458.0
CAND-02214,2024-05-01,2024-05-31,0,707372.0
CAND-02214,2024-05-01,2024-06-30,0,665762.0
CAND-02214,2024-05-01,2024-07-30,0,597673.0
CAND-02214,2024-05-01,2024-08-29,0,529583.0
CAND-02215,2024-04-07,2024-05-07,0,540777.0
CAND-02215,2024-04-07,2024-06-06,0,499575.0
CAND-02215,2024-04-07,2024-07-06,0,455204.0
CAND-02215,2024-04-07,2024-08-05,0,419152.0
CAND-02216,2024-03-13,2024-04-12,0,255355.0
CAND-02216,2024-03-13,2024-05-12,0,239262.0
CAND-02216,2024-03-13,2024-06-11,0,222162.0
CAND-02216,2024-03-13,2024-07-11,0,206068.0
CAND-02216,2024-03-13,2024-08-10,0,185022.0
CAND-02217,2024-05-12,2024-06-11,0,210027.0
CAND-02217,2024-05-12,2024-07-11,0,191496.0
CAND-02217,2024-05-12,2024-08-10,0,179141.0
CAND-02217,2024-05-12,2024-09-09,0,165242.0
CAND-02218,2024-06-02,2024-07-02,0,812295.0
CAND-02218,2024-06-02,2024-08-01,0,740091.0
CAND-02218,2024-06-02,2024-08-31,0,685938.0
CAND-02218,2024-06-02,2024-09-30,30,658862.0
CAND-02219,2024-06-04,2024-07-04,0,223658.0
CAND-02219,2024-06-04,2024-08-03,0,204889.0
CAND-02219,2024-06-04,2024-09-02,0,189640.0
CAND-02220,2024-07-06,2024-08-05,0,792823.0
CAND-02220,2024-07-06,2024-09-04,0,721249.0
CAND-02220,2024-07-06,2024-10-04,0,670726.0
CAND-02220,2024-07-06,2024-11-03,0,592645.0
CAND-02220,2024-07-06,2024-12-03,0,521071.0
CAND-02220,2024-07-06,2025-01-02,0,449496.0
CAND-02221,2024-07-18,2024-08-17,30,1297942.0
CAND-02221,2024-07-18,2024-09-16,0,1187777.0
CAND-02221,2024-07-18,2024-10-16,0,1086087.0
CAND-02221,2024-07-18,2024-11-15,0,975922.0
CAND-02222,2024-09-03,2024-10-03,0,813536.0
CAND-02222,2024-09-03,2024-11-02,0,726372.0
CAND-02222,2024-09-03,2024-12-02,0,653735.0
CAND-02223,2024-10-08,2024-11-07,30,721497.0
CAND-02223,2024-10-08,2024-12-07,60,700367.0
CAND-02223,2024-10-08,2025-01-06,30,685866.0
CAND-02224,2024-06-29,2024-07-29,0,544049.0
CAND-02224,2024-06-29,2024-08-28,0,483599.0
CAND-02224,2024-06-29,2024-09-27,0,440421.0
CAND-02224,2024-06-29,2024-10-27,0,379971.0
CAND-02224,2024-06-29,2024-11-26,0,336792.0
CAND-02225,2024-09-20,2024-10-20,0,568737.0
CAND-02225,2024-09-20,2024-11-19,30,556842.0
CAND-02225,2024-09-20,2024-12-19,60,544203.0
CAND-02225,2024-09-20,2025-01-18,30,530722.0
CAND-02226,2024-01-14,2024-02-13,0,793541.0
CAND-02226,2024-01-14,2024-03-14,0,742972.0
CAND-02226,2024-01-14,2024-04-13,0,695212.0
CAND-02226,2024-01-14,2024-05-13,0,637901.0
CAND-02227,2024-02-28,2024-03-29,0,92942.0
CAND-02227,2024-02-28,2024-04-28,0,84998.0
CAND-02227,2024-02-28,2024-05-28,0,78924.0
CAND-02227,2024-02-28,2024-06-27,0,68597.0
CAND-02227,2024-02-28,2024-07-27,0,62522.0
CAND-02228,2024-04-01,2024-05-01,0,175446.0
CAND-02228,2024-04-01,2024-05-31,0,163637.0
CAND-02228,2024-04-01,2024-06-30,0,146461.0
CAND-02228,2024-04-01,2024-07-30,0,131927.0
CAND-02228,2024-04-01,2024-08-29,0,113033.0
CAND-02228,2024-04-01,2024-09-28,0,101224.0
CAND-02229,2024-04-03,2024-05-03,0,254981.0
CAND-02229,2024-04-03,2024-06-02,0,229225.0
CAND-02229,2024-04-03,2024-07-02,0,205616.0
CAND-02229,2024-04-03,2024-08-01,0,188950.0
CAND-02229,2024-04-03,2024-08-31,0,172285.0
CAND-02230,2024-10-20,2024-11-19,0,1148233.0
CAND-02230,2024-10-20,2024-12-19,0,1068494.0
CAND-02230,2024-10-20,2025-01-18,0,983440.0
CAND-02231,2024-07-31,2024-08-30,0,1349719.0
CAND-02231,2024-07-31,2024-09-29,0,1230626.0
CAND-02231,2024-07-31,2024-10-29,0,1128546.0
CAND-02231,2024-07-31,2024-11-28,0,1009454.0
CAND-02232,2024-04-23,2024-05-23,0,249603.0
CAND-02232,2024-04-23,2024-06-22,0,231923.0
CAND-02232,2024-04-23,2024-07-22,0,211522.0
CAND-02232,2024-04-23,2024-08-21,0,187413.0
CAND-02232,2024-04-23,2024-09-20,0,172680.0
CAND-02232,2024-04-23,2024-10-20,0,146159.0
CAND-02233,2024-03-03,2024-04-02,0,261245.0
CAND-02233,2024-03-03,2024-05-02,0,242667.0
CAND-02233,2024-03-03,2024-06-01,0,227186.0
CAND-02233,2024-03-03,2024-07-01,0,210794.0
CAND-02233,2024-03-03,2024-07-31,0,192217.0
CAND-02233,2024-03-03,2024-08-30,30,186644.0
CAND-02234,2024-03-16,2024-04-15,0,289437.0
CAND-02234,2024-03-16,2024-05-15,0,257599.0
CAND-02234,2024-03-16,2024-06-14,0,234858.0
CAND-02235,2024-04-26,2024-05-26,0,295656.0
CAND-02235,2024-04-26,2024-06-25,0,274154.0
CAND-02235,2024-04-26,2024-07-25,0,256235.0
CAND-02235,2024-04-26,2024-08-24,0,238317.0
CAND-02235,2024-04-26,2024-09-23,0,213506.0
CAND-02235,2024-04-26,2024-10-23,0,192004.0
CAND-02236,2024-02-20,2024-03-21,0,1216458.0
CAND-02236,2024-02-20,2024-04-20,0,1104950.0
CAND-02236,2024-02-20,2024-05-20,0,983304.0
CAND-02236,2024-02-20,2024-06-19,0,894097.0
CAND-02236,2024-02-20,2024-07-19,0,810465.0
CAND-02236,2024-02-20,2024-08-18,0,726834.0
CAND-02237,2024-10-10,2024-11-09,0,330621.0
CAND-02237,2024-10-10,2024-12-09,0,297559.0
CAND-02237,2024-10-10,2025-01-08,0,274829.0
CAND-02237,2024-10-10,2025-02-07,0,241767.0
CAND-02238,2024-09-08,2024-10-08,0,636646.0
CAND-02238,2024-09-08,2024-11-07,0,565908.0
CAND-02238,2024-09-08,2024-12-07,0,506959.0
CAND-02239,2024-05-08,2024-06-07,0,523080.0
CAND-02239,2024-05-08,2024-07-07,0,483226.0
CAND-02239,2024-05-08,2024-08-06,30,470546.0
CAND-02239,2024-05-08,2024-09-05,0,430692.0
CAND-02240,2024-03-12,2024-04-11,0,1211576.0
CAND-02240,2024-03-12,2024-05-11,0,1104301.0
CAND-02240,2024-03-12,2024-06-10,0,1005278.0
CAND-02240,2024-03-12,2024-07-10,0,906255.0
CAND-02241,2024-08-29,2024-09-28,0,379570.0
CAND-02241,2024-08-29,2024-10-28,0,350521.0
CAND-02241,2024-08-29,2024-11-27,0,327928.0
CAND-02241,2024-08-29,2024-12-27,0,287260.0
CAND-02242,2024-09-11,2024-10-11,0,238317.0
CAND-02242,2024-09-11,2024-11-10,0,216930.0
CAND-02242,2024-09-11,2024-12-10,0,201833.0
CAND-02243,2024-02-13,2024-03-14,0,496838.0
CAND-02243,2024-02-13,2024-04-13,0,465364.0
CAND-02243,2024-02-13,2024-05-13,0,431923.0
CAND-02243,2024-02-13,2024-06-12,0,378417.0
CAND-02243,2024-02-13,2024-07-12,0,337259.0
CAND-02244,2024-02-19,2024-03-20,0,415702.0
CAND-02244,2024-02-19,2024-04-19,0,385679.0
CAND-02244,2024-02-19,2024-05-19,0,357533.0
CAND-02244,2024-02-19,2024-06-18,0,331042.0
CAND-02244,2024-02-19,2024-07-18,0,306023.0
CAND-02244,2024-02-19,2024-08-17,0,276000.0
CAND-02245,2024-05-01,2024-05-31,0,1041463.0
CAND-02245,2024-05-01,2024-06-30,0,967404.0
CAND-02245,2024-05-01,2024-07-30,0,888054.0
CAND-02245,2024-05-01,2024-08-29,0,826338.0
CAND-02247,2024-01-24,2024-02-23,0,948775.0
CAND-02247,2024-01-24,2024-03-24,0,887384.0
CAND-02247,2024-01-24,2024-04-23,0,825993.0
CAND-02247,2024-01-24,2024-05-23,0,751446.0
CAND-02247,2024-01-24,2024-06-22,0,686218.0
CAND-02247,2024-01-24,2024-07-22,0,624826.0
CAND-02248,2024-04-13,2024-05-13,0,389913.0
CAND-02248,2024-04-13,2024-06-12,0,366282.0
CAND-02248,2024-04-13,2024-07-12,0,342651.0
CAND-02248,2024-04-13,2024-08-11,0,300115.0
CAND-02248,2024-04-13,2024-09-10,30,290448.0
CAND-02248,2024-04-13,2024-10-10,0,247912.0
CAND-02249,2024-05-30,2024-06-29,0,586495.0
CAND-02249,2024-05-30,2024-07-29,0,527846.0
CAND-02249,2024-05-30,2024-08-28,0,484836.0
CAND-02249,2024-05-30,2024-09-27,0,446887.0
CAND-02249,2024-05-30,2024-10-27,0,400805.0
CAND-02249,2024-05-30,2024-11-26,0,362855.0
CAND-02250,2024-05-01,2024-05-31,0,607387.0
CAND-02250,2024-05-01,2024-06-30,0,560665.0
CAND-02250,2024-05-01,2024-07-30,0,519783.0
CAND-02250,2024-05-01,2024-08-29,0,460319.0
CAND-02251,2024-05-17,2024-06-16,0,559621.0
CAND-02251,2024-05-17,2024-07-16,0,522587.0
CAND-02251,2024-05-17,2024-08-15,0,489668.0
CAND-02251,2024-05-17,2024-09-14,0,452635.0
CAND-02252,2024-05-22,2024-06-21,0,253056.0
CAND-02252,2024-05-22,2024-07-21,0,235482.0
CAND-02252,2024-05-22,2024-08-20,0,216738.0
CAND-02252,2024-05-22,2024-09-19,0,201117.0
CAND-02252,2024-05-22,2024-10-19,0,177686.0
CAND-02253,2024-07-13,2024-08-12,0,421875.0
CAND-02253,2024-07-13,2024-09-11,0,383789.0
CAND-02253,2024-07-13,2024-10-11,0,356905.0
CAND-02253,2024-07-13,2024-11-10,0,321748.0
CAND-02253,2024-07-13,2024-12-10,0,294864.0
CAND-02254,2024-03-19,2024-04-18,0,674986.0
CAND-02254,2024-03-19,2024-05-18,0,628581.0
CAND-02254,2024-03-19,2024-06-17,0,566707.0
CAND-02254,2024-03-19,2024-07-17,0,525458.0
CAND-02254,2024-03-19,2024-08-16,0,479053.0
CAND-02255,2024-07-07,2024-08-06,0,516951.0
CAND-02255,2024-07-07,2024-09-05,0,483163.0
CAND-02255,2024-07-07,2024-10-05,0,444871.0
CAND-02255,2024-07-07,2024-11-04,0,387432.0
CAND-02256,2024-03-10,2024-04-09,0,1111740.0
CAND-02256,2024-03-10,2024-05-09,0,991302.0
CAND-02256,2024-03-10,2024-06-08,0,898656.0
CAND-02256,2024-03-10,2024-07-08,0,812629.0
CAND-02256,2024-03-10,2024-08-07,0,692190.0
CAND-02256,2024-03-10,2024-09-06,0,611898.0
CAND-02257,2024-09-13,2024-10-13,0,849624.0
CAND-02257,2024-09-13,2024-11-12,0,792983.0
CAND-02257,2024-09-13,2024-12-12,0,702356.0
CAND-02257,2024-09-13,2025-01-11,0,611730.0
CAND-02257,2024-09-13,2025-02-10,0,521103.0
CAND-02257,2024-09-13,2025-03-12,0,438715.0
CAND-02258,2024-06-17,2024-07-17,0,587481.0
CAND-02258,2024-06-17,2024-08-16,0,541322.0
CAND-02258,2024-06-17,2024-09-15,30,527859.0
CAND-02258,2024-06-17,2024-10-15,0,463236.0
CAND-02258,2024-06-17,2024-11-14,0,425222.0
CAND-02258,2024-06-17,2024-12-14,0,371370.0
CAND-02259,2024-04-19,2024-05-19,0,223828.0
CAND-02259,2024-04-19,2024-06-18,30,218588.0
CAND-02259,2024-04-19,2024-07-18,0,194484.0
CAND-02259,2024-04-19,2024-08-17,0,177266.0
CAND-02259,2024-04-19,2024-09-16,0,153162.0
CAND-02259,2024-04-19,2024-10-16,0,131248.0
CAND-02260,2024-06-26,2024-07-26,0,619698.0
CAND-02260,2024-06-26,2024-08-25,0,568362.0
CAND-02260,2024-06-26,2024-09-24,0,523871.0
CAND-02261,2024-05-15,2024-06-14,0,840712.0
CAND-02261,2024-05-15,2024-07-14,0,771730.0
CAND-02261,2024-05-15,2024-08-13,30,755717.0
CAND-02261,2024-05-15,2024-09-12,60,738797.0
CAND-02262,2024-08-03,2024-09-02,0,1022104.0
CAND-02262,2024-08-03,2024-10-02,0,953659.0
CAND-02262,2024-08-03,2024-11-01,0,880652.0
CAND-02262,2024-08-03,2024-12-01,0,816233.0
CAND-02262,2024-08-03,2024-12-31,0,747789.0
CAND-02262,2024-08-03,2025-01-30,0,648233.0
CAND-02263,2024-07-03,2024-08-02,30,550371.0
CAND-02263,2024-07-03,2024-09-01,0,506976.0
CAND-02263,2024-07-03,2024-10-01,0,475636.0
CAND-02263,2024-07-03,2024-10-31,0,440377.0
CAND-02263,2024-07-03,2024-11-30,0,383964.0
CAND-02264,2024-09-10,2024-10-10,30,1166407.0
CAND-02264,2024-09-10,2024-11-09,60,1145419.0
CAND-02264,2024-09-10,2024-12-09,90,1116935.0
CAND-02264,2024-09-10,2025-01-08,117,1079551.0
CAND-02264,2024-09-10,2025-02-07,117,1052362.0
CAND-02264,2024-09-10,2025-03-09,117,1026908.0
CAND-02265,2024-04-20,2024-05-20,0,546649.0
CAND-02265,2024-04-20,2024-06-19,0,512349.0
CAND-02265,2024-04-20,2024-07-19,0,475906.0
CAND-02265,2024-04-20,2024-08-18,0,431053.0
CAND-02266,2024-10-20,2024-11-19,0,449960.0
CAND-02266,2024-10-20,2024-12-19,0,411886.0
CAND-02266,2024-10-20,2025-01-18,0,362391.0
CAND-02266,2024-10-20,2025-02-17,0,329394.0
CAND-02266,2024-10-20,2025-03-19,0,291320.0
CAND-02266,2024-10-20,2025-04-18,0,258323.0
CAND-02267,2024-07-01,2024-07-31,0,1248178.0
CAND-02267,2024-07-01,2024-08-30,0,1141497.0
CAND-02267,2024-07-01,2024-09-29,0,1034815.0
CAND-02267,2024-07-01,2024-10-29,0,953234.0
CAND-02267,2024-07-01,2024-11-28,0,854173.0
CAND-02268,2024-05-30,2024-06-29,0,817420.0
CAND-02268,2024-05-30,2024-07-29,0,768514.0
CAND-02268,2024-05-30,2024-08-28,0,719609.0
CAND-02268,2024-05-30,2024-09-27,0,646251.0
CAND-02268,2024-05-30,2024-10-27,0,587564.0
CAND-02268,2024-05-30,2024-11-26,0,507537.0
CAND-02269,2024-06-07,2024-07-07,0,221010.0
CAND-02269,2024-06-07,2024-08-06,0,200751.0
CAND-02269,2024-06-07,2024-09-05,0,180492.0
CAND-02270,2024-01-12,2024-02-11,0,309352.0
CAND-02270,2024-01-12,2024-03-12,0,287515.0
CAND-02270,2024-01-12,2024-04-11,0,262319.0
CAND-02270,2024-01-12,2024-05-11,0,238923.0
CAND-02270,2024-01-12,2024-06-10,0,218451.0
CAND-02270,2024-01-12,2024-07-10,0,193255.0
CAND-02271,2024-07-15,2024-08-14,30,1477560.0
CAND-02271,2024-07-15,2024-09-13,0,1351967.0
CAND-02271,2024-07-15,2024-10-13,0,1214957.0
CAND-02271,2024-07-15,2024-11-12,0,1120763.0
CAND-02271,2024-07-15,2024-12-12,0,1004831.0
CAND-02271,2024-07-15,2025-01-11,0,879238.0
CAND-02272,2024-07-06,2024-08-05,0,355176.0
CAND-02272,2024-07-06,2024-09-04,0,317290.0
CAND-02272,2024-07-06,2024-10-04,0,296243.0
CAND-02272,2024-07-06,2024-11-03,30,288007.0
CAND-02273,2024-07-16,2024-08-15,30,1171624.0
CAND-02273,2024-07-16,2024-09-14,60,1136324.0
CAND-02273,2024-07-16,2024-10-14,90,1111320.0
CAND-02273,2024-07-16,2024-11-13,102,1085783.0
CAND-02273,2024-07-16,2024-12-13,102,1047067.0
CAND-02273,2024-07-16,2025-01-12,102,1016293.0
CAND-02274,2024-03-27,2024-04-26,0,512055.0
CAND-02274,2024-03-27,2024-05-26,0,465504.0
CAND-02274,2024-03-27,2024-06-25,0,414722.0
CAND-02274,2024-03-27,2024-07-25,0,358861.0
CAND-02274,2024-03-27,2024-08-24,0,312311.0
CAND-02274,2024-03-27,2024-09-23,0,269341.0
CAND-02275,2024-08-14,2024-09-13,30,364972.0
CAND-02275,2024-08-14,2024-10-13,60,355892.0
CAND-02275,2024-08-14,2024-11-12,90,347619.0
CAND-02276,2024-05-08,2024-06-07,0,874072.0
CAND-02276,2024-05-08,2024-07-07,0,816229.0
CAND-02276,2024-05-08,2024-08-06,0,758386.0
CAND-02276,2024-05-08,2024-09-05,0,692280.0
CAND-02277,2024-02-18,2024-03-19,0,761023.0
CAND-02277,2024-02-18,2024-04-18,0,698302.0
CAND-02277,2024-02-18,2024-05-18,0,653003.0
CAND-02277,2024-02-18,2024-06-17,0,590281.0
CAND-02277,2024-02-18,2024-07-17,0,542317.0
CAND-02277,2024-02-18,2024-08-16,0,494354.0
CAND-02278,2024-01-23,2024-02-22,0,457492.0
CAND-02278,2024-01-23,2024-03-23,0,426039.0
CAND-02278,2024-01-23,2024-04-22,0,392490.0
CAND-02278,2024-01-23,2024-05-22,0,364532.0
CAND-02279,2024-06-05,2024-07-05,0,414879.0
CAND-02279,2024-06-05,2024-08-04,0,374019.0
CAND-02279,2024-06-05,2024-09-03,0,329074.0
CAND-02279,2024-06-05,2024-10-03,0,284129.0
CAND-02279,2024-06-05,2024-11-02,0,249556.0
CAND-02280,2024-04-11,2024-05-11,0,420632.0
CAND-02280,2024-04-11,2024-06-10,0,382074.0
CAND-02280,2024-04-11,2024-07-10,0,353155.0
CAND-02280,2024-04-11,2024-08-09,0,311092.0
CAND-02280,2024-04-11,2024-09-08,0,269029.0
CAND-02281,2024-05-22,2024-06-21,0,661980.0
CAND-02281,2024-05-22,2024-07-21,0,615090.0
CAND-02281,2024-05-22,2024-08-20,0,564850.0
CAND-02281,2024-05-22,2024-09-19,0,517960.0
CAND-02281,2024-05-22,2024-10-19,0,471070.0
CAND-02281,2024-05-22,2024-11-18,0,420830.0
CAND-02282,2024-04-27,2024-05-27,0,1205794.0
CAND-02282,2024-04-27,2024-06-26,0,1071817.0
CAND-02282,2024-04-27,2024-07-26,30,1045547.0
CAND-02282,2024-04-27,2024-08-25,0,942487.0
CAND-02283,2024-07-24,2024-08-23,0,531080.0
CAND-02283,2024-07-24,2024-09-22,0,492134.0
CAND-02283,2024-07-24,2024-10-22,0,450406.0
CAND-02284,2024-07-21,2024-08-20,0,746370.0
CAND-02284,2024-07-21,2024-09-19,0,699330.0
CAND-02284,2024-07-21,2024-10-19,0,637816.0
CAND-02285,2024-07-19,2024-08-18,30,422263.0
CAND-02285,2024-07-19,2024-09-17,0,395354.0
CAND-02285,2024-07-19,2024-10-17,30,384315.0
CAND-02285,2024-07-19,2024-11-16,0,345175.0
CAND-02285,2024-07-19,2024-12-16,0,316472.0
CAND-02286,2024-02-25,2024-03-26,0,690376.0
CAND-02286,2024-02-25,2024-04-25,0,621909.0
CAND-02286,2024-02-25,2024-05-25,0,571699.0
CAND-02287,2024-03-11,2024-04-10,0,733782.0
CAND-02287,2024-03-11,2024-05-10,30,710720.0
CAND-02287,2024-03-11,2024-06-09,0,630004.0
CAND-02287,2024-03-11,2024-07-09,0,567915.0
CAND-02287,2024-03-11,2024-08-08,0,505826.0
CAND-02287,2024-03-11,2024-09-07,0,425110.0
CAND-02288,2024-09-09,2024-10-09,0,339130.0
CAND-02288,2024-09-09,2024-11-08,30,330941.0
CAND-02288,2024-09-09,2024-12-08,60,319681.0
CAND-02288,2024-09-09,2025-01-07,90,308762.0
CAND-02288,2024-09-09,2025-02-06,94,298467.0
CAND-02288,2024-09-09,2025-03-08,94,291260.0
CAND-02289,2024-02-08,2024-03-09,0,749434.0
CAND-02289,2024-02-08,2024-04-08,0,676761.0
CAND-02289,2024-02-08,2024-05-08,0,619662.0
CAND-02289,2024-02-08,2024-06-07,0,546989.0
CAND-02290,2024-04-01,2024-05-01,0,2415957.0
CAND-02290,2024-04-01,2024-05-31,0,2241471.0
CAND-02290,2024-04-01,2024-06-30,0,2003536.0
CAND-02292,2024-07-21,2024-08-20,0,432798.0
CAND-02292,2024-07-21,2024-09-19,0,407151.0
CAND-02292,2024-07-21,2024-10-19,0,368680.0
CAND-02292,2024-07-21,2024-11-18,0,339826.0
CAND-02293,2024-07-05,2024-08-04,0,1425477.0
CAND-02293,2024-07-05,2024-09-03,0,1315825.0
CAND-02293,2024-07-05,2024-10-03,0,1176268.0
CAND-02293,2024-07-05,2024-11-02,0,1036710.0
CAND-02294,2024-03-05,2024-04-04,0,272042.0
CAND-02294,2024-03-05,2024-05-04,0,254808.0
CAND-02294,2024-03-05,2024-06-03,0,235277.0
CAND-02294,2024-03-05,2024-07-03,0,218044.0
CAND-02295,2024-10-10,2024-11-09,0,759073.0
CAND-02295,2024-10-10,2024-12-09,30,734633.0
CAND-02295,2024-10-10,2025-01-08,0,680865.0
CAND-02295,2024-10-10,2025-02-07,30,656426.0
CAND-02296,2024-06-12,2024-07-12,0,487962.0
CAND-02296,2024-06-12,2024-08-11,0,449235.0
CAND-02296,2024-06-12,2024-09-10,0,419114.0
CAND-02296,2024-06-12,2024-10-10,0,382968.0
CAND-02296,2024-06-12,2024-11-09,0,333679.0
CAND-02296,2024-06-12,2024-12-09,0,291973.0
CAND-02297,2024-05-20,2024-06-19,0,585666.0
CAND-02297,2024-05-20,2024-07-19,0,533374.0
CAND-02297,2024-05-20,2024-08-18,0,481083.0
CAND-02297,2024-05-20,2024-09-17,0,428791.0
CAND-02298,2024-05-06,2024-06-05,0,463531.0
CAND-02298,2024-05-06,2024-07-05,0,436062.0
CAND-02298,2024-05-06,2024-08-04,0,394860.0
CAND-02298,2024-05-06,2024-09-03,0,359543.0
CAND-02299,2024-06-12,2024-07-12,0,736499.0
CAND-02299,2024-06-12,2024-08-11,0,680797.0
CAND-02299,2024-06-12,2024-09-10,30,654803.0
CAND-02299,2024-06-12,2024-10-10,0,608931.0
CAND-02299,2024-06-12,2024-11-09,0,543946.0
CAND-02300,2024-02-18,2024-03-19,0,253341.0
CAND-02300,2024-02-18,2024-04-18,0,236575.0
CAND-02300,2024-02-18,2024-05-18,0,215941.0
CAND-02301,2024-05-03,2024-06-02,30,230966.0
CAND-02301,2024-05-03,2024-07-02,60,226611.0
CAND-02301,2024-05-03,2024-08-01,90,221711.0
CAND-02301,2024-05-03,2024-08-31,114,215682.0
CAND-02301,2024-05-03,2024-09-30,114,209149.0
CAND-02301,2024-05-03,2024-10-30,114,203805.0
CAND-02302,2024-02-19,2024-03-20,30,190263.0
CAND-02302,2024-02-19,2024-04-19,0,170642.0
CAND-02302,2024-02-19,2024-05-19,0,158379.0
CAND-02302,2024-02-19,2024-06-18,0,145299.0
CAND-02303,2024-02-12,2024-03-13,0,1219936.0
CAND-02303,2024-02-12,2024-04-12,0,1138244.0
CAND-02303,2024-02-12,2024-05-12,30,1107847.0
CAND-02303,2024-02-12,2024-06-11,60,1084082.0
CAND-02303,2024-02-12,2024-07-11,90,1046737.0
CAND-02303,2024-02-12,2024-08-10,96,1018927.0
CAND-02304,2024-02-29,2024-03-30,0,362648.0
CAND-02304,2024-02-29,2024-04-29,0,324250.0
CAND-02304,2024-02-29,2024-05-29,0,298651.0
CAND-02305,2024-02-23,2024-03-24,0,670051.0
CAND-02305,2024-02-23,2024-04-23,0,630636.0
CAND-02305,2024-02-23,2024-05-23,0,571514.0
CAND-02305,2024-02-23,2024-06-22,30,558376.0
CAND-02306,2024-04-03,2024-05-03,0,502567.0
CAND-02306,2024-04-03,2024-06-02,30,492485.0
CAND-02306,2024-04-03,2024-07-02,60,478874.0
CAND-02307,2024-08-30,2024-09-29,0,605347.0
CAND-02307,2024-08-30,2024-10-29,0,567364.0
CAND-02307,2024-08-30,2024-11-28,30,548915.0
CAND-02308,2024-02-20,2024-03-21,0,462330.0
CAND-02308,2024-02-20,2024-04-20,0,421395.0
CAND-02308,2024-02-20,2024-05-20,0,388646.0
CAND-02308,2024-02-20,2024-06-19,0,353559.0
CAND-02309,2024-10-04,2024-11-03,0,717938.0
CAND-02309,2024-10-04,2024-12-03,0,654121.0
CAND-02309,2024-10-04,2025-01-02,0,590304.0
CAND-02309,2024-10-04,2025-02-01,0,542442.0
CAND-02309,2024-10-04,2025-03-03,0,497395.0
CAND-02310,2024-05-06,2024-06-05,0,316746.0
CAND-02310,2024-05-06,2024-07-05,0,287418.0
CAND-02310,2024-05-06,2024-08-04,0,265421.0
CAND-02310,2024-05-06,2024-09-03,0,236093.0
CAND-02310,2024-05-06,2024-10-03,0,216541.0
CAND-02311,2024-10-18,2024-11-17,0,420247.0
CAND-02311,2024-10-18,2024-12-17,0,374990.0
CAND-02311,2024-10-18,2025-01-16,30,363676.0
CAND-02312,2024-07-25,2024-08-24,0,281041.0
CAND-02312,2024-07-25,2024-09-23,0,250929.0
CAND-02312,2024-07-25,2024-10-23,0,232109.0
CAND-02312,2024-07-25,2024-11-22,0,212035.0
CAND-02313,2024-06-05,2024-07-05,0,903841.0
CAND-02313,2024-06-05,2024-08-04,0,849443.0
CAND-02313,2024-06-05,2024-09-03,0,751527.0
CAND-02314,2024-05-10,2024-06-09,0,1031268.0
CAND-02314,2024-05-10,2024-07-09,0,937517.0
CAND-02314,2024-05-10,2024-08-08,0,871339.0
CAND-02314,2024-05-10,2024-09-07,0,790980.0
CAND-02314,2024-05-10,2024-10-07,0,720667.0
CAND-02315,2024-04-21,2024-05-21,0,666105.0
CAND-02315,2024-04-21,2024-06-20,0,624310.0
CAND-02315,2024-04-21,2024-07-20,0,565101.0
CAND-02315,2024-04-21,2024-08-19,30,551437.0
CAND-02315,2024-04-21,2024-09-18,0,509642.0
CAND-02316,2024-08-19,2024-09-18,0,268483.0
CAND-02316,2024-08-19,2024-10-18,0,246242.0
CAND-02316,2024-08-19,2024-11-17,0,225590.0
CAND-02316,2024-08-19,2024-12-17,0,196676.0
CAND-02316,2024-08-19,2025-01-16,0,176023.0
CAND-02316,2024-08-19,2025-02-15,0,153782.0
CAND-02317,2024-06-13,2024-07-13,0,1383653.0
CAND-02317,2024-06-13,2024-08-12,0,1248191.0
CAND-02317,2024-06-13,2024-09-11,0,1155060.0
CAND-02317,2024-06-13,2024-10-11,0,1040438.0
CAND-02317,2024-06-13,2024-11-10,0,904975.0
CAND-02317,2024-06-13,2024-12-10,0,811845.0
CAND-02318,2024-03-31,2024-04-30,0,655641.0
CAND-02318,2024-03-31,2024-05-30,0,608289.0
CAND-02318,2024-03-31,2024-06-29,0,543719.0
CAND-02318,2024-03-31,2024-07-29,0,504259.0
CAND-02318,2024-03-31,2024-08-28,0,456907.0
CAND-02318,2024-03-31,2024-09-27,0,415126.0
CAND-02319,2024-08-06,2024-09-05,0,602701.0
CAND-02319,2024-08-06,2024-10-05,30,581429.0
CAND-02319,2024-08-06,2024-11-04,60,569826.0
CAND-02319,2024-08-06,2024-12-04,90,554262.0
CAND-02320,2024-08-04,2024-09-03,0,186321.0
CAND-02320,2024-08-04,2024-10-03,0,169241.0
CAND-02320,2024-08-04,2024-11-02,0,154602.0
CAND-02320,2024-08-04,2024-12-02,0,140938.0
CAND-02320,2024-08-04,2025-01-01,0,128129.0
CAND-02320,2024-08-04,2025-01-31,0,116743.0
CAND-02321,2024-07-17,2024-08-16,0,200408.0
CAND-02321,2024-07-17,2024-09-15,0,187777.0
CAND-02321,2024-07-17,2024-10-15,0,171260.0
CAND-02321,2024-07-17,2024-11-14,0,159331.0
CAND-02322,2024-06-20,2024-07-20,0,495400.0
CAND-02322,2024-06-20,2024-08-19,0,460172.0
CAND-02322,2024-06-20,2024-09-18,0,407329.0
CAND-02322,2024-06-20,2024-10-18,0,372101.0
CAND-02322,2024-06-20,2024-11-17,0,319258.0
CAND-02323,2024-05-15,2024-06-14,0,449072.0
CAND-02323,2024-05-15,2024-07-14,0,404845.0
CAND-02323,2024-05-15,2024-08-13,0,360619.0
CAND-02323,2024-05-15,2024-09-12,0,320077.0
CAND-02323,2024-05-15,2024-10-12,0,275851.0
CAND-02323,2024-05-15,2024-11-11,0,247233.0
CAND-02324,2024-05-02,2024-06-01,30,773809.0
CAND-02324,2024-05-02,2024-07-01,0,729796.0
CAND-02324,2024-05-02,2024-07-31,30,713951.0
CAND-02324,2024-05-02,2024-08-30,0,634728.0
CAND-02325,2024-09-24,2024-10-24,0,216520.0
CAND-02325,2024-09-24,2024-11-23,0,203784.0
CAND-02325,2024-09-24,2024-12-23,0,184679.0
CAND-02325,2024-09-24,2025-01-22,0,167044.0
CAND-02326,2024-07-20,2024-08-19,0,965008.0
CAND-02326,2024-07-20,2024-09-18,30,942415.0
CAND-02326,2024-07-20,2024-10-18,0,838492.0
CAND-02326,2024-07-20,2024-11-17,0,780756.0
CAND-02326,2024-07-20,2024-12-17,0,719624.0
CAND-02326,2024-07-20,2025-01-16,0,661889.0
CAND-02327,2024-03-27,2024-04-26,0,1319534.0
CAND-02327,2024-03-27,2024-05-26,0,1207881.0
CAND-02327,2024-03-27,2024-06-25,0,1075927.0
CAND-02328,2024-05-26,2024-06-25,0,414400.0
CAND-02328,2024-05-26,2024-07-25,0,374512.0
CAND-02328,2024-05-26,2024-08-24,0,350135.0
CAND-02328,2024-05-26,2024-09-23,30,339931.0
CAND-02328,2024-05-26,2024-10-23,0,310679.0
CAND-02328,2024-05-26,2024-11-22,0,284869.0
CAND-02329,2024-10-23,2024-11-22,0,141847.0
CAND-02329,2024-10-23,2024-12-22,0,130794.0
CAND-02329,2024-10-23,2025-01-21,0,122197.0
CAND-02329,2024-10-23,2025-02-20,0,111881.0
CAND-02330,2024-02-20,2024-03-21,0,925513.0
CAND-02330,2024-02-20,2024-04-20,30,903077.0
CAND-02330,2024-02-20,2024-05-20,60,885669.0
CAND-02331,2024-07-17,2024-08-16,0,359216.0
CAND-02331,2024-07-17,2024-09-15,0,331584.0
CAND-02331,2024-07-17,2024-10-15,0,305794.0
CAND-02332,2024-06-10,2024-07-10,30,317875.0
CAND-02332,2024-06-10,2024-08-09,0,299763.0
CAND-02332,2024-06-10,2024-09-08,0,279386.0
CAND-02332,2024-06-10,2024-10-08,0,252217.0
CAND-02332,2024-06-10,2024-11-07,0,233039.0
CAND-02332,2024-06-10,2024-12-07,0,214927.0
CAND-02333,2024-06-16,2024-07-16,30,587135.0
CAND-02333,2024-06-16,2024-08-15,0,540413.0
CAND-02333,2024-06-16,2024-09-14,0,497029.0
CAND-02333,2024-06-16,2024-10-14,0,441813.0
CAND-02334,2024-06-03,2024-07-03,0,560391.0
CAND-02334,2024-06-03,2024-08-02,30,549403.0
CAND-02334,2024-06-03,2024-09-01,60,533366.0
CAND-02334,2024-06-03,2024-10-01,90,522578.0
CAND-02335,2024-08-27,2024-09-26,0,766614.0
CAND-02335,2024-08-27,2024-10-26,0,685443.0
CAND-02335,2024-08-27,2024-11-25,0,631329.0
CAND-02335,2024-08-27,2024-12-25,0,550158.0
CAND-02335,2024-08-27,2025-01-24,0,499427.0
CAND-02335,2024-08-27,2025-02-23,0,448695.0
CAND-02336,2024-05-20,2024-06-19,0,468716.0
CAND-02336,2024-05-20,2024-07-19,0,428654.0
CAND-02336,2024-05-20,2024-08-18,0,393935.0
CAND-02336,2024-05-20,2024-09-17,30,382854.0
CAND-02336,2024-05-20,2024-10-17,0,350304.0
CAND-02337,2024-09-15,2024-10-15,0,578557.0
CAND-02337,2024-09-15,2024-11-14,0,516569.0
CAND-02337,2024-09-15,2024-12-14,0,464912.0
CAND-02337,2024-09-15,2025-01-13,0,426170.0
CAND-02337,2024-09-15,2025-02-12,0,391732.0
CAND-02338,2024-08-29,2024-09-28,0,513423.0
CAND-02338,2024-08-29,2024-10-28,0,481445.0
CAND-02338,2024-08-29,2024-11-27,0,442614.0
CAND-02339,2024-04-21,2024-05-21,0,1575835.0
CAND-02339,2024-04-21,2024-06-20,30,1539513.0
CAND-02339,2024-04-21,2024-07-20,60,1489302.0
CAND-02340,2024-04-05,2024-05-05,0,575813.0
CAND-02340,2024-04-05,2024-06-04,0,520194.0
CAND-02340,2024-04-05,2024-07-04,30,508429.0
CAND-02340,2024-04-05,2024-08-03,0,474440.0
CAND-02341,2024-05-24,2024-06-23,0,605068.0
CAND-02341,2024-05-24,2024-07-23,0,562357.0
CAND-02341,2024-05-24,2024-08-22,0,508969.0
CAND-02341,2024-05-24,2024-09-21,0,459687.0
CAND-02341,2024-05-24,2024-10-21,0,395621.0
CAND-02341,2024-05-24,2024-11-20,0,349860.0
CAND-02342,2024-05-02,2024-06-01,30,1081512.0
CAND-02342,2024-05-02,2024-07-01,0,970786.0
CAND-02342,2024-05-02,2024-07-31,0,896968.0
CAND-02342,2024-05-02,2024-08-30,0,835453.0
CAND-02343,2024-08-16,2024-09-15,0,436837.0
CAND-02343,2024-08-16,2024-10-15,0,400994.0
CAND-02343,2024-08-16,2024-11-14,0,373584.0
CAND-02343,2024-08-16,2024-12-14,0,331224.0
CAND-02344,2024-05-23,2024-06-22,0,1006048.0
CAND-02344,2024-05-23,2024-07-22,0,939240.0
CAND-02344,2024-05-23,2024-08-21,0,842065.0
CAND-02344,2024-05-23,2024-09-20,0,735172.0
CAND-02344,2024-05-23,2024-10-20,0,668365.0
CAND-02344,2024-05-23,2024-11-19,0,586139.0
CAND-02345,2024-05-02,2024-06-01,0,2042146.0
CAND-02345,2024-05-02,2024-07-01,0,1885860.0
CAND-02345,2024-05-02,2024-07-31,0,1739992.0
CAND-02345,2024-05-02,2024-08-30,0,1541082.0
CAND-02346,2024-04-16,2024-05-16,30,1042429.0
CAND-02346,2024-04-16,2024-06-15,0,936389.0
CAND-02346,2024-04-16,2024-07-15,0,865695.0
CAND-02347,2024-03-29,2024-04-28,0,274275.0
CAND-02347,2024-03-29,2024-05-28,0,255908.0
CAND-02347,2024-03-29,2024-06-27,0,226522.0
CAND-02347,2024-03-29,2024-07-27,0,206931.0
CAND-02347,2024-03-29,2024-08-26,0,180216.0
CAND-02348,2024-09-09,2024-10-09,30,332717.0
CAND-02348,2024-09-09,2024-11-08,0,304198.0
CAND-02348,2024-09-09,2024-12-08,0,285186.0
CAND-02348,2024-09-09,2025-01-07,0,265055.0
CAND-02348,2024-09-09,2025-02-06,30,258944.0
CAND-02348,2024-09-09,2025-03-08,0,237555.0
CAND-02349,2024-06-26,2024-07-26,0,278883.0
CAND-02349,2024-06-26,2024-08-25,0,262198.0
CAND-02349,2024-06-26,2024-09-24,0,243427.0
CAND-02349,2024-06-26,2024-10-24,0,225760.0
CAND-02349,2024-06-26,2024-11-23,0,202658.0
CAND-02350,2024-04-19,2024-05-19,30,674267.0
CAND-02350,2024-04-19,2024-06-18,60,655209.0
CAND-02350,2024-04-19,2024-07-18,90,637616.0
CAND-02350,2024-04-19,2024-08-17,94,625580.0
CAND-02350,2024-04-19,2024-09-16,94,604139.0
CAND-02350,2024-04-19,2024-10-16,94,585081.0
CAND-02351,2024-05-15,2024-06-14,0,472029.0
CAND-02351,2024-05-15,2024-07-14,0,425216.0
CAND-02351,2024-05-15,2024-08-13,0,378404.0
CAND-02351,2024-05-15,2024-09-12,0,348113.0
CAND-02351,2024-05-15,2024-10-12,0,305201.0
CAND-02351,2024-05-15,2024-11-11,0,276593.0
CAND-02352,2024-08-21,2024-09-20,0,160660.0
CAND-02352,2024-08-21,2024-10-20,0,146055.0
CAND-02352,2024-08-21,2024-11-19,0,132573.0
CAND-02352,2024-08-21,2024-12-19,30,128298.0
CAND-02352,2024-08-21,2025-01-18,60,123143.0
CAND-02352,2024-08-21,2025-02-17,90,119492.0
CAND-02354,2024-09-13,2024-10-13,0,504582.0
CAND-02354,2024-09-13,2024-11-12,0,467206.0
CAND-02354,2024-09-13,2024-12-12,0,424079.0
CAND-02354,2024-09-13,2025-01-11,0,377359.0
CAND-02354,2024-09-13,2025-02-10,0,330638.0
CAND-02355,2024-06-01,2024-07-01,0,1131572.0
CAND-02355,2024-06-01,2024-07-31,0,1055408.0
CAND-02355,2024-06-01,2024-08-30,0,968364.0
CAND-02356,2024-01-13,2024-02-12,0,283332.0
CAND-02356,2024-01-13,2024-03-13,0,262726.0
CAND-02356,2024-01-13,2024-04-12,0,243408.0
CAND-02356,2024-01-13,2024-05-12,0,225226.0
CAND-02356,2024-01-13,2024-06-11,0,203148.0
CAND-02356,2024-01-13,2024-07-11,0,177391.0
CAND-02357,2024-02-02,2024-03-03,0,1705571.0
CAND-02357,2024-02-02,2024-04-02,0,1524981.0
CAND-02357,2024-02-02,2024-05-02,0,1395989.0
CAND-02357,2024-02-02,2024-06-01,0,1283120.0
CAND-02357,2024-02-02,2024-07-01,0,1102530.0
CAND-02358,2024-02-09,2024-03-10,0,446874.0
CAND-02358,2024-02-09,2024-04-09,0,406532.0
CAND-02358,2024-02-09,2024-05-09,30,396652.0
CAND-02358,2024-02-09,2024-06-08,0,368174.0
CAND-02358,2024-02-09,2024-07-08,0,330935.0
CAND-02358,2024-02-09,2024-08-07,0,290592.0
CAND-02359,2024-09-08,2024-10-08,0,794099.0
CAND-02359,2024-09-08,2024-11-07,0,742716.0
CAND-02359,2024-09-08,2024-12-07,0,680323.0
CAND-02359,2024-09-08,2025-01-06,0,613130.0
CAND-02360,2024-05-11,2024-06-10,0,395671.0
CAND-02360,2024-05-11,2024-07-10,0,351707.0
CAND-02360,2024-05-11,2024-08-09,0,317889.0
CAND-02361,2024-05-15,2024-06-14,0,326555.0
CAND-02361,2024-05-15,2024-07-14,0,304576.0
CAND-02361,2024-05-15,2024-08-13,0,279456.0
CAND-02361,2024-05-15,2024-09-12,0,257476.0
CAND-02362,2024-09-25,2024-10-25,0,1675028.0
CAND-02362,2024-09-25,2024-11-24,0,1562285.0
CAND-02362,2024-09-25,2024-12-24,0,1398297.0
CAND-02362,2024-09-25,2025-01-23,0,1278038.0
CAND-02363,2024-04-08,2024-05-08,0,689389.0
CAND-02363,2024-04-08,2024-06-07,0,648354.0
CAND-02363,2024-04-08,2024-07-07,0,581206.0
CAND-02364,2024-02-22,2024-03-23,0,580476.0
CAND-02364,2024-02-22,2024-04-22,0,524408.0
CAND-02364,2024-02-22,2024-05-22,0,488128.0
CAND-02364,2024-02-22,2024-06-21,0,447011.0
CAND-02365,2024-05-07,2024-06-06,0,430020.0
CAND-02365,2024-05-07,2024-07-06,0,396233.0
CAND-02365,2024-05-07,2024-08-05,0,356814.0
CAND-02366,2024-07-23,2024-08-22,0,626046.0
CAND-02366,2024-07-23,2024-09-21,30,611315.0
CAND-02366,2024-07-23,2024-10-21,60,596585.0
CAND-02366,2024-07-23,2024-11-20,30,575870.0
CAND-02366,2024-07-23,2024-12-20,60,557955.0
CAND-02367,2024-05-20,2024-06-19,0,297241.0
CAND-02367,2024-05-20,2024-07-19,0,264214.0
CAND-02367,2024-05-20,2024-08-18,0,234190.0
CAND-02367,2024-05-20,2024-09-17,0,213548.0
CAND-02367,2024-05-20,2024-10-17,0,192907.0
CAND-02368,2024-02-04,2024-03-05,0,915265.0
CAND-02368,2024-02-04,2024-04-04,0,831366.0
CAND-02368,2024-02-04,2024-05-04,0,739840.0
CAND-02369,2024-09-22,2024-10-22,0,537226.0
CAND-02369,2024-09-22,2024-11-21,0,504667.0
CAND-02369,2024-09-22,2024-12-21,0,468038.0
CAND-02369,2024-09-22,2025-01-20,0,426176.0
CAND-02369,2024-09-22,2025-02-19,0,381094.0
CAND-02370,2024-10-10,2024-11-09,0,550099.0
CAND-02370,2024-10-10,2024-12-09,0,490857.0
CAND-02370,2024-10-10,2025-01-08,0,445287.0
CAND-02370,2024-10-10,2025-02-07,0,412375.0
CAND-02370,2024-10-10,2025-03-09,0,363007.0
CAND-02371,2024-06-20,2024-07-20,0,538387.0
CAND-02371,2024-06-20,2024-08-19,0,484993.0
CAND-02371,2024-06-20,2024-09-18,0,448285.0
CAND-02371,2024-06-20,2024-10-18,30,432411.0
CAND-02371,2024-06-20,2024-11-17,0,390459.0
CAND-02371,2024-06-20,2024-12-17,0,357829.0
CAND-02372,2024-05-09,2024-06-08,0,593268.0
CAND-02372,2024-05-09,2024-07-08,0,542562.0
CAND-02372,2024-05-09,2024-08-07,0,503786.0
CAND-02372,2024-05-09,2024-09-06,0,467164.0
CAND-02372,2024-05-09,2024-10-06,0,401246.0
CAND-02373,2024-04-04,2024-05-04,30,1046211.0
CAND-02373,2024-04-04,2024-06-03,0,970147.0
CAND-02373,2024-04-04,2024-07-03,0,873338.0
CAND-02373,2024-04-04,2024-08-02,0,776530.0
CAND-02374,2024-06-10,2024-07-10,0,639571.0
CAND-02374,2024-06-10,2024-08-09,0,598529.0
CAND-02374,2024-06-10,2024-09-08,0,557487.0
CAND-02375,2024-06-04,2024-07-04,0,1146541.0
CAND-02375,2024-06-04,2024-08-03,30,1122488.0
CAND-02375,2024-06-04,2024-09-02,60,1101288.0
CAND-02376,2024-08-12,2024-09-11,0,1057462.0
CAND-02376,2024-08-12,2024-10-11,0,994798.0
CAND-02376,2024-08-12,2024-11-10,0,932134.0
CAND-02377,2024-08-17,2024-09-16,0,329278.0
CAND-02377,2024-08-17,2024-10-16,0,304078.0
CAND-02377,2024-08-17,2024-11-15,0,284478.0
CAND-02378,2024-04-14,2024-05-14,0,926808.0
CAND-02378,2024-04-14,2024-06-13,0,858156.0
CAND-02378,2024-04-14,2024-07-13,0,755177.0
CAND-02379,2024-08-01,2024-08-31,0,203305.0
CAND-02379,2024-08-01,2024-09-30,0,191346.0
CAND-02379,2024-08-01,2024-10-30,0,177892.0
CAND-02379,2024-08-01,2024-11-29,0,156365.0
CAND-02379,2024-08-01,2024-12-29,0,144406.0
CAND-02379,2024-08-01,2025-01-28,0,129030.0
CAND-02380,2024-07-26,2024-08-25,0,489148.0
CAND-02380,2024-07-26,2024-09-24,0,447341.0
CAND-02380,2024-07-26,2024-10-24,0,415370.0
CAND-02380,2024-07-26,2024-11-23,0,379137.0
CAND-02380,2024-07-26,2024-12-23,0,342904.0
CAND-02380,2024-07-26,2025-01-22,0,301096.0
CAND-02381,2024-06-19,2024-07-19,0,776764.0
CAND-02381,2024-06-19,2024-08-18,0,713498.0
CAND-02381,2024-06-19,2024-09-17,0,654751.0
CAND-02382,2024-03-18,2024-04-17,0,189458.0
CAND-02382,2024-03-18,2024-05-17,0,168790.0
CAND-02382,2024-03-18,2024-06-16,0,152892.0
CAND-02382,2024-03-18,2024-07-16,30,148399.0
CAND-02383,2024-05-22,2024-06-21,0,605191.0
CAND-02383,2024-05-22,2024-07-21,0,565141.0
CAND-02383,2024-05-22,2024-08-20,0,506888.0
CAND-02384,2024-03-07,2024-04-06,0,732536.0
CAND-02384,2024-03-07,2024-05-06,0,674398.0
CAND-02384,2024-03-07,2024-06-05,0,606571.0
CAND-02384,2024-03-07,2024-07-05,0,538743.0
CAND-02385,2024-03-29,2024-04-28,0,267855.0
CAND-02385,2024-03-29,2024-05-28,0,250523.0
CAND-02385,2024-03-29,2024-06-27,30,243671.0
CAND-02385,2024-03-29,2024-07-27,60,237532.0
CAND-02385,2024-03-29,2024-08-26,90,228866.0
CAND-02385,2024-03-29,2024-09-25,117,221500.0
CAND-02386,2024-08-15,2024-09-14,30,821739.0
CAND-02386,2024-08-15,2024-10-14,60,805153.0
CAND-02386,2024-08-15,2024-11-13,90,784521.0
CAND-02387,2024-02-11,2024-03-12,0,1992190.0
CAND-02387,2024-02-11,2024-04-11,0,1814316.0
CAND-02387,2024-02-11,2024-05-11,0,1688757.0
CAND-02388,2024-02-09,2024-03-10,0,523790.0
CAND-02388,2024-02-09,2024-04-09,0,467381.0
CAND-02388,2024-02-09,2024-05-09,0,434200.0
CAND-02389,2024-04-15,2024-05-15,0,1049904.0
CAND-02389,2024-04-15,2024-06-14,0,937414.0
CAND-02389,2024-04-15,2024-07-14,0,835151.0
CAND-02389,2024-04-15,2024-08-13,0,754801.0
CAND-02389,2024-04-15,2024-09-12,0,661060.0
CAND-02390,2024-07-30,2024-08-29,0,469964.0
CAND-02390,2024-07-30,2024-09-28,0,433038.0
CAND-02390,2024-07-30,2024-10-28,0,396112.0
CAND-02391,2024-07-19,2024-08-18,0,713946.0
CAND-02391,2024-07-19,2024-09-17,0,671638.0
CAND-02391,2024-07-19,2024-10-17,0,617242.0
CAND-02391,2024-07-19,2024-11-16,0,569646.0
CAND-02391,2024-07-19,2024-12-16,0,527338.0
CAND-02391,2024-07-19,2025-01-15,0,485030.0
CAND-02392,2024-06-06,2024-07-06,0,1260965.0
CAND-02392,2024-06-06,2024-08-05,0,1155150.0
CAND-02392,2024-06-06,2024-09-04,0,1049334.0
CAND-02393,2024-04-14,2024-05-14,0,1161199.0
CAND-02393,2024-04-14,2024-06-13,0,1088624.0
CAND-02393,2024-04-14,2024-07-13,30,1067713.0
CAND-02393,2024-04-14,2024-08-12,60,1033441.0
CAND-02394,2024-07-06,2024-08-05,0,1058332.0
CAND-02394,2024-07-06,2024-09-04,0,955705.0
CAND-02394,2024-07-06,2024-10-04,30,922503.0
CAND-02395,2024-07-19,2024-08-18,0,106855.0
CAND-02395,2024-07-19,2024-09-17,0,100151.0
CAND-02395,2024-07-19,2024-10-17,0,92552.0
CAND-02396,2024-09-13,2024-10-13,0,353541.0
CAND-02396,2024-09-13,2024-11-12,0,328989.0
CAND-02396,2024-09-13,2024-12-12,0,298772.0
CAND-02396,2024-09-13,2025-01-11,0,276949.0
CAND-02396,2024-09-13,2025-02-10,0,248890.0
CAND-02396,2024-09-13,2025-03-12,30,241748.0
CAND-02397,2024-09-07,2024-10-07,0,344598.0
CAND-02397,2024-09-07,2024-11-06,0,306692.0
CAND-02397,2024-09-07,2024-12-06,0,277534.0
CAND-02397,2024-09-07,2025-01-05,30,270999.0
CAND-02397,2024-09-07,2025-02-04,60,263417.0
CAND-02397,2024-09-07,2025-03-06,90,255177.0
CAND-02398,2024-02-14,2024-03-15,0,728929.0
CAND-02398,2024-02-14,2024-04-14,30,708681.0
CAND-02398,2024-02-14,2024-05-14,0,652276.0
CAND-02399,2024-03-07,2024-04-06,0,1760092.0
CAND-02399,2024-03-07,2024-05-06,30,1724534.0
CAND-02399,2024-03-07,2024-06-05,60,1688306.0
CAND-02399,2024-03-07,2024-07-05,90,1630121.0
CAND-02399,2024-03-07,2024-08-04,119,1580888.0
CAND-02399,2024-03-07,2024-09-03,119,1530359.0
CAND-02400,2024-07-10,2024-08-09,0,473720.0
CAND-02400,2024-07-10,2024-09-08,0,430296.0
CAND-02400,2024-07-10,2024-10-08,0,382924.0
CAND-02400,2024-07-10,2024-11-07,0,330814.0
CAND-02401,2024-04-16,2024-05-16,0,1938719.0
CAND-02401,2024-04-16,2024-06-15,0,1798700.0
CAND-02401,2024-04-16,2024-07-15,30,1744847.0
CAND-02401,2024-04-16,2024-08-14,0,1613580.0
CAND-02402,2024-07-25,2024-08-24,0,1081399.0
CAND-02402,2024-07-25,2024-09-23,0,964941.0
CAND-02402,2024-07-25,2024-10-23,0,848483.0
CAND-02403,2024-05-28,2024-06-27,30,478851.0
CAND-02403,2024-05-28,2024-07-27,60,468255.0
CAND-02403,2024-05-28,2024-08-26,90,453486.0
CAND-02403,2024-05-28,2024-09-25,103,438254.0
CAND-02403,2024-05-28,2024-10-25,103,427884.0
CAND-02403,2024-05-28,2024-11-24,103,415699.0
CAND-02404,2024-04-20,2024-05-20,0,916714.0
CAND-02404,2024-04-20,2024-06-19,0,827424.0
CAND-02404,2024-04-20,2024-07-19,0,772858.0
CAND-02404,2024-04-20,2024-08-18,0,718291.0
CAND-02404,2024-04-20,2024-09-17,0,663725.0
CAND-02404,2024-04-20,2024-10-17,0,574435.0
CAND-02405,2024-03-03,2024-04-02,0,589464.0
CAND-02405,2024-03-03,2024-05-02,0,540882.0
CAND-02405,2024-03-03,2024-06-01,0,501409.0
CAND-02405,2024-03-03,2024-07-01,0,466322.0
CAND-02405,2024-03-03,2024-07-31,0,413691.0
CAND-02405,2024-03-03,2024-08-30,0,374218.0
CAND-02406,2024-04-30,2024-05-30,0,481059.0
CAND-02406,2024-04-30,2024-06-29,0,444550.0
CAND-02406,2024-04-30,2024-07-29,0,405233.0
CAND-02407,2024-01-08,2024-02-07,30,153146.0
CAND-02407,2024-01-08,2024-03-08,0,143917.0
CAND-02407,2024-01-08,2024-04-07,0,132712.0
CAND-02407,2024-01-08,2024-05-07,0,119638.0
CAND-02407,2024-01-08,2024-06-06,0,106565.0
CAND-02408,2024-01-21,2024-02-20,30,323943.0
CAND-02408,2024-01-21,2024-03-21,60,317692.0
CAND-02408,2024-01-21,2024-04-20,90,311879.0
CAND-02408,2024-01-21,2024-05-20,102,302135.0
CAND-02408,2024-01-21,2024-06-19,102,296520.0
CAND-02409,2024-06-07,2024-07-07,0,296251.0
CAND-02409,2024-06-07,2024-08-06,0,277082.0
CAND-02409,2024-06-07,2024-09-05,0,249925.0
CAND-02409,2024-06-07,2024-10-05,0,222769.0
CAND-02409,2024-06-07,2024-11-04,0,204665.0
CAND-02409,2024-06-07,2024-12-04,0,172077.0
CAND-02410,2024-01-23,2024-02-22,0,520351.0
CAND-02410,2024-01-23,2024-03-23,0,477822.0
CAND-02410,2024-01-23,2024-04-22,0,443268.0
CAND-02410,2024-01-23,2024-05-22,0,406410.0
CAND-02411,2024-04-21,2024-05-21,0,895405.0
CAND-02411,2024-04-21,2024-06-20,0,815458.0
CAND-02411,2024-04-21,2024-07-20,0,719522.0
CAND-02411,2024-04-21,2024-08-19,0,655564.0
CAND-02411,2024-04-21,2024-09-18,0,568349.0
CAND-02411,2024-04-21,2024-10-18,0,481135.0
CAND-02412,2024-07-25,2024-08-24,0,397422.0
CAND-02412,2024-07-25,2024-09-23,0,363454.0
CAND-02412,2024-07-25,2024-10-23,0,338922.0
CAND-02412,2024-07-25,2024-11-22,0,298778.0
CAND-02412,2024-07-25,2024-12-22,0,274246.0
CAND-02413,2024-09-25,2024-10-25,0,1179494.0
CAND-02413,2024-09-25,2024-11-24,0,1054606.0
CAND-02413,2024-09-25,2024-12-24,0,976552.0
CAND-02414,2024-08-31,2024-09-30,0,346780.0
CAND-02414,2024-08-31,2024-10-30,0,319759.0
CAND-02414,2024-08-31,2024-11-29,0,288233.0
CAND-02414,2024-08-31,2024-12-29,0,256708.0
CAND-02415,2024-01-14,2024-02-13,0,582231.0
CAND-02415,2024-01-14,2024-03-14,0,545841.0
CAND-02415,2024-01-14,2024-04-13,0,507177.0
CAND-02416,2024-06-16,2024-07-16,30,500574.0
CAND-02416,2024-06-16,2024-08-15,60,489919.0
CAND-02416,2024-06-16,2024-09-14,90,480269.0
CAND-02416,2024-06-16,2024-10-14,91,470240.0
CAND-02417,2024-06-09,2024-07-09,0,1767009.0
CAND-02417,2024-06-09,2024-08-08,0,1642279.0
CAND-02417,2024-06-09,2024-09-07,0,1472193.0
CAND-02417,2024-06-09,2024-10-07,0,1285098.0
CAND-02418,2024-03-03,2024-04-02,30,837177.0
CAND-02418,2024-03-03,2024-05-02,60,819955.0
CAND-02418,2024-03-03,2024-06-01,30,805360.0
CAND-02418,2024-03-03,2024-07-01,60,784858.0
CAND-02418,2024-03-03,2024-07-31,90,766918.0
CAND-02418,2024-03-03,2024-08-30,60,749345.0
CAND-02419,2024-05-23,2024-06-22,0,484193.0
CAND-02419,2024-05-23,2024-07-22,0,445765.0
CAND-02419,2024-05-23,2024-08-21,0,404381.0
CAND-02419,2024-05-23,2024-09-20,0,370756.0
CAND-02419,2024-05-23,2024-10-20,30,352823.0
CAND-02420,2024-07-12,2024-08-11,0,917930.0
CAND-02420,2024-07-12,2024-09-10,0,818487.0
CAND-02420,2024-07-12,2024-10-10,0,719045.0
CAND-02420,2024-07-12,2024-11-09,0,642551.0
CAND-02420,2024-07-12,2024-12-09,0,584055.0
CAND-02421,07-03-2024,2024-04-06,0,211653.0
CAND-02421,07-03-2024,2024-05-06,30,206974.0
CAND-02421,07-03-2024,2024-06-05,60,202951.0
CAND-02422,2024-06-12,2024-07-12,0,373419.0
CAND-02422,2024-06-12,2024-08-11,0,347060.0
CAND-02422,2024-06-12,2024-09-10,0,320701.0
CAND-02422,2024-06-12,2024-10-10,0,287752.0
CAND-02422,2024-06-12,2024-11-09,0,248214.0
CAND-02423,2024-10-12,2024-11-11,0,734783.0
CAND-02423,2024-10-12,2024-12-11,0,677527.0
CAND-02423,2024-10-12,2025-01-10,0,620271.0
CAND-02423,2024-10-12,2025-02-09,0,553473.0
CAND-02424,2024-03-18,2024-04-17,0,690241.0
CAND-02424,2024-03-18,2024-05-17,0,633606.0
CAND-02424,2024-03-18,2024-06-16,0,566673.0
CAND-02424,2024-03-18,2024-07-16,0,510038.0
CAND-02424,2024-03-18,2024-08-15,0,453403.0
CAND-02425,2024-02-16,2024-03-17,0,301208.0
CAND-02425,2024-02-16,2024-04-16,0,274016.0
CAND-02425,2024-02-16,2024-05-16,30,267073.0
CAND-02426,2024-05-18,2024-06-17,0,1136074.0
CAND-02426,2024-05-18,2024-07-17,0,1067699.0
CAND-02426,2024-05-18,2024-08-16,0,985650.0
CAND-02426,2024-05-18,2024-09-15,30,951462.0
CAND-02427,2024-07-04,2024-08-03,0,628388.0
CAND-02427,2024-07-04,2024-09-02,0,580050.0
CAND-02427,2024-07-04,2024-10-02,0,512378.0
CAND-02427,2024-07-04,2024-11-01,0,460322.0
CAND-02427,2024-07-04,2024-12-01,0,422726.0
CAND-02427,2024-07-04,2024-12-31,0,382919.0
CAND-02429,2024-05-23,2024-06-22,0,116338.0
CAND-02429,2024-05-23,2024-07-22,0,105139.0
CAND-02429,2024-05-23,2024-08-21,0,94874.0
CAND-02429,2024-05-23,2024-09-20,0,86076.0
CAND-02429,2024-05-23,2024-10-20,0,77864.0
CAND-02430,2024-07-23,2024-08-22,0,245318.0
CAND-02430,2024-07-23,2024-09-21,0,228891.0
CAND-02430,2024-07-23,2024-10-21,0,208672.0
CAND-02431,2024-06-01,2024-07-01,0,591506.0
CAND-02431,2024-06-01,2024-07-31,0,551456.0
CAND-02431,2024-06-01,2024-08-30,0,498056.0
CAND-02431,2024-06-01,2024-09-29,0,452285.0
CAND-02432,2024-03-19,2024-04-18,0,528860.0
CAND-02432,2024-03-19,2024-05-18,30,514331.0
CAND-02432,2024-03-19,2024-06-17,60,499017.0
CAND-02432,2024-03-19,2024-07-17,90,485196.0
CAND-02432,2024-03-19,2024-08-16,92,468530.0
CAND-02433,2024-08-25,2024-09-24,30,669727.0
CAND-02433,2024-08-25,2024-10-24,60,653790.0
CAND-02433,2024-08-25,2024-11-23,90,637852.0
CAND-02433,2024-08-25,2024-12-23,120,620281.0
CAND-02433,2024-08-25,2025-01-22,120,600701.0
CAND-02433,2024-08-25,2025-02-21,120,586994.0
CAND-02434,2024-03-25,2024-04-24,0,285802.0
CAND-02434,2024-03-25,2024-05-24,0,264026.0
CAND-02434,2024-03-25,2024-06-23,0,240576.0
CAND-02435,2024-07-10,2024-08-09,0,906163.0
CAND-02435,2024-07-10,2024-09-08,0,841105.0
CAND-02435,2024-07-10,2024-10-08,0,743518.0
CAND-02436,2024-09-21,2024-10-21,0,539165.0
CAND-02436,2024-09-21,2024-11-20,0,494926.0
CAND-02436,2024-09-21,2024-12-20,0,450686.0
CAND-02436,2024-09-21,2025-01-19,0,409607.0
CAND-02436,2024-09-21,2025-02-18,0,373663.0
CAND-02437,2024-06-28,2024-07-28,0,1274406.0
CAND-02437,2024-06-28,2024-08-27,30,1237143.0
CAND-02437,2024-06-28,2024-09-26,60,1207643.0
CAND-02437,2024-06-28,2024-10-26,90,1173106.0
CAND-02438,2024-01-30,2024-02-29,0,877287.0
CAND-02438,2024-01-30,2024-03-30,0,824487.0
CAND-02438,2024-01-30,2024-04-29,0,745288.0
CAND-02438,2024-01-30,2024-05-29,0,677402.0
CAND-02438,2024-01-30,2024-06-28,0,624603.0
CAND-02438,2024-01-30,2024-07-28,0,561243.0
CAND-02439,2024-10-12,2024-11-11,0,361540.0
CAND-02439,2024-10-12,2024-12-11,0,337206.0
CAND-02439,2024-10-12,2025-01-10,0,314303.0
CAND-02439,2024-10-12,2025-02-09,0,281857.0
CAND-02439,2024-10-12,2025-03-11,30,270058.0
CAND-02440,2024-02-10,2024-03-11,0,238890.0
CAND-02440,2024-02-10,2024-04-10,30,231306.0
CAND-02440,2024-02-10,2024-05-10,0,213610.0
CAND-02440,2024-02-10,2024-06-09,0,191491.0
CAND-02440,2024-02-10,2024-07-09,0,169372.0
CAND-02441,2024-07-01,2024-07-31,30,1235804.0
CAND-02441,2024-07-01,2024-08-30,0,1156421.0
CAND-02441,2024-07-01,2024-09-29,0,1085858.0
CAND-02441,2024-07-01,2024-10-29,0,970391.0
CAND-02442,2024-10-10,2024-11-09,0,1097515.0
CAND-02442,2024-10-10,2024-12-09,0,1004649.0
CAND-02442,2024-10-10,2025-01-08,30,973693.0
CAND-02442,2024-10-10,2025-02-07,0,880827.0
CAND-02442,2024-10-10,2025-03-09,0,760100.0
CAND-02443,2024-07-05,2024-08-04,0,270668.0
CAND-02443,2024-07-05,2024-09-03,0,246608.0
CAND-02443,2024-07-05,2024-10-03,0,217737.0
CAND-02443,2024-07-05,2024-11-02,0,193678.0
CAND-02444,2024-04-10,2024-05-10,0,892127.0
CAND-02444,2024-04-10,2024-06-09,0,812472.0
CAND-02444,2024-04-10,2024-07-09,0,725577.0
CAND-02444,2024-04-10,2024-08-08,0,665836.0
CAND-02444,2024-04-10,2024-09-07,0,586182.0
CAND-02445,2024-10-17,2024-11-16,0,266956.0
CAND-02445,2024-10-17,2024-12-16,0,250642.0
CAND-02445,2024-10-17,2025-01-15,0,221277.0
CAND-02446,2024-05-25,2024-06-24,0,918528.0
CAND-02446,2024-05-25,2024-07-24,0,860637.0
CAND-02446,2024-05-25,2024-08-23,0,762224.0
CAND-02446,2024-05-25,2024-09-22,0,680212.0
CAND-02446,2024-05-25,2024-10-22,0,581799.0
CAND-02446,2024-05-25,2024-11-21,0,506096.0
CAND-02447,2024-07-01,2024-07-31,0,367880.0
CAND-02447,2024-07-01,2024-08-30,0,342333.0
CAND-02447,2024-07-01,2024-09-29,0,318289.0
CAND-02447,2024-07-01,2024-10-29,0,286846.0
CAND-02447,2024-07-01,2024-11-28,0,257649.0
CAND-02447,2024-07-01,2024-12-28,0,232102.0
CAND-02448,2024-07-03,2024-08-02,0,713320.0
CAND-02448,2024-07-03,2024-09-01,0,660482.0
CAND-02448,2024-07-03,2024-10-01,0,603869.0
CAND-02448,2024-07-03,2024-10-31,0,559837.0
CAND-02448,2024-07-03,2024-11-30,0,506998.0
CAND-02449,2024-08-05,2024-09-04,0,247545.0
CAND-02449,2024-08-05,2024-10-04,30,241160.0
CAND-02449,2024-08-05,2024-11-03,60,232221.0
CAND-02449,2024-08-05,2024-12-03,90,227432.0
CAND-02450,2024-09-17,2024-10-17,0,2180456.0
CAND-02450,2024-09-17,2024-11-16,0,2002245.0
CAND-02450,2024-09-17,2024-12-16,30,1945740.0
CAND-02450,2024-09-17,2025-01-15,0,1817032.0
CAND-02450,2024-09-17,2025-02-14,30,1776388.0
CAND-02450,2024-09-17,2025-03-16,60,1733485.0
CAND-02451,2024-02-13,2024-03-14,0,320590.0
CAND-02451,2024-02-13,2024-04-13,30,311161.0
CAND-02451,2024-02-13,2024-05-13,0,292302.0
CAND-02451,2024-02-13,2024-06-12,0,258358.0
CAND-02451,2024-02-13,2024-07-12,0,230070.0
CAND-02452,2024-06-18,2024-07-18,0,1720375.0
CAND-02452,2024-06-18,2024-08-17,0,1598038.0
CAND-02452,2024-06-18,2024-09-16,0,1456879.0
CAND-02452,2024-06-18,2024-10-16,0,1303956.0
CAND-02452,2024-06-18,2024-11-15,0,1162797.0
CAND-02452,2024-06-18,2024-12-15,0,979291.0
CAND-02453,2024-08-15,2024-09-14,0,597031.0
CAND-02453,2024-08-15,2024-10-14,0,538233.0
CAND-02453,2024-08-15,2024-11-13,0,497809.0
CAND-02453,2024-08-15,2024-12-13,0,454690.0
CAND-02453,2024-08-15,2025-01-12,0,414266.0
CAND-02454,2024-07-02,2024-08-01,0,460283.0
CAND-02454,2024-07-02,2024-08-31,0,418439.0
CAND-02454,2024-07-02,2024-09-30,30,409929.0
CAND-02454,2024-07-02,2024-10-30,0,371303.0
CAND-02454,2024-07-02,2024-11-29,0,343407.0
CAND-02455,2024-07-09,2024-08-08,0,1093726.0
CAND-02455,2024-07-09,2024-09-07,0,975239.0
CAND-02455,2024-07-09,2024-10-07,30,948909.0
CAND-02455,2024-07-09,2024-11-06,60,914060.0
CAND-02456,2024-06-11,2024-07-11,0,838258.0
CAND-02456,2024-06-11,2024-08-10,0,756972.0
CAND-02456,2024-06-11,2024-09-09,0,688192.0
CAND-02456,2024-06-11,2024-10-09,30,669168.0
CAND-02456,2024-06-11,2024-11-08,60,645002.0
CAND-02456,2024-06-11,2024-12-08,90,617907.0
CAND-02457,2024-01-11,2024-02-10,0,355292.0
CAND-02457,2024-01-11,2024-03-11,30,347890.0
CAND-02457,2024-01-11,2024-04-10,60,340763.0
CAND-02458,2024-02-26,2024-03-27,0,712695.0
CAND-02458,2024-02-26,2024-04-26,0,642921.0
CAND-02458,2024-02-26,2024-05-26,0,573147.0
CAND-02460,2024-02-27,2024-03-28,30,517622.0
CAND-02460,2024-02-27,2024-04-27,60,504981.0
CAND-02460,2024-02-27,2024-05-27,90,490633.0
CAND-02460,2024-02-27,2024-06-26,60,479573.0
CAND-02460,2024-02-27,2024-07-26,90,464825.0
CAND-02460,2024-02-27,2024-08-25,118,448235.0
CAND-02461,2024-03-03,2024-04-02,0,515768.0
CAND-02461,2024-03-03,2024-05-02,0,473614.0
CAND-02461,2024-03-03,2024-06-01,30,460248.0
CAND-02462,2024-02-28,2024-03-29,0,341416.0
CAND-02462,2024-02-28,2024-04-28,30,333913.0
CAND-02462,2024-02-28,2024-05-28,60,325362.0
CAND-02462,2024-02-28,2024-06-27,90,314857.0
CAND-02462,2024-02-28,2024-07-27,94,308172.0
CAND-02463,2024-03-31,2024-04-30,0,491195.0
CAND-02463,2024-03-31,2024-05-30,0,443914.0
CAND-02463,2024-03-31,2024-06-29,30,433513.0
CAND-02463,2024-03-31,2024-07-29,0,401007.0
CAND-02463,2024-03-31,2024-08-28,0,372113.0
CAND-02464,2024-07-16,2024-08-15,0,556364.0
CAND-02464,2024-07-16,2024-09-14,0,500165.0
CAND-02464,2024-07-16,2024-10-14,0,463802.0
CAND-02465,2024-09-01,2024-10-01,0,1667920.0
CAND-02465,2024-09-01,2024-10-31,0,1525362.0
CAND-02465,2024-09-01,2024-11-30,30,1477843.0
CAND-02465,2024-09-01,2024-12-30,0,1335286.0
CAND-02465,2024-09-01,2025-01-29,0,1202911.0
CAND-02465,2024-09-01,2025-02-28,0,1070537.0
CAND-02466,2024-09-21,2024-10-21,0,480193.0
CAND-02466,2024-09-21,2024-11-20,0,450181.0
CAND-02466,2024-09-21,2024-12-20,0,403799.0
CAND-02466,2024-09-21,2025-01-19,0,364552.0
CAND-02466,2024-09-21,2025-02-18,0,325306.0
CAND-02467,2024-03-05,2024-04-04,0,1246596.0
CAND-02467,2024-03-05,2024-05-04,0,1165934.0
CAND-02467,2024-03-05,2024-06-03,0,1060453.0
CAND-02467,2024-03-05,2024-07-03,0,946182.0
CAND-02467,2024-03-05,2024-08-02,0,840700.0
CAND-02468,2024-07-29,2024-08-28,0,672320.0
CAND-02468,2024-07-29,2024-09-27,0,627498.0
CAND-02468,2024-07-29,2024-10-27,0,582677.0
CAND-02468,2024-07-29,2024-11-26,0,542836.0
CAND-02468,2024-07-29,2024-12-26,0,500651.0
CAND-02468,2024-07-29,2025-01-25,0,460810.0
CAND-02469,2024-02-02,2024-03-03,0,1013376.0
CAND-02469,2024-02-02,2024-04-02,0,941313.0
CAND-02469,2024-02-02,2024-05-02,0,873755.0
CAND-02469,2024-02-02,2024-06-01,0,813703.0
CAND-02470,2024-03-23,2024-04-22,0,558463.0
CAND-02470,2024-03-23,2024-05-22,0,525221.0
CAND-02470,2024-03-23,2024-06-21,0,475358.0
CAND-02471,2024-06-17,2024-07-17,30,587014.0
CAND-02471,2024-06-17,2024-08-16,0,540809.0
CAND-02471,2024-06-17,2024-09-15,0,505476.0
CAND-02471,2024-06-17,2024-10-15,0,459271.0
CAND-02471,2024-06-17,2024-11-14,0,399204.0
CAND-02472,2024-02-17,2024-03-18,0,640165.0
CAND-02472,2024-02-17,2024-04-17,0,570814.0
CAND-02472,2024-02-17,2024-05-17,0,501463.0
CAND-02472,2024-02-17,2024-06-16,0,455228.0
CAND-02472,2024-02-17,2024-07-16,0,392182.0
CAND-02473,2024-03-27,2024-04-26,0,861123.0
CAND-02473,2024-03-27,2024-05-26,30,842907.0
CAND-02473,2024-03-27,2024-06-25,0,787187.0
CAND-02473,2024-03-27,2024-07-25,0,714323.0
CAND-02473,2024-03-27,2024-08-24,0,635386.0
CAND-02474,2024-02-21,2024-03-22,0,271055.0
CAND-02474,2024-02-21,2024-04-21,0,241864.0
CAND-02474,2024-02-21,2024-05-21,0,215327.0
CAND-02475,2024-05-05,2024-06-04,0,369800.0
CAND-02475,2024-05-05,2024-07-04,0,345630.0
CAND-02475,2024-05-05,2024-08-03,0,308277.0
CAND-02475,2024-05-05,2024-09-02,0,285449.0
CAND-02475,2024-05-05,2024-10-02,0,256100.0
CAND-02475,2024-05-05,2024-11-01,0,228708.0
CAND-02476,2024-09-14,2024-10-14,30,262153.0
CAND-02476,2024-09-14,2024-11-13,0,245313.0
CAND-02476,2024-09-14,2024-12-13,0,226068.0
CAND-02476,2024-09-14,2025-01-12,0,210219.0
CAND-02476,2024-09-14,2025-02-11,0,194370.0
CAND-02476,2024-09-14,2025-03-13,0,178521.0
CAND-02477,2024-01-31,2024-03-01,0,351622.0
CAND-02477,2024-01-31,2024-03-31,0,314392.0
CAND-02477,2024-01-31,2024-04-30,30,306470.0
CAND-02477,2024-01-31,2024-05-30,60,298009.0
CAND-02477,2024-01-31,2024-06-29,90,289351.0
CAND-02478,2024-09-30,2024-10-30,30,915147.0
CAND-02478,2024-09-30,2024-11-29,60,885117.0
CAND-02478,2024-09-30,2024-12-29,90,858519.0
CAND-02478,2024-09-30,2025-01-28,111,829428.0
CAND-02479,2024-05-29,2024-06-28,0,686443.0
CAND-02479,2024-05-29,2024-07-28,0,639640.0
CAND-02479,2024-05-29,2024-08-27,0,586151.0
CAND-02479,2024-05-29,2024-09-26,0,542101.0
CAND-02479,2024-05-29,2024-10-26,0,479697.0
CAND-02479,2024-05-29,2024-11-25,0,429774.0
CAND-02480,2024-08-22,2024-09-21,30,535178.0
CAND-02480,2024-08-22,2024-10-21,0,480669.0
CAND-02480,2024-08-22,2024-11-20,0,438739.0
CAND-02481,2024-09-22,2024-10-22,0,343278.0
CAND-02481,2024-09-22,2024-11-21,30,334068.0
CAND-02481,2024-09-22,2024-12-21,60,325287.0
CAND-02482,2024-05-04,2024-06-03,0,249484.0
CAND-02482,2024-05-04,2024-07-03,0,231004.0
CAND-02482,2024-05-04,2024-08-02,0,209681.0
CAND-02483,2024-02-15,2024-03-16,0,532245.0
CAND-02483,2024-02-15,2024-04-15,30,517965.0
CAND-02483,2024-02-15,2024-05-15,0,469176.0
CAND-02483,2024-02-15,2024-06-14,0,420387.0
CAND-02483,2024-02-15,2024-07-14,0,381355.0
CAND-02483,2024-02-15,2024-08-13,0,322808.0
CAND-02484,2024-10-11,2024-11-10,0,1453405.0
CAND-02484,2024-10-11,2024-12-10,0,1365320.0
CAND-02484,2024-10-11,2025-01-09,0,1266224.0
CAND-02484,2024-10-11,2025-02-08,0,1152972.0
CAND-02485,2024-05-17,2024-06-16,30,493107.0
CAND-02485,2024-05-17,2024-07-16,0,463195.0
CAND-02485,2024-05-17,2024-08-15,0,431412.0
CAND-02486,2024-05-07,2024-06-06,0,230238.0
CAND-02486,2024-05-07,2024-07-06,0,216284.0
CAND-02486,2024-05-07,2024-08-05,30,209844.0
CAND-02486,2024-05-07,2024-09-04,60,204821.0
CAND-02487,2024-01-22,2024-02-21,0,377293.0
CAND-02487,2024-01-22,2024-03-22,0,340135.0
CAND-02487,2024-01-22,2024-04-21,0,308694.0
CAND-02488,2024-07-22,2024-08-21,0,1063449.0
CAND-02488,2024-07-22,2024-09-20,0,964982.0
CAND-02488,2024-07-22,2024-10-20,0,899336.0
CAND-02488,2024-07-22,2024-11-19,0,825486.0
CAND-02489,2024-07-24,2024-08-23,0,433970.0
CAND-02489,2024-07-24,2024-09-22,0,401824.0
CAND-02489,2024-07-24,2024-10-22,0,361642.0
CAND-02489,2024-07-24,2024-11-21,0,317806.0
CAND-02489,2024-07-24,2024-12-21,0,269587.0
CAND-02489,2024-07-24,2025-01-20,0,242799.0
CAND-02490,2024-04-21,2024-05-21,0,1101945.0
CAND-02490,2024-04-21,2024-06-20,0,1022831.0
CAND-02490,2024-04-21,2024-07-20,0,914948.0
CAND-02490,2024-04-21,2024-08-19,0,796277.0
CAND-02490,2024-04-21,2024-09-18,0,704992.0
CAND-02490,2024-04-21,2024-10-18,0,597109.0
CAND-02491,2024-03-30,2024-04-29,0,478246.0
CAND-02491,2024-03-30,2024-05-29,0,435071.0
CAND-02491,2024-03-30,2024-06-28,0,406288.0
CAND-02491,2024-03-30,2024-07-28,0,369281.0
CAND-02492,2024-07-07,2024-08-06,0,864239.0
CAND-02492,2024-07-07,2024-09-05,0,793010.0
CAND-02492,2024-07-07,2024-10-05,0,726869.0
CAND-02492,2024-07-07,2024-11-04,0,668996.0
CAND-02493,2024-08-04,2024-09-03,0,222766.0
CAND-02493,2024-08-04,2024-10-03,0,206430.0
CAND-02493,2024-08-04,2024-11-02,0,190094.0
CAND-02494,2024-08-24,2024-09-23,0,347158.0
CAND-02494,2024-08-24,2024-10-23,0,323792.0
CAND-02494,2024-08-24,2024-11-22,0,292637.0
CAND-02495,2024-09-06,2024-10-06,0,1069568.0
CAND-02495,2024-09-06,2024-11-05,0,952888.0
CAND-02495,2024-09-06,2024-12-05,0,855655.0
CAND-02496,2024-07-31,2024-08-30,0,600723.0
CAND-02496,2024-07-31,2024-09-29,0,556225.0
CAND-02496,2024-07-31,2024-10-29,0,508549.0
CAND-02496,2024-07-31,2024-11-28,0,464051.0
CAND-02497,2024-07-23,2024-08-22,0,298427.0
CAND-02497,2024-07-23,2024-09-21,0,273705.0
CAND-02497,2024-07-23,2024-10-21,0,253619.0
CAND-02497,2024-07-23,2024-11-20,0,221481.0
CAND-02497,2024-07-23,2024-12-20,0,189342.0
CAND-02497,2024-07-23,2025-01-19,0,164620.0
CAND-02498,2024-02-13,2024-03-14,0,488857.0
CAND-02498,2024-02-13,2024-04-13,0,444045.0
CAND-02498,2024-02-13,2024-05-13,0,412413.0
CAND-02498,2024-02-13,2024-06-12,0,358639.0
CAND-02499,2024-04-16,2024-05-16,0,253642.0
CAND-02499,2024-04-16,2024-06-15,0,234459.0
CAND-02499,2024-04-16,2024-07-15,0,212079.0
CAND-02499,2024-04-16,2024-08-14,0,191420.0
CAND-02499,2024-04-16,2024-09-13,0,172237.0
CAND-02500,2024-10-01,2024-10-31,0,487517.0
CAND-02500,2024-10-01,2024-11-30,30,472593.0
CAND-02500,2024-10-01,2024-12-30,0,437771.0
CAND-02500,2024-10-01,2025-01-29,0,407045.0
CAND-02501,2024-01-20,2024-02-19,0,499371.0
CAND-02501,2024-01-20,2024-03-20,0,463860.0
CAND-02501,2024-01-20,2024-04-19,0,422886.0
CAND-02502,2024-01-23,2024-02-22,0,537236.0
CAND-02502,2024-01-23,2024-03-23,0,493155.0
CAND-02502,2024-01-23,2024-04-22,0,441060.0
CAND-02502,2024-01-23,2024-05-22,0,400127.0
CAND-02503,2024-01-17,2024-02-16,0,480042.0
CAND-02503,2024-01-17,2024-03-17,0,450143.0
CAND-02503,2024-01-17,2024-04-16,0,413838.0
CAND-02504,2024-02-05,2024-03-06,0,172099.0
CAND-02504,2024-02-05,2024-04-05,0,153168.0
CAND-02504,2024-02-05,2024-05-05,0,142651.0
CAND-02504,2024-02-05,2024-06-04,0,128089.0
CAND-02504,2024-02-05,2024-07-04,0,114567.0
CAND-02504,2024-02-05,2024-08-03,30,110059.0
CAND-02505,2024-02-28,2024-03-29,0,299078.0
CAND-02505,2024-02-28,2024-04-28,0,267034.0
CAND-02505,2024-02-28,2024-05-28,0,237903.0
CAND-02506,2024-02-22,2024-03-23,0,230881.0
CAND-02506,2024-02-22,2024-04-22,30,225129.0
CAND-02506,2024-02-22,2024-05-22,0,200391.0
CAND-02506,2024-02-22,2024-06-21,0,182722.0
CAND-02507,2024-07-02,2024-08-01,0,276195.0
CAND-02507,2024-07-02,2024-08-31,0,248576.0
CAND-02507,2024-07-02,2024-09-30,0,229587.0
CAND-02507,2024-07-02,2024-10-30,0,212709.0
CAND-02507,2024-07-02,2024-11-29,0,195830.0
CAND-02507,2024-07-02,2024-12-29,0,170512.0
CAND-02508,2024-09-11,2024-10-11,0,753995.0
CAND-02508,2024-09-11,2024-11-10,0,690195.0
CAND-02508,2024-09-11,2024-12-10,0,614796.0
CAND-02508,2024-09-11,2025-01-09,0,539396.0
CAND-02509,2024-07-20,2024-08-19,0,1220500.0
CAND-02509,2024-07-20,2024-09-18,0,1123635.0
CAND-02509,2024-07-20,2024-10-18,0,988024.0
CAND-02509,2024-07-20,2024-11-17,0,852413.0
CAND-02509,2024-07-20,2024-12-17,0,777073.0
CAND-02510,2024-03-26,2024-04-25,0,684002.0
CAND-02510,2024-03-26,2024-05-25,0,638402.0
CAND-02510,2024-03-26,2024-06-24,0,582279.0
CAND-02510,2024-03-26,2024-07-24,30,566755.0
CAND-02510,2024-03-26,2024-08-23,60,548515.0
CAND-02511,2024-09-11,2024-10-11,0,314942.0
CAND-02511,2024-09-11,2024-11-10,30,308802.0
CAND-02511,2024-09-11,2024-12-10,0,285473.0
CAND-02511,2024-09-11,2025-01-09,30,274869.0
CAND-02511,2024-09-11,2025-02-08,0,254285.0
CAND-02512,2024-05-13,2024-06-12,0,454718.0
CAND-02512,2024-05-13,2024-07-12,0,426649.0
CAND-02512,2024-05-13,2024-08-11,0,390560.0
CAND-02512,2024-05-13,2024-09-10,0,351695.0
CAND-02512,2024-05-13,2024-10-10,0,305764.0
CAND-02512,2024-05-13,2024-11-09,0,255240.0
CAND-02513,2024-07-09,2024-08-08,0,464408.0
CAND-02513,2024-07-09,2024-09-07,0,419374.0
CAND-02513,2024-07-09,2024-10-07,0,381269.0
CAND-02513,2024-07-09,2024-11-06,0,343164.0
CAND-02514,2024-03-29,2024-04-28,0,891074.0
CAND-02514,2024-03-29,2024-05-28,0,838658.0
CAND-02514,2024-03-29,2024-06-27,0,783158.0
CAND-02514,2024-03-29,2024-07-27,0,730742.0
CAND-02514,2024-03-29,2024-08-26,0,663350.0
CAND-02515,2024-08-18,2024-09-17,0,260481.0
CAND-02515,2024-08-18,2024-10-17,30,254049.0
CAND-02515,2024-08-18,2024-11-16,60,247471.0
CAND-02515,2024-08-18,2024-12-16,90,241442.0
CAND-02515,2024-08-18,2025-01-15,93,235535.0
CAND-02516,2024-07-24,2024-08-23,0,890765.0
CAND-02516,2024-07-24,2024-09-22,0,811895.0
CAND-02516,2024-07-24,2024-10-22,0,717252.0
CAND-02516,2024-07-24,2024-11-21,0,644449.0
CAND-02516,2024-07-24,2024-12-21,30,628407.0
CAND-02516,2024-07-24,2025-01-20,60,601366.0
CAND-02517,2024-10-03,2024-11-02,0,956976.0
CAND-02517,2024-10-03,2024-12-02,30,923533.0
CAND-02517,2024-10-03,2025-01-01,0,819861.0
CAND-02518,2024-04-06,2024-05-06,0,603046.0
CAND-02518,2024-04-06,2024-06-05,0,553565.0
CAND-02518,2024-04-06,2024-07-05,0,504085.0
CAND-02518,2024-04-06,2024-08-04,0,450480.0
CAND-02519,2024-02-29,2024-03-30,30,527363.0
CAND-02519,2024-02-29,2024-04-29,60,509402.0
CAND-02519,2024-02-29,2024-05-29,90,497688.0
CAND-02520,2024-09-08,2024-10-08,0,898076.0
CAND-02520,2024-09-08,2024-11-07,0,808269.0
CAND-02520,2024-09-08,2024-12-07,0,709480.0
CAND-02520,2024-09-08,2025-01-06,0,647738.0
CAND-02520,2024-09-08,2025-02-05,0,589627.0
CAND-02521,2024-07-02,2024-08-01,0,824363.0
CAND-02521,2024-07-02,2024-08-31,0,741094.0
CAND-02521,2024-07-02,2024-09-30,30,719286.0
CAND-02522,2024-02-11,2024-03-12,0,1327297.0
CAND-02522,2024-02-11,2024-04-11,30,1285470.0
CAND-02522,2024-02-11,2024-05-11,0,1190664.0
CAND-02522,2024-02-11,2024-06-10,0,1061381.0
CAND-02522,2024-02-11,2024-07-10,0,982376.0
CAND-02522,2024-02-11,2024-08-09,30,944952.0
CAND-02523,2024-02-18,2024-03-19,30,485237.0
CAND-02523,2024-02-18,2024-04-18,60,475490.0
CAND-02523,2024-02-18,2024-05-18,90,466770.0
CAND-02524,2024-09-25,2024-10-25,0,481783.0
CAND-02524,2024-09-25,2024-11-24,0,453233.0
CAND-02524,2024-09-25,2024-12-24,30,442955.0
CAND-02524,2024-09-25,2025-01-23,0,408695.0
CAND-02524,2024-09-25,2025-02-22,0,380145.0
CAND-02525,2024-04-06,2024-05-06,30,483418.0
CAND-02525,2024-04-06,2024-06-05,60,472559.0
CAND-02525,2024-04-06,2024-07-05,90,457867.0
CAND-02526,2024-04-03,2024-05-03,0,1473087.0
CAND-02526,2024-04-03,2024-06-02,0,1371813.0
CAND-02526,2024-04-03,2024-07-02,0,1224504.0
CAND-02526,2024-04-03,2024-08-01,0,1129186.0
CAND-02527,2024-04-18,2024-05-18,0,560874.0
CAND-02527,2024-04-18,2024-06-17,0,517950.0
CAND-02527,2024-04-18,2024-07-17,0,471724.0
CAND-02527,2024-04-18,2024-08-16,0,438338.0
CAND-02527,2024-04-18,2024-09-15,0,400780.0
CAND-02528,2024-05-16,2024-06-15,0,637430.0
CAND-02528,2024-05-16,2024-07-15,0,575343.0
CAND-02528,2024-05-16,2024-08-14,0,522807.0
CAND-02528,2024-05-16,2024-09-13,0,454511.0
CAND-02528,2024-05-16,2024-10-13,0,397598.0
CAND-02528,2024-05-16,2024-11-12,0,357424.0
CAND-02529,2024-05-25,2024-06-24,0,147707.0
CAND-02529,2024-05-25,2024-07-24,0,134519.0
CAND-02529,2024-05-25,2024-08-23,30,130355.0
CAND-02529,2024-05-25,2024-09-22,0,121045.0
CAND-02529,2024-05-25,2024-10-22,0,109741.0
CAND-02530,2024-02-08,2024-03-09,30,360796.0
CAND-02530,2024-02-08,2024-04-08,60,349132.0
CAND-02530,2024-02-08,2024-05-08,90,342346.0
CAND-02530,2024-02-08,2024-06-07,91,335304.0
CAND-02530,2024-02-08,2024-07-07,91,327528.0
CAND-02530,2024-02-08,2024-08-06,91,315488.0
CAND-02531,2024-06-14,2024-07-14,0,463852.0
CAND-02531,2024-06-14,2024-08-13,0,432631.0
CAND-02531,2024-06-14,2024-09-12,0,404879.0
CAND-02531,2024-06-14,2024-10-12,30,395454.0
CAND-02531,2024-06-14,2024-11-11,0,359773.0
CAND-02532,2024-06-02,2024-07-02,0,489675.0
CAND-02532,2024-06-02,2024-08-01,0,437443.0
CAND-02532,2024-06-02,2024-08-31,0,385211.0
CAND-02532,2024-06-02,2024-09-30,0,354486.0
CAND-02532,2024-06-02,2024-10-30,0,323762.0
CAND-02532,2024-06-02,2024-11-29,0,288940.0
CAND-02533,2024-09-09,2024-10-09,0,144301.0
CAND-02533,2024-09-09,2024-11-08,0,133350.0
CAND-02533,2024-09-09,2024-12-08,0,124832.0
CAND-02533,2024-09-09,2025-01-07,0,115249.0
CAND-02534,2024-08-03,2024-09-02,0,360860.0
CAND-02534,2024-08-03,2024-10-02,0,334130.0
CAND-02534,2024-08-03,2024-11-01,0,300717.0
CAND-02534,2024-08-03,2024-12-01,0,272077.0
CAND-02534,2024-08-03,2024-12-31,0,249802.0
CAND-02534,2024-08-03,2025-01-30,0,216389.0
CAND-02535,2024-07-02,2024-08-01,30,578633.0
CAND-02535,2024-07-02,2024-08-31,60,565998.0
CAND-02535,2024-07-02,2024-09-30,90,555932.0
CAND-02535,2024-07-02,2024-10-30,106,543297.0
CAND-02535,2024-07-02,2024-11-29,106,533058.0
CAND-02536,2024-04-26,2024-05-26,0,809317.0
CAND-02536,2024-04-26,2024-06-25,0,747062.0
CAND-02536,2024-04-26,2024-07-25,30,720650.0
CAND-02536,2024-04-26,2024-08-24,60,691598.0
CAND-02537,2024-09-27,2024-10-27,0,356175.0
CAND-02537,2024-09-27,2024-11-26,0,316995.0
CAND-02537,2024-09-27,2024-12-26,0,277816.0
CAND-02538,2024-03-04,2024-04-03,0,221792.0
CAND-02538,2024-03-04,2024-05-03,0,202077.0
CAND-02538,2024-03-04,2024-06-02,0,185179.0
CAND-02538,2024-03-04,2024-07-02,0,165464.0
CAND-02538,2024-03-04,2024-08-01,0,152321.0
CAND-02538,2024-03-04,2024-08-31,0,139177.0
CAND-02539,2024-04-09,2024-05-09,0,318984.0
CAND-02539,2024-04-09,2024-06-08,30,310511.0
CAND-02539,2024-04-09,2024-07-08,0,282267.0
CAND-02539,2024-04-09,2024-08-07,30,273107.0
CAND-02539,2024-04-09,2024-09-06,60,263693.0
CAND-02539,2024-04-09,2024-10-06,90,256914.0
CAND-02540,2024-01-30,2024-02-29,0,1103965.0
CAND-02540,2024-01-30,2024-03-30,0,1038545.0
CAND-02540,2024-01-30,2024-04-29,0,947963.0
CAND-02540,2024-01-30,2024-05-29,0,849833.0
CAND-02540,2024-01-30,2024-06-28,30,828026.0
CAND-02540,2024-01-30,2024-07-28,0,720975.0
CAND-02541,2024-04-15,2024-05-15,0,660498.0
CAND-02541,2024-04-15,2024-06-14,0,613077.0
CAND-02541,2024-04-15,2024-07-14,30,598258.0
CAND-02541,2024-04-15,2024-08-13,60,576704.0
CAND-02541,2024-04-15,2024-09-12,90,563531.0
CAND-02542,2024-09-29,2024-10-29,0,1254080.0
CAND-02542,2024-09-29,2024-11-28,0,1170801.0
CAND-02542,2024-09-29,2024-12-28,0,1096776.0
CAND-02542,2024-09-29,2025-01-27,0,985737.0
CAND-02542,2024-09-29,2025-02-26,0,852491.0
CAND-02542,2024-09-29,2025-03-28,0,731359.0
CAND-02543,2024-04-23,2024-05-23,0,1699849.0
CAND-02543,2024-04-23,2024-06-22,0,1519240.0
CAND-02543,2024-04-23,2024-07-22,0,1338631.0
CAND-02544,2024-05-25,2024-06-24,0,327326.0
CAND-02544,2024-05-25,2024-07-24,0,297951.0
CAND-02544,2024-05-25,2024-08-23,0,272772.0
CAND-02544,2024-05-25,2024-09-22,0,249271.0
CAND-02544,2024-05-25,2024-10-22,0,227240.0
CAND-02544,2024-05-25,2024-11-21,30,220190.0
CAND-02545,2024-06-22,2024-07-22,0,965429.0
CAND-02545,2024-06-22,2024-08-21,0,879613.0
CAND-02545,2024-06-22,2024-09-20,0,815251.0
CAND-02546,2024-08-11,2024-09-10,30,159094.0
CAND-02546,2024-08-11,2024-10-10,0,149536.0
CAND-02546,2024-08-11,2024-11-09,30,145926.0
CAND-02546,2024-08-11,2024-12-09,60,143172.0
CAND-02546,2024-08-11,2025-01-08,90,140418.0
CAND-02547,2024-09-25,2024-10-25,0,943030.0
CAND-02547,2024-09-25,2024-11-24,0,880623.0
CAND-02547,2024-09-25,2024-12-24,0,797415.0
CAND-02547,2024-09-25,2025-01-23,0,706642.0
CAND-02547,2024-09-25,2025-02-22,0,651170.0
CAND-02548,2024-09-20,2024-10-20,0,937403.0
CAND-02548,2024-09-20,2024-11-19,0,850607.0
CAND-02548,2024-09-20,2024-12-19,0,792742.0
CAND-02549,2024-09-27,2024-10-27,0,855539.0
CAND-02549,2024-09-27,2024-11-26,0,785028.0
CAND-02549,2024-09-27,2024-12-26,0,731107.0
CAND-02549,2024-09-27,2025-01-25,0,665632.0
CAND-02550,2024-02-19,2024-03-20,0,212979.0
CAND-02550,2024-02-19,2024-04-19,0,190350.0
CAND-02550,2024-02-19,2024-05-19,0,175264.0
CAND-02550,2024-02-19,2024-06-18,0,161953.0
CAND-02550,2024-02-19,2024-07-18,0,148641.0
CAND-02551,2024-02-22,2024-03-23,30,355658.0
CAND-02551,2024-02-22,2024-04-22,0,322652.0
CAND-02551,2024-02-22,2024-05-22,0,302482.0
CAND-02552,2024-06-02,2024-07-02,0,260700.0
CAND-02552,2024-06-02,2024-08-01,0,239466.0
CAND-02552,2024-06-02,2024-08-31,0,218233.0
CAND-02552,2024-06-02,2024-09-30,0,202898.0
CAND-02553,2024-07-17,2024-08-16,0,341541.0
CAND-02553,2024-07-17,2024-09-15,0,316242.0
CAND-02553,2024-07-17,2024-10-15,30,304383.0
CAND-02553,2024-07-17,2024-11-14,0,269884.0
CAND-02553,2024-07-17,2024-12-14,0,242777.0
CAND-02554,2024-04-22,2024-05-22,0,626757.0
CAND-02554,2024-04-22,2024-06-21,0,589761.0
CAND-02554,2024-04-22,2024-07-21,0,552765.0
CAND-02554,2024-04-22,2024-08-20,0,511144.0
CAND-02554,2024-04-22,2024-09-19,0,450605.0
CAND-02555,2024-07-02,2024-08-01,0,768135.0
CAND-02555,2024-07-02,2024-08-31,0,702482.0
CAND-02555,2024-07-02,2024-09-30,0,652277.0
CAND-02555,2024-07-02,2024-10-30,0,586625.0
CAND-02555,2024-07-02,2024-11-29,0,520972.0
CAND-02555,2024-07-02,2024-12-29,0,467630.0
CAND-02556,2024-08-15,2024-09-14,30,1157716.0
CAND-02556,2024-08-15,2024-10-14,60,1135326.0
CAND-02556,2024-08-15,2024-11-13,90,1105660.0
CAND-02556,2024-08-15,2024-12-13,105,1084841.0
CAND-02556,2024-08-15,2025-01-12,105,1055898.0
CAND-02557,2024-09-03,2024-10-03,30,2198078.0
CAND-02557,2024-09-03,2024-11-02,0,2024299.0
CAND-02557,2024-09-03,2024-12-02,0,1891408.0
CAND-02557,2024-09-03,2025-01-01,0,1665495.0
CAND-02558,2024-06-21,2024-07-21,0,459834.0
CAND-02558,2024-06-21,2024-08-20,0,432323.0
CAND-02558,2024-06-21,2024-09-19,0,403193.0
CAND-02558,2024-06-21,2024-10-19,0,375681.0
CAND-02558,2024-06-21,2024-11-18,0,348170.0
CAND-02559,2024-03-22,2024-04-21,30,1015616.0
CAND-02559,2024-03-22,2024-05-21,60,992637.0
CAND-02559,2024-03-22,2024-06-20,90,975110.0
CAND-02559,2024-03-22,2024-07-20,99,957281.0
CAND-02559,2024-03-22,2024-08-19,99,931429.0
CAND-02560,2024-02-18,2024-03-19,0,592267.0
CAND-02560,2024-02-18,2024-04-18,0,554748.0
CAND-02560,2024-02-18,2024-05-18,0,505684.0
CAND-02561,2024-08-02,2024-09-01,0,305788.0
CAND-02561,2024-08-02,2024-10-01,0,285802.0
CAND-02561,2024-08-02,2024-10-31,0,251826.0
CAND-02562,2024-02-03,2024-03-04,0,525752.0
CAND-02562,2024-02-03,2024-04-03,0,467919.0
CAND-02562,2024-02-03,2024-05-03,0,433900.0
CAND-02562,2024-02-03,2024-06-02,30,422988.0
CAND-02562,2024-02-03,2024-07-02,0,365155.0
CAND-02562,2024-02-03,2024-08-01,0,316961.0
CAND-02563,2024-01-31,2024-03-01,0,747704.0
CAND-02563,2024-01-31,2024-03-31,0,701135.0
CAND-02563,2024-01-31,2024-04-30,30,683542.0
CAND-02564,2024-03-28,2024-04-27,0,279071.0
CAND-02564,2024-03-28,2024-05-27,30,272306.0
CAND-02564,2024-03-28,2024-06-26,60,265541.0
CAND-02564,2024-03-28,2024-07-26,90,258618.0
CAND-02564,2024-03-28,2024-08-25,93,251695.0
CAND-02564,2024-03-28,2024-09-24,90,246473.0
CAND-02565,2024-02-27,2024-03-28,0,826227.0
CAND-02565,2024-02-27,2024-04-27,0,755609.0
CAND-02565,2024-02-27,2024-05-27,0,684992.0
CAND-02565,2024-02-27,2024-06-26,0,608489.0
CAND-02565,2024-02-27,2024-07-26,0,537871.0
CAND-02565,2024-02-27,2024-08-25,0,480495.0
CAND-02566,2024-03-16,2024-04-15,0,774128.0
CAND-02566,2024-03-16,2024-05-15,0,696715.0
CAND-02566,2024-03-16,2024-06-14,0,619303.0
CAND-02567,2024-05-05,2024-06-04,0,551369.0
CAND-02567,2024-05-05,2024-07-04,0,510527.0
CAND-02567,2024-05-05,2024-08-03,0,476492.0
CAND-02567,2024-05-05,2024-09-02,0,438202.0
CAND-02567,2024-05-05,2024-10-02,0,376939.0
CAND-02568,2024-03-04,2024-04-03,0,795639.0
CAND-02568,2024-03-04,2024-05-03,0,742986.0
CAND-02568,2024-03-04,2024-06-02,0,666401.0
CAND-02568,2024-03-04,2024-07-02,0,606226.0
CAND-02568,2024-03-04,2024-08-01,0,556671.0
CAND-02569,2024-09-13,2024-10-13,0,1150444.0
CAND-02569,2024-09-13,2024-11-12,0,1022617.0
CAND-02569,2024-09-13,2024-12-12,0,942725.0
CAND-02570,2024-04-04,2024-05-04,0,878279.0
CAND-02570,2024-04-04,2024-06-03,0,826000.0
CAND-02570,2024-04-04,2024-07-03,0,767187.0
CAND-02571,2024-08-10,2024-09-09,0,885280.0
CAND-02571,2024-08-10,2024-10-09,0,822045.0
CAND-02571,2024-08-10,2024-11-08,0,727194.0
CAND-02572,2024-08-06,2024-09-05,0,674677.0
CAND-02572,2024-08-06,2024-10-05,0,617589.0
CAND-02572,2024-08-06,2024-11-04,0,576359.0
CAND-02573,2024-04-09,2024-05-09,0,365215.0
CAND-02573,2024-04-09,2024-06-08,0,334960.0
CAND-02573,2024-04-09,2024-07-08,0,302184.0
CAND-02574,2024-05-31,2024-06-30,0,933556.0
CAND-02574,2024-05-31,2024-07-30,0,874719.0
CAND-02574,2024-05-31,2024-08-29,0,803273.0
CAND-02574,2024-05-31,2024-09-28,0,747704.0
CAND-02574,2024-05-31,2024-10-28,0,685189.0
CAND-02574,2024-05-31,2024-11-27,0,613744.0
CAND-02575,2024-02-16,2024-03-17,0,517992.0
CAND-02575,2024-02-16,2024-04-16,0,480006.0
CAND-02575,2024-02-16,2024-05-16,0,442020.0
CAND-02576,2024-05-21,2024-06-20,0,240882.0
CAND-02576,2024-05-21,2024-07-20,0,214385.0
CAND-02576,2024-05-21,2024-08-19,0,192304.0
CAND-02576,2024-05-21,2024-09-18,30,187572.0
CAND-02576,2024-05-21,2024-10-18,0,172852.0
CAND-02577,2024-05-07,2024-06-06,0,1595682.0
CAND-02577,2024-05-07,2024-07-06,0,1500214.0
CAND-02577,2024-05-07,2024-08-05,0,1392812.0
CAND-02577,2024-05-07,2024-09-04,0,1260626.0
CAND-02577,2024-05-07,2024-10-04,0,1128439.0
CAND-02578,2024-05-22,2024-06-21,0,1392569.0
CAND-02578,2024-05-22,2024-07-21,0,1297621.0
CAND-02578,2024-05-22,2024-08-20,0,1189109.0
CAND-02579,2024-03-01,2024-03-31,0,504889.0
CAND-02579,2024-03-01,2024-04-30,0,455712.0
CAND-02579,2024-03-01,2024-05-30,0,417072.0
CAND-02579,2024-03-01,2024-06-29,0,381009.0
CAND-02579,2024-03-01,2024-07-29,0,344945.0
CAND-02580,2024-02-04,2024-03-05,30,355021.0
CAND-02580,2024-02-04,2024-04-04,60,343302.0
CAND-02580,2024-02-04,2024-05-04,30,335573.0
CAND-02580,2024-02-04,2024-06-03,0,305300.0
CAND-02581,2024-04-20,2024-05-20,0,291630.0
CAND-02581,2024-04-20,2024-06-19,0,274182.0
CAND-02581,2024-04-20,2024-07-19,0,245631.0
CAND-02582,2024-10-07,2024-11-06,0,1122477.0
CAND-02582,2024-10-07,2024-12-06,0,1000876.0
CAND-02582,2024-10-07,2025-01-05,0,890329.0
CAND-02582,2024-10-07,2025-02-04,0,803470.0
CAND-02582,2024-10-07,2025-03-06,0,692923.0
CAND-02583,2024-07-16,2024-08-15,0,486230.0
CAND-02583,2024-07-16,2024-09-14,0,443178.0
CAND-02583,2024-07-16,2024-10-14,0,412789.0
CAND-02583,2024-07-16,2024-11-13,0,373049.0
CAND-02583,2024-07-16,2024-12-13,0,338608.0
CAND-02583,2024-07-16,2025-01-12,0,301706.0
CAND-02584,2024-06-09,2024-07-09,0,1571600.0
CAND-02584,2024-06-09,2024-08-08,0,1432929.0
CAND-02584,2024-06-09,2024-09-07,30,1395110.0
CAND-02584,2024-06-09,2024-10-07,60,1344684.0
CAND-02584,2024-06-09,2024-11-06,90,1314429.0
CAND-02585,2024-08-27,2024-09-26,0,576998.0
CAND-02585,2024-08-27,2024-10-26,0,542028.0
CAND-02585,2024-08-27,2024-11-25,0,497067.0
CAND-02585,2024-08-27,2024-12-25,0,448648.0
CAND-02585,2024-08-27,2025-01-24,0,409307.0
CAND-02586,2024-02-01,2024-03-02,0,412750.0
CAND-02586,2024-02-01,2024-04-01,0,388386.0
CAND-02586,2024-02-01,2024-05-01,30,380825.0
CAND-02586,2024-02-01,2024-05-31,0,340957.0
CAND-02586,2024-02-01,2024-06-30,0,315160.0
CAND-02587,2024-05-13,2024-06-12,0,249825.0
CAND-02587,2024-05-13,2024-07-12,0,225221.0
CAND-02587,2024-05-13,2024-08-11,0,202668.0
CAND-02587,2024-05-13,2024-09-10,0,180114.0
CAND-02587,2024-05-13,2024-10-10,0,164194.0
CAND-02587,2024-05-13,2024-11-09,0,147278.0
CAND-02588,2024-06-19,2024-07-19,0,913959.0
CAND-02588,2024-06-19,2024-08-18,0,837796.0
CAND-02588,2024-06-19,2024-09-17,0,775913.0
CAND-02589,2024-01-15,2024-02-14,0,333257.0
CAND-02589,2024-01-15,2024-03-15,0,309188.0
CAND-02589,2024-01-15,2024-04-14,0,276367.0
CAND-02589,2024-01-15,2024-05-14,0,248596.0
CAND-02589,2024-01-15,2024-06-13,0,228539.0
CAND-02589,2024-01-15,2024-07-13,30,221853.0
CAND-02590,2024-07-22,2024-08-21,0,536726.0
CAND-02590,2024-07-22,2024-09-20,30,526453.0
CAND-02590,2024-07-22,2024-10-20,0,493925.0
CAND-02590,2024-07-22,2024-11-19,0,454890.0
CAND-02590,2024-07-22,2024-12-19,0,413067.0
CAND-02590,2024-07-22,2025-01-18,0,359838.0
CAND-02591,2024-08-15,2024-09-14,0,428072.0
CAND-02591,2024-08-15,2024-10-14,0,395312.0
CAND-02591,2024-08-15,2024-11-13,0,364735.0
CAND-02591,2024-08-15,2024-12-13,0,337756.0
CAND-02592,2024-06-08,2024-07-08,0,539233.0
CAND-02592,2024-06-08,2024-08-07,0,490212.0
CAND-02592,2024-06-08,2024-09-06,0,441190.0
CAND-02593,2024-07-03,2024-08-02,0,957612.0
CAND-02593,2024-07-03,2024-09-01,0,879346.0
CAND-02593,2024-07-03,2024-10-01,0,815754.0
CAND-02593,2024-07-03,2024-10-31,0,723258.0
CAND-02593,2024-07-03,2024-11-30,0,621511.0
CAND-02593,2024-07-03,2024-12-30,0,548836.0
CAND-02594,2024-02-10,2024-03-11,0,644222.0
CAND-02594,2024-02-10,2024-04-10,0,595330.0
CAND-02594,2024-02-10,2024-05-10,30,572514.0
CAND-02594,2024-02-10,2024-06-09,60,549698.0
CAND-02595,30-04-2024,2024-05-30,30,767088.0
CAND-02595,30-04-2024,2024-06-29,0,694948.0
CAND-02595,30-04-2024,2024-07-29,30,674601.0
CAND-02595,30-04-2024,2024-08-28,60,653154.0
CAND-02596,2024-04-27,2024-05-27,0,345880.0
CAND-02596,2024-04-27,2024-06-26,0,316613.0
CAND-02596,2024-04-27,2024-07-26,0,282025.0
CAND-02596,2024-04-27,2024-08-25,0,254849.0
CAND-02596,2024-04-27,2024-09-24,0,233712.0
CAND-02597,2024-05-24,2024-06-23,30,729327.0
CAND-02597,2024-05-24,2024-07-23,0,667358.0
CAND-02597,2024-05-24,2024-08-22,30,652182.0
CAND-02597,2024-05-24,2024-09-21,60,630311.0
CAND-02598,2024-06-09,2024-07-09,0,772095.0
CAND-02598,2024-06-09,2024-08-08,0,687164.0
CAND-02598,2024-06-09,2024-09-07,0,616389.0
CAND-02598,2024-06-09,2024-10-07,0,559769.0
CAND-02598,2024-06-09,2024-11-06,0,503148.0
CAND-02599,2024-04-10,2024-05-10,0,198775.0
CAND-02599,2024-04-10,2024-06-09,0,177573.0
CAND-02599,2024-04-10,2024-07-09,0,165100.0
CAND-02600,2024-06-25,2024-07-25,0,320387.0
CAND-02600,2024-06-25,2024-08-24,0,299827.0
CAND-02600,2024-06-25,2024-09-23,0,277983.0
CAND-02600,2024-06-25,2024-10-23,0,256138.0
CAND-02600,2024-06-25,2024-11-22,0,232837.0
CAND-02601,2024-02-05,2024-03-06,30,286596.0
CAND-02601,2024-02-05,2024-04-05,0,269419.0
CAND-02601,2024-02-05,2024-05-05,0,246957.0
CAND-02601,2024-02-05,2024-06-04,0,222624.0
CAND-02601,2024-02-05,2024-07-04,0,196078.0
CAND-02602,2024-06-03,2024-07-03,0,202839.0
CAND-02602,2024-06-03,2024-08-02,0,185818.0
CAND-02602,2024-06-03,2024-09-01,0,171066.0
CAND-02602,2024-06-03,2024-10-01,0,150949.0
CAND-02603,2024-07-16,2024-08-15,0,1929315.0
CAND-02603,2024-07-16,2024-09-14,0,1769490.0
CAND-02603,2024-07-16,2024-10-14,0,1639632.0
CAND-02603,2024-07-16,2024-11-13,0,1479808.0
CAND-02603,2024-07-16,2024-12-13,0,1341293.0
CAND-02604,2024-08-24,2024-09-23,0,353994.0
CAND-02604,2024-08-24,2024-10-23,0,324669.0
CAND-02604,2024-08-24,2024-11-22,0,295344.0
CAND-02605,2024-07-14,2024-08-13,0,197877.0
CAND-02605,2024-07-14,2024-09-12,0,185267.0
CAND-02605,2024-07-14,2024-10-12,0,165779.0
CAND-02606,2024-03-25,2024-04-24,0,540954.0
CAND-02606,2024-03-25,2024-05-24,0,486858.0
CAND-02606,2024-03-25,2024-06-23,0,447188.0
CAND-02607,2024-05-17,2024-06-16,30,294281.0
CAND-02607,2024-05-17,2024-07-16,0,266824.0
CAND-02607,2024-05-17,2024-08-15,0,249058.0
CAND-02607,2024-05-17,2024-09-14,0,223889.0
CAND-02607,2024-05-17,2024-10-14,0,198720.0
CAND-02608,2024-09-20,2024-10-20,0,767930.0
CAND-02608,2024-09-20,2024-11-19,0,699365.0
CAND-02608,2024-09-20,2024-12-19,0,617087.0
CAND-02609,2024-02-10,2024-03-11,0,553323.0
CAND-02609,2024-02-10,2024-04-10,0,510506.0
CAND-02609,2024-02-10,2024-05-10,30,497752.0
CAND-02609,2024-02-10,2024-06-09,0,447799.0
CAND-02609,2024-02-10,2024-07-09,30,434176.0
CAND-02609,2024-02-10,2024-08-08,60,418401.0
CAND-02610,2024-09-10,2024-10-10,0,912064.0
CAND-02610,2024-09-10,2024-11-09,0,847206.0
CAND-02610,2024-09-10,2024-12-09,0,758763.0
CAND-02610,2024-09-10,2025-01-08,0,683927.0
CAND-02611,2024-06-07,2024-07-07,0,488635.0
CAND-02611,2024-06-07,2024-08-06,0,436514.0
CAND-02611,2024-06-07,2024-09-05,0,399285.0
CAND-02611,2024-06-07,2024-10-05,0,364537.0
CAND-02611,2024-06-07,2024-11-04,0,331962.0
CAND-02611,2024-06-07,2024-12-04,0,299386.0
CAND-02612,2024-09-27,2024-10-27,0,1140588.0
CAND-02612,2024-09-27,2024-11-26,0,1061380.0
CAND-02612,2024-09-27,2024-12-26,0,946170.0
CAND-02612,2024-09-27,2025-01-25,0,855647.0
CAND-02612,2024-09-27,2025-02-24,0,740436.0
CAND-02613,2024-08-17,2024-09-16,0,335596.0
CAND-02613,2024-08-17,2024-10-16,0,313662.0
CAND-02613,2024-08-17,2024-11-15,0,284979.0
CAND-02614,2024-03-05,2024-04-04,0,783809.0
CAND-02614,2024-03-05,2024-05-04,30,763591.0
CAND-02614,2024-03-05,2024-06-03,60,747867.0
CAND-02615,2024-09-11,2024-10-11,0,307902.0
CAND-02615,2024-09-11,2024-11-10,0,282525.0
CAND-02615,2024-09-11,2024-12-10,0,261907.0
CAND-02615,2024-09-11,2025-01-09,0,241289.0
CAND-02615,2024-09-11,2025-02-08,0,211298.0
CAND-02616,2024-10-04,2024-11-03,30,381172.0
CAND-02616,2024-10-04,2024-12-03,60,371362.0
CAND-02616,2024-10-04,2025-01-02,30,363014.0
CAND-02616,2024-10-04,2025-02-01,60,355880.0
CAND-02617,2024-06-23,2024-07-23,0,351168.0
CAND-02617,2024-06-23,2024-08-22,30,341383.0
CAND-02617,2024-06-23,2024-09-21,0,304201.0
CAND-02618,2024-02-06,2024-03-07,0,165952.0
CAND-02618,2024-02-06,2024-04-06,30,162912.0
CAND-02618,2024-02-06,2024-05-06,60,159239.0
CAND-02618,2024-02-06,2024-06-05,90,153551.0
CAND-02618,2024-02-06,2024-07-05,104,149143.0
CAND-02618,2024-02-06,2024-08-04,104,143455.0
CAND-02619,2024-07-11,2024-08-10,0,1755289.0
CAND-02619,2024-07-11,2024-09-09,30,1716569.0
CAND-02619,2024-07-11,2024-10-09,60,1683963.0
CAND-02619,2024-07-11,2024-11-08,90,1648896.0
CAND-02619,2024-07-11,2024-12-08,109,1615105.0
CAND-02619,2024-07-11,2025-01-07,109,1583061.0
CAND-02620,2024-03-04,2024-04-03,0,484256.0
CAND-02620,2024-03-04,2024-05-03,0,445823.0
CAND-02620,2024-03-04,2024-06-02,0,407390.0
CAND-02620,2024-03-04,2024-07-02,0,373761.0
CAND-02620,2024-03-04,2024-08-01,30,359964.0
CAND-02620,2024-03-04,2024-08-31,60,349414.0
CAND-02621,2024-02-05,2024-03-06,0,867162.0
CAND-02621,2024-02-05,2024-04-05,0,796010.0
CAND-02621,2024-02-05,2024-05-05,0,738200.0
CAND-02621,2024-02-05,2024-06-04,0,672130.0
CAND-02621,2024-02-05,2024-07-04,0,614319.0
CAND-02622,2024-08-10,2024-09-09,0,736932.0
CAND-02622,2024-08-10,2024-10-09,0,664355.0
CAND-02622,2024-08-10,2024-11-08,0,602944.0
CAND-02622,2024-08-10,2024-12-08,0,536416.0
CAND-02622,2024-08-10,2025-01-07,0,469887.0
CAND-02623,2024-02-19,2024-03-20,30,197915.0
CAND-02623,2024-02-19,2024-04-19,60,192970.0
CAND-02623,2024-02-19,2024-05-19,90,187007.0
CAND-02624,2024-02-23,2024-03-24,0,296216.0
CAND-02624,2024-02-23,2024-04-23,0,277630.0
CAND-02624,2024-02-23,2024-05-23,0,255061.0
CAND-02624,2024-02-23,2024-06-22,0,230756.0
CAND-02624,2024-02-23,2024-07-22,0,199160.0
CAND-02624,2024-02-23,2024-08-21,0,180574.0
CAND-02625,2024-06-21,2024-07-21,0,1394475.0
CAND-02625,2024-06-21,2024-08-20,0,1311470.0
CAND-02625,2024-06-21,2024-09-19,0,1186964.0
CAND-02626,2024-08-16,2024-09-15,0,688916.0
CAND-02626,2024-08-16,2024-10-15,30,667206.0
CAND-02626,2024-08-16,2024-11-14,60,650803.0
CAND-02627,2024-09-20,2024-10-20,0,260169.0
CAND-02627,2024-09-20,2024-11-19,30,252597.0
CAND-02627,2024-09-20,2024-12-19,0,233918.0
CAND-02628,2024-06-08,2024-07-08,0,797463.0
CAND-02628,2024-06-08,2024-08-07,0,748237.0
CAND-02628,2024-06-08,2024-09-06,30,724289.0
CAND-02628,2024-06-08,2024-10-06,60,707249.0
CAND-02629,2024-02-13,2024-03-14,0,1133846.0
CAND-02629,2024-02-13,2024-04-13,0,1061591.0
CAND-02629,2024-02-13,2024-05-13,0,967104.0
CAND-02629,2024-02-13,2024-06-12,0,890333.0
CAND-02629,2024-02-13,2024-07-12,0,822092.0
CAND-02630,2024-08-04,2024-09-03,0,1205050.0
CAND-02630,2024-08-04,2024-10-03,0,1087675.0
CAND-02630,2024-08-04,2024-11-02,0,1011726.0
CAND-02631,2024-02-20,2024-03-21,30,499301.0
CAND-02631,2024-02-20,2024-04-20,0,469137.0
CAND-02631,2024-02-20,2024-05-20,0,440648.0
CAND-02631,2024-02-20,2024-06-19,0,408598.0
CAND-02631,2024-02-20,2024-07-19,0,361981.0
CAND-02632,2024-05-04,2024-06-03,30,801256.0
CAND-02632,2024-05-04,2024-07-03,0,718702.0
CAND-02632,2024-05-04,2024-08-02,30,698567.0
CAND-02632,2024-05-04,2024-09-01,60,683825.0
CAND-02633,2024-05-21,2024-06-20,30,1425598.0
CAND-02633,2024-05-21,2024-07-20,0,1279287.0
CAND-02633,2024-05-21,2024-08-19,30,1252685.0
CAND-02633,2024-05-21,2024-09-18,0,1148177.0
CAND-02633,2024-05-21,2024-10-18,0,1066893.0
CAND-02633,2024-05-21,2024-11-17,0,962384.0
CAND-02634,2024-10-06,2024-11-05,0,507147.0
CAND-02634,2024-10-06,2024-12-05,0,460189.0
CAND-02634,2024-10-06,2025-01-04,30,442580.0
CAND-02634,2024-10-06,2025-02-03,0,395622.0
CAND-02634,2024-10-06,2025-03-05,0,362475.0
CAND-02634,2024-10-06,2025-04-04,0,324909.0
CAND-02635,2024-05-27,2024-06-26,30,237769.0
CAND-02635,2024-05-27,2024-07-26,0,217601.0
CAND-02635,2024-05-27,2024-08-25,30,211551.0
CAND-02635,2024-05-27,2024-09-24,60,204828.0
CAND-02635,2024-05-27,2024-10-24,90,200174.0
CAND-02636,2024-02-26,2024-03-27,0,664636.0
CAND-02636,2024-02-26,2024-04-26,0,599899.0
CAND-02636,2024-02-26,2024-05-26,0,535161.0
CAND-02636,2024-02-26,2024-06-25,0,463950.0
CAND-02636,2024-02-26,2024-07-25,0,416476.0
CAND-02637,2024-05-20,2024-06-19,0,383900.0
CAND-02637,2024-05-20,2024-07-19,0,346673.0
CAND-02637,2024-05-20,2024-08-18,0,321080.0
CAND-02638,2024-04-12,2024-05-12,0,981156.0
CAND-02638,2024-04-12,2024-06-11,0,901243.0
CAND-02638,2024-04-12,2024-07-11,0,797356.0
CAND-02640,2024-01-20,2024-02-19,0,309348.0
CAND-02640,2024-01-20,2024-03-20,0,289851.0
CAND-02640,2024-01-20,2024-04-19,0,256707.0
CAND-02641,2024-04-13,2024-05-13,0,762676.0
CAND-02641,2024-04-13,2024-06-12,0,715597.0
CAND-02641,2024-04-13,2024-07-12,0,659103.0
CAND-02641,2024-04-13,2024-08-11,0,612024.0
CAND-02642,2024-06-07,2024-07-07,0,272866.0
CAND-02642,2024-06-07,2024-08-06,0,247601.0
CAND-02642,2024-06-07,2024-09-05,0,229767.0
CAND-02643,2024-06-29,2024-07-29,0,790179.0
CAND-02643,2024-06-29,2024-08-28,0,710363.0
CAND-02643,2024-06-29,2024-09-27,0,637198.0
CAND-02643,2024-06-29,2024-10-27,0,557382.0
CAND-02643,2024-06-29,2024-11-26,0,502509.0
CAND-02644,2024-03-17,2024-04-16,30,464118.0
CAND-02644,2024-03-17,2024-05-16,60,454914.0
CAND-02644,2024-03-17,2024-06-15,90,446051.0
CAND-02644,2024-03-17,2024-07-15,60,435173.0
CAND-02644,2024-03-17,2024-08-14,90,426626.0
CAND-02644,2024-03-17,2024-09-13,92,418229.0
CAND-02645,2024-06-03,2024-07-03,0,513039.0
CAND-02645,2024-06-03,2024-08-02,0,466997.0
CAND-02645,2024-06-03,2024-09-01,0,424497.0
CAND-02645,2024-06-03,2024-10-01,0,374269.0
CAND-02645,2024-06-03,2024-10-31,0,328227.0
CAND-02645,2024-06-03,2024-11-30,0,272977.0
CAND-02646,2024-09-14,2024-10-14,0,743416.0
CAND-02646,2024-09-14,2024-11-13,0,693634.0
CAND-02646,2024-09-14,2024-12-13,0,632363.0
CAND-02646,2024-09-14,2025-01-12,0,559952.0
CAND-02646,2024-09-14,2025-02-11,30,544924.0
CAND-02646,2024-09-14,2025-03-13,0,483653.0
CAND-02647,2024-07-13,2024-08-12,0,643997.0
CAND-02647,2024-07-13,2024-09-11,0,592886.0
CAND-02647,2024-07-13,2024-10-11,0,545182.0
CAND-02647,2024-07-13,2024-11-10,0,485553.0
CAND-02647,2024-07-13,2024-12-10,0,443462.0
CAND-02647,2024-07-13,2025-01-09,0,378412.0
CAND-02648,2024-06-27,2024-07-27,0,416440.0
CAND-02648,2024-06-27,2024-08-26,0,370632.0
CAND-02648,2024-06-27,2024-09-25,0,342001.0
CAND-02648,2024-06-27,2024-10-25,0,300357.0
CAND-02649,2024-02-05,2024-03-06,0,426042.0
CAND-02649,2024-02-05,2024-04-05,30,417363.0
CAND-02649,2024-02-05,2024-05-05,0,374759.0
CAND-02649,2024-02-05,2024-06-04,0,338709.0
CAND-02649,2024-02-05,2024-07-04,0,291845.0
CAND-02649,2024-02-05,2024-08-03,0,265809.0
CAND-02650,2024-06-10,2024-07-10,0,271076.0
CAND-02650,2024-06-10,2024-08-09,0,243694.0
CAND-02650,2024-06-10,2024-09-08,0,226961.0
CAND-02650,2024-06-10,2024-10-08,0,208136.0
CAND-02651,2024-05-23,2024-06-22,0,351518.0
CAND-02651,2024-05-23,2024-07-22,0,317432.0
CAND-02651,2024-05-23,2024-08-21,0,288589.0
CAND-02651,2024-05-23,2024-09-20,0,265155.0
CAND-02652,2024-01-28,2024-02-27,0,585964.0
CAND-02652,2024-01-28,2024-03-28,0,522484.0
CAND-02652,2024-01-28,2024-04-27,0,480165.0
CAND-02652,2024-01-28,2024-05-27,0,434822.0
CAND-02653,2024-10-24,2024-11-23,0,385222.0
CAND-02653,2024-10-24,2024-12-23,0,354954.0
CAND-02653,2024-10-24,2025-01-22,0,319642.0
CAND-02653,2024-10-24,2025-02-21,0,296101.0
CAND-02654,2024-09-18,2024-10-18,0,1044231.0
CAND-02654,2024-09-18,2024-11-17,0,977687.0
CAND-02654,2024-09-18,2024-12-17,0,890667.0
CAND-02654,2024-09-18,2025-01-16,0,819964.0
CAND-02654,2024-09-18,2025-02-15,0,753420.0
CAND-02654,2024-09-18,2025-03-17,0,672617.0
CAND-02655,2024-04-11,2024-05-11,0,708376.0
CAND-02655,2024-04-11,2024-06-10,0,655904.0
CAND-02655,2024-04-11,2024-07-10,30,639507.0
CAND-02655,2024-04-11,2024-08-09,60,615656.0
CAND-02655,2024-04-11,2024-09-08,90,594383.0
CAND-02655,2024-04-11,2024-10-08,99,576892.0
CAND-02656,2024-06-23,2024-07-23,0,960955.0
CAND-02656,2024-06-23,2024-08-22,0,879643.0
CAND-02656,2024-06-23,2024-09-21,0,813577.0
CAND-02656,2024-06-23,2024-10-21,0,743107.0
CAND-02657,2024-07-15,2024-08-14,30,627624.0
CAND-02657,2024-07-15,2024-09-13,60,615980.0
CAND-02657,2024-07-15,2024-10-13,30,597682.0
CAND-02658,2024-04-05,2024-05-05,0,380883.0
CAND-02658,2024-04-05,2024-06-04,0,348329.0
CAND-02658,2024-04-05,2024-07-04,0,315775.0
CAND-02658,2024-04-05,2024-08-03,0,283220.0
CAND-02659,2024-10-05,2024-11-04,0,373256.0
CAND-02659,2024-10-05,2024-12-04,0,348261.0
CAND-02659,2024-10-05,2025-01-03,0,308269.0
CAND-02659,2024-10-05,2025-02-02,0,274943.0
CAND-02660,18-03-2024,2024-04-17,0,528895.0
CAND-02660,18-03-2024,2024-05-17,30,514903.0
CAND-02660,18-03-2024,2024-06-16,60,500211.0
CAND-02660,18-03-2024,2024-07-16,90,489902.0
CAND-02661,2024-05-25,2024-06-24,30,356054.0
CAND-02661,2024-05-25,2024-07-24,60,346455.0
CAND-02661,2024-05-25,2024-08-23,90,338526.0
CAND-02662,2024-04-27,2024-05-27,0,953275.0
CAND-02662,2024-04-27,2024-06-26,0,859392.0
CAND-02662,2024-04-27,2024-07-26,30,826079.0
CAND-02662,2024-04-27,2024-08-25,0,722807.0
CAND-02663,2024-04-27,2024-05-27,30,595518.0
CAND-02663,2024-04-27,2024-06-26,60,583036.0
CAND-02663,2024-04-27,2024-07-26,90,568119.0
CAND-02664,2024-10-21,2024-11-20,0,746823.0
CAND-02664,2024-10-21,2024-12-20,0,689375.0
CAND-02664,2024-10-21,2025-01-19,0,631927.0
CAND-02664,2024-10-21,2025-02-18,0,558812.0
CAND-02664,2024-10-21,2025-03-20,0,491789.0
CAND-02664,2024-10-21,2025-04-19,0,438171.0
CAND-02665,2024-07-22,2024-08-21,0,245003.0
CAND-02665,2024-07-22,2024-09-20,0,230030.0
CAND-02665,2024-07-22,2024-10-20,0,214177.0
CAND-02665,2024-07-22,2024-11-19,0,191719.0
CAND-02665,2024-07-22,2024-12-19,0,176746.0
CAND-02666,2024-01-05,2024-02-04,0,298835.0
CAND-02666,2024-01-05,2024-03-05,0,274411.0
CAND-02666,2024-01-05,2024-04-04,0,253243.0
CAND-02666,2024-01-05,2024-05-04,0,232076.0
CAND-02667,2024-04-18,2024-05-18,0,198988.0
CAND-02667,2024-04-18,2024-06-17,0,183759.0
CAND-02667,2024-04-18,2024-07-17,0,164377.0
CAND-02668,2024-06-24,2024-07-24,0,1161947.0
CAND-02668,2024-06-24,2024-08-23,0,1089577.0
CAND-02668,2024-06-24,2024-09-22,0,1021227.0
CAND-02669,2024-08-20,2024-09-19,0,737761.0
CAND-02669,2024-08-20,2024-10-19,0,666747.0
CAND-02669,2024-08-20,2024-11-18,0,623349.0
CAND-02669,2024-08-20,2024-12-18,30,609146.0
CAND-02670,2024-05-07,2024-06-06,0,119154.0
CAND-02670,2024-05-07,2024-07-06,0,112120.0
CAND-02670,2024-05-07,2024-08-05,0,103078.0
CAND-02671,2024-02-15,2024-03-16,0,307857.0
CAND-02671,2024-02-15,2024-04-15,0,278121.0
CAND-02671,2024-02-15,2024-05-15,0,248385.0
CAND-02671,2024-02-15,2024-06-14,0,226578.0
CAND-02671,2024-02-15,2024-07-14,0,199320.0
CAND-02671,2024-02-15,2024-08-13,0,180079.0
CAND-02672,2024-09-25,2024-10-25,0,1888695.0
CAND-02672,2024-09-25,2024-11-24,0,1733034.0
CAND-02672,2024-09-25,2024-12-24,30,1689978.0
CAND-02672,2024-09-25,2025-01-23,0,1570943.0
CAND-02672,2024-09-25,2025-02-22,0,1458520.0
CAND-02672,2024-09-25,2025-03-24,0,1289887.0
CAND-02673,2024-03-28,2024-04-27,0,636980.0
CAND-02673,2024-03-28,2024-05-27,0,568382.0
CAND-02673,2024-03-28,2024-06-26,0,515614.0
CAND-02673,2024-03-28,2024-07-26,0,469882.0
CAND-02673,2024-03-28,2024-08-25,30,458055.0
CAND-02674,2024-05-01,2024-05-31,0,797405.0
CAND-02674,2024-05-01,2024-06-30,0,711019.0
CAND-02674,2024-05-01,2024-07-30,0,639031.0
CAND-02674,2024-05-01,2024-08-29,0,572581.0
CAND-02674,2024-05-01,2024-09-28,0,518590.0
CAND-02674,2024-05-01,2024-10-28,0,440058.0
CAND-02675,2024-08-11,2024-09-10,0,477714.0
CAND-02675,2024-08-11,2024-10-10,0,431391.0
CAND-02675,2024-08-11,2024-11-09,30,417981.0
CAND-02675,2024-08-11,2024-12-09,60,400996.0
CAND-02676,2024-03-09,2024-04-08,0,236215.0
CAND-02676,2024-03-09,2024-05-08,0,210231.0
CAND-02676,2024-03-09,2024-06-07,0,195796.0
CAND-02676,2024-03-09,2024-07-07,0,181360.0
CAND-02676,2024-03-09,2024-08-06,0,165121.0
CAND-02676,2024-03-09,2024-09-05,0,143468.0
CAND-02677,2024-05-01,2024-05-31,0,406152.0
CAND-02677,2024-05-01,2024-06-30,0,372506.0
CAND-02677,2024-05-01,2024-07-30,0,345169.0
CAND-02677,2024-05-01,2024-08-29,0,320869.0
CAND-02677,2024-05-01,2024-09-28,0,281106.0
CAND-02678,2024-07-11,2024-08-10,0,458880.0
CAND-02678,2024-07-11,2024-09-09,0,417163.0
CAND-02678,2024-07-11,2024-10-09,0,387717.0
CAND-02678,2024-07-11,2024-11-08,0,359906.0
CAND-02678,2024-07-11,2024-12-08,0,330459.0
CAND-02679,2024-04-30,2024-05-30,0,871048.0
CAND-02679,2024-04-30,2024-06-29,0,813405.0
CAND-02679,2024-04-30,2024-07-29,0,762167.0
CAND-02679,2024-04-30,2024-08-28,0,669938.0
CAND-02679,2024-04-30,2024-09-27,0,593081.0
CAND-02680,2024-06-07,2024-07-07,0,1582142.0
CAND-02680,2024-06-07,2024-08-06,0,1446916.0
CAND-02680,2024-06-07,2024-09-05,0,1321349.0
CAND-02680,2024-06-07,2024-10-05,0,1223686.0
CAND-02680,2024-06-07,2024-11-04,0,1106490.0
CAND-02681,2024-09-30,2024-10-30,0,310426.0
CAND-02681,2024-09-30,2024-11-29,0,290137.0
CAND-02681,2024-09-30,2024-12-29,0,265500.0
CAND-02681,2024-09-30,2025-01-28,0,238968.0
CAND-02681,2024-09-30,2025-02-27,0,214331.0
CAND-02682,2024-02-18,2024-03-19,0,606072.0
CAND-02682,2024-02-18,2024-04-18,0,557971.0
CAND-02682,2024-02-18,2024-05-18,0,520559.0
CAND-02682,2024-02-18,2024-06-17,0,480946.0
CAND-02682,2024-02-18,2024-07-17,0,443535.0
CAND-02683,2024-08-01,2024-08-31,0,701714.0
CAND-02683,2024-08-01,2024-09-30,0,652984.0
CAND-02683,2024-08-01,2024-10-30,0,604254.0
CAND-02683,2024-08-01,2024-11-29,30,590078.0
CAND-02684,2024-04-28,2024-05-28,0,671734.0
CAND-02684,2024-04-28,2024-06-27,30,652944.0
CAND-02684,2024-04-28,2024-07-27,0,609839.0
CAND-02685,2024-08-17,2024-09-16,0,342079.0
CAND-02685,2024-08-17,2024-10-16,0,315423.0
CAND-02685,2024-08-17,2024-11-15,30,308382.0
CAND-02685,2024-08-17,2024-12-15,60,301835.0
CAND-02687,2024-07-31,2024-08-30,0,999229.0
CAND-02687,2024-07-31,2024-09-29,0,910012.0
CAND-02687,2024-07-31,2024-10-29,0,843099.0
CAND-02688,2024-06-12,2024-07-12,30,252397.0
CAND-02688,2024-06-12,2024-08-11,0,229049.0
CAND-02688,2024-06-12,2024-09-10,0,209293.0
CAND-02688,2024-06-12,2024-10-10,0,189538.0
CAND-02688,2024-06-12,2024-11-09,0,163855.0
CAND-02689,2024-08-02,2024-09-01,0,1464532.0
CAND-02689,2024-08-02,2024-10-01,30,1428344.0
CAND-02689,2024-08-02,2024-10-31,60,1386288.0
CAND-02689,2024-08-02,2024-11-30,30,1347387.0
CAND-02689,2024-08-02,2024-12-30,60,1311199.0
CAND-02690,2024-08-06,2024-09-05,30,600094.0
CAND-02690,2024-08-06,2024-10-05,60,589282.0
CAND-02690,2024-08-06,2024-11-04,30,571155.0
CAND-02690,2024-08-06,2024-12-04,60,560149.0
CAND-02690,2024-08-06,2025-01-03,90,543492.0
CAND-02691,2024-07-01,2024-07-31,0,553707.0
CAND-02691,2024-07-01,2024-08-30,0,513102.0
CAND-02691,2024-07-01,2024-09-29,0,479264.0
CAND-02691,2024-07-01,2024-10-29,0,432412.0
CAND-02691,2024-07-01,2024-11-28,0,371504.0
CAND-02692,2024-03-10,2024-04-09,0,832673.0
CAND-02692,2024-03-10,2024-05-09,0,782208.0
CAND-02692,2024-03-10,2024-06-08,0,721650.0
CAND-02693,2024-05-30,2024-06-29,30,754146.0
CAND-02693,2024-05-30,2024-07-29,60,741074.0
CAND-02693,2024-05-30,2024-08-28,90,725005.0
CAND-02694,2024-10-04,2024-11-03,0,364410.0
CAND-02694,2024-10-04,2024-12-03,0,341635.0
CAND-02694,2024-10-04,2025-01-02,0,302916.0
CAND-02694,2024-10-04,2025-02-01,0,275260.0
CAND-02694,2024-10-04,2025-03-03,0,240061.0
CAND-02694,2024-10-04,2025-04-02,0,201343.0
CAND-02696,2024-04-06,2024-05-06,0,227474.0
CAND-02696,2024-04-06,2024-06-05,0,204914.0
CAND-02696,2024-04-06,2024-07-05,0,187189.0
CAND-02696,2024-04-06,2024-08-04,30,179890.0
CAND-02697,2024-05-12,2024-06-11,0,675504.0
CAND-02697,2024-05-12,2024-07-11,30,661848.0
CAND-02697,2024-05-12,2024-08-10,0,606175.0
CAND-02698,2024-03-01,2024-03-31,0,1180507.0
CAND-02698,2024-03-01,2024-04-30,0,1082713.0
CAND-02698,2024-03-01,2024-05-30,0,967139.0
CAND-02699,2024-07-28,2024-08-27,30,988088.0
CAND-02699,2024-07-28,2024-09-26,0,928435.0
CAND-02699,2024-07-28,2024-10-26,0,843928.0
CAND-02700,2024-02-27,2024-03-28,0,302561.0
CAND-02700,2024-02-27,2024-04-27,0,284071.0
CAND-02700,2024-02-27,2024-05-27,0,260298.0
CAND-02700,2024-02-27,2024-06-26,30,252902.0
CAND-02700,2024-02-27,2024-07-26,60,245821.0
CAND-02701,2024-04-02,2024-05-02,0,674925.0
CAND-02701,2024-04-02,2024-06-01,0,623273.0
CAND-02701,2024-04-02,2024-07-01,0,583099.0
CAND-02702,2024-01-07,2024-02-06,0,129938.0
CAND-02702,2024-01-07,2024-03-07,0,119625.0
CAND-02702,2024-01-07,2024-04-06,0,107594.0
CAND-02702,2024-01-07,2024-05-06,0,94469.0
CAND-02703,2024-09-18,2024-10-18,0,603993.0
CAND-02703,2024-09-18,2024-11-17,0,556057.0
CAND-02703,2024-09-18,2024-12-17,0,514113.0
CAND-02703,2024-09-18,2025-01-16,0,476829.0
CAND-02703,2024-09-18,2025-02-15,0,434885.0
CAND-02703,2024-09-18,2025-03-17,0,378960.0
CAND-02705,2024-04-05,2024-05-05,0,449603.0
CAND-02705,2024-04-05,2024-06-04,0,412136.0
CAND-02705,2024-04-05,2024-07-04,30,402769.0
CAND-02705,2024-04-05,2024-08-03,60,387548.0
CAND-02705,2024-04-05,2024-09-02,90,378182.0
CAND-02706,2024-03-12,2024-04-11,0,2586495.0
CAND-02706,2024-03-12,2024-05-11,0,2403919.0
CAND-02706,2024-03-12,2024-06-10,0,2193254.0
CAND-02706,2024-03-12,2024-07-10,0,2022089.0
CAND-02706,2024-03-12,2024-08-09,0,1860993.0
CAND-02706,2024-03-12,2024-09-08,0,1699896.0
CAND-02707,2024-01-31,2024-03-01,0,266351.0
CAND-02707,2024-01-31,2024-03-31,0,241935.0
CAND-02707,2024-01-31,2024-04-30,0,219398.0
CAND-02708,2024-09-01,2024-10-01,0,492975.0
CAND-02708,2024-09-01,2024-10-31,0,440391.0
CAND-02708,2024-09-01,2024-11-30,0,405335.0
CAND-02708,2024-09-01,2024-12-30,0,370279.0
CAND-02709,2024-08-17,2024-09-16,0,266358.0
CAND-02709,2024-08-17,2024-10-16,0,247417.0
CAND-02709,2024-08-17,2024-11-15,0,229660.0
CAND-02709,2024-08-17,2024-12-15,0,205983.0
CAND-02709,2024-08-17,2025-01-14,0,190199.0
CAND-02710,2024-04-01,2024-05-01,0,1231971.0
CAND-02710,2024-04-01,2024-05-31,0,1149473.0
CAND-02710,2024-04-01,2024-06-30,0,1047937.0
CAND-02711,2024-03-09,2024-04-08,0,670547.0
CAND-02711,2024-03-09,2024-05-08,0,606002.0
CAND-02711,2024-03-09,2024-06-07,30,587798.0
CAND-02711,2024-03-09,2024-07-07,60,573876.0
CAND-02711,2024-03-09,2024-08-06,90,561635.0
CAND-02712,2024-05-03,2024-06-02,0,2114916.0
CAND-02712,2024-05-03,2024-07-02,0,1974472.0
CAND-02712,2024-05-03,2024-08-01,0,1801618.0
CAND-02714,2024-08-11,2024-09-10,0,281125.0
CAND-02714,2024-08-11,2024-10-10,0,255568.0
CAND-02714,2024-08-11,2024-11-09,0,224900.0
CAND-02714,2024-08-11,2024-12-09,0,199343.0
CAND-02715,2024-04-18,2024-05-18,0,345176.0
CAND-02715,2024-04-18,2024-06-17,0,308192.0
CAND-02715,2024-04-18,2024-07-17,0,285078.0
CAND-02715,2024-04-18,2024-08-16,0,248095.0
CAND-02715,2024-04-18,2024-09-15,0,221678.0
CAND-02715,2024-04-18,2024-10-15,0,193230.0
CAND-02716,2024-03-16,2024-04-15,30,227181.0
CAND-02716,2024-03-16,2024-05-15,0,214292.0
CAND-02716,2024-03-16,2024-06-14,0,194957.0
CAND-02716,2024-03-16,2024-07-14,0,177110.0
CAND-02716,2024-03-16,2024-08-13,0,159262.0
CAND-02717,2024-06-23,2024-07-23,0,553347.0
CAND-02717,2024-06-23,2024-08-22,30,537324.0
CAND-02717,2024-06-23,2024-09-21,0,504386.0
CAND-02718,2024-08-21,2024-09-20,0,680156.0
CAND-02718,2024-08-21,2024-10-20,0,635701.0
CAND-02718,2024-08-21,2024-11-19,0,577568.0
CAND-02718,2024-08-21,2024-12-19,0,533114.0
CAND-02719,2024-06-01,2024-07-01,0,858475.0
CAND-02719,2024-06-01,2024-07-31,0,778986.0
CAND-02719,2024-06-01,2024-08-30,0,715396.0
CAND-02719,2024-06-01,2024-09-29,0,659286.0
CAND-02720,2024-08-30,2024-09-29,0,312992.0
CAND-02720,2024-08-30,2024-10-29,0,288151.0
CAND-02720,2024-08-30,2024-11-28,0,268831.0
CAND-02720,2024-08-30,2024-12-28,0,237216.0
CAND-02721,2024-05-26,2024-06-25,0,350069.0
CAND-02721,2024-05-26,2024-07-25,0,327189.0
CAND-02721,2024-05-26,2024-08-24,0,291829.0
CAND-02721,2024-05-26,2024-09-23,0,268948.0
CAND-02721,2024-05-26,2024-10-23,0,241165.0
CAND-02721,2024-05-26,2024-11-22,0,205804.0
CAND-02722,2024-03-21,2024-04-20,0,1237616.0
CAND-02722,2024-03-21,2024-05-20,0,1105014.0
CAND-02722,2024-03-21,2024-06-19,0,984467.0
CAND-02722,2024-03-21,2024-07-19,0,889752.0
CAND-02722,2024-03-21,2024-08-18,0,811751.0
CAND-02722,2024-03-21,2024-09-17,0,701249.0
CAND-02723,2024-10-12,2024-11-11,0,974078.0
CAND-02723,2024-10-12,2024-12-11,0,911050.0
CAND-02723,2024-10-12,2025-01-10,0,821759.0
CAND-02723,2024-10-12,2025-02-09,0,724351.0
CAND-02723,2024-10-12,2025-03-11,0,647817.0
CAND-02724,2024-06-01,2024-07-01,0,409362.0
CAND-02724,2024-06-01,2024-07-31,0,380122.0
CAND-02724,2024-06-01,2024-08-30,0,336262.0
CAND-02724,2024-06-01,2024-09-29,0,311895.0
CAND-02724,2024-06-01,2024-10-29,0,287528.0
CAND-02725,2024-08-02,2024-09-01,0,245455.0
CAND-02725,2024-08-02,2024-10-01,0,230054.0
CAND-02725,2024-08-02,2024-10-31,0,209914.0
CAND-02726,2024-04-28,2024-05-28,0,465352.0
CAND-02726,2024-04-28,2024-06-27,0,431743.0
CAND-02726,2024-04-28,2024-07-27,0,389732.0
CAND-02727,2024-03-04,2024-04-03,0,1094955.0
CAND-02727,2024-03-04,2024-05-03,0,987756.0
CAND-02727,2024-03-04,2024-06-02,0,869838.0
CAND-02727,2024-03-04,2024-07-02,0,804328.0
CAND-02728,2024-02-12,2024-03-13,0,494246.0
CAND-02728,2024-02-12,2024-04-12,0,460781.0
CAND-02728,2024-02-12,2024-05-12,0,416162.0
CAND-02728,2024-02-12,2024-06-11,0,380466.0
CAND-02729,2024-08-08,2024-09-07,0,226285.0
CAND-02729,2024-08-08,2024-10-07,0,209523.0
CAND-02729,2024-08-08,2024-11-06,0,193809.0
CAND-02729,2024-08-08,2024-12-06,0,174468.0
CAND-02730,2024-05-21,2024-06-20,0,820465.0
CAND-02730,2024-05-21,2024-07-20,0,764913.0
CAND-02730,2024-05-21,2024-08-19,0,684109.0
CAND-02730,2024-05-21,2024-09-18,0,620621.0
CAND-02731,2024-08-16,2024-09-15,0,773561.0
CAND-02731,2024-08-16,2024-10-15,0,691371.0
CAND-02731,2024-08-16,2024-11-14,0,645709.0
CAND-02731,2024-08-16,2024-12-14,0,587001.0
CAND-02732,2024-10-01,2024-10-31,0,748105.0
CAND-02732,2024-10-01,2024-11-30,0,686962.0
CAND-02732,2024-10-01,2024-12-30,0,625819.0
CAND-02733,2024-04-14,2024-05-14,0,168931.0
CAND-02733,2024-04-14,2024-06-13,30,165770.0
CAND-02733,2024-04-14,2024-07-13,0,155170.0
CAND-02733,2024-04-14,2024-08-12,0,143908.0
CAND-02734,2024-02-18,2024-03-19,0,1251648.0
CAND-02734,2024-02-18,2024-04-18,0,1176763.0
CAND-02734,2024-02-18,2024-05-18,0,1073077.0
CAND-02735,2024-04-21,2024-05-21,0,1196925.0
CAND-02735,2024-04-21,2024-06-20,0,1094624.0
CAND-02735,2024-04-21,2024-07-20,0,1005963.0
CAND-02735,2024-04-21,2024-08-19,0,910969.0
CAND-02736,2024-05-14,2024-06-13,0,243682.0
CAND-02736,2024-05-14,2024-07-13,0,226354.0
CAND-02736,2024-05-14,2024-08-12,0,207788.0
CAND-02736,2024-05-14,2024-09-11,0,186127.0
CAND-02736,2024-05-14,2024-10-11,0,167561.0
CAND-02736,2024-05-14,2024-11-10,0,143931.0
CAND-02737,2024-06-05,2024-07-05,0,306028.0
CAND-02737,2024-06-05,2024-08-04,0,275889.0
CAND-02737,2024-06-05,2024-09-03,0,257470.0
CAND-02738,2024-06-30,2024-07-30,0,338906.0
CAND-02738,2024-06-30,2024-08-29,0,309939.0
CAND-02738,2024-06-30,2024-09-28,0,286404.0
CAND-02740,2024-08-02,2024-09-01,0,466042.0
CAND-02740,2024-08-02,2024-10-01,0,435582.0
CAND-02740,2024-08-02,2024-10-31,0,401061.0
CAND-02740,2024-08-02,2024-11-30,0,353986.0
CAND-02740,2024-08-02,2024-12-30,0,314153.0
CAND-02740,2024-08-02,2025-01-29,30,302110.0
CAND-02741,2024-03-31,2024-04-30,0,632212.0
CAND-02741,2024-03-31,2024-05-30,0,576016.0
CAND-02741,2024-03-31,2024-06-29,0,514710.0
CAND-02741,2024-03-31,2024-07-29,0,462837.0
CAND-02742,2024-03-02,2024-04-01,0,751487.0
CAND-02742,2024-03-02,2024-05-01,0,706259.0
CAND-02742,2024-03-02,2024-05-31,0,632249.0
CAND-02743,2024-01-21,2024-02-20,0,429046.0
CAND-02743,2024-01-21,2024-03-21,0,398760.0
CAND-02743,2024-01-21,2024-04-20,0,363815.0
CAND-02743,2024-01-21,2024-05-20,0,322517.0
CAND-02743,2024-01-21,2024-06-19,0,281218.0
CAND-02743,2024-01-21,2024-07-19,0,254496.0
CAND-02744,2024-01-31,2024-03-01,0,425188.0
CAND-02744,2024-01-31,2024-03-31,0,396953.0
CAND-02744,2024-01-31,2024-04-30,0,359306.0
CAND-02744,2024-01-31,2024-05-30,0,321659.0
CAND-02744,2024-01-31,2024-06-29,0,280590.0
CAND-02745,2024-06-19,2024-07-19,0,284511.0
CAND-02745,2024-06-19,2024-08-18,0,258647.0
CAND-02745,2024-06-19,2024-09-17,0,230431.0
CAND-02745,2024-06-19,2024-10-17,0,202215.0
CAND-02745,2024-06-19,2024-11-16,0,183957.0
CAND-02745,2024-06-19,2024-12-16,0,163266.0
CAND-02746,2024-09-23,2024-10-23,0,542302.0
CAND-02746,2024-09-23,2024-11-22,0,506149.0
CAND-02746,2024-09-23,2024-12-22,0,457944.0
CAND-02746,2024-09-23,2025-01-21,0,405357.0
CAND-02746,2024-09-23,2025-02-20,0,357153.0
CAND-02746,2024-09-23,2025-03-22,0,323126.0
CAND-02747,2024-08-21,2024-09-20,0,691675.0
CAND-02747,2024-08-21,2024-10-20,0,638153.0
CAND-02747,2024-08-21,2024-11-19,0,594076.0
CAND-02747,2024-08-21,2024-12-19,0,549998.0
CAND-02747,2024-08-21,2025-01-18,0,505921.0
CAND-02748,2024-01-14,2024-02-13,0,575379.0
CAND-02748,2024-01-14,2024-03-14,0,524006.0
CAND-02748,2024-01-14,2024-04-13,0,476585.0
CAND-02748,2024-01-14,2024-05-13,0,438055.0
CAND-02749,2024-10-16,2024-11-15,0,752089.0
CAND-02749,2024-10-16,2024-12-15,0,670613.0
CAND-02749,2024-10-16,2025-01-14,0,616295.0
CAND-02750,2024-09-17,2024-10-17,0,632091.0
CAND-02750,2024-09-17,2024-11-16,0,585738.0
CAND-02750,2024-09-17,2024-12-16,0,539384.0
CAND-02750,2024-09-17,2025-01-15,0,495928.0
CAND-02750,2024-09-17,2025-02-14,0,455028.0
CAND-02751,2024-03-20,2024-04-19,0,471203.0
CAND-02751,2024-03-20,2024-05-19,0,429482.0
CAND-02751,2024-03-20,2024-06-18,0,393721.0
CAND-02751,2024-03-20,2024-07-18,0,365907.0
CAND-02752,2024-02-13,2024-03-14,0,312503.0
CAND-02752,2024-02-13,2024-04-13,0,284725.0
CAND-02752,2024-02-13,2024-05-13,0,251392.0
CAND-02753,2024-02-07,2024-03-08,0,223507.0
CAND-02753,2024-02-07,2024-04-07,0,203019.0
CAND-02753,2024-02-07,2024-05-07,0,188557.0
CAND-02753,2024-02-07,2024-06-06,0,173191.0
CAND-02754,2024-05-08,2024-06-07,0,743134.0
CAND-02754,2024-05-08,2024-07-07,0,689463.0
CAND-02754,2024-05-08,2024-08-06,0,642107.0
CAND-02754,2024-05-08,2024-09-05,0,594750.0
CAND-02754,2024-05-08,2024-10-05,0,521563.0
CAND-02755,2024-05-28,2024-06-27,0,502095.0
CAND-02755,2024-05-28,2024-07-27,0,448299.0
CAND-02755,2024-05-28,2024-08-26,0,409874.0
CAND-02755,2024-05-28,2024-09-25,0,360968.0
CAND-02756,2024-09-09,2024-10-09,0,324067.0
CAND-02756,2024-09-09,2024-11-08,0,292874.0
CAND-02756,2024-09-09,2024-12-08,0,271428.0
CAND-02756,2024-09-09,2025-01-07,0,245033.0
CAND-02756,2024-09-09,2025-02-06,0,213840.0
CAND-02756,2024-09-09,2025-03-08,0,190964.0
CAND-02757,2024-06-10,2024-07-10,0,460642.0
CAND-02757,2024-06-10,2024-08-09,0,432491.0
CAND-02757,2024-06-10,2024-09-08,0,381821.0
CAND-02758,2024-02-15,2024-03-16,0,1133684.0
CAND-02758,2024-02-15,2024-04-15,0,1066996.0
CAND-02758,2024-02-15,2024-05-15,30,1036987.0
CAND-02758,2024-02-15,2024-06-14,60,1004545.0
CAND-02758,2024-02-15,2024-07-14,90,971201.0
CAND-02758,2024-02-15,2024-08-13,91,931189.0
CAND-02759,2024-08-18,2024-09-17,30,1328047.0
CAND-02759,2024-08-18,2024-10-17,0,1230024.0
CAND-02759,2024-08-18,2024-11-16,0,1105268.0
CAND-02760,2024-07-10,2024-08-09,0,437846.0
CAND-02760,2024-07-10,2024-09-08,0,410480.0
CAND-02760,2024-07-10,2024-10-08,30,397189.0
CAND-02761,2024-04-07,2024-05-07,0,679868.0
CAND-02761,2024-04-07,2024-06-06,0,614199.0
CAND-02761,2024-04-07,2024-07-06,0,569052.0
CAND-02761,2024-04-07,2024-08-05,0,496816.0
CAND-02761,2024-04-07,2024-09-04,0,431147.0
CAND-02762,2024-08-20,2024-09-19,0,1837885.0
CAND-02762,2024-08-20,2024-10-19,0,1710254.0
CAND-02762,2024-08-20,2024-11-18,0,1582623.0
CAND-02762,2024-08-20,2024-12-18,0,1425539.0
CAND-02763,2024-08-11,2024-09-10,0,375664.0
CAND-02763,2024-08-11,2024-10-10,0,342122.0
CAND-02763,2024-08-11,2024-11-09,0,318446.0
CAND-02763,2024-08-11,2024-12-09,0,287485.0
CAND-02763,2024-08-11,2025-01-08,0,247235.0
CAND-02764,2024-04-06,2024-05-06,0,672345.0
CAND-02764,2024-04-06,2024-06-05,0,627852.0
CAND-02764,2024-04-06,2024-07-05,0,577002.0
CAND-02764,2024-04-06,2024-08-04,0,532509.0
CAND-02764,2024-04-06,2024-09-03,0,490633.0
CAND-02764,2024-04-06,2024-10-03,0,425915.0
CAND-02765,2024-01-30,2024-02-29,30,408657.0
CAND-02765,2024-01-30,2024-03-30,60,400753.0
CAND-02765,2024-01-30,2024-04-29,30,390281.0
CAND-02765,2024-01-30,2024-05-29,60,382068.0
CAND-02765,2024-01-30,2024-06-28,90,372962.0
CAND-02765,2024-01-30,2024-07-28,60,359873.0
CAND-02766,2024-02-11,2024-03-12,0,549978.0
CAND-02766,2024-02-11,2024-04-11,0,494980.0
CAND-02766,2024-02-11,2024-05-11,0,439983.0
CAND-02766,2024-02-11,2024-06-10,0,404396.0
CAND-02766,2024-02-11,2024-07-10,0,349398.0
CAND-02767,2024-01-13,2024-02-12,0,493089.0
CAND-02767,2024-01-13,2024-03-13,0,456564.0
CAND-02767,2024-01-13,2024-04-12,0,417430.0
CAND-02767,2024-01-13,2024-05-12,0,383188.0
CAND-02767,2024-01-13,2024-06-11,0,328400.0
CAND-02767,2024-01-13,2024-07-11,0,296172.0
CAND-02768,2024-02-13,2024-03-14,0,625015.0
CAND-02768,2024-02-13,2024-04-13,30,605551.0
CAND-02768,2024-02-13,2024-05-13,0,568786.0
CAND-02768,2024-02-13,2024-06-12,0,517879.0
CAND-02768,2024-02-13,2024-07-12,0,457717.0
CAND-02768,2024-02-13,2024-08-11,0,418789.0
CAND-02769,2024-09-06,2024-10-06,0,479108.0
CAND-02769,2024-09-06,2024-11-05,0,427775.0
CAND-02769,2024-09-06,2024-12-05,0,395692.0
CAND-02769,2024-09-06,2025-01-04,0,352914.0
CAND-02769,2024-09-06,2025-02-03,0,306248.0
CAND-02769,2024-09-06,2025-03-05,0,272026.0
CAND-02770,2024-03-21,2024-04-20,0,305962.0
CAND-02770,2024-03-21,2024-05-20,0,278644.0
CAND-02770,2024-03-21,2024-06-19,0,260432.0
CAND-02770,2024-03-21,2024-07-19,0,241148.0
CAND-02770,2024-03-21,2024-08-18,0,211347.0
CAND-02770,2024-03-21,2024-09-17,0,192064.0
CAND-02771,2024-04-17,2024-05-17,0,543081.0
CAND-02771,2024-04-17,2024-06-16,30,531367.0
CAND-02771,2024-04-17,2024-07-16,60,517144.0
CAND-02771,2024-04-17,2024-08-15,90,501826.0
CAND-02771,2024-04-17,2024-09-14,109,490965.0
CAND-02772,2024-05-08,2024-06-07,0,671188.0
CAND-02772,2024-05-08,2024-07-07,30,650849.0
CAND-02772,2024-05-08,2024-08-06,0,610171.0
CAND-02772,2024-05-08,2024-09-05,0,549154.0
CAND-02772,2024-05-08,2024-10-05,0,503391.0
CAND-02772,2024-05-08,2024-11-04,0,457628.0
CAND-02773,2024-10-11,2024-11-10,0,295175.0
CAND-02773,2024-10-11,2024-12-10,0,270847.0
CAND-02773,2024-10-11,2025-01-09,0,242097.0
CAND-02774,2024-01-25,2024-02-24,0,1151844.0
CAND-02774,2024-01-25,2024-03-25,0,1077929.0
CAND-02774,2024-01-25,2024-04-24,0,952273.0
CAND-02774,2024-01-25,2024-05-24,0,882464.0
CAND-02774,2024-01-25,2024-06-23,0,803930.0
CAND-02775,2024-07-18,2024-08-17,0,965457.0
CAND-02775,2024-07-18,2024-09-16,0,907989.0
CAND-02775,2024-07-18,2024-10-16,0,843338.0
CAND-02776,2024-07-09,2024-08-08,0,302336.0
CAND-02776,2024-07-09,2024-09-07,0,276965.0
CAND-02776,2024-07-09,2024-10-07,0,258642.0
CAND-02776,2024-07-09,2024-11-06,0,238028.0
CAND-02776,2024-07-09,2024-12-06,0,205046.0
CAND-02777,2024-03-27,2024-04-26,30,1101032.0
CAND-02777,2024-03-27,2024-05-26,60,1074857.0
CAND-02777,2024-03-27,2024-06-25,30,1055112.0
CAND-02777,2024-03-27,2024-07-25,60,1017595.0
CAND-02778,2024-09-28,2024-10-28,0,1121623.0
CAND-02778,2024-09-28,2024-11-27,0,1020366.0
CAND-02778,2024-09-28,2024-12-27,30,999048.0
CAND-02778,2024-09-28,2025-01-26,60,978098.0
CAND-02778,2024-09-28,2025-02-25,90,956400.0
CAND-02778,2024-09-28,2025-03-27,117,934702.0
CAND-02779,2024-09-10,2024-10-10,0,2069437.0
CAND-02779,2024-09-10,2024-11-09,0,1922852.0
CAND-02779,2024-09-10,2024-12-09,30,1882134.0
CAND-02780,2024-03-09,2024-04-08,0,306278.0
CAND-02780,2024-03-09,2024-05-08,0,285860.0
CAND-02780,2024-03-09,2024-06-07,0,253190.0
CAND-02780,2024-03-09,2024-07-07,0,233973.0
CAND-02780,2024-03-09,2024-08-06,0,212193.0
CAND-02780,2024-03-09,2024-09-05,0,192975.0
CAND-02781,2024-07-04,2024-08-03,0,551332.0
CAND-02781,2024-07-04,2024-09-02,0,502106.0
CAND-02781,2024-07-04,2024-10-02,0,467358.0
CAND-02781,2024-07-04,2024-11-01,0,408287.0
CAND-02782,2024-03-16,2024-04-15,0,561499.0
CAND-02782,2024-03-16,2024-05-15,0,523481.0
CAND-02782,2024-03-16,2024-06-14,0,476690.0
CAND-02782,2024-03-16,2024-07-14,0,436137.0
CAND-02782,2024-03-16,2024-08-13,0,385446.0
CAND-02783,2024-04-14,2024-05-14,0,701160.0
CAND-02783,2024-04-14,2024-06-13,0,650167.0
CAND-02783,2024-04-14,2024-07-13,30,634556.0
CAND-02783,2024-04-14,2024-08-12,60,616345.0
CAND-02783,2024-04-14,2024-09-11,90,598960.0
CAND-02784,2024-10-05,2024-11-04,0,611028.0
CAND-02784,2024-10-05,2024-12-04,0,546331.0
CAND-02784,2024-10-05,2025-01-03,0,508274.0
CAND-02784,2024-10-05,2025-02-02,0,458507.0
CAND-02785,2024-06-18,2024-07-18,0,1063389.0
CAND-02785,2024-06-18,2024-08-17,0,969560.0
CAND-02785,2024-06-18,2024-09-16,0,907008.0
CAND-02785,2024-06-18,2024-10-16,0,844456.0
CAND-02785,2024-06-18,2024-11-15,0,750627.0
CAND-02785,2024-06-18,2024-12-15,0,684396.0
CAND-02786,2024-09-10,2024-10-10,0,474736.0
CAND-02786,2024-09-10,2024-11-09,30,461549.0
CAND-02786,2024-09-10,2024-12-09,60,450120.0
CAND-02787,2024-02-05,2024-03-06,0,1131297.0
CAND-02787,2024-02-05,2024-04-05,0,1038473.0
CAND-02787,2024-02-05,2024-05-05,0,928771.0
CAND-02788,2024-09-25,2024-10-25,30,458974.0
CAND-02788,2024-09-25,2024-11-24,0,412211.0
CAND-02788,2024-09-25,2024-12-24,0,369699.0
CAND-02788,2024-09-25,2025-01-23,0,336296.0
CAND-02788,2024-09-25,2025-02-22,0,307069.0
CAND-02789,2024-09-02,2024-10-02,0,637018.0
CAND-02789,2024-09-02,2024-11-01,0,586967.0
CAND-02789,2024-09-02,2024-12-01,30,571041.0
CAND-02790,2024-04-03,2024-05-03,30,1751156.0
CAND-02790,2024-04-03,2024-06-02,0,1602186.0
CAND-02790,2024-04-03,2024-07-02,30,1561558.0
CAND-02790,2024-04-03,2024-08-01,60,1510482.0
CAND-02790,2024-04-03,2024-08-31,90,1463439.0
CAND-02791,2024-02-14,2024-03-15,0,680781.0
CAND-02791,2024-02-14,2024-04-14,0,627291.0
CAND-02791,2024-02-14,2024-05-14,0,573801.0
CAND-02791,2024-02-14,2024-06-13,0,523877.0
CAND-02791,2024-02-14,2024-07-13,0,482274.0
CAND-02792,2024-05-23,2024-06-22,0,320710.0
CAND-02792,2024-05-23,2024-07-22,0,285075.0
CAND-02792,2024-05-23,2024-08-21,0,257664.0
CAND-02792,2024-05-23,2024-09-20,0,236703.0
CAND-02793,2024-02-05,2024-03-06,0,268483.0
CAND-02793,2024-02-05,2024-04-05,30,263301.0
CAND-02793,2024-02-05,2024-05-05,0,242206.0
CAND-02793,2024-02-05,2024-06-04,30,235175.0
CAND-02793,2024-02-05,2024-07-04,60,229148.0
CAND-02794,2024-01-25,2024-02-24,30,638553.0
CAND-02794,2024-01-25,2024-03-25,60,618731.0
CAND-02794,2024-01-25,2024-04-24,90,606837.0
CAND-02794,2024-01-25,2024-05-24,116,590065.0
CAND-02794,2024-01-25,2024-06-23,116,577951.0
CAND-02794,2024-01-25,2024-07-23,116,561179.0
CAND-02795,2024-05-20,2024-06-19,0,412934.0
CAND-02795,2024-05-20,2024-07-19,0,384258.0
CAND-02795,2024-05-20,2024-08-18,0,348965.0
CAND-02795,2024-05-20,2024-09-17,0,307254.0
CAND-02795,2024-05-20,2024-10-17,0,276667.0
CAND-02796,2024-09-14,2024-10-14,0,276705.0
CAND-02796,2024-09-14,2024-11-13,0,247058.0
CAND-02796,2024-09-14,2024-12-13,0,230588.0
CAND-02796,2024-09-14,2025-01-12,0,213148.0
CAND-02797,2024-08-18,2024-09-17,0,452211.0
CAND-02797,2024-08-18,2024-10-17,0,415106.0
CAND-02797,2024-08-18,2024-11-16,0,378002.0
CAND-02797,2024-08-18,2024-12-16,0,340897.0
CAND-02797,2024-08-18,2025-01-15,0,300701.0
CAND-02798,2024-07-24,2024-08-23,0,1175116.0
CAND-02798,2024-07-24,2024-09-22,0,1093511.0
CAND-02798,2024-07-24,2024-10-22,0,984704.0
CAND-02798,2024-07-24,2024-11-21,0,891441.0
CAND-02799,2024-06-19,2024-07-19,0,1018822.0
CAND-02799,2024-06-19,2024-08-18,0,955931.0
CAND-02799,2024-06-19,2024-09-17,0,889342.0
CAND-02799,2024-06-19,2024-10-17,0,795006.0
CAND-02799,2024-06-19,2024-11-16,0,732116.0
CAND-02800,2024-07-26,2024-08-25,30,441180.0
CAND-02800,2024-07-26,2024-09-24,60,427010.0
CAND-02800,2024-07-26,2024-10-24,30,418290.0
CAND-02801,2024-08-28,2024-09-27,0,499883.0
CAND-02801,2024-08-28,2024-10-27,0,458684.0
CAND-02801,2024-08-28,2024-11-26,0,422978.0
CAND-02801,2024-08-28,2024-12-26,30,411582.0
CAND-02801,2024-08-28,2025-01-25,0,370383.0
CAND-02802,2024-03-27,2024-04-26,0,196239.0
CAND-02802,2024-03-27,2024-05-26,0,175307.0
CAND-02802,2024-03-27,2024-06-25,0,163678.0
CAND-02802,2024-03-27,2024-07-25,0,152049.0
CAND-02803,2024-02-15,2024-03-16,0,818139.0
CAND-02803,2024-02-15,2024-04-15,30,799149.0
CAND-02803,2024-02-15,2024-05-15,60,782621.0
CAND-02804,2024-07-07,2024-08-06,0,1145913.0
CAND-02804,2024-07-07,2024-09-05,0,1030164.0
CAND-02804,2024-07-07,2024-10-05,0,945282.0
CAND-02805,2024-09-05,2024-10-05,0,262350.0
CAND-02805,2024-09-05,2024-11-04,0,236115.0
CAND-02805,2024-09-05,2024-12-04,0,212066.0
CAND-02805,2024-09-05,2025-01-03,30,205355.0
CAND-02805,2024-09-05,2025-02-02,0,189322.0
CAND-02806,2024-08-09,2024-09-08,0,736925.0
CAND-02806,2024-08-09,2024-10-08,0,684018.0
CAND-02806,2024-08-09,2024-11-07,0,622971.0
CAND-02807,2024-02-04,2024-03-05,0,2021758.0
CAND-02807,2024-02-04,2024-04-04,0,1866238.0
CAND-02807,2024-02-04,2024-05-04,0,1738163.0
CAND-02807,2024-02-04,2024-06-03,0,1570680.0
CAND-02807,2024-02-04,2024-07-03,0,1425528.0
CAND-02808,2024-02-01,2024-03-02,0,1456271.0
CAND-02808,2024-02-01,2024-04-01,0,1327776.0
CAND-02808,2024-02-01,2024-05-01,0,1187601.0
CAND-02809,2024-09-04,2024-10-04,0,216640.0
CAND-02809,2024-09-04,2024-11-03,0,201295.0
CAND-02809,2024-09-04,2024-12-03,0,183589.0
CAND-02809,2024-09-04,2025-01-02,0,168243.0
CAND-02810,2024-02-11,2024-03-12,0,351523.0
CAND-02810,2024-02-11,2024-04-11,0,322552.0
CAND-02810,2024-02-11,2024-05-11,0,301628.0
CAND-02810,2024-02-11,2024-06-10,0,278088.0
CAND-02811,2024-08-03,2024-09-02,0,1735063.0
CAND-02811,2024-08-03,2024-10-02,0,1603384.0
CAND-02811,2024-08-03,2024-11-01,0,1461576.0
CAND-02812,2024-03-25,2024-04-24,0,781212.0
CAND-02812,2024-03-25,2024-05-24,0,731976.0
CAND-02812,2024-03-25,2024-06-23,0,667590.0
CAND-02812,2024-03-25,2024-07-23,0,597839.0
CAND-02812,2024-03-25,2024-08-22,30,580402.0
CAND-02812,2024-03-25,2024-09-21,60,564609.0
CAND-02813,2024-05-29,2024-06-28,0,795352.0
CAND-02813,2024-05-29,2024-07-28,0,721708.0
CAND-02813,2024-05-29,2024-08-27,0,662793.0
CAND-02813,2024-05-29,2024-09-26,30,642241.0
CAND-02814,2024-08-25,2024-09-24,0,626507.0
CAND-02814,2024-08-25,2024-10-24,0,564806.0
CAND-02814,2024-08-25,2024-11-23,0,527099.0
CAND-02814,2024-08-25,2024-12-23,0,481851.0
CAND-02815,2024-01-12,2024-02-11,0,409132.0
CAND-02815,2024-01-12,2024-03-12,0,364500.0
CAND-02815,2024-01-12,2024-04-11,0,323924.0
CAND-02816,2024-10-01,2024-10-31,0,304389.0
CAND-02816,2024-10-01,2024-11-30,0,278846.0
CAND-02816,2024-10-01,2024-12-30,0,253303.0
CAND-02816,2024-10-01,2025-01-29,0,227760.0
CAND-02816,2024-10-01,2025-02-28,0,209312.0
CAND-02817,2024-07-26,2024-08-25,0,199865.0
CAND-02817,2024-07-26,2024-09-24,0,177879.0
CAND-02817,2024-07-26,2024-10-24,0,157893.0
CAND-02817,2024-07-26,2024-11-23,0,144961.0
CAND-02817,2024-07-26,2024-12-23,0,132747.0
CAND-02818,2024-02-10,2024-03-11,0,664256.0
CAND-02818,2024-02-10,2024-04-10,0,610154.0
CAND-02818,2024-02-10,2024-05-10,0,546215.0
CAND-02818,2024-02-10,2024-06-09,0,487604.0
CAND-02818,2024-02-10,2024-07-09,0,433502.0
CAND-02818,2024-02-10,2024-08-08,0,389543.0
CAND-02819,2024-07-02,2024-08-01,0,412795.0
CAND-02819,2024-07-02,2024-08-31,0,375938.0
CAND-02819,2024-07-02,2024-09-30,0,348296.0
CAND-02819,2024-07-02,2024-10-30,0,323724.0
CAND-02819,2024-07-02,2024-11-29,0,299153.0
CAND-02820,2024-08-05,2024-09-04,0,618806.0
CAND-02820,2024-08-05,2024-10-04,0,574379.0
CAND-02820,2024-08-05,2024-11-03,0,535178.0
CAND-02820,2024-08-05,2024-12-03,0,487578.0
CAND-02820,2024-08-05,2025-01-02,30,470041.0
CAND-02821,2024-02-15,2024-03-16,0,897254.0
CAND-02821,2024-02-15,2024-04-15,0,827338.0
CAND-02821,2024-02-15,2024-05-15,30,808515.0
CAND-02821,2024-02-15,2024-06-14,60,781325.0
CAND-02822,2024-05-06,2024-06-05,0,411698.0
CAND-02822,2024-05-06,2024-07-05,0,374751.0
CAND-02822,2024-05-06,2024-08-04,0,348670.0
CAND-02822,2024-05-06,2024-09-03,0,317001.0
CAND-02822,2024-05-06,2024-10-03,0,289291.0
CAND-02822,2024-05-06,2024-11-02,30,281373.0
CAND-02823,2024-07-29,2024-08-28,0,1746968.0
CAND-02823,2024-07-29,2024-09-27,30,1686916.0
CAND-02823,2024-07-29,2024-10-27,0,1549654.0
CAND-02824,2024-03-24,2024-04-23,0,225942.0
CAND-02824,2024-03-24,2024-05-23,0,212248.0
CAND-02824,2024-03-24,2024-06-22,0,191708.0
CAND-02824,2024-03-24,2024-07-22,0,171168.0
CAND-02825,2024-01-04,2024-02-03,0,425501.0
CAND-02825,2024-01-04,2024-03-04,0,383303.0
CAND-02825,2024-01-04,2024-04-03,0,357515.0
CAND-02825,2024-01-04,2024-05-03,0,326569.0
CAND-02825,2024-01-04,2024-06-02,0,295624.0
CAND-02825,2024-01-04,2024-07-02,0,262468.0
CAND-02826,2024-06-12,2024-07-12,0,414914.0
CAND-02826,2024-06-12,2024-08-11,0,382584.0
CAND-02826,2024-06-12,2024-09-10,0,337320.0
CAND-02826,2024-06-12,2024-10-10,0,307144.0
CAND-02826,2024-06-12,2024-11-09,30,297907.0
CAND-02826,2024-06-12,2024-12-09,0,271282.0
CAND-02827,2024-08-01,2024-08-31,0,272480.0
CAND-02827,2024-08-01,2024-09-30,0,249774.0
CAND-02827,2024-08-01,2024-10-30,0,222938.0
CAND-02827,2024-08-01,2024-11-29,0,200232.0
CAND-02828,2024-02-24,2024-03-25,0,740969.0
CAND-02828,2024-02-24,2024-04-24,0,666124.0
CAND-02828,2024-02-24,2024-05-24,0,583794.0
CAND-02828,2024-02-24,2024-06-23,0,538055.0
CAND-02829,2024-08-08,2024-09-07,0,679149.0
CAND-02829,2024-08-08,2024-10-07,0,626907.0
CAND-02829,2024-08-08,2024-11-06,0,581195.0
CAND-02829,2024-08-08,2024-12-06,0,540562.0
CAND-02829,2024-08-08,2025-01-05,0,499929.0
CAND-02830,2024-07-19,2024-08-18,0,1147103.0
CAND-02830,2024-07-19,2024-09-17,0,1056063.0
CAND-02830,2024-07-19,2024-10-17,0,958020.0
CAND-02830,2024-07-19,2024-11-16,0,851807.0
CAND-02830,2024-07-19,2024-12-16,0,776833.0
CAND-02830,2024-07-19,2025-01-15,0,670620.0
CAND-02831,2024-02-10,2024-03-11,0,221977.0
CAND-02831,2024-02-10,2024-04-10,0,203479.0
CAND-02831,2024-02-10,2024-05-10,0,179431.0
CAND-02831,2024-02-10,2024-06-09,0,166072.0
CAND-02831,2024-02-10,2024-07-09,0,151926.0
CAND-02832,2024-04-19,2024-05-19,0,561041.0
CAND-02832,2024-04-19,2024-06-18,0,501197.0
CAND-02832,2024-04-19,2024-07-18,0,463794.0
CAND-02833,2024-08-05,2024-09-04,0,583964.0
CAND-02833,2024-08-05,2024-10-04,0,549613.0
CAND-02833,2024-08-05,2024-11-03,0,498087.0
CAND-02834,2024-10-01,2024-10-31,0,495273.0
CAND-02834,2024-10-01,2024-11-30,0,454794.0
CAND-02834,2024-10-01,2024-12-30,0,417207.0
CAND-02835,2024-05-08,2024-06-07,0,625085.0
CAND-02835,2024-05-08,2024-07-07,30,613335.0
CAND-02835,2024-05-08,2024-08-06,0,552450.0
CAND-02835,2024-05-08,2024-09-05,0,491566.0
CAND-02836,2024-01-20,2024-02-19,0,572741.0
CAND-02836,2024-01-20,2024-03-20,0,536459.0
CAND-02836,2024-01-20,2024-04-19,0,485059.0
CAND-02838,2024-10-16,2024-11-15,0,347881.0
CAND-02838,2024-10-16,2024-12-15,30,340302.0
CAND-02838,2024-10-16,2025-01-14,0,301648.0
CAND-02838,2024-10-16,2025-02-13,30,290911.0
CAND-02838,2024-10-16,2025-03-15,0,255772.0
CAND-02839,2024-08-23,2024-09-22,30,540709.0
CAND-02839,2024-08-23,2024-10-22,0,485487.0
CAND-02839,2024-08-23,2024-11-21,0,439470.0
CAND-02840,2024-05-28,2024-06-27,0,1889184.0
CAND-02840,2024-05-28,2024-07-27,0,1769507.0
CAND-02840,2024-05-28,2024-08-26,0,1649830.0
CAND-02840,2024-05-28,2024-09-25,0,1504509.0
CAND-02841,2024-09-03,2024-10-03,0,620260.0
CAND-02841,2024-09-03,2024-11-02,30,608698.0
CAND-02841,2024-09-03,2024-12-02,0,542795.0
CAND-02841,2024-09-03,2025-01-01,30,527104.0
CAND-02841,2024-09-03,2025-01-31,0,490492.0
CAND-02842,2024-03-01,2024-03-31,0,419064.0
CAND-02842,2024-03-01,2024-04-30,0,378586.0
CAND-02842,2024-03-01,2024-05-30,30,370909.0
CAND-02842,2024-03-01,2024-06-29,0,341225.0
CAND-02843,2024-05-16,2024-06-15,30,475640.0
CAND-02843,2024-05-16,2024-07-15,60,467229.0
CAND-02843,2024-05-16,2024-08-14,90,457472.0
CAND-02843,2024-05-16,2024-09-13,119,442690.0
CAND-02844,2024-08-24,2024-09-23,30,315316.0
CAND-02844,2024-08-24,2024-10-23,0,296327.0
CAND-02844,2024-08-24,2024-11-22,0,276150.0
CAND-02844,2024-08-24,2024-12-22,0,249248.0
CAND-02845,2024-05-24,2024-06-23,0,468006.0
CAND-02845,2024-05-24,2024-07-23,0,435831.0
CAND-02845,2024-05-24,2024-08-22,0,389030.0
CAND-02845,2024-05-24,2024-09-21,0,342230.0
CAND-02846,2024-05-25,2024-06-24,0,1736591.0
CAND-02846,2024-05-25,2024-07-24,30,1693829.0
CAND-02846,2024-05-25,2024-08-23,0,1509955.0
CAND-02847,2024-05-13,2024-06-12,0,1304364.0
CAND-02847,2024-05-13,2024-07-12,0,1225311.0
CAND-02847,2024-05-13,2024-08-11,0,1115854.0
CAND-02847,2024-05-13,2024-09-10,0,986496.0
CAND-02847,2024-05-13,2024-10-10,0,857137.0
CAND-02848,2024-08-27,2024-09-26,0,342937.0
CAND-02848,2024-08-27,2024-10-26,0,317001.0
CAND-02848,2024-08-27,2024-11-25,0,295641.0
CAND-02848,2024-08-27,2024-12-25,0,274282.0
CAND-02849,2024-01-18,2024-02-17,0,702037.0
CAND-02849,2024-01-18,2024-03-18,0,632897.0
CAND-02849,2024-01-18,2024-04-17,0,588159.0
CAND-02849,2024-01-18,2024-05-17,0,512105.0
CAND-02849,2024-01-18,2024-06-16,0,467368.0
CAND-02850,2024-08-01,2024-08-31,0,404673.0
CAND-02850,2024-08-01,2024-09-30,0,360159.0
CAND-02850,2024-08-01,2024-10-30,0,325917.0
CAND-02850,2024-08-01,2024-11-29,30,312825.0
CAND-02850,2024-08-01,2024-12-29,0,272358.0
CAND-02851,2024-01-31,2024-03-01,0,432009.0
CAND-02851,2024-01-31,2024-03-31,0,385485.0
CAND-02851,2024-01-31,2024-04-30,0,358118.0
CAND-02851,2024-01-31,2024-05-30,0,311594.0
CAND-02852,2024-05-14,2024-06-13,0,543176.0
CAND-02852,2024-05-14,2024-07-13,0,504179.0
CAND-02852,2024-05-14,2024-08-12,0,469770.0
CAND-02852,2024-05-14,2024-09-11,30,458300.0
CAND-02852,2024-05-14,2024-10-11,60,442051.0
CAND-02853,2024-10-13,2024-11-12,0,632098.0
CAND-02853,2024-10-13,2024-12-12,30,618929.0
CAND-02853,2024-10-13,2025-01-11,60,606701.0
CAND-02854,2024-03-04,2024-04-03,0,238724.0
CAND-02854,2024-03-04,2024-05-03,0,219213.0
CAND-02854,2024-03-04,2024-06-02,0,198076.0
CAND-02854,2024-03-04,2024-07-02,0,183984.0
CAND-02854,2024-03-04,2024-08-01,0,169064.0
CAND-02854,2024-03-04,2024-08-31,0,150947.0
CAND-02855,2024-06-28,2024-07-28,0,690222.0
CAND-02855,2024-06-28,2024-08-27,30,669306.0
CAND-02855,2024-06-28,2024-09-26,60,656324.0
CAND-02856,2024-06-16,2024-07-16,0,498904.0
CAND-02856,2024-06-16,2024-08-15,30,483759.0
CAND-02856,2024-06-16,2024-09-14,0,442983.0
CAND-02856,2024-06-16,2024-10-14,30,428657.0
CAND-02857,2024-08-28,2024-09-27,0,781736.0
CAND-02857,2024-08-28,2024-10-27,0,725897.0
CAND-02857,2024-08-28,2024-11-26,0,656100.0
CAND-02858,2024-01-17,2024-02-16,0,370472.0
CAND-02858,2024-01-17,2024-03-17,0,346698.0
CAND-02858,2024-01-17,2024-04-16,0,321439.0
CAND-02859,2024-05-25,2024-06-24,0,1184864.0
CAND-02859,2024-05-25,2024-07-24,0,1083593.0
CAND-02859,2024-05-25,2024-08-23,0,963910.0
CAND-02859,2024-05-25,2024-09-22,0,869873.0
CAND-02860,2024-05-29,2024-06-28,0,326136.0
CAND-02860,2024-05-29,2024-07-28,30,315095.0
CAND-02860,2024-05-29,2024-08-27,0,293013.0
CAND-02860,2024-05-29,2024-09-26,0,265835.0
CAND-02860,2024-05-29,2024-10-26,0,246206.0
CAND-02861,2024-04-25,2024-05-25,0,1024664.0
CAND-02861,2024-04-25,2024-06-24,30,994703.0
CAND-02861,2024-04-25,2024-07-24,0,913381.0
CAND-02861,2024-04-25,2024-08-23,0,846409.0
CAND-02861,2024-04-25,2024-09-22,0,732558.0
CAND-02861,2024-04-25,2024-10-22,0,669307.0
CAND-02862,2024-05-25,2024-06-24,0,406065.0
CAND-02862,2024-05-25,2024-07-24,0,375248.0
CAND-02862,2024-05-25,2024-08-23,30,367403.0
CAND-02862,2024-05-25,2024-09-22,0,340438.0
CAND-02862,2024-05-25,2024-10-22,0,316469.0
CAND-02863,2024-02-28,2024-03-29,0,430377.0
CAND-02863,2024-02-28,2024-04-28,0,383427.0
CAND-02863,2024-02-28,2024-05-28,0,344301.0
CAND-02863,2024-02-28,2024-06-27,0,305176.0
CAND-02864,2024-08-06,2024-09-05,0,1120424.0
CAND-02864,2024-08-06,2024-10-05,0,1054029.0
CAND-02864,2024-08-06,2024-11-04,0,974354.0
CAND-02865,2024-07-31,2024-08-30,0,1116676.0
CAND-02865,2024-07-31,2024-09-29,0,1009189.0
CAND-02865,2024-07-31,2024-10-29,0,901701.0
CAND-02865,2024-07-31,2024-11-28,0,832150.0
CAND-02865,2024-07-31,2024-12-28,0,753326.0
CAND-02865,2024-07-31,2025-01-27,0,668872.0
CAND-02866,2024-03-23,2024-04-22,0,950047.0
CAND-02866,2024-03-23,2024-05-22,0,862960.0
CAND-02866,2024-03-23,2024-06-21,0,801486.0
CAND-02866,2024-03-23,2024-07-21,0,731816.0
CAND-02866,2024-03-23,2024-08-20,0,644728.0
CAND-02866,2024-03-23,2024-09-19,0,575058.0
CAND-02867,2024-07-15,2024-08-14,0,827392.0
CAND-02867,2024-07-15,2024-09-13,0,739137.0
CAND-02867,2024-07-15,2024-10-13,0,665591.0
CAND-02867,2024-07-15,2024-11-12,0,616561.0
CAND-02867,2024-07-15,2024-12-12,0,548672.0
CAND-02868,2024-06-27,2024-07-27,0,213967.0
CAND-02868,2024-06-27,2024-08-26,0,200541.0
CAND-02868,2024-06-27,2024-09-25,0,184239.0
CAND-02868,2024-06-27,2024-10-25,0,169024.0
CAND-02869,2024-01-22,2024-02-21,0,431648.0
CAND-02869,2024-01-22,2024-03-22,0,400953.0
CAND-02869,2024-01-22,2024-04-21,0,362584.0
CAND-02869,2024-01-22,2024-05-21,0,333807.0
CAND-02869,2024-01-22,2024-06-20,0,300920.0
CAND-02869,2024-01-22,2024-07-20,0,270225.0
CAND-02870,2024-01-28,2024-02-27,0,568241.0
CAND-02870,2024-01-28,2024-03-28,0,516152.0
CAND-02870,2024-01-28,2024-04-27,0,468070.0
CAND-02871,2024-07-26,2024-08-25,0,698907.0
CAND-02871,2024-07-26,2024-09-24,30,675081.0
CAND-02871,2024-07-26,2024-10-24,0,620620.0
CAND-02871,2024-07-26,2024-11-23,0,544376.0
CAND-02871,2024-07-26,2024-12-23,0,489916.0
CAND-02871,2024-07-26,2025-01-22,30,475796.0
CAND-02872,2024-02-22,2024-03-23,0,495059.0
CAND-02872,2024-02-22,2024-04-22,30,482535.0
CAND-02872,2024-02-22,2024-05-22,0,434717.0
CAND-02872,2024-02-22,2024-06-21,0,390883.0
CAND-02872,2024-02-22,2024-07-21,0,358008.0
CAND-02872,2024-02-22,2024-08-20,0,328786.0
CAND-02873,2024-01-19,2024-02-18,0,391861.0
CAND-02873,2024-01-19,2024-03-19,30,381241.0
CAND-02873,2024-01-19,2024-04-18,0,357052.0
CAND-02873,2024-01-19,2024-05-18,0,320769.0
CAND-02873,2024-01-19,2024-06-17,0,284486.0
CAND-02874,2024-07-26,2024-08-25,0,582465.0
CAND-02874,2024-07-26,2024-09-24,0,520058.0
CAND-02874,2024-07-26,2024-10-24,30,504057.0
CAND-02874,2024-07-26,2024-11-23,0,462452.0
CAND-02874,2024-07-26,2024-12-23,0,423447.0
CAND-02875,2024-08-15,2024-09-14,0,338099.0
CAND-02875,2024-08-15,2024-10-14,0,314150.0
CAND-02875,2024-08-15,2024-11-13,30,307498.0
CAND-02876,2024-04-30,2024-05-30,0,749676.0
CAND-02876,2024-04-30,2024-06-29,0,668461.0
CAND-02876,2024-04-30,2024-07-29,0,620688.0
CAND-02877,2024-06-15,2024-07-15,30,361329.0
CAND-02877,2024-06-15,2024-08-14,60,354875.0
CAND-02877,2024-06-15,2024-09-13,90,347661.0
CAND-02878,2024-09-08,2024-10-08,0,324856.0
CAND-02878,2024-09-08,2024-11-07,0,301533.0
CAND-02878,2024-09-08,2024-12-07,0,269729.0
CAND-02878,2024-09-08,2025-01-06,0,249150.0
CAND-02879,2024-08-04,2024-09-03,0,751551.0
CAND-02879,2024-08-04,2024-10-03,0,691904.0
CAND-02879,2024-08-04,2024-11-02,0,632257.0
CAND-02879,2024-08-04,2024-12-02,0,548752.0
CAND-02880,2024-03-26,2024-04-25,0,298079.0
CAND-02880,2024-03-26,2024-05-25,0,276882.0
CAND-02880,2024-03-26,2024-06-24,0,247978.0
CAND-02880,2024-03-26,2024-07-24,0,229275.0
CAND-02880,2024-03-26,2024-08-23,0,204817.0
CAND-02880,2024-03-26,2024-09-22,0,175912.0
CAND-02881,2024-01-19,2024-02-18,0,378957.0
CAND-02881,2024-01-19,2024-03-19,0,346892.0
CAND-02881,2024-01-19,2024-04-18,0,312154.0
CAND-02881,2024-01-19,2024-05-18,0,280088.0
CAND-02882,2024-09-21,2024-10-21,0,535525.0
CAND-02882,2024-09-21,2024-11-20,0,495857.0
CAND-02882,2024-09-21,2024-12-20,0,458667.0
CAND-02883,2024-04-26,2024-05-26,30,528910.0
CAND-02883,2024-04-26,2024-06-25,60,512527.0
CAND-02883,2024-04-26,2024-07-25,90,503205.0
CAND-02883,2024-04-26,2024-08-24,102,491941.0
CAND-02883,2024-04-26,2024-09-23,102,479926.0
CAND-02883,2024-04-26,2024-10-23,102,464479.0
CAND-02884,2024-10-06,2024-11-05,0,116490.0
CAND-02884,2024-10-06,2024-12-05,30,113254.0
CAND-02884,2024-10-06,2025-01-04,0,104009.0
CAND-02884,2024-10-06,2025-02-03,0,96395.0
CAND-02884,2024-10-06,2025-03-05,0,87150.0
CAND-02884,2024-10-06,2025-04-04,0,76364.0
CAND-02885,2024-08-17,2024-09-16,0,213334.0
CAND-02885,2024-08-17,2024-10-16,0,197927.0
CAND-02885,2024-08-17,2024-11-15,0,185087.0
CAND-02886,2024-01-28,2024-02-27,0,434411.0
CAND-02886,2024-01-28,2024-03-28,0,403037.0
CAND-02886,2024-01-28,2024-04-27,0,369422.0
CAND-02886,2024-01-28,2024-05-27,0,335807.0
CAND-02886,2024-01-28,2024-06-26,0,306393.0
CAND-02886,2024-01-28,2024-07-26,30,294326.0
CAND-02887,2024-08-31,2024-09-30,30,533756.0
CAND-02887,2024-08-31,2024-10-30,0,479334.0
CAND-02887,2024-08-31,2024-11-29,30,465728.0
CAND-02887,2024-08-31,2024-12-29,0,420377.0
CAND-02887,2024-08-31,2025-01-28,0,381504.0
CAND-02887,2024-08-31,2025-02-27,0,351269.0
CAND-02888,2024-09-21,2024-10-21,0,1339694.0
CAND-02888,2024-09-21,2024-11-20,0,1207754.0
CAND-02888,2024-09-21,2024-12-20,0,1127125.0
CAND-02889,2024-02-21,2024-03-22,0,477405.0
CAND-02889,2024-02-21,2024-04-21,0,445081.0
CAND-02889,2024-02-21,2024-05-21,0,410602.0
CAND-02889,2024-02-21,2024-06-20,0,363584.0
CAND-02889,2024-02-21,2024-07-20,0,334852.0
CAND-02889,2024-02-21,2024-08-19,0,302527.0
CAND-02890,2024-05-20,2024-06-19,0,310459.0
CAND-02890,2024-05-20,2024-07-19,0,290675.0
CAND-02890,2024-05-20,2024-08-18,0,266652.0
CAND-02890,2024-05-20,2024-09-17,0,238624.0
CAND-02890,2024-05-20,2024-10-17,0,219939.0
CAND-02891,2024-07-26,2024-08-25,0,346338.0
CAND-02891,2024-07-26,2024-09-24,0,325494.0
CAND-02891,2024-07-26,2024-10-24,0,298694.0
CAND-02891,2024-07-26,2024-11-23,0,261174.0
CAND-02892,2024-01-26,2024-02-25,30,326440.0
CAND-02892,2024-01-26,2024-03-26,60,316017.0
CAND-02892,2024-01-26,2024-04-25,90,309841.0
CAND-02892,2024-01-26,2024-05-25,60,302892.0
CAND-02893,2024-06-17,2024-07-17,0,391196.0
CAND-02893,2024-06-17,2024-08-16,0,356679.0
CAND-02893,2024-06-17,2024-09-15,0,329065.0
CAND-02894,2024-09-04,2024-10-04,0,532203.0
CAND-02894,2024-09-04,2024-11-03,30,518943.0
CAND-02894,2024-09-04,2024-12-03,0,485400.0
CAND-02894,2024-09-04,2025-01-02,0,428379.0
CAND-02895,2024-10-09,2024-11-08,30,3065127.0
CAND-02895,2024-10-09,2024-12-08,0,2881358.0
CAND-02895,2024-10-09,2025-01-07,0,2697589.0
CAND-02895,2024-10-09,2025-02-06,30,2632505.0
CAND-02895,2024-10-09,2025-03-08,0,2409357.0
CAND-02896,2024-05-13,2024-06-12,0,436892.0
CAND-02896,2024-05-13,2024-07-12,0,407766.0
CAND-02896,2024-05-13,2024-08-11,0,368931.0
CAND-02896,2024-05-13,2024-09-10,0,326566.0
CAND-02897,2024-02-05,2024-03-06,0,437852.0
CAND-02897,2024-02-05,2024-04-05,0,401765.0
CAND-02897,2024-02-05,2024-05-05,30,392744.0
CAND-02897,2024-02-05,2024-06-04,0,345831.0
CAND-02897,2024-02-05,2024-07-04,0,306737.0
CAND-02897,2024-02-05,2024-08-03,0,259824.0
CAND-02899,2024-04-30,2024-05-30,0,779710.0
CAND-02899,2024-04-30,2024-06-29,0,696170.0
CAND-02899,2024-04-30,2024-07-29,0,640476.0
CAND-02899,2024-04-30,2024-08-28,0,588264.0
CAND-02899,2024-04-30,2024-09-27,0,504723.0
CAND-02899,2024-04-30,2024-10-27,0,445052.0
CAND-02900,2024-08-25,2024-09-24,0,803754.0
CAND-02900,2024-08-25,2024-10-24,0,752534.0
CAND-02900,2024-08-25,2024-11-23,30,734764.0
CAND-02901,2024-01-10,2024-02-09,0,1130994.0
CAND-02901,2024-01-10,2024-03-10,0,1028891.0
CAND-02901,2024-01-10,2024-04-09,0,926787.0
CAND-02901,2024-01-10,2024-05-09,0,824683.0
CAND-02901,2024-01-10,2024-06-08,0,722580.0
CAND-02901,2024-01-10,2024-07-08,0,611194.0
CAND-02902,2024-06-29,2024-07-29,0,627158.0
CAND-02902,2024-06-29,2024-08-28,0,586912.0
CAND-02902,2024-06-29,2024-09-27,0,518495.0
CAND-02902,2024-06-29,2024-10-27,0,465866.0
CAND-02903,2024-08-12,2024-09-11,0,953161.0
CAND-02903,2024-08-12,2024-10-11,0,893794.0
CAND-02903,2024-08-12,2024-11-10,0,826512.0
CAND-02903,2024-08-12,2024-12-10,0,734764.0
CAND-02903,2024-08-12,2025-01-09,0,650662.0
CAND-02903,2024-08-12,2025-02-08,0,578574.0
CAND-02904,2024-03-26,2024-04-25,0,863822.0
CAND-02904,2024-03-26,2024-05-25,0,805334.0
CAND-02904,2024-03-26,2024-06-24,0,711753.0
CAND-02904,2024-03-26,2024-07-24,0,644910.0
CAND-02904,2024-03-26,2024-08-23,0,566926.0
CAND-02905,2024-04-26,2024-05-26,0,628335.0
CAND-02905,2024-04-26,2024-06-25,0,580462.0
CAND-02905,2024-04-26,2024-07-25,0,535780.0
CAND-02905,2024-04-26,2024-08-24,0,487907.0
CAND-02905,2024-04-26,2024-09-23,0,450672.0
CAND-02906,2024-01-28,2024-02-27,0,191299.0
CAND-02906,2024-01-28,2024-03-28,0,172459.0
CAND-02906,2024-01-28,2024-04-27,0,155189.0
CAND-02906,2024-01-28,2024-05-27,0,140386.0
CAND-02907,2024-06-14,2024-07-14,0,578775.0
CAND-02907,2024-06-14,2024-08-13,0,514466.0
CAND-02907,2024-06-14,2024-09-12,0,471594.0
CAND-02907,2024-06-14,2024-10-12,0,407286.0
CAND-02907,2024-06-14,2024-11-11,0,357818.0
CAND-02907,2024-06-14,2024-12-11,0,304228.0
CAND-02908,2024-07-13,2024-08-12,0,100899.0
CAND-02908,2024-07-13,2024-09-11,0,93692.0
CAND-02908,2024-07-13,2024-10-11,0,83864.0
CAND-02909,2024-02-21,2024-03-22,30,373923.0
CAND-02909,2024-02-21,2024-04-21,0,349747.0
CAND-02909,2024-02-21,2024-05-21,0,319992.0
CAND-02909,2024-02-21,2024-06-20,0,284827.0
CAND-02909,2024-02-21,2024-07-20,0,255072.0
CAND-02909,2024-02-21,2024-08-19,0,233582.0
CAND-02910,2024-03-20,2024-04-19,0,94690.0
CAND-02910,2024-03-20,2024-05-19,0,84360.0
CAND-02910,2024-03-20,2024-06-18,0,78621.0
CAND-02910,2024-03-20,2024-07-18,0,71735.0
CAND-02911,2024-01-27,2024-02-26,0,1648279.0
CAND-02911,2024-01-27,2024-03-27,0,1495660.0
CAND-02911,2024-01-27,2024-04-26,0,1354782.0
CAND-02911,2024-01-27,2024-05-26,0,1202164.0
CAND-02911,2024-01-27,2024-06-25,0,1049545.0
CAND-02912,2024-03-02,2024-04-01,0,1215895.0
CAND-02912,2024-03-02,2024-05-01,0,1113012.0
CAND-02912,2024-03-02,2024-05-31,0,1029419.0
CAND-02912,2024-03-02,2024-06-30,0,907830.0
CAND-02913,2024-03-06,2024-04-05,0,453353.0
CAND-02913,2024-03-06,2024-05-05,0,425877.0
CAND-02913,2024-03-06,2024-06-04,0,396785.0
CAND-02914,2024-06-01,2024-07-01,0,298093.0
CAND-02914,2024-06-01,2024-07-31,30,291333.0
CAND-02914,2024-06-01,2024-08-30,0,272932.0
CAND-02914,2024-06-01,2024-09-29,0,239811.0
CAND-02914,2024-06-01,2024-10-29,0,206690.0
CAND-02914,2024-06-01,2024-11-28,0,185989.0
CAND-02915,2024-06-29,2024-07-29,0,885607.0
CAND-02915,2024-06-29,2024-08-28,0,800065.0
CAND-02915,2024-06-29,2024-09-27,0,732854.0
CAND-02915,2024-06-29,2024-10-27,0,638758.0
CAND-02915,2024-06-29,2024-11-26,0,553217.0
CAND-02916,2024-06-19,2024-07-19,30,1118006.0
CAND-02916,2024-06-19,2024-08-18,0,1046704.0
CAND-02916,2024-06-19,2024-09-17,0,942993.0
CAND-02916,2024-06-19,2024-10-17,0,855238.0
CAND-02916,2024-06-19,2024-11-16,0,751526.0
CAND-02916,2024-06-19,2024-12-16,0,680225.0
CAND-02917,2024-10-24,2024-11-23,0,505314.0
CAND-02917,2024-10-24,2024-12-23,0,455201.0
CAND-02917,2024-10-24,2025-01-22,0,405087.0
CAND-02917,2024-10-24,2025-02-21,0,368337.0
CAND-02917,2024-10-24,2025-03-23,0,322399.0
CAND-02918,2024-03-10,2024-04-09,0,1017832.0
CAND-02918,2024-03-10,2024-05-09,0,927358.0
CAND-02918,2024-03-10,2024-06-08,0,867042.0
CAND-02918,2024-03-10,2024-07-08,0,794663.0
CAND-02918,2024-03-10,2024-08-07,0,726808.0
CAND-02919,2024-07-27,2024-08-26,0,1295681.0
CAND-02919,2024-07-27,2024-09-25,0,1176910.0
CAND-02919,2024-07-27,2024-10-25,0,1075107.0
CAND-02920,2024-05-03,2024-06-02,0,754831.0
CAND-02920,2024-05-03,2024-07-02,0,697743.0
CAND-02920,2024-05-03,2024-08-01,0,640655.0
CAND-02920,2024-05-03,2024-08-31,0,574052.0
CAND-02920,2024-05-03,2024-09-30,0,527039.0
CAND-02920,2024-05-03,2024-10-30,0,477087.0
CAND-02921,2024-03-29,2024-04-28,0,370188.0
CAND-02921,2024-03-29,2024-05-28,0,344057.0
CAND-02921,2024-03-29,2024-06-27,0,321001.0
CAND-02921,2024-03-29,2024-07-27,0,285367.0
CAND-02921,2024-03-29,2024-08-26,0,255216.0
CAND-02921,2024-03-29,2024-09-25,0,229085.0
CAND-02922,2024-02-17,2024-03-18,0,486303.0
CAND-02922,2024-02-17,2024-04-17,0,448093.0
CAND-02922,2024-02-17,2024-05-17,0,409884.0
CAND-02922,2024-02-17,2024-06-16,0,380165.0
CAND-02922,2024-02-17,2024-07-16,0,344503.0
CAND-02922,2024-02-17,2024-08-15,30,335436.0
CAND-02923,2024-07-10,2024-08-09,0,697950.0
CAND-02923,2024-07-10,2024-09-08,30,679048.0
CAND-02923,2024-07-10,2024-10-08,0,616038.0
CAND-02923,2024-07-10,2024-11-07,0,565631.0
CAND-02923,2024-07-10,2024-12-07,0,521153.0
CAND-02924,2024-05-22,2024-06-21,0,654327.0
CAND-02924,2024-05-22,2024-07-21,0,581624.0
CAND-02924,2024-05-22,2024-08-20,0,529693.0
CAND-02925,2024-04-20,2024-05-20,0,459262.0
CAND-02925,2024-04-20,2024-06-19,0,421410.0
CAND-02925,2024-04-20,2024-07-19,0,383559.0
CAND-02925,2024-04-20,2024-08-18,0,356222.0
CAND-02925,2024-04-20,2024-09-17,0,323418.0
CAND-02926,2024-03-10,2024-04-09,0,913510.0
CAND-02926,2024-03-10,2024-05-09,0,813854.0
CAND-02926,2024-03-10,2024-06-08,0,714198.0
CAND-02926,2024-03-10,2024-07-08,0,651914.0
CAND-02926,2024-03-10,2024-08-07,0,568867.0
CAND-02926,2024-03-10,2024-09-06,30,541933.0
CAND-02927,2024-01-14,2024-02-13,0,457643.0
CAND-02927,2024-01-14,2024-03-14,0,425339.0
CAND-02927,2024-01-14,2024-04-13,30,416984.0
CAND-02927,2024-01-14,2024-05-13,0,376604.0
CAND-02927,2024-01-14,2024-06-12,0,349684.0
CAND-02927,2024-01-14,2024-07-12,0,312410.0
CAND-02928,2024-03-22,2024-04-21,0,1192687.0
CAND-02928,2024-03-22,2024-05-21,0,1086670.0
CAND-02928,2024-03-22,2024-06-20,0,980653.0
CAND-02929,2024-06-30,2024-07-30,30,722064.0
CAND-02929,2024-06-30,2024-08-29,60,709548.0
CAND-02929,2024-06-30,2024-09-28,90,692764.0
CAND-02929,2024-06-30,2024-10-28,118,678284.0
CAND-02930,2024-09-05,2024-10-05,0,1455205.0
CAND-02930,2024-09-05,2024-11-04,0,1366276.0
CAND-02930,2024-09-05,2024-12-04,30,1329896.0
CAND-02931,2024-08-16,2024-09-15,0,2406750.0
CAND-02931,2024-08-16,2024-10-15,0,2249446.0
CAND-02931,2024-08-16,2024-11-14,0,2058434.0
CAND-02931,2024-08-16,2024-12-14,0,1901130.0
CAND-02931,2024-08-16,2025-01-13,0,1658024.0
CAND-02932,2024-03-14,2024-04-13,0,247710.0
CAND-02932,2024-03-14,2024-05-13,0,223583.0
CAND-02932,2024-03-14,2024-06-12,0,208838.0
CAND-02932,2024-03-14,2024-07-12,0,188422.0
CAND-02932,2024-03-14,2024-08-11,0,170729.0
CAND-02932,2024-03-14,2024-09-10,0,153035.0
CAND-02933,2024-03-01,2024-03-31,0,641909.0
CAND-02933,2024-03-01,2024-04-30,0,601453.0
CAND-02933,2024-03-01,2024-05-30,0,538929.0
CAND-02934,2024-09-29,2024-10-29,0,1137481.0
CAND-02934,2024-09-29,2024-11-28,0,1053223.0
CAND-02934,2024-09-29,2024-12-28,0,926837.0
CAND-02934,2024-09-29,2025-01-27,0,856622.0
CAND-02935,2024-09-10,2024-10-10,0,319650.0
CAND-02935,2024-09-10,2024-11-09,0,298007.0
CAND-02935,2024-09-10,2024-12-09,0,271370.0
CAND-02935,2024-09-10,2025-01-08,0,252132.0
CAND-02936,2024-10-01,2024-10-31,0,1233489.0
CAND-02936,2024-10-01,2024-11-30,0,1135593.0
CAND-02936,2024-10-01,2024-12-30,0,1010998.0
CAND-02937,2024-03-25,2024-04-24,0,1327942.0
CAND-02937,2024-03-25,2024-05-24,0,1239412.0
CAND-02937,2024-03-25,2024-06-23,0,1121373.0
CAND-02937,2024-03-25,2024-07-23,0,979726.0
CAND-02937,2024-03-25,2024-08-22,0,861687.0
CAND-02937,2024-03-25,2024-09-21,0,767255.0
CAND-02938,2024-08-08,2024-09-07,30,452839.0
CAND-02938,2024-08-08,2024-10-07,0,422080.0
CAND-02938,2024-08-08,2024-11-06,0,391321.0
CAND-02938,2024-08-08,2024-12-06,0,345183.0
CAND-02938,2024-08-08,2025-01-05,0,318043.0
CAND-02938,2024-08-08,2025-02-04,0,292410.0
CAND-02939,2024-05-17,2024-06-16,0,421010.0
CAND-02939,2024-05-17,2024-07-16,0,391188.0
CAND-02939,2024-05-17,2024-08-15,0,363231.0
CAND-02939,2024-05-17,2024-09-14,0,335273.0
CAND-02939,2024-05-17,2024-10-14,0,307315.0
CAND-02939,2024-05-17,2024-11-13,0,282464.0
CAND-02940,2024-04-08,2024-05-08,0,267735.0
CAND-02940,2024-04-08,2024-06-07,0,248513.0
CAND-02940,2024-04-08,2024-07-07,0,219680.0
CAND-02940,2024-04-08,2024-08-06,0,195652.0
CAND-02941,2024-04-06,2024-05-06,0,242148.0
CAND-02941,2024-04-06,2024-06-05,0,225638.0
CAND-02941,2024-04-06,2024-07-05,0,208028.0
CAND-02941,2024-04-06,2024-08-04,0,190417.0
CAND-02942,2024-07-05,2024-08-04,0,1008656.0
CAND-02942,2024-07-05,2024-09-03,0,947525.0
CAND-02942,2024-07-05,2024-10-03,0,882799.0
CAND-02942,2024-07-05,2024-11-02,0,791103.0
CAND-02942,2024-07-05,2024-12-02,30,765513.0
CAND-02942,2024-07-05,2025-01-01,60,745864.0
CAND-02943,2024-09-08,2024-10-08,0,476969.0
CAND-02943,2024-09-08,2024-11-07,0,423973.0
CAND-02943,2024-09-08,2024-12-07,30,414159.0
CAND-02943,2024-09-08,2025-01-06,60,397597.0
CAND-02944,2024-06-21,2024-07-21,0,195645.0
CAND-02944,2024-06-21,2024-08-20,0,183090.0
CAND-02944,2024-06-21,2024-09-19,0,171233.0
CAND-02944,2024-06-21,2024-10-19,0,159376.0
CAND-02945,2024-07-20,2024-08-19,0,558170.0
CAND-02945,2024-07-20,2024-09-18,0,520958.0
CAND-02945,2024-07-20,2024-10-18,0,485936.0
CAND-02945,2024-07-20,2024-11-17,0,431810.0
CAND-02945,2024-07-20,2024-12-17,0,398734.0
CAND-02945,2024-07-20,2025-01-16,0,339196.0
CAND-02946,2024-07-16,2024-08-15,30,559044.0
CAND-02946,2024-07-16,2024-09-14,60,544783.0
CAND-02946,2024-07-16,2024-10-14,90,534411.0
CAND-02946,2024-07-16,2024-11-13,105,522769.0
CAND-02946,2024-07-16,2024-12-13,105,503754.0
CAND-02946,2024-07-16,2025-01-12,105,488336.0
CAND-02947,2024-04-21,2024-05-21,0,342681.0
CAND-02947,2024-04-21,2024-06-20,0,321338.0
CAND-02947,2024-04-21,2024-07-20,0,298660.0
CAND-02947,2024-04-21,2024-08-19,0,272743.0
CAND-02947,2024-04-21,2024-09-18,0,246826.0
CAND-02947,2024-04-21,2024-10-18,0,226669.0
CAND-02948,2024-09-28,2024-10-28,0,556656.0
CAND-02948,2024-09-28,2024-11-27,0,523798.0
CAND-02948,2024-09-28,2024-12-27,0,486832.0
CAND-02949,2024-05-03,2024-06-02,0,250015.0
CAND-02949,2024-05-03,2024-07-02,0,228646.0
CAND-02949,2024-05-03,2024-08-01,0,213213.0
CAND-02949,2024-05-03,2024-08-31,0,194693.0
CAND-02950,2024-05-11,2024-06-10,0,307685.0
CAND-02950,2024-05-11,2024-07-10,0,277849.0
CAND-02950,2024-05-11,2024-08-09,0,257336.0
CAND-02950,2024-05-11,2024-09-08,0,238031.0
CAND-02950,2024-05-11,2024-10-08,0,217518.0
CAND-02952,2024-02-22,2024-03-23,0,2230731.0
CAND-02952,2024-02-22,2024-04-22,0,2072101.0
CAND-02952,2024-02-22,2024-05-22,0,1932133.0
CAND-02952,2024-02-22,2024-06-21,30,1862150.0
CAND-02953,2024-10-01,2024-10-31,0,1542524.0
CAND-02953,2024-10-01,2024-11-30,0,1421325.0
CAND-02953,2024-10-01,2024-12-30,0,1308207.0
CAND-02954,2024-05-13,2024-06-12,0,210734.0
CAND-02954,2024-05-13,2024-07-12,0,195807.0
CAND-02954,2024-05-13,2024-08-11,0,178584.0
CAND-02954,2024-05-13,2024-09-10,0,161360.0
CAND-02954,2024-05-13,2024-10-10,0,141005.0
CAND-02954,2024-05-13,2024-11-09,30,136436.0
CAND-02955,2024-03-04,2024-04-03,30,327168.0
CAND-02955,2024-03-04,2024-05-03,0,296682.0
CAND-02955,2024-03-04,2024-06-02,30,290900.0
CAND-02955,2024-03-04,2024-07-02,0,272269.0
CAND-02955,2024-03-04,2024-08-01,0,249913.0
CAND-02956,2024-03-13,2024-04-12,0,202101.0
CAND-02956,2024-03-13,2024-05-12,0,186634.0
CAND-02956,2024-03-13,2024-06-11,0,172198.0
CAND-02956,2024-03-13,2024-07-11,0,154154.0
CAND-02957,2024-06-22,2024-07-22,0,736840.0
CAND-02957,2024-06-22,2024-08-21,0,690787.0
CAND-02957,2024-06-22,2024-09-20,0,647293.0
CAND-02958,2024-04-12,2024-05-12,0,132036.0
CAND-02958,2024-04-12,2024-06-11,0,122433.0
CAND-02958,2024-04-12,2024-07-11,0,113431.0
CAND-02958,2024-04-12,2024-08-10,0,104428.0
CAND-02959,2024-09-01,2024-10-01,0,787405.0
CAND-02959,2024-09-01,2024-10-31,0,729662.0
CAND-02959,2024-09-01,2024-11-30,0,657484.0
CAND-02959,2024-09-01,2024-12-30,0,599740.0
CAND-02959,2024-09-01,2025-01-29,0,513126.0
CAND-02960,2024-05-01,2024-05-31,0,751702.0
CAND-02960,2024-05-01,2024-06-30,0,701957.0
CAND-02960,2024-05-01,2024-07-30,0,622365.0
CAND-02960,2024-05-01,2024-08-29,0,561141.0
CAND-02960,2024-05-01,2024-09-28,0,514322.0
CAND-02961,2024-07-29,2024-08-28,0,193091.0
CAND-02961,2024-07-29,2024-09-27,0,173782.0
CAND-02961,2024-07-29,2024-10-27,0,161288.0
CAND-02961,2024-07-29,2024-11-26,0,148013.0
CAND-02961,2024-07-29,2024-12-26,0,130313.0
CAND-02962,2024-07-14,2024-08-13,0,381516.0
CAND-02962,2024-07-14,2024-09-12,0,351237.0
CAND-02962,2024-07-14,2024-10-12,0,312700.0
CAND-02962,2024-07-14,2024-11-11,30,304049.0
CAND-02962,2024-07-14,2024-12-11,0,277555.0
CAND-02962,2024-07-14,2025-01-10,30,266957.0
CAND-02963,2024-07-22,2024-08-21,0,299039.0
CAND-02963,2024-07-22,2024-09-20,0,277570.0
CAND-02963,2024-07-22,2024-10-20,0,248293.0
CAND-02964,2024-03-30,2024-04-29,0,313903.0
CAND-02964,2024-03-30,2024-05-29,0,289756.0
CAND-02964,2024-03-30,2024-06-28,0,265610.0
CAND-02964,2024-03-30,2024-07-28,30,254342.0
CAND-02964,2024-03-30,2024-08-27,0,228338.0
CAND-02965,2024-01-31,2024-03-01,30,466601.0
CAND-02965,2024-01-31,2024-03-31,60,456389.0
CAND-02965,2024-01-31,2024-04-30,90,446791.0
CAND-02966,2024-03-28,2024-04-27,0,124418.0
CAND-02966,2024-03-28,2024-05-27,0,116669.0
CAND-02966,2024-03-28,2024-06-26,0,105691.0
CAND-02966,2024-03-28,2024-07-26,0,95557.0
CAND-02966,2024-03-28,2024-08-25,0,85424.0
CAND-02967,2024-03-12,2024-04-11,0,2401475.0
CAND-02967,2024-03-12,2024-05-11,0,2205880.0
CAND-02967,2024-03-12,2024-06-10,0,1993985.0
CAND-02967,2024-03-12,2024-07-10,30,1950887.0
CAND-02967,2024-03-12,2024-08-09,0,1719729.0
CAND-02967,2024-03-12,2024-09-08,0,1538105.0
CAND-02968,2024-02-21,2024-03-22,0,190093.0
CAND-02968,2024-02-21,2024-04-21,0,175545.0
CAND-02968,2024-02-21,2024-05-21,30,171302.0
CAND-02969,2024-02-21,2024-03-22,0,359128.0
CAND-02969,2024-02-21,2024-04-21,0,324440.0
CAND-02969,2024-02-21,2024-05-21,0,303241.0
CAND-02969,2024-02-21,2024-06-20,0,273890.0
CAND-02969,2024-02-21,2024-07-20,0,248451.0
CAND-02969,2024-02-21,2024-08-19,0,223013.0
CAND-02970,2024-07-28,2024-08-27,0,263302.0
CAND-02970,2024-07-28,2024-09-26,0,234579.0
CAND-02970,2024-07-28,2024-10-26,30,227739.0
CAND-02971,2024-08-10,2024-09-09,0,350760.0
CAND-02971,2024-08-10,2024-10-09,0,329325.0
CAND-02971,2024-08-10,2024-11-08,0,294249.0
CAND-02971,2024-08-10,2024-12-08,0,266689.0
CAND-02971,2024-08-10,2025-01-07,0,239129.0
CAND-02972,2024-04-07,2024-05-07,0,798360.0
CAND-02972,2024-04-07,2024-06-06,0,725177.0
CAND-02972,2024-04-07,2024-07-06,0,651994.0
CAND-02973,2024-09-06,2024-10-06,0,890780.0
CAND-02973,2024-09-06,2024-11-05,0,830467.0
CAND-02973,2024-09-06,2024-12-05,0,756235.0
CAND-02973,2024-09-06,2025-01-04,0,659734.0
CAND-02973,2024-09-06,2025-02-03,0,585502.0
CAND-02973,2024-09-06,2025-03-05,0,489001.0
CAND-02974,2024-06-05,2024-07-05,30,449703.0
CAND-02974,2024-06-05,2024-08-04,0,414266.0
CAND-02974,2024-06-05,2024-09-03,0,375877.0
CAND-02974,2024-06-05,2024-10-03,0,348779.0
CAND-02975,2024-03-02,2024-04-01,0,242172.0
CAND-02975,2024-03-02,2024-05-01,30,237569.0
CAND-02975,2024-03-02,2024-05-31,0,218830.0
CAND-02975,2024-03-02,2024-06-30,0,194980.0
CAND-02975,2024-03-02,2024-07-30,0,177489.0
CAND-02975,2024-03-02,2024-08-29,0,155627.0
CAND-02976,2024-04-28,2024-05-28,0,797977.0
CAND-02976,2024-04-28,2024-06-27,0,718180.0
CAND-02976,2024-04-28,2024-07-27,0,630402.0
CAND-02976,2024-04-28,2024-08-26,0,567704.0
CAND-02976,2024-04-28,2024-09-25,0,512843.0
CAND-02976,2024-04-28,2024-10-25,0,445322.0
CAND-02977,2024-04-04,2024-05-04,0,497414.0
CAND-02977,2024-04-04,2024-06-03,0,464497.0
CAND-02977,2024-04-04,2024-07-03,0,420608.0
CAND-02977,2024-04-04,2024-08-02,0,387691.0
CAND-02977,2024-04-04,2024-09-01,0,354773.0
CAND-02977,2024-04-04,2024-10-01,0,323793.0
CAND-02978,2024-02-02,2024-03-03,0,812892.0
CAND-02978,2024-02-02,2024-04-02,0,724829.0
CAND-02978,2024-02-02,2024-05-02,0,657088.0
CAND-02978,2024-02-02,2024-06-01,0,598379.0
CAND-02978,2024-02-02,2024-07-01,0,510316.0
CAND-02978,2024-02-02,2024-07-31,0,422252.0
CAND-02979,2024-01-19,2024-02-18,30,365656.0
CAND-02979,2024-01-19,2024-03-19,60,353654.0
CAND-02979,2024-01-19,2024-04-18,90,341651.0
CAND-02979,2024-01-19,2024-05-18,97,334058.0
CAND-02980,2024-03-08,2024-04-07,0,454095.0
CAND-02980,2024-03-08,2024-05-07,0,424044.0
CAND-02980,2024-03-08,2024-06-06,0,389701.0
CAND-02980,2024-03-08,2024-07-06,0,359651.0
CAND-02981,2024-09-09,2024-10-09,0,447381.0
CAND-02981,2024-09-09,2024-11-08,0,407907.0
CAND-02981,2024-09-09,2024-12-08,0,380042.0
CAND-02981,2024-09-09,2025-01-07,0,348462.0
CAND-02981,2024-09-09,2025-02-06,0,308987.0
CAND-02981,2024-09-09,2025-03-08,0,265924.0
CAND-02982,2024-09-03,2024-10-03,0,455988.0
CAND-02982,2024-09-03,2024-11-02,0,425707.0
CAND-02982,2024-09-03,2024-12-02,0,395427.0
CAND-02982,2024-09-03,2025-01-01,0,358159.0
CAND-02982,2024-09-03,2025-01-31,0,309710.0
CAND-02983,2024-03-02,2024-04-01,0,581648.0
CAND-02983,2024-03-02,2024-05-01,0,537134.0
CAND-02983,2024-03-02,2024-05-31,0,474814.0
CAND-02983,2024-03-02,2024-06-30,0,422882.0
CAND-02984,2024-09-17,2024-10-17,0,559369.0
CAND-02984,2024-09-17,2024-11-16,0,516750.0
CAND-02984,2024-09-17,2024-12-16,0,483602.0
CAND-02984,2024-09-17,2025-01-15,0,446311.0
CAND-02984,2024-09-17,2025-02-14,30,432105.0
CAND-02984,2024-09-17,2025-03-16,0,392328.0
CAND-02985,2024-04-24,2024-05-24,0,604413.0
CAND-02985,2024-04-24,2024-06-23,0,537256.0
CAND-02985,2024-04-24,2024-07-23,0,495283.0
CAND-02985,2024-04-24,2024-08-22,0,457973.0
CAND-02985,2024-04-24,2024-09-21,0,418469.0
CAND-02985,2024-04-24,2024-10-21,0,376496.0
CAND-02986,2024-08-30,2024-09-29,0,333567.0
CAND-02986,2024-08-30,2024-10-29,0,305057.0
CAND-02986,2024-08-30,2024-11-28,0,283255.0
CAND-02987,2024-06-07,2024-07-07,30,369500.0
CAND-02987,2024-06-07,2024-08-06,60,360078.0
CAND-02987,2024-06-07,2024-09-05,90,353466.0
CAND-02987,2024-06-07,2024-10-05,117,344492.0
CAND-02988,2024-08-12,2024-09-11,0,449234.0
CAND-02988,2024-08-12,2024-10-11,0,422356.0
CAND-02988,2024-08-12,2024-11-10,0,382041.0
CAND-02988,2024-08-12,2024-12-10,0,338060.0
CAND-02989,2024-09-09,2024-10-09,0,2351896.0
CAND-02989,2024-09-09,2024-11-08,0,2185303.0
CAND-02989,2024-09-09,2024-12-08,30,2128510.0
CAND-02990,2024-10-20,2024-11-19,0,699510.0
CAND-02990,2024-10-20,2024-12-19,0,649767.0
CAND-02990,2024-10-20,2025-01-18,0,592371.0
CAND-02990,2024-10-20,2025-02-17,0,539075.0
CAND-02991,2024-03-09,2024-04-08,0,378280.0
CAND-02991,2024-03-09,2024-05-08,0,340070.0
CAND-02991,2024-03-09,2024-06-07,0,301860.0
CAND-02991,2024-03-09,2024-07-07,0,269528.0
CAND-02992,2024-10-10,2024-11-09,0,390269.0
CAND-02992,2024-10-10,2024-12-09,0,352061.0
CAND-02992,2024-10-10,2025-01-08,0,317037.0
CAND-02992,2024-10-10,2025-02-07,0,290769.0
CAND-02994,2024-09-13,2024-10-13,30,563447.0
CAND-02994,2024-09-13,2024-11-12,60,552484.0
CAND-02994,2024-09-13,2024-12-12,90,540626.0
CAND-02994,2024-09-13,2025-01-11,102,528520.0
CAND-02994,2024-09-13,2025-02-10,102,514348.0
CAND-02995,2024-10-04,2024-11-03,0,1290889.0
CAND-02995,2024-10-04,2024-12-03,0,1212001.0
CAND-02995,2024-10-04,2025-01-02,0,1102772.0
CAND-02996,2024-01-19,2024-02-18,30,407934.0
CAND-02996,2024-01-19,2024-03-19,60,396901.0
CAND-02996,2024-01-19,2024-04-18,90,386919.0
CAND-02997,2024-04-07,2024-05-07,0,530712.0
CAND-02997,2024-04-07,2024-06-06,0,495331.0
CAND-02997,2024-04-07,2024-07-06,0,457592.0
CAND-02997,2024-04-07,2024-08-05,0,422211.0
CAND-02998,2024-05-14,2024-06-13,0,1050896.0
CAND-02998,2024-05-14,2024-07-13,0,961974.0
CAND-02998,2024-05-14,2024-08-12,0,884909.0
CAND-02998,2024-05-14,2024-09-11,0,788576.0
CAND-02998,2024-05-14,2024-10-11,0,672978.0
CAND-02998,2024-05-14,2024-11-10,0,557379.0
CAND-02999,2024-02-14,2024-03-15,0,228222.0
CAND-02999,2024-02-14,2024-04-14,0,205993.0
CAND-02999,2024-02-14,2024-05-14,0,190710.0
CAND-02999,2024-02-14,2024-06-13,0,175427.0
CAND-02999,2024-02-14,2024-07-13,0,150975.0
CAND-03000,2024-08-13,2024-09-12,0,178104.0
CAND-03000,2024-08-13,2024-10-12,30,171710.0
CAND-03000,2024-08-13,2024-11-11,60,167874.0
CAND-03000,2024-08-13,2024-12-11,90,164387.0
CAND-03000,2024-08-13,2025-01-10,90,159339.0
CAND-03001,2024-11-14,2024-12-14,0,1390833.0
CAND-03001,2024-11-14,2025-01-13,0,1300838.0
CAND-03001,2024-11-14,2025-02-12,30,1271971.0
CAND-03001,2024-11-14,2025-03-14,60,1224161.0
CAND-03001,2024-11-14,2025-04-13,90,1173164.0
CAND-03001,2024-11-14,2025-05-13,113,1144832.0
CAND-03002,2024-11-02,2024-12-02,30,631362.0
CAND-03002,2024-11-02,2025-01-01,0,590836.0
CAND-03002,2024-11-02,2025-01-31,0,552693.0
CAND-03002,2024-11-02,2025-03-02,0,493745.0
CAND-03003,2024-12-06,2025-01-05,0,316711.0
CAND-03003,2024-12-06,2025-02-04,0,288766.0
CAND-03003,2024-12-06,2025-03-06,0,270136.0
CAND-03003,2024-12-06,2025-04-05,0,239650.0
CAND-03003,2024-12-06,2025-05-05,0,219924.0
CAND-03004,2024-12-07,2025-01-06,0,350807.0
CAND-03004,2024-12-07,2025-02-05,30,344242.0
CAND-03004,2024-12-07,2025-03-07,0,322231.0
CAND-03004,2024-12-07,2025-04-06,0,301442.0
CAND-03004,2024-12-07,2025-05-06,0,278055.0
CAND-03005,2024-10-22,2024-11-21,30,242047.0
CAND-03005,2024-10-22,2024-12-21,0,226653.0
CAND-03005,2024-10-22,2025-01-20,30,220646.0
CAND-03006,2025-01-02,2025-02-01,0,1368698.0
CAND-03006,2025-01-02,2025-03-03,0,1282818.0
CAND-03006,2025-01-02,2025-04-02,30,1248866.0
CAND-03006,2025-01-02,2025-05-02,60,1219667.0
CAND-03007,2024-11-20,2024-12-20,0,856309.0
CAND-03007,2024-11-20,2025-01-19,0,791546.0
CAND-03007,2024-11-20,2025-02-18,30,770940.0
CAND-03007,2024-11-20,2025-03-20,60,749854.0
CAND-03008,2024-11-24,2024-12-24,30,691240.0
CAND-03008,2024-11-24,2025-01-23,60,678399.0
CAND-03008,2024-11-24,2025-02-22,90,655616.0
CAND-03008,2024-11-24,2025-03-24,111,639921.0
CAND-03008,2024-11-24,2025-04-23,111,627951.0
CAND-03009,2024-11-12,2024-12-12,30,529122.0
CAND-03009,2024-11-12,2025-01-11,60,516244.0
CAND-03009,2024-11-12,2025-02-10,90,505638.0
CAND-03010,2024-11-24,2024-12-24,30,811079.0
CAND-03010,2024-11-24,2025-01-23,60,792957.0
CAND-03010,2024-11-24,2025-02-22,90,769140.0
CAND-03010,2024-11-24,2025-03-24,92,745984.0
CAND-03010,2024-11-24,2025-04-23,92,719934.0
CAND-03010,2024-11-24,2025-05-23,92,701409.0
CAND-03011,2024-11-27,2024-12-27,0,731385.0
CAND-03011,2024-11-27,2025-01-26,30,711069.0
CAND-03011,2024-11-27,2025-02-25,60,695736.0
CAND-03011,2024-11-27,2025-03-27,90,681224.0
CAND-03012,2024-11-12,2024-12-12,0,2694936.0
CAND-03012,2024-11-12,2025-01-11,30,2625098.0
CAND-03012,2024-11-12,2025-02-10,0,2364792.0
CAND-03012,2024-11-12,2025-03-12,0,2205716.0
CAND-03013,2024-12-02,2025-01-01,0,653237.0
CAND-03013,2024-12-02,2025-01-31,0,610969.0
CAND-03013,2024-12-02,2025-03-02,30,598790.0
CAND-03013,2024-12-02,2025-04-01,60,583501.0
CAND-03013,2024-12-02,2025-05-01,90,569683.0
CAND-03014,2024-10-09,2024-11-08,0,202808.0
CAND-03014,2024-10-09,2024-12-08,0,188321.0
CAND-03014,2024-10-09,2025-01-07,0,174741.0
CAND-03014,2024-10-09,2025-02-06,0,159220.0
CAND-03014,2024-10-09,2025-03-08,0,145639.0
CAND-03014,2024-10-09,2025-04-07,30,141015.0
CAND-03015,2024-10-12,2024-11-11,0,431174.0
CAND-03015,2024-10-12,2024-12-11,0,395455.0
CAND-03015,2024-10-12,2025-01-10,0,369659.0
CAND-03015,2024-10-12,2025-02-09,0,342344.0
CAND-03015,2024-10-12,2025-03-11,0,313323.0
CAND-03015,2024-10-12,2025-04-10,0,266889.0
CAND-03016,2025-01-04,2025-02-03,0,275757.0
CAND-03016,2025-01-04,2025-03-05,0,257914.0
CAND-03016,2025-01-04,2025-04-04,0,227581.0
CAND-03016,2025-01-04,2025-05-04,0,202303.0
CAND-03017,2024-11-12,2024-12-12,0,319435.0
CAND-03017,2024-11-12,2025-01-11,0,300644.0
CAND-03017,2024-11-12,2025-02-10,0,281854.0
CAND-03018,2025-01-02,2025-02-01,0,849227.0
CAND-03018,2025-01-02,2025-03-03,0,777370.0
CAND-03018,2025-01-02,2025-04-02,0,722420.0
CAND-03019,2024-10-26,2024-11-25,0,213336.0
CAND-03019,2024-10-26,2024-12-25,0,200406.0
CAND-03019,2024-10-26,2025-01-24,0,186716.0
CAND-03019,2024-10-26,2025-02-23,0,173026.0
CAND-03020,2024-11-17,2024-12-17,0,1438608.0
CAND-03020,2024-11-17,2025-01-16,0,1321029.0
CAND-03020,2024-11-17,2025-02-15,0,1219128.0
CAND-03020,2024-11-17,2025-03-17,0,1134210.0
CAND-03020,2024-11-17,2025-04-16,0,1025030.0
CAND-03021,2024-12-24,2025-01-23,30,719174.0
CAND-03021,2024-12-24,2025-02-22,0,662865.0
CAND-03021,2024-12-24,2025-03-24,0,622197.0
CAND-03021,2024-12-24,2025-04-23,0,565888.0
CAND-03021,2024-12-24,2025-05-23,0,520137.0
CAND-03021,2024-12-24,2025-06-22,0,479470.0
CAND-03022,2024-12-28,2025-01-27,0,891349.0
CAND-03022,2024-12-28,2025-02-26,0,823936.0
CAND-03022,2024-12-28,2025-03-28,0,768419.0
CAND-03022,2024-12-28,2025-04-27,0,682621.0
CAND-03022,2024-12-28,2025-05-27,30,659026.0
CAND-03022,2024-12-28,2025-06-26,60,639766.0
CAND-03023,2024-12-02,2025-01-01,0,657549.0
CAND-03023,2024-12-02,2025-01-31,30,638411.0
CAND-03023,2024-12-02,2025-03-02,60,621139.0
CAND-03023,2024-12-02,2025-04-01,90,602001.0
CAND-03024,2024-10-31,2024-11-30,0,268112.0
CAND-03024,2024-10-31,2024-12-30,0,250763.0
CAND-03024,2024-10-31,2025-01-29,0,231102.0
CAND-03025,2024-12-23,2025-01-22,0,1191140.0
CAND-03025,2024-12-23,2025-02-21,0,1116068.0
CAND-03025,2024-12-23,2025-03-23,0,1024909.0
CAND-03025,2024-12-23,2025-04-22,0,897287.0
CAND-03025,2024-12-23,2025-05-22,0,781267.0
CAND-03026,2024-11-16,2024-12-16,0,753281.0
CAND-03026,2024-11-16,2025-01-15,0,683533.0
CAND-03026,2024-11-16,2025-02-14,0,634299.0
CAND-03026,2024-11-16,2025-03-16,0,578500.0
CAND-03026,2024-11-16,2025-04-15,0,494802.0
CAND-03026,2024-11-16,2025-05-15,30,469439.0
CAND-03027,2024-12-13,2025-01-12,0,594552.0
CAND-03027,2024-12-13,2025-02-11,0,551612.0
CAND-03027,2024-12-13,2025-03-13,0,511356.0
CAND-03027,2024-12-13,2025-04-12,0,461810.0
CAND-03027,2024-12-13,2025-05-12,0,418870.0
CAND-03027,2024-12-13,2025-06-11,0,380982.0
CAND-03028,19-01-2025,2025-02-18,0,1243768.0
CAND-03028,19-01-2025,2025-03-20,30,1214365.0
CAND-03028,19-01-2025,2025-04-19,60,1190942.0
CAND-03028,19-01-2025,2025-05-19,90,1162151.0
CAND-03029,2024-12-28,2025-01-27,0,505466.0
CAND-03029,2024-12-28,2025-02-26,0,460104.0
CAND-03029,2024-12-28,2025-03-28,0,429862.0
CAND-03029,2024-12-28,2025-04-27,0,380376.0
CAND-03030,2024-12-16,2025-01-15,0,1258981.0
CAND-03030,2024-12-16,2025-02-14,0,1168055.0
CAND-03030,2024-12-16,2025-03-16,0,1082811.0
CAND-03030,2024-12-16,2025-04-15,30,1053792.0
CAND-03031,2024-11-23,2024-12-23,0,912763.0
CAND-03031,2024-11-23,2025-01-22,0,853105.0
CAND-03031,2024-11-23,2025-02-21,0,789719.0
CAND-03031,2024-11-23,2025-03-23,0,711705.0
CAND-03032,2024-12-21,2025-01-20,30,633085.0
CAND-03032,2024-12-21,2025-02-19,60,617267.0
CAND-03032,2024-12-21,2025-03-21,90,603169.0
CAND-03032,2024-12-21,2025-04-20,91,589370.0
CAND-03033,2024-10-19,2024-11-18,0,857560.0
CAND-03033,2024-10-19,2024-12-18,0,790737.0
CAND-03033,2024-10-19,2025-01-17,30,768981.0
CAND-03033,2024-10-19,2025-02-16,60,741466.0
CAND-03033,2024-10-19,2025-03-18,90,722755.0
CAND-03033,2024-10-19,2025-04-17,98,693520.0
CAND-03034,2024-12-12,2025-01-11,0,875320.0
CAND-03034,2024-12-12,2025-02-10,0,813319.0
CAND-03034,2024-12-12,2025-03-12,0,728771.0
CAND-03034,2024-12-12,2025-04-11,0,670644.0
CAND-03034,2024-12-12,2025-05-11,0,599103.0
CAND-03035,2024-11-28,2024-12-28,0,477579.0
CAND-03035,2024-11-28,2025-01-27,0,431062.0
CAND-03035,2024-11-28,2025-02-26,30,421029.0
CAND-03035,2024-11-28,2025-03-28,0,369859.0
CAND-03036,2024-10-12,2024-11-11,30,2543236.0
CAND-03036,2024-10-12,2024-12-11,60,2491810.0
CAND-03036,2024-10-12,2025-01-10,90,2407207.0
CAND-03037,2024-11-10,2024-12-10,0,764816.0
CAND-03037,2024-11-10,2025-01-09,0,699447.0
CAND-03037,2024-11-10,2025-02-08,0,622193.0
CAND-03038,2024-10-18,2024-11-17,0,578732.0
CAND-03038,2024-10-18,2024-12-17,0,537578.0
CAND-03038,2024-10-18,2025-01-16,0,486135.0
CAND-03038,2024-10-18,2025-02-15,0,430015.0
CAND-03038,2024-10-18,2025-03-17,0,388861.0
CAND-03038,2024-10-18,2025-04-16,0,350279.0
CAND-03039,2025-01-21,2025-02-20,0,645043.0
CAND-03039,2025-01-21,2025-03-22,0,601063.0
CAND-03039,2025-01-21,2025-04-21,0,550799.0
CAND-03040,2024-12-26,2025-01-25,0,180401.0
CAND-03040,2024-12-26,2025-02-24,0,164211.0
CAND-03040,2024-12-26,2025-03-26,0,146550.0
CAND-03040,2024-12-26,2025-04-25,0,135756.0
CAND-03040,2024-12-26,2025-05-25,0,120812.0
CAND-03041,2024-10-18,2024-11-17,0,507097.0
CAND-03041,2024-10-18,2024-12-17,0,465303.0
CAND-03041,2024-10-18,2025-01-16,0,426495.0
CAND-03041,2024-10-18,2025-02-15,0,377102.0
CAND-03041,2024-10-18,2025-03-17,0,343145.0
CAND-03042,2024-12-26,2025-01-25,0,328348.0
CAND-03042,2024-12-26,2025-02-24,0,306247.0
CAND-03042,2024-12-26,2025-03-26,30,296690.0
CAND-03042,2024-12-26,2025-04-25,60,288467.0
CAND-03042,2024-12-26,2025-05-25,90,281667.0
CAND-03043,2024-11-23,2024-12-23,0,1197555.0
CAND-03043,2024-11-23,2025-01-22,0,1111065.0
CAND-03043,2024-11-23,2025-02-21,0,1038990.0
CAND-03044,2024-11-16,2024-12-16,0,316704.0
CAND-03044,2024-11-16,2025-01-15,0,296979.0
CAND-03044,2024-11-16,2025-02-14,0,277253.0
CAND-03044,2024-11-16,2025-03-16,0,249309.0
CAND-03044,2024-11-16,2025-04-15,0,230679.0
CAND-03045,2024-12-19,2025-01-18,0,502006.0
CAND-03045,2024-12-19,2025-02-17,0,472373.0
CAND-03045,2024-12-19,2025-03-19,0,440998.0
CAND-03046,2024-11-02,2024-12-02,0,540896.0
CAND-03046,2024-11-02,2025-01-01,0,504273.0
CAND-03046,2024-11-02,2025-01-31,0,465208.0
CAND-03046,2024-11-02,2025-03-02,0,420134.0
CAND-03047,2024-11-24,2024-12-24,0,532473.0
CAND-03047,2024-11-24,2025-01-23,0,478688.0
CAND-03047,2024-11-24,2025-02-22,0,443886.0
CAND-03047,2024-11-24,2025-03-24,0,411017.0
CAND-03047,2024-11-24,2025-04-23,0,376215.0
CAND-03048,2024-12-12,2025-01-11,0,272912.0
CAND-03048,2024-12-12,2025-02-10,0,253318.0
CAND-03048,2024-12-12,2025-03-12,0,226599.0
CAND-03048,2024-12-12,2025-04-11,0,208230.0
CAND-03048,2024-12-12,2025-05-11,0,188637.0
CAND-03049,2025-01-08,2025-02-07,0,361592.0
CAND-03049,2025-01-08,2025-03-09,0,331638.0
CAND-03049,2025-01-08,2025-04-08,0,307300.0
CAND-03050,2024-11-08,2024-12-08,0,1240700.0
CAND-03050,2024-11-08,2025-01-07,30,1216288.0
CAND-03050,2024-11-08,2025-02-06,60,1186994.0
CAND-03051,2024-10-29,2024-11-28,0,221948.0
CAND-03051,2024-10-29,2024-12-28,0,198366.0
CAND-03051,2024-10-29,2025-01-27,30,192882.0
CAND-03051,2024-10-29,2025-02-26,60,188069.0
CAND-03052,2024-11-26,2024-12-26,0,1648677.0
CAND-03052,2024-11-26,2025-01-25,0,1511287.0
CAND-03052,2024-11-26,2025-02-24,0,1399658.0
CAND-03052,2024-11-26,2025-03-26,30,1367184.0
CAND-03052,2024-11-26,2025-04-25,60,1311370.0
CAND-03052,2024-11-26,2025-05-25,90,1251834.0
CAND-03053,2025-01-22,2025-02-21,0,368055.0
CAND-03053,2025-01-22,2025-03-23,30,361450.0
CAND-03053,2025-01-22,2025-04-22,0,326022.0
CAND-03053,2025-01-22,2025-05-22,30,317730.0
CAND-03053,2025-01-22,2025-06-21,60,305159.0
CAND-03053,2025-01-22,2025-07-21,30,292169.0
CAND-03054,2024-11-04,2024-12-04,0,138774.0
CAND-03054,2024-11-04,2025-01-03,0,123354.0
CAND-03054,2024-11-04,2025-02-02,30,120696.0
CAND-03054,2024-11-04,2025-03-04,60,117612.0
CAND-03054,2024-11-04,2025-04-03,90,114809.0
CAND-03055,2024-12-21,2025-01-20,0,475658.0
CAND-03055,2024-12-21,2025-02-19,0,424695.0
CAND-03055,2024-12-21,2025-03-21,30,410538.0
CAND-03055,2024-12-21,2025-04-20,0,378686.0
CAND-03055,2024-12-21,2025-05-20,0,342284.0
CAND-03056,2024-12-24,2025-01-23,0,367819.0
CAND-03056,2024-12-24,2025-02-22,0,340846.0
CAND-03056,2024-12-24,2025-03-24,30,332050.0
CAND-03056,2024-12-24,2025-04-23,0,303150.0
CAND-03057,2024-12-12,2025-01-11,0,966847.0
CAND-03057,2024-12-12,2025-02-10,0,904803.0
CAND-03057,2024-12-12,2025-03-12,0,808918.0
CAND-03057,2024-12-12,2025-04-11,0,703443.0
CAND-03057,2024-12-12,2025-05-11,0,637522.0
CAND-03057,2024-12-12,2025-06-10,30,614083.0
CAND-03058,2025-01-15,2025-02-14,0,733124.0
CAND-03058,2025-01-15,2025-03-16,0,687124.0
CAND-03058,2025-01-15,2025-04-15,0,626970.0
CAND-03058,2025-01-15,2025-05-15,0,555880.0
CAND-03058,2025-01-15,2025-06-14,0,495726.0
CAND-03059,2024-10-18,2024-11-17,0,1248710.0
CAND-03059,2024-10-18,2024-12-17,0,1114920.0
CAND-03059,2024-10-18,2025-01-16,0,1019355.0
CAND-03059,2024-10-18,2025-02-15,0,940655.0
CAND-03060,2024-11-27,2024-12-27,0,748658.0
CAND-03060,2024-11-27,2025-01-26,0,695421.0
CAND-03060,2024-11-27,2025-02-25,0,645510.0
CAND-03061,2024-11-06,2024-12-06,0,211625.0
CAND-03061,2024-11-06,2025-01-05,0,194329.0
CAND-03061,2024-11-06,2025-02-04,0,173888.0
CAND-03061,2024-11-06,2025-03-06,0,156592.0
CAND-03062,2024-10-07,2024-11-06,0,1297170.0
CAND-03062,2024-10-07,2024-12-06,0,1219100.0
CAND-03062,2024-10-07,2025-01-05,0,1125415.0
CAND-03062,2024-10-07,2025-02-04,0,1025039.0
CAND-03062,2024-10-07,2025-03-06,0,946969.0
CAND-03063,2024-11-18,2024-12-18,0,411556.0
CAND-03063,2024-11-18,2025-01-17,30,396313.0
CAND-03063,2024-11-18,2025-02-16,0,358206.0
CAND-03063,2024-11-18,2025-03-18,30,349239.0
CAND-03063,2024-11-18,2025-04-17,60,339298.0
CAND-03063,2024-11-18,2025-05-17,90,329772.0
CAND-03064,2024-11-22,2024-12-22,0,272243.0
CAND-03064,2024-11-22,2025-01-21,0,251653.0
CAND-03064,2024-11-22,2025-02-20,0,232436.0
CAND-03064,2024-11-22,2025-03-22,0,210262.0
CAND-03064,2024-11-22,2025-04-21,0,186241.0
CAND-03065,2024-11-26,2024-12-26,30,374124.0
CAND-03065,2024-11-26,2025-01-25,60,365051.0
CAND-03065,2024-11-26,2025-02-24,90,358366.0
CAND-03065,2024-11-26,2025-03-26,113,349706.0
CAND-03065,2024-11-26,2025-04-25,113,341045.0
CAND-03066,2024-10-22,2024-11-21,0,359850.0
CAND-03066,2024-10-22,2024-12-21,0,320867.0
CAND-03066,2024-10-22,2025-01-20,0,296502.0
CAND-03066,2024-10-22,2025-02-19,0,273570.0
CAND-03067,2024-10-29,2024-11-28,0,495651.0
CAND-03067,2024-10-29,2024-12-28,0,462737.0
CAND-03067,2024-10-29,2025-01-27,0,431758.0
CAND-03067,2024-10-29,2025-02-26,0,383883.0
CAND-03067,2024-10-29,2025-03-28,0,339997.0
CAND-03068,2024-12-31,2025-01-30,0,248377.0
CAND-03068,2024-12-31,2025-03-01,0,229023.0
CAND-03068,2024-12-31,2025-03-31,0,206443.0
CAND-03068,2024-12-31,2025-04-30,0,187089.0
CAND-03069,2024-12-02,2025-01-01,30,322199.0
CAND-03069,2024-12-02,2025-01-31,60,311624.0
CAND-03069,2024-12-02,2025-03-02,90,301048.0
CAND-03070,2024-11-02,2024-12-02,0,506536.0
CAND-03070,2024-11-02,2025-01-01,0,459635.0
CAND-03070,2024-11-02,2025-01-31,0,428367.0
CAND-03070,2024-11-02,2025-03-02,0,397099.0
CAND-03071,2024-12-23,2025-01-22,30,1400547.0
CAND-03071,2024-12-23,2025-02-21,60,1370857.0
CAND-03071,2024-12-23,2025-03-23,90,1344946.0
CAND-03072,2024-11-27,2024-12-27,0,275972.0
CAND-03072,2024-11-27,2025-01-26,0,258656.0
CAND-03072,2024-11-27,2025-02-25,0,236012.0
CAND-03073,2024-12-21,2025-01-20,0,280144.0
CAND-03073,2024-12-21,2025-02-19,0,261044.0
CAND-03073,2024-12-21,2025-03-21,30,255864.0
CAND-03074,2024-10-21,2024-11-20,0,806445.0
CAND-03074,2024-10-21,2024-12-20,30,790604.0
CAND-03074,2024-10-21,2025-01-19,60,770443.0
CAND-03074,2024-10-21,2025-02-18,90,748265.0
CAND-03075,2024-12-14,2025-01-13,0,506175.0
CAND-03075,2024-12-14,2025-02-12,0,476179.0
CAND-03075,2024-12-14,2025-03-14,0,444419.0
CAND-03075,2024-12-14,2025-04-13,0,410674.0
CAND-03075,2024-12-14,2025-05-13,0,369142.0
CAND-03076,2024-11-03,2024-12-03,0,667356.0
CAND-03076,2024-11-03,2025-01-02,0,601172.0
CAND-03076,2024-11-03,2025-02-01,0,555671.0
CAND-03076,2024-11-03,2025-03-03,0,515225.0
CAND-03076,2024-11-03,2025-04-02,30,500664.0
CAND-03077,2024-12-20,2025-01-19,0,887848.0
CAND-03077,2024-12-20,2025-02-18,0,835621.0
CAND-03077,2024-12-20,2025-03-20,0,757282.0
CAND-03078,2024-10-23,2024-11-22,0,317260.0
CAND-03078,2024-10-23,2024-12-22,0,297676.0
CAND-03078,2024-10-23,2025-01-21,0,276940.0
CAND-03079,2024-12-25,2025-01-24,0,608304.0
CAND-03079,2024-12-25,2025-02-23,0,560903.0
CAND-03079,2024-12-25,2025-03-25,0,513503.0
CAND-03079,2024-12-25,2025-04-24,0,458203.0
CAND-03079,2024-12-25,2025-05-24,0,421336.0
CAND-03080,2024-12-21,2025-01-20,30,195239.0
CAND-03080,2024-12-21,2025-02-19,0,184042.0
CAND-03080,2024-12-21,2025-03-21,0,170607.0
CAND-03081,2025-01-05,2025-02-04,0,1029359.0
CAND-03081,2025-01-05,2025-03-06,0,929932.0
CAND-03081,2025-01-05,2025-04-05,0,869172.0
CAND-03081,2025-01-05,2025-05-05,0,800816.0
CAND-03081,2025-01-05,2025-06-04,0,727903.0
CAND-03081,2025-01-05,2025-07-04,0,663568.0
CAND-03082,2024-11-20,2024-12-20,0,384544.0
CAND-03082,2024-11-20,2025-01-19,0,347529.0
CAND-03082,2024-11-20,2025-02-18,0,324909.0
CAND-03082,2024-11-20,2025-03-20,0,297764.0
CAND-03082,2024-11-20,2025-04-19,0,273814.0
CAND-03083,2024-12-22,2025-01-21,0,873986.0
CAND-03083,2024-12-22,2025-02-20,0,813292.0
CAND-03083,2024-12-22,2025-03-22,0,738592.0
CAND-03083,2024-12-22,2025-04-21,0,641483.0
CAND-03083,2024-12-22,2025-05-21,0,544373.0
CAND-03084,2024-12-10,2025-01-09,0,435355.0
CAND-03084,2024-12-10,2025-02-08,30,424507.0
CAND-03084,2024-12-10,2025-03-10,60,408959.0
CAND-03084,2024-12-10,2025-04-09,90,401053.0
CAND-03084,2024-12-10,2025-05-09,90,391907.0
CAND-03085,2025-01-07,2025-02-06,0,493520.0
CAND-03085,2025-01-07,2025-03-08,0,456963.0
CAND-03085,2025-01-07,2025-04-07,0,411267.0
CAND-03085,2025-01-07,2025-05-07,0,365571.0
CAND-03086,2024-12-03,2025-01-02,0,283522.0
CAND-03086,2024-12-03,2025-02-01,0,261920.0
CAND-03086,2024-12-03,2025-03-03,0,234427.0
CAND-03086,2024-12-03,2025-04-02,0,215525.0
CAND-03087,2025-01-18,2025-02-17,0,1334515.0
CAND-03087,2025-01-18,2025-03-19,0,1222528.0
CAND-03087,2025-01-18,2025-04-18,0,1090179.0
CAND-03088,2024-11-18,2024-12-18,0,631800.0
CAND-03088,2024-11-18,2025-01-17,0,587048.0
CAND-03088,2024-11-18,2025-02-16,0,531107.0
CAND-03088,2024-11-18,2025-03-18,0,479470.0
CAND-03088,2024-11-18,2025-04-17,30,467482.0
CAND-03088,2024-11-18,2025-05-17,0,415845.0
CAND-03089,2025-01-05,2025-02-04,30,595141.0
CAND-03089,2025-01-05,2025-03-06,0,547974.0
CAND-03089,2025-01-05,2025-04-05,0,500807.0
CAND-03089,2025-01-05,2025-05-05,0,464737.0
CAND-03089,2025-01-05,2025-06-04,30,453788.0
CAND-03089,2025-01-05,2025-07-04,0,419723.0
CAND-03090,2025-01-11,2025-02-10,0,366369.0
CAND-03090,2025-01-11,2025-03-12,0,344659.0
CAND-03090,2025-01-11,2025-04-11,0,318606.0
CAND-03090,2025-01-11,2025-05-11,0,292553.0
CAND-03090,2025-01-11,2025-06-10,0,259987.0
CAND-03091,2024-12-05,2025-01-04,0,564174.0
CAND-03091,2024-12-05,2025-02-03,0,509680.0
CAND-03091,2024-12-05,2025-03-05,30,498579.0
CAND-03091,2024-12-05,2025-04-04,60,487875.0
CAND-03091,2024-12-05,2025-05-04,90,468539.0
CAND-03092,2024-12-08,2025-01-07,0,765820.0
CAND-03092,2024-12-08,2025-02-06,0,702984.0
CAND-03092,2024-12-08,2025-03-08,0,621296.0
CAND-03092,2024-12-08,2025-04-07,0,539609.0
CAND-03092,2024-12-08,2025-05-07,0,485150.0
CAND-03092,2024-12-08,2025-06-06,0,417078.0
CAND-03093,2024-10-06,2024-11-05,0,671185.0
CAND-03093,2024-10-06,2024-12-05,0,629072.0
CAND-03093,2024-10-06,2025-01-04,0,563987.0
CAND-03093,2024-10-06,2025-02-03,0,512849.0
CAND-03093,2024-10-06,2025-03-05,0,453188.0
CAND-03093,2024-10-06,2025-04-04,0,408443.0
CAND-03094,2024-10-20,2024-11-19,0,1006644.0
CAND-03094,2024-10-20,2024-12-19,0,944505.0
CAND-03094,2024-10-20,2025-01-18,0,878711.0
CAND-03094,2024-10-20,2025-02-17,0,785504.0
CAND-03094,2024-10-20,2025-03-19,0,710938.0
CAND-03094,2024-10-20,2025-04-18,0,631045.0
CAND-03095,2024-12-14,2025-01-13,0,277208.0
CAND-03095,2024-12-14,2025-02-12,0,257640.0
CAND-03095,2024-12-14,2025-03-14,30,252303.0
CAND-03096,2024-12-07,2025-01-06,0,174282.0
CAND-03096,2024-12-07,2025-02-05,30,170516.0
CAND-03096,2024-12-07,2025-03-07,60,166122.0
CAND-03096,2024-12-07,2025-04-06,90,162356.0
CAND-03096,2024-12-07,2025-05-06,103,157369.0
CAND-03096,2024-12-07,2025-06-05,103,154132.0
CAND-03097,2024-11-13,2024-12-13,0,128205.0
CAND-03097,2024-11-13,2025-01-12,0,118215.0
CAND-03097,2024-11-13,2025-02-11,0,106560.0
CAND-03097,2024-11-13,2025-03-13,0,94905.0
CAND-03098,2024-12-30,2025-01-29,0,509512.0
CAND-03098,2024-12-30,2025-02-28,0,467052.0
CAND-03098,2024-12-30,2025-03-30,0,430254.0
CAND-03098,2024-12-30,2025-04-29,0,380075.0
CAND-03098,2024-12-30,2025-05-29,30,368810.0
CAND-03098,2024-12-30,2025-06-28,0,313613.0
CAND-03099,2024-11-02,2024-12-02,0,488308.0
CAND-03099,2024-11-02,2025-01-01,0,450746.0
CAND-03099,2024-11-02,2025-01-31,0,419812.0
CAND-03099,2024-11-02,2025-03-02,0,375990.0
CAND-03099,2024-11-02,2025-04-01,30,360054.0
CAND-03100,2024-11-29,2024-12-29,0,505355.0
CAND-03100,2024-11-29,2025-01-28,0,449766.0
CAND-03100,2024-11-29,2025-02-27,0,399231.0
CAND-03100,2024-11-29,2025-03-29,0,368348.0
CAND-03100,2024-11-29,2025-04-28,0,317812.0
CAND-03101,2024-11-08,2024-12-08,0,516021.0
CAND-03101,2024-11-08,2025-01-07,30,504995.0
CAND-03101,2024-11-08,2025-02-06,60,494377.0
CAND-03102,2025-01-10,2025-02-09,0,1578697.0
CAND-03102,2025-01-10,2025-03-11,0,1463883.0
CAND-03102,2025-01-10,2025-04-10,0,1307318.0
CAND-03103,2024-12-21,2025-01-20,0,1030307.0
CAND-03103,2024-12-21,2025-02-19,0,921215.0
CAND-03103,2024-12-21,2025-03-21,0,812124.0
CAND-03103,2024-12-21,2025-04-20,0,734202.0
CAND-03103,2024-12-21,2025-05-20,0,650285.0
CAND-03103,2024-12-21,2025-06-19,0,559376.0
CAND-03104,2024-12-10,2025-01-09,30,1273275.0
CAND-03104,2024-12-10,2025-02-08,60,1248476.0
CAND-03104,2024-12-10,2025-03-10,90,1222704.0
CAND-03105,2024-10-19,2024-11-18,0,538025.0
CAND-03105,2024-10-19,2024-12-18,0,481058.0
CAND-03105,2024-10-19,2025-01-17,0,424091.0
CAND-03105,2024-10-19,2025-02-16,0,376618.0
CAND-03105,2024-10-19,2025-03-18,0,341013.0
CAND-03105,2024-10-19,2025-04-17,0,289225.0
CAND-03106,2024-11-14,2024-12-14,0,771751.0
CAND-03106,2024-11-14,2025-01-13,30,753855.0
CAND-03106,2024-11-14,2025-02-12,60,738323.0
CAND-03107,2024-10-18,2024-11-17,0,597662.0
CAND-03107,2024-10-18,2024-12-17,0,548984.0
CAND-03107,2024-10-18,2025-01-16,0,485702.0
CAND-03107,2024-10-18,2025-02-15,0,450545.0
CAND-03108,2024-11-30,2024-12-30,0,389807.0
CAND-03108,2024-11-30,2025-01-29,0,363921.0
CAND-03108,2024-11-30,2025-02-28,0,332062.0
CAND-03108,2024-11-30,2025-03-30,0,306177.0
CAND-03109,2024-11-04,2024-12-04,0,1602592.0
CAND-03109,2024-11-04,2025-01-03,0,1487534.0
CAND-03109,2024-11-04,2025-02-02,0,1372476.0
CAND-03109,2024-11-04,2025-03-04,0,1276594.0
CAND-03109,2024-11-04,2025-04-03,0,1153318.0
CAND-03110,2024-10-27,2024-11-26,0,294061.0
CAND-03110,2024-10-27,2024-12-26,30,285134.0
CAND-03110,2024-10-27,2025-01-25,0,261100.0
CAND-03110,2024-10-27,2025-02-24,0,240271.0
CAND-03110,2024-10-27,2025-03-26,0,221892.0
CAND-03111,2024-11-23,2024-12-23,0,574529.0
CAND-03111,2024-11-23,2025-01-22,0,522969.0
CAND-03111,2024-11-23,2025-02-21,0,461097.0
CAND-03111,2024-11-23,2025-03-23,0,424701.0
CAND-03111,2024-11-23,2025-04-22,0,388306.0
CAND-03112,2024-12-01,2024-12-31,0,1122117.0
CAND-03112,2024-12-01,2025-01-30,0,1035287.0
CAND-03112,2024-12-01,2025-03-01,0,948456.0
CAND-03112,2024-12-01,2025-03-31,0,837945.0
CAND-03112,2024-12-01,2025-04-30,0,751114.0
CAND-03113,2024-11-16,2024-12-16,0,545237.0
CAND-03113,2024-11-16,2025-01-15,30,533587.0
CAND-03113,2024-11-16,2025-02-14,60,513393.0
CAND-03114,2024-12-17,2025-01-16,0,845114.0
CAND-03114,2024-12-17,2025-02-15,0,780437.0
CAND-03114,2024-12-17,2025-03-17,30,763973.0
CAND-03114,2024-12-17,2025-04-16,60,748626.0
CAND-03115,2024-12-04,2025-01-03,0,454884.0
CAND-03115,2024-12-04,2025-02-02,0,421526.0
CAND-03115,2024-12-04,2025-03-04,30,406809.0
CAND-03115,2024-12-04,2025-04-03,60,395689.0
CAND-03115,2024-12-04,2025-05-03,90,383180.0
CAND-03116,2024-12-27,2025-01-26,0,703712.0
CAND-03116,2024-12-27,2025-02-25,0,656588.0
CAND-03116,2024-12-27,2025-03-27,0,593757.0
CAND-03116,2024-12-27,2025-04-26,30,578370.0
CAND-03116,2024-12-27,2025-05-26,0,520371.0
CAND-03117,2024-10-26,2024-11-25,30,471708.0
CAND-03117,2024-10-26,2024-12-25,0,445016.0
CAND-03117,2024-10-26,2025-01-24,30,429518.0
CAND-03118,2024-11-10,2024-12-10,0,676739.0
CAND-03118,2024-11-10,2025-01-09,0,629743.0
CAND-03118,2024-11-10,2025-02-08,0,561386.0
CAND-03118,2024-11-10,2025-03-10,0,514390.0
CAND-03119,2024-10-11,2024-11-10,0,554276.0
CAND-03119,2024-10-11,2024-12-10,0,518411.0
CAND-03119,2024-10-11,2025-01-09,0,462984.0
CAND-03119,2024-10-11,2025-02-08,0,419434.0
CAND-03119,2024-10-11,2025-03-10,0,358463.0
CAND-03120,2024-10-22,2024-11-21,0,316611.0
CAND-03120,2024-10-22,2024-12-21,0,291483.0
CAND-03120,2024-10-22,2025-01-20,0,271939.0
CAND-03120,2024-10-22,2025-02-19,0,249952.0
CAND-03120,2024-10-22,2025-03-21,0,226500.0
CAND-03120,2024-10-22,2025-04-20,0,206956.0
CAND-03121,2024-12-02,2025-01-01,0,507760.0
CAND-03121,2024-12-02,2025-01-31,0,477381.0
CAND-03121,2024-12-02,2025-03-02,0,443205.0
CAND-03121,2024-12-02,2025-04-01,0,406750.0
CAND-03121,2024-12-02,2025-05-01,0,352068.0
CAND-03122,2024-12-05,2025-01-04,0,880672.0
CAND-03122,2024-12-05,2025-02-03,0,793333.0
CAND-03122,2024-12-05,2025-03-05,0,736819.0
CAND-03122,2024-12-05,2025-04-04,0,683445.0
CAND-03123,2024-12-09,2025-01-08,30,208407.0
CAND-03123,2024-12-09,2025-02-07,60,204134.0
CAND-03123,2024-12-09,2025-03-09,90,199387.0
CAND-03123,2024-12-09,2025-04-08,110,193910.0
CAND-03124,2024-12-13,2025-01-12,0,673709.0
CAND-03124,2024-12-13,2025-02-11,0,626924.0
CAND-03124,2024-12-13,2025-03-13,0,558873.0
CAND-03124,2024-12-13,2025-04-12,0,501291.0
CAND-03125,2024-12-28,2025-01-27,30,320334.0
CAND-03125,2024-12-28,2025-02-26,60,311443.0
CAND-03125,2024-12-28,2025-03-28,90,305568.0
CAND-03125,2024-12-28,2025-04-27,97,299796.0
CAND-03125,2024-12-28,2025-05-27,90,293589.0
CAND-03126,2025-01-01,2025-01-31,0,317612.0
CAND-03126,2025-01-01,2025-03-02,0,290737.0
CAND-03126,2025-01-01,2025-04-01,0,268901.0
CAND-03126,2025-01-01,2025-05-01,0,233964.0
CAND-03126,2025-01-01,2025-05-31,0,199027.0
CAND-03127,2024-12-26,2025-01-25,0,479456.0
CAND-03127,2024-12-26,2025-02-24,0,448903.0
CAND-03127,2024-12-26,2025-03-26,0,418349.0
CAND-03127,2024-12-26,2025-04-25,0,375065.0
CAND-03127,2024-12-26,2025-05-25,0,327846.0
CAND-03127,2024-12-26,2025-06-24,0,275905.0
CAND-03128,2024-12-17,2025-01-16,0,2443257.0
CAND-03128,2024-12-17,2025-02-15,0,2297079.0
CAND-03128,2024-12-17,2025-03-17,0,2121666.0
CAND-03128,2024-12-17,2025-04-16,0,1933723.0
CAND-03128,2024-12-17,2025-05-16,0,1758310.0
CAND-03128,2024-12-17,2025-06-15,0,1612132.0
CAND-03129,2024-10-28,2024-11-27,0,713649.0
CAND-03129,2024-10-28,2024-12-27,0,655094.0
CAND-03129,2024-10-28,2025-01-26,0,596538.0
CAND-03129,2024-10-28,2025-02-25,0,551760.0
CAND-03130,2024-12-07,2025-01-06,0,355723.0
CAND-03130,2024-12-07,2025-02-05,0,324227.0
CAND-03130,2024-12-07,2025-03-07,0,301994.0
CAND-03130,2024-12-07,2025-04-06,0,276797.0
CAND-03130,2024-12-07,2025-05-06,0,247724.0
CAND-03131,2024-11-30,2024-12-30,0,517315.0
CAND-03131,2024-11-30,2025-01-29,0,480174.0
CAND-03131,2024-11-30,2025-02-28,0,440381.0
CAND-03132,2025-01-15,2025-02-14,0,791469.0
CAND-03132,2025-01-15,2025-03-16,0,721117.0
CAND-03132,2025-01-15,2025-04-15,0,650764.0
CAND-03132,2025-01-15,2025-05-15,0,585823.0
CAND-03132,2025-01-15,2025-06-14,0,525520.0
CAND-03133,2024-11-04,2024-12-04,0,314171.0
CAND-03133,2024-11-04,2025-01-03,0,280337.0
CAND-03133,2024-11-04,2025-02-02,0,257781.0
CAND-03133,2024-11-04,2025-03-04,0,223948.0
CAND-03134,2024-11-03,2024-12-03,0,473544.0
CAND-03134,2024-11-03,2025-01-02,0,438817.0
CAND-03134,2024-11-03,2025-02-01,0,404091.0
CAND-03135,2024-12-28,2025-01-27,30,535452.0
CAND-03135,2024-12-28,2025-02-26,60,523853.0
CAND-03135,2024-12-28,2025-03-28,90,505680.0
CAND-03136,2024-11-12,2024-12-12,0,528380.0
CAND-03136,2024-11-12,2025-01-11,0,484349.0
CAND-03136,2024-11-12,2025-02-10,0,450677.0
CAND-03136,2024-11-12,2025-03-12,0,406646.0
CAND-03136,2024-11-12,2025-04-11,0,362614.0
CAND-03136,2024-11-12,2025-05-11,0,330813.0
CAND-03137,2024-12-25,2025-01-24,0,318380.0
CAND-03137,2024-12-25,2025-02-23,0,290190.0
CAND-03137,2024-12-25,2025-03-25,0,264169.0
CAND-03137,2024-12-25,2025-04-24,0,230341.0
CAND-03138,2024-12-04,2025-01-03,0,535426.0
CAND-03138,2024-12-04,2025-02-02,0,501681.0
CAND-03138,2024-12-04,2025-03-04,0,467936.0
CAND-03138,2024-12-04,2025-04-03,0,429691.0
CAND-03139,2024-12-04,2025-01-03,0,1513465.0
CAND-03139,2024-12-04,2025-02-02,30,1466170.0
CAND-03139,2024-12-04,2025-03-04,60,1431956.0
CAND-03140,2024-10-22,2024-11-21,0,131479.0
CAND-03140,2024-10-22,2024-12-21,0,117558.0
CAND-03140,2024-10-22,2025-01-20,0,105957.0
CAND-03140,2024-10-22,2025-02-19,0,97768.0
CAND-03141,2025-01-13,2025-02-12,30,218736.0
CAND-03141,2025-01-13,2025-03-14,0,200084.0
CAND-03141,2025-01-13,2025-04-13,0,181432.0
CAND-03141,2025-01-13,2025-05-13,0,159050.0
CAND-03141,2025-01-13,2025-06-12,0,146615.0
CAND-03141,2025-01-13,2025-07-12,0,132626.0
CAND-03142,2024-11-17,2024-12-17,0,793391.0
CAND-03142,2024-11-17,2025-01-16,0,715716.0
CAND-03142,2024-11-17,2025-02-15,0,668248.0
CAND-03142,2024-11-17,2025-03-17,0,602524.0
CAND-03143,2024-11-06,2024-12-06,0,425711.0
CAND-03143,2024-11-06,2025-01-05,0,400371.0
CAND-03143,2024-11-06,2025-02-04,0,367791.0
CAND-03144,2024-10-31,2024-11-30,0,964395.0
CAND-03144,2024-10-31,2024-12-30,0,895509.0
CAND-03144,2024-10-31,2025-01-29,0,834728.0
CAND-03145,2025-01-05,2025-02-04,30,957613.0
CAND-03145,2025-01-05,2025-03-06,0,882635.0
CAND-03145,2025-01-05,2025-04-05,0,801409.0
CAND-03145,2025-01-05,2025-05-05,30,775065.0
CAND-03145,2025-01-05,2025-06-04,60,748722.0
CAND-03145,2025-01-05,2025-07-04,90,729610.0
CAND-03146,2024-11-09,2024-12-09,0,289576.0
CAND-03146,2024-11-09,2025-01-08,0,270649.0
CAND-03146,2024-11-09,2025-02-07,0,252774.0
CAND-03147,2024-10-27,2024-11-26,0,352903.0
CAND-03147,2024-10-27,2024-12-26,0,326213.0
CAND-03147,2024-10-27,2025-01-25,0,302859.0
CAND-03147,2024-10-27,2025-02-24,0,265493.0
CAND-03147,2024-10-27,2025-03-26,30,256151.0
CAND-03147,2024-10-27,2025-04-25,0,218785.0
CAND-03148,2025-01-07,2025-02-06,0,297860.0
CAND-03148,2025-01-07,2025-03-08,0,276348.0
CAND-03148,2025-01-07,2025-04-07,0,253299.0
CAND-03149,2024-11-26,2024-12-26,0,826881.0
CAND-03149,2024-11-26,2025-01-25,0,764344.0
CAND-03149,2024-11-26,2025-02-24,30,740024.0
CAND-03150,2024-11-03,2024-12-03,0,372304.0
CAND-03150,2024-11-03,2025-01-02,0,345711.0
CAND-03150,2024-11-03,2025-02-01,0,312469.0
CAND-03150,2024-11-03,2025-03-03,30,303605.0
CAND-03151,2024-12-05,2025-01-04,0,434506.0
CAND-03151,2024-12-05,2025-02-03,0,391966.0
CAND-03151,2024-12-05,2025-03-05,0,360771.0
CAND-03151,2024-12-05,2025-04-04,0,333246.0
CAND-03151,2024-12-05,2025-05-04,0,286453.0
CAND-03152,2024-10-31,2024-11-30,0,277005.0
CAND-03152,2024-10-31,2024-12-30,0,259082.0
CAND-03152,2024-10-31,2025-01-29,0,235643.0
CAND-03152,2024-10-31,2025-02-28,0,213878.0
CAND-03152,2024-10-31,2025-03-30,0,188486.0
CAND-03153,2024-12-06,2025-01-05,0,652013.0
CAND-03153,2024-12-06,2025-02-04,0,589253.0
CAND-03153,2024-12-06,2025-03-06,0,526492.0
CAND-03153,2024-12-06,2025-04-05,30,512685.0
CAND-03154,2025-01-04,2025-02-03,0,483923.0
CAND-03154,2025-01-04,2025-03-05,0,446477.0
CAND-03154,2025-01-04,2025-04-04,0,398818.0
CAND-03155,2024-12-04,2025-01-03,0,114640.0
CAND-03155,2024-12-04,2025-02-02,0,106360.0
CAND-03155,2024-12-04,2025-03-04,0,98081.0
CAND-03155,2024-12-04,2025-04-03,30,94532.0
CAND-03156,2024-11-13,2024-12-13,0,99948.0
CAND-03156,2024-11-13,2025-01-12,0,93677.0
CAND-03156,2024-11-13,2025-02-11,0,87013.0
CAND-03157,2024-12-08,2025-01-07,0,506255.0
CAND-03157,2024-12-08,2025-02-06,0,451027.0
CAND-03157,2024-12-08,2025-03-08,0,416510.0
CAND-03157,2024-12-08,2025-04-07,0,385828.0
CAND-03157,2024-12-08,2025-05-07,0,330600.0
CAND-03157,2024-12-08,2025-06-06,0,296082.0
CAND-03158,2024-10-10,2024-11-09,0,753760.0
CAND-03158,2024-10-10,2024-12-09,0,672102.0
CAND-03158,2024-10-10,2025-01-08,0,626737.0
CAND-03158,2024-10-10,2025-02-07,0,578704.0
CAND-03158,2024-10-10,2025-03-09,0,530670.0
CAND-03159,2024-11-08,2024-12-08,30,881882.0
CAND-03159,2024-11-08,2025-01-07,60,853404.0
CAND-03159,2024-11-08,2025-02-06,90,836529.0
CAND-03159,2024-11-08,2025-03-08,108,813163.0
CAND-03159,2024-11-08,2025-04-07,108,790381.0
CAND-03160,2024-10-22,2024-11-21,0,405308.0
CAND-03160,2024-10-22,2024-12-21,0,380915.0
CAND-03160,2024-10-22,2025-01-20,0,337006.0
CAND-03160,2024-10-22,2025-02-19,0,293098.0
CAND-03160,2024-10-22,2025-03-21,0,259322.0
CAND-03161,2025-01-18,2025-02-17,30,718685.0
CAND-03161,2025-01-18,2025-03-19,0,677427.0
CAND-03161,2025-01-18,2025-04-18,0,620301.0
CAND-03161,2025-01-18,2025-05-18,0,546037.0
CAND-03161,2025-01-18,2025-06-17,0,488910.0
CAND-03161,2025-01-18,2025-07-17,0,427024.0
CAND-03162,2024-10-17,2024-11-16,0,752218.0
CAND-03162,2024-10-17,2024-12-16,0,702439.0
CAND-03162,2024-10-17,2025-01-15,0,655588.0
CAND-03162,2024-10-17,2025-02-14,0,611340.0
CAND-03162,2024-10-17,2025-03-16,0,544968.0
CAND-03162,2024-10-17,2025-04-15,0,498117.0
CAND-03163,2024-11-14,2024-12-14,0,570387.0
CAND-03163,2024-11-14,2025-01-13,30,551773.0
CAND-03163,2024-11-14,2025-02-12,60,540804.0
CAND-03163,2024-11-14,2025-03-14,90,524202.0
CAND-03164,2024-12-26,2025-01-25,0,275975.0
CAND-03164,2024-12-26,2025-02-24,0,258726.0
CAND-03164,2024-12-26,2025-03-26,0,242436.0
CAND-03164,2024-12-26,2025-04-25,0,213114.0
CAND-03164,2024-12-26,2025-05-25,0,193566.0
CAND-03165,2024-11-25,2024-12-25,0,1200759.0
CAND-03165,2024-11-25,2025-01-24,0,1117373.0
CAND-03165,2024-11-25,2025-02-23,0,983956.0
CAND-03165,2024-11-25,2025-03-25,0,900569.0
CAND-03166,2024-11-27,2024-12-27,0,1206739.0
CAND-03166,2024-11-27,2025-01-26,30,1180593.0
CAND-03166,2024-11-27,2025-02-25,60,1154960.0
CAND-03167,2024-10-27,2024-11-26,0,2973754.0
CAND-03167,2024-10-27,2024-12-26,0,2727407.0
CAND-03167,2024-10-27,2025-01-25,0,2539025.0
CAND-03167,2024-10-27,2025-02-24,0,2338868.0
CAND-03167,2024-10-27,2025-03-26,0,2110118.0
CAND-03167,2024-10-27,2025-04-25,0,1909961.0
CAND-03168,2024-11-10,2024-12-10,0,355301.0
CAND-03168,2024-11-10,2025-01-09,0,332908.0
CAND-03168,2024-11-10,2025-02-08,0,310515.0
CAND-03168,2024-11-10,2025-03-10,0,278792.0
CAND-03169,2025-01-27,2025-02-26,0,424417.0
CAND-03169,2025-01-27,2025-03-28,0,385833.0
CAND-03169,2025-01-27,2025-04-27,0,339533.0
CAND-03170,2024-10-27,2024-11-26,0,218203.0
CAND-03170,2024-10-27,2024-12-26,0,203201.0
CAND-03170,2024-10-27,2025-01-25,0,187200.0
CAND-03170,2024-10-27,2025-02-24,30,182399.0
CAND-03170,2024-10-27,2025-03-26,0,165255.0
CAND-03170,2024-10-27,2025-04-25,0,150253.0
CAND-03171,2024-12-27,2025-01-26,0,648441.0
CAND-03171,2024-12-27,2025-02-25,0,604229.0
CAND-03171,2024-12-27,2025-03-27,0,560017.0
CAND-03172,2024-10-24,2024-11-23,0,602851.0
CAND-03172,2024-10-24,2024-12-23,30,589169.0
CAND-03172,2024-10-24,2025-01-22,0,546300.0
CAND-03172,2024-10-24,2025-02-21,0,508474.0
CAND-03172,2024-10-24,2025-03-23,30,491986.0
CAND-03173,2024-11-06,2024-12-06,0,1819821.0
CAND-03173,2024-11-06,2025-01-05,0,1671086.0
CAND-03173,2024-11-06,2025-02-04,0,1563666.0
CAND-03175,2024-12-17,2025-01-16,0,1384915.0
CAND-03175,2024-12-17,2025-02-15,0,1266546.0
CAND-03175,2024-12-17,2025-03-17,30,1235142.0
CAND-03175,2024-12-17,2025-04-16,60,1191176.0
CAND-03175,2024-12-17,2025-05-16,90,1151720.0
CAND-03175,2024-12-17,2025-06-15,97,1107755.0
CAND-03176,2024-12-15,2025-01-14,30,691054.0
CAND-03176,2024-12-15,2025-02-13,60,667993.0
CAND-03176,2024-12-15,2025-03-15,90,649180.0
CAND-03177,2025-01-05,2025-02-04,0,1061236.0
CAND-03177,2025-01-05,2025-03-06,0,977854.0
CAND-03177,2025-01-05,2025-04-05,0,913000.0
CAND-03177,2025-01-05,2025-05-05,0,796264.0
CAND-03178,2025-01-11,2025-02-10,0,1275350.0
CAND-03178,2025-01-11,2025-03-12,0,1199773.0
CAND-03178,2025-01-11,2025-04-11,0,1114750.0
CAND-03179,2024-12-06,2025-01-05,0,205656.0
CAND-03179,2024-12-06,2025-02-04,0,190102.0
CAND-03179,2024-12-06,2025-03-06,0,173352.0
CAND-03179,2024-12-06,2025-04-05,0,156601.0
CAND-03179,2024-12-06,2025-05-05,0,134826.0
CAND-03180,2025-01-13,2025-02-12,30,500291.0
CAND-03180,2025-01-13,2025-03-14,60,484794.0
CAND-03180,2025-01-13,2025-04-13,90,475662.0
CAND-03181,2024-12-21,2025-01-20,0,507779.0
CAND-03181,2024-12-21,2025-02-19,0,469242.0
CAND-03181,2024-12-21,2025-03-21,0,435522.0
CAND-03181,2024-12-21,2025-04-20,0,394021.0
CAND-03181,2024-12-21,2025-05-20,0,349062.0
CAND-03181,2024-12-21,2025-06-19,0,313094.0
CAND-03182,2024-12-06,2025-01-05,0,883009.0
CAND-03182,2024-12-06,2025-02-04,30,852490.0
CAND-03182,2024-12-06,2025-03-06,60,833940.0
CAND-03182,2024-12-06,2025-04-05,90,809043.0
CAND-03183,2025-01-18,2025-02-17,0,581739.0
CAND-03183,2025-01-18,2025-03-19,0,528413.0
CAND-03183,2025-01-18,2025-04-18,30,510130.0
CAND-03183,2025-01-18,2025-05-18,0,451956.0
CAND-03183,2025-01-18,2025-06-17,0,387965.0
CAND-03184,2024-12-08,2025-01-07,0,601690.0
CAND-03184,2024-12-08,2025-02-06,0,566174.0
CAND-03184,2024-12-08,2025-03-08,0,520510.0
CAND-03184,2024-12-08,2025-04-07,0,474846.0
CAND-03184,2024-12-08,2025-05-07,0,437240.0
CAND-03184,2024-12-08,2025-06-06,0,399635.0
CAND-03185,2024-12-20,2025-01-19,30,597527.0
CAND-03185,2024-12-20,2025-02-18,60,578521.0
CAND-03185,2024-12-20,2025-03-20,90,561144.0
CAND-03185,2024-12-20,2025-04-19,102,546663.0
CAND-03186,2024-12-27,2025-01-26,0,855440.0
CAND-03186,2024-12-27,2025-02-25,0,794337.0
CAND-03186,2024-12-27,2025-03-27,0,743418.0
CAND-03186,2024-12-27,2025-04-26,0,672915.0
CAND-03187,2024-10-17,2024-11-16,0,2024286.0
CAND-03187,2024-10-17,2024-12-16,0,1896705.0
CAND-03187,2024-10-17,2025-01-15,0,1715965.0
CAND-03187,2024-10-17,2025-02-14,0,1499077.0
CAND-03188,2024-11-18,2024-12-18,30,366075.0
CAND-03188,2024-11-18,2025-01-17,60,353638.0
CAND-03188,2024-11-18,2025-02-16,90,346176.0
CAND-03188,2024-11-18,2025-03-18,119,335202.0
CAND-03189,2024-11-01,2024-12-01,0,924614.0
CAND-03189,2024-11-01,2024-12-31,0,866599.0
CAND-03189,2024-11-01,2025-01-30,0,767974.0
CAND-03189,2024-11-01,2025-03-01,0,678314.0
CAND-03189,2024-11-01,2025-03-31,0,602448.0
CAND-03189,2024-11-01,2025-04-30,0,503823.0
CAND-03190,2024-11-01,2024-12-01,0,577501.0
CAND-03190,2024-11-01,2024-12-31,0,525674.0
CAND-03190,2024-11-01,2025-01-30,0,473847.0
CAND-03191,2025-01-16,2025-02-15,0,906862.0
CAND-03191,2025-01-16,2025-03-17,0,810508.0
CAND-03191,2025-01-16,2025-04-16,0,750287.0
CAND-03191,2025-01-16,2025-05-16,0,653933.0
CAND-03192,2024-11-27,2024-12-27,30,624100.0
CAND-03192,2024-11-27,2025-01-26,0,588720.0
CAND-03192,2024-11-27,2025-02-25,0,530826.0
CAND-03193,2024-12-21,2025-01-20,0,1478629.0
CAND-03193,2024-12-21,2025-02-19,0,1366800.0
CAND-03193,2024-12-21,2025-03-21,0,1224472.0
CAND-03193,2024-12-21,2025-04-20,0,1137494.0
CAND-03193,2024-12-21,2025-05-20,0,1017062.0
CAND-03194,2024-10-20,2024-11-19,0,213142.0
CAND-03194,2024-10-20,2024-12-19,0,196902.0
CAND-03194,2024-10-20,2025-01-18,0,177956.0
CAND-03195,2024-10-14,2024-11-13,30,239994.0
CAND-03195,2024-10-14,2024-12-13,0,219423.0
CAND-03195,2024-10-14,2025-01-12,0,194738.0
CAND-03195,2024-10-14,2025-02-11,30,190554.0
CAND-03195,2024-10-14,2025-03-13,0,174097.0
CAND-03196,2024-10-31,2024-11-30,0,500233.0
CAND-03196,2024-10-31,2024-12-30,0,470457.0
CAND-03196,2024-10-31,2025-01-29,30,452592.0
CAND-03196,2024-10-31,2025-02-28,0,414309.0
CAND-03197,2025-01-04,2025-02-03,0,549560.0
CAND-03197,2025-01-04,2025-03-05,0,514539.0
CAND-03197,2025-01-04,2025-04-04,0,479518.0
CAND-03197,2025-01-04,2025-05-04,0,444497.0
CAND-03197,2025-01-04,2025-06-03,0,404807.0
CAND-03197,2025-01-04,2025-07-03,0,355194.0
CAND-03198,2024-10-20,2024-11-19,0,143748.0
CAND-03198,2024-10-20,2024-12-19,0,131839.0
CAND-03198,2024-10-20,2025-01-18,0,117766.0
CAND-03198,2024-10-20,2025-02-17,0,102286.0
CAND-03198,2024-10-20,2025-03-19,30,98686.0
CAND-03199,2024-12-21,2025-01-20,0,570140.0
CAND-03199,2024-12-21,2025-02-19,0,517877.0
CAND-03199,2024-12-21,2025-03-21,0,480986.0
CAND-03199,2024-12-21,2025-04-20,0,428723.0
CAND-03199,2024-12-21,2025-05-20,0,371709.0
CAND-03199,2024-12-21,2025-06-19,0,329899.0
CAND-03200,2024-11-07,2024-12-07,0,761571.0
CAND-03200,2024-11-07,2025-01-06,0,684645.0
CAND-03200,2024-11-07,2025-02-05,0,624202.0
CAND-03200,2024-11-07,2025-03-07,0,539583.0
CAND-03200,2024-11-07,2025-04-06,0,462657.0
CAND-03201,2024-11-11,2024-12-11,0,677485.0
CAND-03201,2024-11-11,2025-01-10,30,662041.0
CAND-03201,2024-11-11,2025-02-09,0,619342.0
CAND-03201,2024-11-11,2025-03-11,0,570951.0
CAND-03202,2024-11-02,2024-12-02,0,393229.0
CAND-03202,2024-11-02,2025-01-01,0,365921.0
CAND-03202,2024-11-02,2025-01-31,0,336793.0
CAND-03203,2024-12-30,2025-01-29,30,827499.0
CAND-03203,2024-12-30,2025-02-28,60,803068.0
CAND-03203,2024-12-30,2025-03-30,90,777156.0
CAND-03203,2024-12-30,2025-04-29,114,755779.0
CAND-03203,2024-12-30,2025-05-29,114,739944.0
CAND-03203,2024-12-30,2025-06-28,114,712361.0
CAND-03204,2024-11-08,2024-12-08,0,1947787.0
CAND-03204,2024-11-08,2025-01-07,0,1823664.0
CAND-03204,2024-11-08,2025-02-06,0,1699540.0
CAND-03204,2024-11-08,2025-03-08,0,1582312.0
CAND-03204,2024-11-08,2025-04-07,0,1406470.0
CAND-03205,2025-01-02,2025-02-01,0,210781.0
CAND-03205,2025-01-02,2025-03-03,0,194052.0
CAND-03205,2025-01-02,2025-04-02,0,170632.0
CAND-03206,2024-11-17,2024-12-17,0,207623.0
CAND-03206,2024-11-17,2025-01-16,0,190200.0
CAND-03206,2024-11-17,2025-02-15,0,177617.0
CAND-03207,2025-01-12,2025-02-11,0,423057.0
CAND-03207,2025-01-12,2025-03-13,0,392838.0
CAND-03207,2025-01-12,2025-04-12,0,347511.0
CAND-03207,2025-01-12,2025-05-12,0,302183.0
CAND-03207,2025-01-12,2025-06-11,0,275520.0
CAND-03207,2025-01-12,2025-07-11,0,245302.0
CAND-03208,2024-10-15,2024-11-14,0,133215.0
CAND-03208,2024-10-15,2024-12-14,0,123105.0
CAND-03208,2024-10-15,2025-01-13,0,111310.0
CAND-03208,2024-10-15,2025-02-12,0,97156.0
CAND-03209,2024-12-12,2025-01-11,0,543923.0
CAND-03209,2024-12-12,2025-02-10,0,499094.0
CAND-03209,2024-12-12,2025-03-12,30,483758.0
CAND-03210,2024-10-29,2024-11-28,0,518621.0
CAND-03210,2024-10-29,2024-12-28,0,467544.0
CAND-03210,2024-10-29,2025-01-27,0,432429.0
CAND-03210,2024-10-29,2025-02-26,0,399380.0
CAND-03211,2024-11-30,2024-12-30,0,308605.0
CAND-03211,2024-11-30,2025-01-29,30,300499.0
CAND-03211,2024-11-30,2025-02-28,0,274934.0
CAND-03212,2024-11-21,2024-12-21,0,317756.0
CAND-03212,2024-11-21,2025-01-20,0,294218.0
CAND-03212,2024-11-21,2025-02-19,0,273450.0
CAND-03212,2024-11-21,2025-03-21,30,263362.0
CAND-03212,2024-11-21,2025-04-20,0,243748.0
CAND-03213,2024-12-06,2025-01-05,30,627538.0
CAND-03213,2024-12-06,2025-02-04,60,615246.0
CAND-03213,2024-12-06,2025-03-06,90,595878.0
CAND-03214,2024-10-09,2024-11-08,0,1016107.0
CAND-03214,2024-10-09,2024-12-08,0,942722.0
CAND-03214,2024-10-09,2025-01-07,0,864094.0
CAND-03214,2024-10-09,2025-02-06,30,836575.0
CAND-03214,2024-10-09,2025-03-08,60,812113.0
CAND-03214,2024-10-09,2025-04-07,90,790097.0
CAND-03215,2024-11-01,2024-12-01,0,178189.0
CAND-03215,2024-11-01,2024-12-31,0,163676.0
CAND-03215,2024-11-01,2025-01-30,0,153194.0
CAND-03215,2024-11-01,2025-03-01,0,142096.0
CAND-03216,2024-11-28,2024-12-28,0,850484.0
CAND-03216,2024-11-28,2025-01-27,0,775181.0
CAND-03216,2024-11-28,2025-02-26,0,693032.0
CAND-03216,2024-11-28,2025-03-28,0,639876.0
CAND-03216,2024-11-28,2025-04-27,0,579634.0
CAND-03217,2025-01-23,2025-02-22,0,333694.0
CAND-03217,2025-01-23,2025-03-24,30,327338.0
CAND-03217,2025-01-23,2025-04-23,60,319922.0
CAND-03217,2025-01-23,2025-05-23,90,311833.0
CAND-03218,2024-11-08,2024-12-08,0,422423.0
CAND-03218,2024-11-08,2025-01-07,0,391132.0
CAND-03218,2024-11-08,2025-02-06,0,365057.0
CAND-03219,2024-12-19,2025-01-18,0,388223.0
CAND-03219,2024-12-19,2025-02-17,0,357972.0
CAND-03219,2024-12-19,2025-03-19,0,315620.0
CAND-03219,2024-12-19,2025-04-18,0,285369.0
CAND-03219,2024-12-19,2025-05-18,0,243018.0
CAND-03219,2024-12-19,2025-06-17,0,216548.0
CAND-03220,2024-11-02,2024-12-02,0,2299264.0
CAND-03220,2024-11-02,2025-01-01,0,2052914.0
CAND-03220,2024-11-02,2025-01-31,0,1828960.0
CAND-03221,2024-11-28,2024-12-28,0,589846.0
CAND-03221,2024-11-28,2025-01-27,0,548884.0
CAND-03221,2024-11-28,2025-02-26,0,512474.0
CAND-03221,2024-11-28,2025-03-28,0,462060.0
CAND-03222,2024-11-24,2024-12-24,0,1023493.0
CAND-03222,2024-11-24,2025-01-23,0,909771.0
CAND-03222,2024-11-24,2025-02-22,0,796050.0
CAND-03222,2024-11-24,2025-03-24,0,682328.0
CAND-03223,2024-12-08,2025-01-07,0,716219.0
CAND-03223,2024-12-08,2025-02-06,0,660797.0
CAND-03223,2024-12-08,2025-03-08,0,615156.0
CAND-03223,2024-12-08,2025-04-07,0,550497.0
CAND-03224,2024-11-06,2024-12-06,0,358178.0
CAND-03224,2024-11-06,2025-01-05,0,325345.0
CAND-03224,2024-11-06,2025-02-04,0,285946.0
CAND-03224,2024-11-06,2025-03-06,0,257803.0
CAND-03224,2024-11-06,2025-04-05,0,231537.0
CAND-03225,2024-11-23,2024-12-23,0,193601.0
CAND-03225,2024-11-23,2025-01-22,0,179888.0
CAND-03225,2024-11-23,2025-02-21,0,162746.0
CAND-03226,2024-11-22,2024-12-22,0,573270.0
CAND-03226,2024-11-22,2025-01-21,0,536483.0
CAND-03226,2024-11-22,2025-02-20,0,479630.0
CAND-03226,2024-11-22,2025-03-22,0,417091.0
CAND-03226,2024-11-22,2025-04-21,0,380304.0
CAND-03227,2024-12-09,2025-01-08,0,532529.0
CAND-03227,2024-12-09,2025-02-07,0,489005.0
CAND-03227,2024-12-09,2025-03-09,0,455722.0
CAND-03227,2024-12-09,2025-04-08,0,422439.0
CAND-03228,2024-12-08,2025-01-07,30,450834.0
CAND-03228,2024-12-08,2025-02-06,0,425255.0
CAND-03228,2024-12-08,2025-03-08,30,412100.0
CAND-03228,2024-12-08,2025-04-07,60,403878.0
CAND-03228,2024-12-08,2025-05-07,90,388530.0
CAND-03228,2024-12-08,2025-06-06,99,380592.0
CAND-03229,2024-12-10,2025-01-09,0,816087.0
CAND-03229,2024-12-10,2025-02-08,0,766627.0
CAND-03229,2024-12-10,2025-03-10,0,707276.0
CAND-03229,2024-12-10,2025-04-09,30,679454.0
CAND-03230,2024-10-11,2024-11-10,0,789115.0
CAND-03230,2024-10-11,2024-12-10,0,704133.0
CAND-03230,2024-10-11,2025-01-09,30,688682.0
CAND-03230,2024-10-11,2025-02-08,60,674030.0
CAND-03230,2024-10-11,2025-03-10,90,654716.0
CAND-03230,2024-10-11,2025-04-09,106,628964.0
CAND-03231,2024-11-05,2024-12-05,0,242019.0
CAND-03231,2024-11-05,2025-01-04,0,223497.0
CAND-03231,2024-11-05,2025-02-03,0,206210.0
CAND-03231,2024-11-05,2025-03-05,0,188923.0
CAND-03231,2024-11-05,2025-04-04,0,168976.0
CAND-03232,2024-12-28,2025-01-27,0,1114869.0
CAND-03232,2024-12-28,2025-02-26,0,1044605.0
CAND-03232,2024-12-28,2025-03-28,0,925154.0
CAND-03233,2024-10-26,2024-11-25,0,255854.0
CAND-03233,2024-10-26,2024-12-25,0,238633.0
CAND-03233,2024-10-26,2025-01-24,0,211079.0
CAND-03234,2024-11-27,2024-12-27,0,734174.0
CAND-03234,2024-11-27,2025-01-26,0,654638.0
CAND-03234,2024-11-27,2025-02-25,0,597827.0
CAND-03234,2024-11-27,2025-03-27,0,518292.0
CAND-03234,2024-11-27,2025-04-26,0,438756.0
CAND-03234,2024-11-27,2025-05-26,0,372477.0
CAND-03235,2024-12-25,2025-01-24,0,693121.0
CAND-03235,2024-12-25,2025-02-23,0,624382.0
CAND-03235,2024-12-25,2025-03-25,0,577123.0
CAND-03235,2024-12-25,2025-04-24,0,532645.0
CAND-03235,2024-12-25,2025-05-24,0,469634.0
CAND-03236,2024-11-20,2024-12-20,0,1484005.0
CAND-03236,2024-11-20,2025-01-19,0,1340102.0
CAND-03236,2024-11-20,2025-02-18,0,1218337.0
CAND-03237,2025-01-02,2025-02-01,0,585832.0
CAND-03237,2025-01-02,2025-03-03,0,540182.0
CAND-03237,2025-01-02,2025-04-02,30,527140.0
CAND-03237,2025-01-02,2025-05-02,60,515520.0
CAND-03238,2024-12-01,2024-12-31,0,1125585.0
CAND-03238,2024-12-01,2025-01-30,0,1031130.0
CAND-03238,2024-12-01,2025-03-01,30,1001894.0
CAND-03238,2024-12-01,2025-03-31,0,933677.0
CAND-03238,2024-12-01,2025-04-30,0,865460.0
CAND-03240,2024-12-11,2025-01-10,0,766973.0
CAND-03240,2024-12-11,2025-02-09,30,749542.0
CAND-03240,2024-12-11,2025-03-11,60,735116.0
CAND-03240,2024-12-11,2025-04-10,90,719903.0
CAND-03241,2024-12-14,2025-01-13,0,1177075.0
CAND-03241,2024-12-14,2025-02-12,0,1098604.0
CAND-03241,2024-12-14,2025-03-14,0,1002023.0
CAND-03241,2024-12-14,2025-04-13,0,905443.0
CAND-03242,2024-12-23,2025-01-22,0,503486.0
CAND-03242,2024-12-23,2025-02-21,0,462175.0
CAND-03242,2024-12-23,2025-03-23,0,417420.0
CAND-03243,2024-12-15,2025-01-14,30,437322.0
CAND-03243,2024-12-15,2025-02-13,0,412332.0
CAND-03243,2024-12-15,2025-03-15,0,385872.0
CAND-03243,2024-12-15,2025-04-14,0,360883.0
CAND-03243,2024-12-15,2025-05-14,0,330895.0
CAND-03244,2024-11-18,2024-12-18,0,961892.0
CAND-03244,2024-11-18,2025-01-17,0,857687.0
CAND-03244,2024-11-18,2025-02-16,0,762955.0
CAND-03244,2024-11-18,2025-03-18,0,693485.0
CAND-03244,2024-11-18,2025-04-17,0,635594.0
CAND-03244,2024-11-18,2025-05-17,0,555436.0
CAND-03245,2024-11-14,2024-12-14,0,311075.0
CAND-03245,2024-11-14,2025-01-13,30,304488.0
CAND-03245,2024-11-14,2025-02-12,0,285113.0
CAND-03245,2024-11-14,2025-03-14,0,264527.0
CAND-03246,2025-01-16,2025-02-15,0,498024.0
CAND-03246,2025-01-16,2025-03-17,0,459217.0
CAND-03246,2025-01-16,2025-04-16,0,425261.0
CAND-03246,2025-01-16,2025-05-16,0,386454.0
CAND-03246,2025-01-16,2025-06-15,30,368928.0
CAND-03246,2025-01-16,2025-07-15,0,336969.0
CAND-03247,2024-10-23,2024-11-22,0,661758.0
CAND-03247,2024-10-23,2024-12-22,0,611709.0
CAND-03247,2024-10-23,2025-01-21,0,541641.0
CAND-03247,2024-10-23,2025-02-20,0,483250.0
CAND-03247,2024-10-23,2025-03-22,0,433201.0
CAND-03247,2024-10-23,2025-04-21,30,409845.0
CAND-03248,2024-12-26,2025-01-25,0,1026537.0
CAND-03248,2024-12-26,2025-02-24,0,914552.0
CAND-03248,2024-12-26,2025-03-26,0,834562.0
CAND-03248,2024-12-26,2025-04-25,30,814201.0
CAND-03248,2024-12-26,2025-05-25,0,720879.0
CAND-03249,2024-11-10,2024-12-10,0,519700.0
CAND-03249,2024-11-10,2025-01-09,0,463399.0
CAND-03249,2024-11-10,2025-02-08,0,432121.0
CAND-03249,2024-11-10,2025-03-10,0,391906.0
CAND-03249,2024-11-10,2025-04-09,0,351691.0
CAND-03250,2024-12-24,2025-01-23,0,774030.0
CAND-03250,2024-12-24,2025-02-22,0,705227.0
CAND-03250,2024-12-24,2025-03-24,0,646254.0
CAND-03250,2024-12-24,2025-04-23,0,591211.0
CAND-03250,2024-12-24,2025-05-23,0,508648.0
CAND-03250,2024-12-24,2025-06-22,0,439846.0
CAND-03251,2024-12-22,2025-01-21,0,580229.0
CAND-03251,2024-12-22,2025-02-20,0,545692.0
CAND-03251,2024-12-22,2025-03-22,0,501286.0
CAND-03251,2024-12-22,2025-04-21,0,462432.0
CAND-03251,2024-12-22,2025-05-21,0,405916.0
CAND-03252,2024-12-01,2024-12-31,0,235370.0
CAND-03252,2024-12-01,2025-01-30,0,220986.0
CAND-03252,2024-12-01,2025-03-01,30,216363.0
CAND-03252,2024-12-01,2025-03-31,60,210479.0
CAND-03252,2024-12-01,2025-04-30,90,204314.0
CAND-03253,2024-12-23,2025-01-22,0,897947.0
CAND-03253,2024-12-23,2025-02-21,0,841605.0
CAND-03253,2024-12-23,2025-03-23,0,777751.0
CAND-03253,2024-12-23,2025-04-22,0,681970.0
CAND-03254,2024-10-21,2024-11-20,0,627412.0
CAND-03254,2024-10-21,2024-12-20,0,559442.0
CAND-03254,2024-10-21,2025-01-19,0,516961.0
CAND-03254,2024-10-21,2025-02-18,0,455171.0
CAND-03254,2024-10-21,2025-03-20,30,443452.0
CAND-03254,2024-10-21,2025-04-19,60,424571.0
CAND-03255,2024-11-05,2024-12-05,0,432411.0
CAND-03255,2024-11-05,2025-01-04,0,398950.0
CAND-03255,2024-11-05,2025-02-03,0,367721.0
CAND-03255,2024-11-05,2025-03-05,0,338443.0
CAND-03255,2024-11-05,2025-04-04,0,304983.0
CAND-03256,2024-12-28,2025-01-27,0,1895603.0
CAND-03256,2024-12-28,2025-02-26,0,1724472.0
CAND-03256,2024-12-28,2025-03-28,0,1519115.0
CAND-03256,2024-12-28,2025-04-27,0,1405028.0
CAND-03256,2024-12-28,2025-05-27,0,1290941.0
CAND-03256,2024-12-28,2025-06-26,0,1085584.0
CAND-03257,2024-12-16,2025-01-15,0,348126.0
CAND-03257,2024-12-16,2025-02-14,30,341183.0
CAND-03257,2024-12-16,2025-03-16,60,332039.0
CAND-03258,2024-12-26,2025-01-25,0,818701.0
CAND-03258,2024-12-26,2025-02-24,0,750880.0
CAND-03258,2024-12-26,2025-03-26,0,695775.0
CAND-03259,2024-11-15,2024-12-15,0,805971.0
CAND-03259,2024-11-15,2025-01-14,0,754914.0
CAND-03259,2024-11-15,2025-02-13,0,688147.0
CAND-03259,2024-11-15,2025-03-15,0,637090.0
CAND-03259,2024-11-15,2025-04-14,0,564760.0
CAND-03259,2024-11-15,2025-05-14,0,513703.0
CAND-03260,2024-11-29,2024-12-29,0,452417.0
CAND-03260,2024-11-29,2025-01-28,0,420102.0
CAND-03260,2024-11-29,2025-02-27,0,385478.0
CAND-03260,2024-11-29,2025-03-29,0,337005.0
CAND-03261,2024-10-24,2024-11-23,0,1050160.0
CAND-03261,2024-10-24,2024-12-23,0,952923.0
CAND-03261,2024-10-24,2025-01-22,0,855686.0
CAND-03261,2024-10-24,2025-02-21,0,782759.0
CAND-03261,2024-10-24,2025-03-23,30,751222.0
CAND-03262,2024-11-04,2024-12-04,30,435452.0
CAND-03262,2024-11-04,2025-01-03,60,425345.0
CAND-03262,2024-11-04,2025-02-02,90,415883.0
CAND-03262,2024-11-04,2025-03-04,111,408345.0
CAND-03262,2024-11-04,2025-04-03,111,399793.0
CAND-03263,2024-11-27,2024-12-27,0,1495655.0
CAND-03263,2024-11-27,2025-01-26,0,1395499.0
CAND-03263,2024-11-27,2025-02-25,30,1348367.0
CAND-03263,2024-11-27,2025-03-27,60,1298289.0
CAND-03264,2024-12-10,2025-01-09,0,679583.0
CAND-03264,2024-12-10,2025-02-08,0,638396.0
CAND-03264,2024-12-10,2025-03-10,0,597209.0
CAND-03264,2024-12-10,2025-04-09,30,578675.0
CAND-03264,2024-12-10,2025-05-09,0,511278.0
CAND-03265,2024-10-21,2024-11-20,0,478883.0
CAND-03265,2024-10-21,2024-12-20,0,446232.0
CAND-03265,2024-10-21,2025-01-19,30,434083.0
CAND-03265,2024-10-21,2025-02-18,60,417231.0
CAND-03265,2024-10-21,2025-03-20,90,404489.0
CAND-03266,2024-12-04,2025-01-03,0,730278.0
CAND-03266,2024-12-04,2025-02-02,0,674390.0
CAND-03266,2024-12-04,2025-03-04,30,654327.0
CAND-03266,2024-12-04,2025-04-03,0,576083.0
CAND-03266,2024-12-04,2025-05-03,0,523920.0
CAND-03267,2024-12-23,2025-01-22,0,212025.0
CAND-03267,2024-12-23,2025-02-21,0,198514.0
CAND-03267,2024-12-23,2025-03-23,0,185002.0
CAND-03267,2024-12-23,2025-04-22,0,169689.0
CAND-03267,2024-12-23,2025-05-22,0,153283.0
CAND-03268,2024-12-10,2025-01-09,0,639471.0
CAND-03268,2024-12-10,2025-02-08,0,600392.0
CAND-03268,2024-12-10,2025-03-10,0,550148.0
CAND-03269,2024-11-17,2024-12-17,0,369842.0
CAND-03269,2024-11-17,2025-01-16,0,347583.0
CAND-03269,2024-11-17,2025-02-15,0,314194.0
CAND-03269,2024-11-17,2025-03-17,0,289153.0
CAND-03269,2024-11-17,2025-04-16,0,262442.0
CAND-03269,2024-11-17,2025-05-16,0,237401.0
CAND-03270,2024-10-16,2024-11-15,0,856399.0
CAND-03270,2024-10-16,2024-12-15,0,801443.0
CAND-03270,2024-10-16,2025-01-14,0,708017.0
CAND-03270,2024-10-16,2025-02-13,0,623085.0
CAND-03270,2024-10-16,2025-03-15,0,568129.0
CAND-03271,2024-11-29,2024-12-29,0,760849.0
CAND-03271,2024-11-29,2025-01-28,0,686740.0
CAND-03271,2024-11-29,2025-02-27,0,618807.0
CAND-03271,2024-11-29,2025-03-29,0,550874.0
CAND-03272,2024-12-14,2025-01-13,0,1441520.0
CAND-03272,2024-12-14,2025-02-12,0,1346125.0
CAND-03272,2024-12-14,2025-03-14,0,1244371.0
CAND-03272,2024-12-14,2025-04-13,0,1135348.0
CAND-03272,2024-12-14,2025-05-13,0,1008155.0
CAND-03272,2024-12-14,2025-06-12,0,890746.0
CAND-03273,2024-10-15,2024-11-14,0,608303.0
CAND-03273,2024-10-15,2024-12-14,0,557256.0
CAND-03273,2024-10-15,2025-01-13,0,496929.0
CAND-03273,2024-10-15,2025-02-12,0,445882.0
CAND-03274,18-12-2024,2025-01-17,0,680696.0
CAND-03274,18-12-2024,2025-02-16,30,666514.0
CAND-03274,18-12-2024,2025-03-18,60,647482.0
CAND-03274,18-12-2024,2025-04-17,90,632722.0
CAND-03275,10-01-2025,2025-02-09,30,1234463.0
CAND-03275,10-01-2025,2025-03-11,60,1202224.0
CAND-03275,10-01-2025,2025-04-10,90,1170790.0
CAND-03276,2024-12-14,2025-01-13,0,657439.0
CAND-03276,2024-12-14,2025-02-12,30,644259.0
CAND-03276,2024-12-14,2025-03-14,60,629707.0
CAND-03276,2024-12-14,2025-04-13,90,617452.0
CAND-03276,2024-12-14,2025-05-13,98,602589.0
CAND-03276,2024-12-14,2025-06-12,90,589654.0
CAND-03277,2025-01-01,2025-01-31,30,1069532.0
CAND-03277,2025-01-01,2025-03-02,0,985347.0
CAND-03277,2025-01-01,2025-04-01,0,894147.0
CAND-03278,2024-12-21,2025-01-20,0,305735.0
CAND-03278,2024-12-21,2025-02-19,0,282077.0
CAND-03278,2024-12-21,2025-03-21,0,263676.0
CAND-03278,2024-12-21,2025-04-20,30,257307.0
CAND-03279,2024-11-08,2024-12-08,0,959422.0
CAND-03279,2024-11-08,2025-01-07,0,878911.0
CAND-03279,2024-11-08,2025-02-06,0,820764.0
CAND-03279,2024-11-08,2025-03-08,0,725615.0
CAND-03280,2024-11-09,2024-12-09,0,193604.0
CAND-03280,2024-11-09,2025-01-08,0,181545.0
CAND-03280,2024-11-09,2025-02-07,0,162910.0
CAND-03281,2024-11-08,2024-12-08,0,857060.0
CAND-03281,2024-11-08,2025-01-07,0,763562.0
CAND-03281,2024-11-08,2025-02-06,0,711619.0
CAND-03282,2024-11-14,2024-12-14,30,1476610.0
CAND-03282,2024-11-14,2025-01-13,0,1374994.0
CAND-03282,2024-11-14,2025-02-12,0,1279729.0
CAND-03282,2024-11-14,2025-03-14,0,1190068.0
CAND-03282,2024-11-14,2025-04-13,0,1105387.0
CAND-03283,2024-12-03,2025-01-02,0,686867.0
CAND-03283,2024-12-03,2025-02-01,0,612456.0
CAND-03283,2024-12-03,2025-03-03,0,562849.0
CAND-03283,2024-12-03,2025-04-02,0,500841.0
CAND-03283,2024-12-03,2025-05-02,0,438832.0
CAND-03283,2024-12-03,2025-06-01,0,389225.0
CAND-03284,2024-11-22,2024-12-22,0,723862.0
CAND-03284,2024-11-22,2025-01-21,0,664700.0
CAND-03284,2024-11-22,2025-02-20,30,651439.0
CAND-03284,2024-11-22,2025-03-22,0,587348.0
CAND-03284,2024-11-22,2025-04-21,30,563313.0
CAND-03284,2024-11-22,2025-05-21,60,542527.0
CAND-03285,2024-11-16,2024-12-16,0,531901.0
CAND-03285,2024-11-16,2025-01-15,0,494963.0
CAND-03285,2024-11-16,2025-02-14,0,449502.0
CAND-03285,2024-11-16,2025-03-16,0,407287.0
CAND-03285,2024-11-16,2025-04-15,0,370350.0
CAND-03286,2024-12-01,2024-12-31,0,501591.0
CAND-03286,2024-12-01,2025-01-30,0,462777.0
CAND-03286,2024-12-01,2025-03-01,0,432589.0
CAND-03286,2024-12-01,2025-03-31,0,393775.0
CAND-03286,2024-12-01,2025-04-30,0,351976.0
CAND-03286,2024-12-01,2025-05-30,0,297637.0
CAND-03287,2025-01-03,2025-02-02,0,411766.0
CAND-03287,2025-01-03,2025-03-04,0,371659.0
CAND-03287,2025-01-03,2025-04-03,0,345707.0
CAND-03287,2025-01-03,2025-05-03,0,308943.0
CAND-03287,2025-01-03,2025-06-02,0,268835.0
CAND-03288,2024-12-11,2025-01-10,0,458845.0
CAND-03288,2024-12-11,2025-02-09,0,412961.0
CAND-03288,2024-12-11,2025-03-11,0,370900.0
CAND-03288,2024-12-11,2025-04-10,0,342860.0
CAND-03288,2024-12-11,2025-05-10,0,296975.0
CAND-03288,2024-12-11,2025-06-09,0,246502.0
CAND-03289,2025-01-08,2025-02-07,0,528012.0
CAND-03289,2025-01-08,2025-03-09,0,490103.0
CAND-03289,2025-01-08,2025-04-08,30,478731.0
CAND-03291,2024-12-09,2025-01-08,0,231078.0
CAND-03291,2024-12-09,2025-02-07,0,217073.0
CAND-03291,2024-12-09,2025-03-09,0,202245.0
CAND-03292,2024-11-20,2024-12-20,0,901865.0
CAND-03292,2024-11-20,2025-01-19,0,821341.0
CAND-03292,2024-11-20,2025-02-18,0,767659.0
CAND-03293,2024-11-30,2024-12-30,0,653366.0
CAND-03293,2024-11-30,2025-01-29,0,612530.0
CAND-03293,2024-11-30,2025-02-28,0,566250.0
CAND-03294,2024-10-26,2024-11-25,30,221124.0
CAND-03294,2024-10-26,2024-12-25,0,206099.0
CAND-03294,2024-10-26,2025-01-24,0,192013.0
CAND-03295,2025-01-29,2025-02-28,0,433294.0
CAND-03295,2025-01-29,2025-03-30,0,390322.0
CAND-03295,2025-01-29,2025-04-29,0,362517.0
CAND-03296,2024-11-04,2024-12-04,0,393113.0
CAND-03296,2024-11-04,2025-01-03,0,357376.0
CAND-03296,2024-11-04,2025-02-02,30,348624.0
CAND-03296,2024-11-04,2025-03-04,0,312886.0
CAND-03297,2024-10-29,2024-11-28,0,270235.0
CAND-03297,2024-10-29,2024-12-28,0,253554.0
CAND-03297,2024-10-29,2025-01-27,30,245855.0
CAND-03297,2024-10-29,2025-02-26,60,237953.0
CAND-03297,2024-10-29,2025-03-28,90,229838.0
CAND-03298,2024-10-18,2024-11-17,0,352777.0
CAND-03298,2024-10-18,2024-12-17,0,318240.0
CAND-03298,2024-10-18,2025-01-16,0,295892.0
CAND-03298,2024-10-18,2025-02-15,30,288586.0
CAND-03299,2024-11-05,2024-12-05,0,423083.0
CAND-03299,2024-11-05,2025-01-04,0,392998.0
CAND-03299,2024-11-05,2025-02-03,0,366451.0
CAND-03300,2024-11-02,2024-12-02,30,284006.0
CAND-03300,2024-11-02,2025-01-01,0,257380.0
CAND-03300,2024-11-02,2025-01-31,30,248505.0
CAND-03300,2024-11-02,2025-03-02,60,239057.0
CAND-03301,2024-12-28,2025-01-27,0,245897.0
CAND-03301,2024-12-28,2025-02-26,0,222228.0
CAND-03301,2024-12-28,2025-03-28,0,207764.0
CAND-03301,2024-12-28,2025-04-27,0,187736.0
CAND-03301,2024-12-28,2025-05-27,0,167708.0
CAND-03301,2024-12-28,2025-06-26,0,151435.0
CAND-03302,2024-12-28,2025-01-27,0,226135.0
CAND-03302,2024-12-28,2025-02-26,0,205406.0
CAND-03302,2024-12-28,2025-03-28,0,180531.0
CAND-03302,2024-12-28,2025-04-27,0,159802.0
CAND-03303,2024-11-15,2024-12-15,30,455737.0
CAND-03303,2024-11-15,2025-01-14,0,424576.0
CAND-03303,2024-11-15,2025-02-13,30,414838.0
CAND-03303,2024-11-15,2025-03-15,60,403968.0
CAND-03303,2024-11-15,2025-04-14,90,392838.0
CAND-03304,2024-11-02,2024-12-02,0,634837.0
CAND-03304,2024-11-02,2025-01-01,0,582515.0
CAND-03304,2024-11-02,2025-01-31,0,544727.0
CAND-03304,2024-11-02,2025-03-02,0,492405.0
CAND-03304,2024-11-02,2025-04-01,0,454617.0
CAND-03305,2024-12-05,2025-01-04,0,390020.0
CAND-03305,2024-12-05,2025-02-03,0,356684.0
CAND-03305,2024-12-05,2025-03-05,0,320572.0
CAND-03305,2024-12-05,2025-04-04,0,281176.0
CAND-03306,2025-01-03,2025-02-02,0,145040.0
CAND-03306,2025-01-03,2025-03-04,0,135442.0
CAND-03306,2025-01-03,2025-04-03,0,126408.0
CAND-03306,2025-01-03,2025-05-03,0,111051.0
CAND-03306,2025-01-03,2025-06-02,0,98253.0
CAND-03306,2025-01-03,2025-07-02,0,85456.0
CAND-03307,2024-12-14,2025-01-13,30,1249561.0
CAND-03307,2024-12-14,2025-02-12,60,1221928.0
CAND-03307,2024-12-14,2025-03-14,90,1198817.0
CAND-03308,2024-12-14,2025-01-13,0,381360.0
CAND-03308,2024-12-14,2025-02-12,0,340840.0
CAND-03308,2024-12-14,2025-03-14,30,333473.0
CAND-03308,2024-12-14,2025-04-13,0,302304.0
CAND-03309,2024-12-31,2025-01-30,0,492643.0
CAND-03309,2024-12-31,2025-03-01,0,455255.0
CAND-03309,2024-12-31,2025-03-31,0,426175.0
CAND-03309,2024-12-31,2025-04-30,0,395385.0
CAND-03309,2024-12-31,2025-05-30,0,362670.0
CAND-03310,2024-12-12,2025-01-11,0,1125565.0
CAND-03310,2024-12-12,2025-02-10,0,1038983.0
CAND-03310,2024-12-12,2025-03-12,0,967680.0
CAND-03310,2024-12-12,2025-04-11,0,874438.0
CAND-03310,2024-12-12,2025-05-11,30,850671.0
CAND-03311,2024-12-25,2025-01-24,30,1026532.0
CAND-03311,2024-12-25,2025-02-23,60,1008183.0
CAND-03311,2024-12-25,2025-03-25,90,980660.0
CAND-03311,2024-12-25,2025-04-24,104,956336.0
CAND-03311,2024-12-25,2025-05-24,104,927284.0
CAND-03312,2024-10-31,2024-11-30,0,273519.0
CAND-03312,2024-10-31,2024-12-30,30,268137.0
CAND-03312,2024-10-31,2025-01-29,60,262948.0
CAND-03312,2024-10-31,2025-02-28,90,256630.0
CAND-03313,2024-12-08,2025-01-07,0,837113.0
CAND-03313,2024-12-08,2025-02-06,30,807859.0
CAND-03313,2024-12-08,2025-03-08,0,732286.0
CAND-03313,2024-12-08,2025-04-07,0,662527.0
CAND-03313,2024-12-08,2025-05-07,0,571839.0
CAND-03313,2024-12-08,2025-06-06,0,515160.0
CAND-03314,2024-12-05,2025-01-04,0,174668.0
CAND-03314,2024-12-05,2025-02-03,0,164156.0
CAND-03314,2024-12-05,2025-03-05,0,146954.0
CAND-03314,2024-12-05,2025-04-04,0,131185.0
CAND-03314,2024-12-05,2025-05-04,0,119359.0
CAND-03315,2024-12-12,2025-01-11,0,604691.0
CAND-03315,2024-12-12,2025-02-10,0,549719.0
CAND-03315,2024-12-12,2025-03-12,0,498976.0
CAND-03315,2024-12-12,2025-04-11,30,483635.0
CAND-03315,2024-12-12,2025-05-11,0,432892.0
CAND-03315,2024-12-12,2025-06-10,0,388914.0
CAND-03316,2025-01-11,2025-02-10,0,219266.0
CAND-03316,2025-01-11,2025-03-12,0,204648.0
CAND-03316,2025-01-11,2025-04-11,0,181260.0
CAND-03316,2025-01-11,2025-05-11,30,176582.0
CAND-03316,2025-01-11,2025-06-10,0,162825.0
CAND-03317,2025-01-02,2025-02-01,0,405464.0
CAND-03317,2025-01-02,2025-03-03,0,378963.0
CAND-03317,2025-01-02,2025-04-02,0,352463.0
CAND-03317,2025-01-02,2025-05-02,0,307411.0
CAND-03317,2025-01-02,2025-06-01,0,272756.0
CAND-03317,2025-01-02,2025-07-01,0,246255.0
CAND-03318,2024-12-10,2025-01-09,0,1932409.0
CAND-03318,2024-12-10,2025-02-08,0,1802343.0
CAND-03318,2024-12-10,2025-03-10,0,1628922.0
CAND-03318,2024-12-10,2025-04-09,0,1490185.0
CAND-03319,2024-12-24,2025-01-23,0,672366.0
CAND-03319,2024-12-24,2025-02-22,0,616335.0
CAND-03319,2024-12-24,2025-03-24,30,602592.0
CAND-03319,2024-12-24,2025-04-23,0,550563.0
CAND-03319,2024-12-24,2025-05-23,0,502004.0
CAND-03319,2024-12-24,2025-06-22,0,441304.0
CAND-03320,2024-11-09,2024-12-09,0,1456656.0
CAND-03320,2024-11-09,2025-01-08,0,1360260.0
CAND-03320,2024-11-09,2025-02-07,0,1257437.0
CAND-03320,2024-11-09,2025-03-09,0,1103203.0
CAND-03320,2024-11-09,2025-04-08,0,993036.0
CAND-03321,2024-10-24,2024-11-23,0,662817.0
CAND-03321,2024-10-24,2024-12-23,30,647098.0
CAND-03321,2024-10-24,2025-01-22,0,586842.0
CAND-03321,2024-10-24,2025-02-21,0,546671.0
CAND-03321,2024-10-24,2025-03-23,30,533524.0
CAND-03321,2024-10-24,2025-04-22,60,521269.0
CAND-03322,2024-10-11,2024-11-10,0,597199.0
CAND-03322,2024-10-11,2024-12-10,0,533498.0
CAND-03322,2024-10-11,2025-01-09,0,475587.0
CAND-03322,2024-10-11,2025-02-08,0,430087.0
CAND-03322,2024-10-11,2025-03-10,0,384586.0
CAND-03323,2024-12-14,2025-01-13,0,391195.0
CAND-03323,2024-12-14,2025-02-12,0,347729.0
CAND-03323,2024-12-14,2025-03-14,0,322161.0
CAND-03323,2024-12-14,2025-04-13,0,296592.0
CAND-03323,2024-12-14,2025-05-13,0,260370.0
CAND-03323,2024-12-14,2025-06-12,0,233204.0
CAND-03324,2025-01-08,2025-02-07,0,503503.0
CAND-03324,2025-01-08,2025-03-09,30,490810.0
CAND-03324,2025-01-08,2025-04-08,0,449801.0
CAND-03324,2025-01-08,2025-05-08,30,434120.0
CAND-03325,2024-12-04,2025-01-03,0,343104.0
CAND-03325,2024-12-04,2025-02-02,0,304982.0
CAND-03325,2024-12-04,2025-03-04,0,270325.0
CAND-03326,2025-01-01,2025-01-31,0,725333.0
CAND-03326,2025-01-01,2025-03-02,0,679384.0
CAND-03326,2025-01-01,2025-04-01,30,658828.0
CAND-03327,2024-12-26,2025-01-25,0,377428.0
CAND-03327,2024-12-26,2025-02-24,0,344010.0
CAND-03327,2024-12-26,2025-03-26,0,315366.0
CAND-03327,2024-12-26,2025-04-25,0,293087.0
CAND-03327,2024-12-26,2025-05-25,0,269498.0
CAND-03327,2024-12-26,2025-06-24,0,233042.0
CAND-03328,2024-11-05,2024-12-05,0,354872.0
CAND-03328,2024-11-05,2025-01-04,0,331108.0
CAND-03328,2024-11-05,2025-02-03,0,308742.0
CAND-03328,2024-11-05,2025-03-05,0,279495.0
CAND-03328,2024-11-05,2025-04-04,0,254147.0
CAND-03328,2024-11-05,2025-05-04,0,233023.0
CAND-03329,2024-10-05,2024-11-04,30,537740.0
CAND-03329,2024-10-05,2024-12-04,60,522897.0
CAND-03329,2024-10-05,2025-01-03,30,513262.0
CAND-03329,2024-10-05,2025-02-02,0,478938.0
CAND-03329,2024-10-05,2025-03-04,30,465544.0
CAND-03330,2024-12-10,2025-01-09,0,361531.0
CAND-03330,2024-12-10,2025-02-08,0,328391.0
CAND-03330,2024-12-10,2025-03-10,0,297799.0
CAND-03330,2024-12-10,2025-04-09,0,261646.0
CAND-03330,2024-12-10,2025-05-09,0,231055.0
CAND-03330,2024-12-10,2025-06-08,0,200464.0
CAND-03331,2024-12-21,2025-01-20,0,1211496.0
CAND-03331,2024-12-21,2025-02-19,0,1112823.0
CAND-03331,2024-12-21,2025-03-21,0,984546.0
CAND-03331,2024-12-21,2025-04-20,0,877650.0
CAND-03332,2024-10-26,2024-11-25,0,163117.0
CAND-03332,2024-10-26,2024-12-25,0,151034.0
CAND-03332,2024-10-26,2025-01-24,0,135931.0
CAND-03332,2024-10-26,2025-02-23,0,119454.0
CAND-03332,2024-10-26,2025-03-25,0,108793.0
CAND-03333,2024-11-02,2024-12-02,0,562439.0
CAND-03333,2024-11-02,2025-01-01,0,528352.0
CAND-03333,2024-11-02,2025-01-31,0,487447.0
CAND-03333,2024-11-02,2025-03-02,0,446543.0
CAND-03333,2024-11-02,2025-04-01,0,399345.0
CAND-03334,2025-01-14,2025-02-13,0,679732.0
CAND-03334,2025-01-14,2025-03-15,0,611759.0
CAND-03334,2025-01-14,2025-04-14,0,549450.0
CAND-03335,2024-11-05,2024-12-05,0,385336.0
CAND-03335,2024-11-05,2025-01-04,0,359063.0
CAND-03335,2024-11-05,2025-02-03,0,332790.0
CAND-03335,2024-11-05,2025-03-05,0,302764.0
CAND-03335,2024-11-05,2025-04-04,0,272737.0
CAND-03335,2024-11-05,2025-05-04,0,240402.0
CAND-03336,2024-12-27,2025-01-26,30,412258.0
CAND-03336,2024-12-27,2025-02-25,60,403654.0
CAND-03336,2024-12-27,2025-03-27,90,396508.0
CAND-03336,2024-12-27,2025-04-26,109,384796.0
CAND-03336,2024-12-27,2025-05-26,109,375213.0
CAND-03337,2024-11-25,2024-12-25,0,1694255.0
CAND-03337,2024-11-25,2025-01-24,0,1571036.0
CAND-03337,2024-11-25,2025-02-23,0,1386208.0
CAND-03337,2024-11-25,2025-03-25,0,1270691.0
CAND-03337,2024-11-25,2025-04-24,0,1116668.0
CAND-03337,2024-11-25,2025-05-24,0,931840.0
CAND-03338,2024-12-28,2025-01-27,0,311990.0
CAND-03338,2024-12-28,2025-02-26,30,305057.0
CAND-03338,2024-12-28,2025-03-28,60,297493.0
CAND-03339,2025-01-06,2025-02-05,0,823488.0
CAND-03339,2025-01-06,2025-03-07,0,771011.0
CAND-03339,2025-01-06,2025-04-06,0,721449.0
CAND-03339,2025-01-06,2025-05-06,0,668972.0
CAND-03339,2025-01-06,2025-06-05,0,609498.0
CAND-03340,2025-01-09,2025-02-08,0,566879.0
CAND-03340,2025-01-09,2025-03-10,0,511380.0
CAND-03340,2025-01-09,2025-04-09,0,464420.0
CAND-03340,2025-01-09,2025-05-09,0,423721.0
CAND-03340,2025-01-09,2025-06-08,0,372847.0
CAND-03341,2024-10-23,2024-11-22,0,570812.0
CAND-03341,2024-10-23,2024-12-22,30,560076.0
CAND-03341,2024-10-23,2025-01-21,60,542284.0
CAND-03341,2024-10-23,2025-02-20,90,526717.0
CAND-03342,2024-12-29,2025-01-28,0,753322.0
CAND-03342,2024-12-29,2025-02-27,0,701959.0
CAND-03342,2024-12-29,2025-03-29,0,633475.0
CAND-03343,2024-10-30,2024-11-29,0,799905.0
CAND-03343,2024-10-30,2024-12-29,0,738374.0
CAND-03343,2024-10-30,2025-01-28,0,687701.0
CAND-03343,2024-10-30,2025-02-27,0,626170.0
CAND-03343,2024-10-30,2025-03-29,30,607027.0
CAND-03343,2024-10-30,2025-04-28,60,590773.0
CAND-03344,2025-01-15,2025-02-14,0,669695.0
CAND-03344,2025-01-15,2025-03-16,0,630164.0
CAND-03344,2025-01-15,2025-04-15,0,575430.0
CAND-03344,2025-01-15,2025-05-15,0,510743.0
CAND-03344,2025-01-15,2025-06-14,0,459918.0
CAND-03345,2024-11-28,2024-12-28,30,693688.0
CAND-03345,2024-11-28,2025-01-27,0,645950.0
CAND-03345,2024-11-28,2025-02-26,0,598213.0
CAND-03345,2024-11-28,2025-03-28,0,547065.0
CAND-03345,2024-11-28,2025-04-27,0,481968.0
CAND-03345,2024-11-28,2025-05-27,0,442187.0
CAND-03346,2024-11-22,2024-12-22,0,1154127.0
CAND-03346,2024-11-22,2025-01-21,30,1126529.0
CAND-03346,2024-11-22,2025-02-20,60,1090256.0
CAND-03346,2024-11-22,2025-03-22,30,1053983.0
CAND-03346,2024-11-22,2025-04-21,60,1026385.0
CAND-03347,2024-12-01,2024-12-31,0,607340.0
CAND-03347,2024-12-01,2025-01-30,0,568866.0
CAND-03347,2024-12-01,2025-03-01,0,522148.0
CAND-03347,2024-12-01,2025-03-31,0,467643.0
CAND-03347,2024-12-01,2025-04-30,0,402237.0
CAND-03348,2024-11-21,2024-12-21,0,132165.0
CAND-03348,2024-11-21,2025-01-20,0,124007.0
CAND-03348,2024-11-21,2025-02-19,0,113517.0
CAND-03349,2024-12-22,2025-01-21,0,229540.0
CAND-03349,2024-12-22,2025-02-20,0,215513.0
CAND-03349,2024-12-22,2025-03-22,0,190263.0
CAND-03349,2024-12-22,2025-04-21,0,173430.0
CAND-03349,2024-12-22,2025-05-21,30,168170.0
CAND-03351,2024-11-03,2024-12-03,0,550674.0
CAND-03351,2024-11-03,2025-01-02,0,508062.0
CAND-03351,2024-11-03,2025-02-01,0,472970.0
CAND-03351,2024-11-03,2025-03-03,0,413314.0
CAND-03352,2025-01-24,2025-02-23,0,560840.0
CAND-03352,2025-01-24,2025-03-25,0,499148.0
CAND-03352,2025-01-24,2025-04-24,0,464874.0
CAND-03352,2025-01-24,2025-05-24,0,426316.0
CAND-03352,2025-01-24,2025-06-23,0,378861.0
CAND-03353,2024-10-28,2024-11-27,0,103633.0
CAND-03353,2024-10-28,2024-12-27,0,93539.0
CAND-03353,2024-10-28,2025-01-26,0,84997.0
CAND-03353,2024-10-28,2025-02-25,0,78829.0
CAND-03354,2024-10-29,2024-11-28,0,998086.0
CAND-03354,2024-10-29,2024-12-28,0,921702.0
CAND-03354,2024-10-29,2025-01-27,0,845318.0
CAND-03354,2024-10-29,2025-02-26,0,768934.0
CAND-03355,2024-12-05,2025-01-04,0,1691825.0
CAND-03355,2024-12-05,2025-02-03,30,1650166.0
CAND-03355,2024-12-05,2025-03-05,0,1544793.0
CAND-03356,2024-11-29,2024-12-29,0,1339209.0
CAND-03356,2024-11-29,2025-01-28,0,1215208.0
CAND-03356,2024-11-29,2025-02-27,0,1116008.0
CAND-03356,2024-11-29,2025-03-29,0,1016807.0
CAND-03356,2024-11-29,2025-04-28,0,934140.0
CAND-03357,2024-10-19,2024-11-18,0,568982.0
CAND-03357,2024-10-19,2024-12-18,0,534940.0
CAND-03357,2024-10-19,2025-01-17,0,473665.0
CAND-03357,2024-10-19,2025-02-16,0,437621.0
CAND-03357,2024-10-19,2025-03-18,0,401577.0
CAND-03357,2024-10-19,2025-04-17,0,365533.0
CAND-03358,2024-11-08,2024-12-08,0,667292.0
CAND-03358,2024-11-08,2025-01-07,0,612296.0
CAND-03358,2024-11-08,2025-02-06,0,572576.0
CAND-03358,2024-11-08,2025-03-08,0,524912.0
CAND-03359,2024-10-22,2024-11-21,0,219762.0
CAND-03359,2024-10-22,2024-12-21,30,215113.0
CAND-03359,2024-10-22,2025-01-20,0,201683.0
CAND-03359,2024-10-22,2025-02-19,0,188253.0
CAND-03359,2024-10-22,2025-03-21,0,174823.0
CAND-03360,2024-10-18,2024-11-17,0,1019736.0
CAND-03360,2024-10-18,2024-12-17,0,916732.0
CAND-03360,2024-10-18,2025-01-16,0,822312.0
CAND-03360,2024-10-18,2025-02-15,0,746776.0
CAND-03360,2024-10-18,2025-03-17,0,643773.0
CAND-03361,2025-01-04,2025-02-03,0,739000.0
CAND-03361,2025-01-04,2025-03-05,0,695012.0
CAND-03361,2025-01-04,2025-04-04,0,615834.0
CAND-03362,2024-11-17,2024-12-17,0,648670.0
CAND-03362,2024-11-17,2025-01-16,0,598124.0
CAND-03362,2024-11-17,2025-02-15,0,543690.0
CAND-03362,2024-11-17,2025-03-17,0,502065.0
CAND-03362,2024-11-17,2025-04-16,0,451519.0
CAND-03363,2024-12-19,2025-01-18,0,823273.0
CAND-03363,2024-12-19,2025-02-17,0,774018.0
CAND-03363,2024-12-19,2025-03-19,30,747151.0
CAND-03364,2024-11-11,2024-12-11,0,248071.0
CAND-03364,2024-11-11,2025-01-10,0,221009.0
CAND-03364,2024-11-11,2025-02-09,0,198457.0
CAND-03365,2024-11-17,2024-12-17,0,251075.0
CAND-03365,2024-11-17,2025-01-16,0,235437.0
CAND-03365,2024-11-17,2025-02-15,0,214987.0
CAND-03365,2024-11-17,2025-03-17,0,192834.0
CAND-03366,2024-12-27,2025-01-26,30,189309.0
CAND-03366,2024-12-27,2025-02-25,0,174319.0
CAND-03366,2024-12-27,2025-03-27,0,160399.0
CAND-03367,2024-11-11,2024-12-11,0,730399.0
CAND-03367,2024-11-11,2025-01-10,0,650055.0
CAND-03367,2024-11-11,2025-02-09,0,605420.0
CAND-03367,2024-11-11,2025-03-11,0,543617.0
CAND-03367,2024-11-11,2025-04-10,0,463273.0
CAND-03367,2024-11-11,2025-05-10,30,449655.0
CAND-03368,2024-12-01,2024-12-31,30,218721.0
CAND-03368,2024-12-01,2025-01-30,0,202766.0
CAND-03368,2024-12-01,2025-03-01,0,180428.0
CAND-03368,2024-12-01,2025-03-31,0,166468.0
CAND-03368,2024-12-01,2025-04-30,30,162616.0
CAND-03369,2024-11-07,2024-12-07,0,843109.0
CAND-03369,2024-11-07,2025-01-06,0,753839.0
CAND-03369,2024-11-07,2025-02-05,0,704244.0
CAND-03369,2024-11-07,2025-03-07,0,654650.0
CAND-03369,2024-11-07,2025-04-06,0,573495.0
CAND-03369,2024-11-07,2025-05-06,0,504825.0
CAND-03370,2024-12-20,2025-01-19,0,184118.0
CAND-03370,2024-12-20,2025-02-18,0,172752.0
CAND-03370,2024-12-20,2025-03-20,0,158140.0
CAND-03370,2024-12-20,2025-04-19,0,146774.0
CAND-03371,2024-11-28,2024-12-28,30,295323.0
CAND-03371,2024-11-28,2025-01-27,60,286716.0
CAND-03371,2024-11-28,2025-02-26,90,279711.0
CAND-03372,2024-12-30,2025-01-29,0,285752.0
CAND-03372,2024-12-30,2025-02-28,0,255272.0
CAND-03372,2024-12-30,2025-03-30,0,227562.0
CAND-03372,2024-12-30,2025-04-29,0,209633.0
CAND-03372,2024-12-30,2025-05-29,0,179153.0
CAND-03372,2024-12-30,2025-06-28,0,162219.0
CAND-03373,2024-11-28,2024-12-28,0,860043.0
CAND-03373,2024-11-28,2025-01-27,30,844141.0
CAND-03373,2024-11-28,2025-02-26,0,792017.0
CAND-03373,2024-11-28,2025-03-28,0,733378.0
CAND-03374,2025-01-07,2025-02-06,0,742745.0
CAND-03374,2025-01-07,2025-03-08,0,681802.0
CAND-03374,2025-01-07,2025-04-07,0,615780.0
CAND-03375,2024-12-17,2025-01-16,0,332706.0
CAND-03375,2024-12-17,2025-02-15,0,299436.0
CAND-03375,2024-12-17,2025-03-17,30,291480.0
CAND-03375,2024-12-17,2025-04-16,60,279674.0
CAND-03376,2024-10-25,2024-11-24,0,825156.0
CAND-03376,2024-10-25,2024-12-24,0,765914.0
CAND-03376,2024-10-25,2025-01-23,0,706672.0
CAND-03376,2024-10-25,2025-02-22,0,647430.0
CAND-03376,2024-10-25,2025-03-24,0,566645.0
CAND-03376,2024-10-25,2025-04-23,0,517277.0
CAND-03377,2024-12-08,2025-01-07,30,638116.0
CAND-03377,2024-12-08,2025-02-06,60,622034.0
CAND-03377,2024-12-08,2025-03-08,90,600763.0
CAND-03378,2024-11-03,2024-12-03,0,477076.0
CAND-03378,2024-11-03,2025-01-02,0,434261.0
CAND-03378,2024-11-03,2025-02-01,0,382884.0
CAND-03378,2024-11-03,2025-03-03,0,340069.0
CAND-03378,2024-11-03,2025-04-02,0,311526.0
CAND-03379,2024-10-27,2024-11-26,0,1002380.0
CAND-03379,2024-10-27,2024-12-26,0,901130.0
CAND-03379,2024-10-27,2025-01-25,0,799879.0
CAND-03380,2024-10-30,2024-11-29,0,921832.0
CAND-03380,2024-10-30,2024-12-29,0,860377.0
CAND-03380,2024-10-30,2025-01-28,0,770987.0
CAND-03380,2024-10-30,2025-02-27,0,681597.0
CAND-03380,2024-10-30,2025-03-29,0,616045.0
CAND-03380,2024-10-30,2025-04-28,0,540407.0
CAND-03381,2024-11-02,2024-12-02,30,717890.0
CAND-03381,2024-11-02,2025-01-01,60,695033.0
CAND-03381,2024-11-02,2025-01-31,90,674715.0
CAND-03382,2024-11-05,2024-12-05,0,417122.0
CAND-03382,2024-11-05,2025-01-04,0,392293.0
CAND-03382,2024-11-05,2025-02-03,0,362499.0
CAND-03382,2024-11-05,2025-03-05,0,325256.0
CAND-03382,2024-11-05,2025-04-04,0,297323.0
CAND-03382,2024-11-05,2025-05-04,0,252632.0
CAND-03383,2024-12-16,2025-01-15,0,1304920.0
CAND-03383,2024-12-16,2025-02-14,0,1178383.0
CAND-03383,2024-12-16,2025-03-16,0,1071312.0
CAND-03383,2024-12-16,2025-04-15,0,978518.0
CAND-03383,2024-12-16,2025-05-15,0,871447.0
CAND-03383,2024-12-16,2025-06-14,0,732256.0
CAND-03384,2024-11-20,2024-12-20,0,781791.0
CAND-03384,2024-11-20,2025-01-19,0,698726.0
CAND-03384,2024-11-20,2025-02-18,0,615660.0
CAND-03384,2024-11-20,2025-03-20,0,540147.0
CAND-03384,2024-11-20,2025-04-19,0,476250.0
CAND-03384,2024-11-20,2025-05-19,0,400736.0
CAND-03385,2024-11-22,2024-12-22,0,1088165.0
CAND-03385,2024-11-22,2025-01-21,0,972948.0
CAND-03385,2024-11-22,2025-02-20,0,900937.0
CAND-03386,2025-01-08,2025-02-07,0,499764.0
CAND-03386,2025-01-08,2025-03-09,0,463417.0
CAND-03386,2025-01-08,2025-04-08,0,413854.0
CAND-03386,2025-01-08,2025-05-08,0,371916.0
CAND-03386,2025-01-08,2025-06-07,0,322352.0
CAND-03386,2025-01-08,2025-07-07,0,290282.0
CAND-03387,2024-12-07,2025-01-06,0,563926.0
CAND-03387,2024-12-07,2025-02-05,0,528202.0
CAND-03387,2024-12-07,2025-03-07,0,494463.0
CAND-03387,2024-12-07,2025-04-06,0,447747.0
CAND-03388,2024-11-03,2024-12-03,0,419061.0
CAND-03388,2024-11-03,2025-01-02,0,378424.0
CAND-03388,2024-11-03,2025-02-01,0,333725.0
CAND-03388,2024-11-03,2025-03-03,0,301796.0
CAND-03388,2024-11-03,2025-04-02,0,275502.0
CAND-03388,2024-11-03,2025-05-02,0,241118.0
CAND-03389,2024-12-30,2025-01-29,0,837746.0
CAND-03389,2024-12-30,2025-02-28,30,810867.0
CAND-03389,2024-12-30,2025-03-30,60,793623.0
CAND-03389,2024-12-30,2025-04-29,90,769573.0
CAND-03389,2024-12-30,2025-05-29,100,750922.0
CAND-03389,2024-12-30,2025-06-28,100,732271.0
CAND-03390,2024-10-19,2024-11-18,0,254598.0
CAND-03390,2024-10-19,2024-12-18,0,233508.0
CAND-03390,2024-10-19,2025-01-17,0,206089.0
CAND-03390,2024-10-19,2025-02-16,0,181163.0
CAND-03390,2024-10-19,2025-03-18,0,158315.0
CAND-03391,2024-10-18,2024-11-17,0,440092.0
CAND-03391,2024-10-18,2024-12-17,0,409027.0
CAND-03391,2024-10-18,2025-01-16,30,399890.0
CAND-03391,2024-10-18,2025-02-15,0,372479.0
CAND-03392,2024-11-28,2024-12-28,0,319525.0
CAND-03392,2024-11-28,2025-01-27,0,298850.0
CAND-03392,2024-11-28,2025-02-26,30,291209.0
CAND-03392,2024-11-28,2025-03-28,0,256062.0
CAND-03393,2024-12-30,2025-01-29,30,138631.0
CAND-03393,2024-12-30,2025-02-28,60,136146.0
CAND-03393,2024-12-30,2025-03-30,30,131425.0
CAND-03393,2024-12-30,2025-04-29,60,127884.0
CAND-03394,2024-12-22,2025-01-21,30,1112804.0
CAND-03394,2024-12-22,2025-02-20,60,1078261.0
CAND-03394,2024-12-22,2025-03-22,30,1042637.0
CAND-03394,2024-12-22,2025-04-21,60,1010972.0
CAND-03395,2024-12-11,2025-01-10,0,837110.0
CAND-03395,2024-12-11,2025-02-09,0,784790.0
CAND-03395,2024-12-11,2025-03-11,0,721260.0
CAND-03396,2024-10-15,2024-11-14,0,1272154.0
CAND-03396,2024-10-15,2024-12-14,0,1175228.0
CAND-03396,2024-10-15,2025-01-13,0,1070846.0
CAND-03397,2024-11-08,2024-12-08,0,425618.0
CAND-03397,2024-11-08,2025-01-07,0,390952.0
CAND-03397,2024-11-08,2025-02-06,30,383182.0
CAND-03398,13-11-2024,2024-12-13,0,355134.0
CAND-03398,13-11-2024,2025-01-12,30,346389.0
CAND-03398,13-11-2024,2025-02-11,0,324270.0
CAND-03398,13-11-2024,2025-03-13,30,315724.0
CAND-03398,13-11-2024,2025-04-12,60,303973.0
CAND-03399,2024-12-22,2025-01-21,30,674503.0
CAND-03399,2024-12-22,2025-02-20,0,635990.0
CAND-03399,2024-12-22,2025-03-22,0,572968.0
CAND-03400,2024-11-11,2024-12-11,30,628385.0
CAND-03400,2024-11-11,2025-01-10,60,616442.0
CAND-03400,2024-11-11,2025-02-09,90,602110.0
CAND-03401,2024-12-06,2025-01-05,0,1326594.0
CAND-03401,2024-12-06,2025-02-04,0,1232952.0
CAND-03401,2024-12-06,2025-03-06,0,1105259.0
CAND-03402,2024-12-01,2024-12-31,0,758236.0
CAND-03402,2024-12-01,2025-01-30,0,700890.0
CAND-03402,2024-12-01,2025-03-01,0,643545.0
CAND-03403,2024-12-25,2025-01-24,0,812510.0
CAND-03403,2024-12-25,2025-02-23,0,740569.0
CAND-03403,2024-12-25,2025-03-25,0,662088.0
CAND-03403,2024-12-25,2025-04-24,30,639952.0
CAND-03404,2025-01-02,2025-02-01,0,925666.0
CAND-03404,2025-01-02,2025-03-03,0,854824.0
CAND-03404,2025-01-02,2025-04-02,0,792838.0
CAND-03404,2025-01-02,2025-05-02,30,774805.0
CAND-03405,2024-10-31,2024-11-30,0,1073383.0
CAND-03405,2024-10-31,2024-12-30,0,1005733.0
CAND-03405,2024-10-31,2025-01-29,0,923586.0
CAND-03405,2024-10-31,2025-02-28,0,819036.0
CAND-03405,2024-10-31,2025-03-30,0,747157.0
CAND-03406,2024-12-06,2025-01-05,0,322197.0
CAND-03406,2024-12-06,2025-02-04,0,298331.0
CAND-03406,2024-12-06,2025-03-06,0,262531.0
CAND-03406,2024-12-06,2025-04-05,0,226731.0
CAND-03406,2024-12-06,2025-05-05,30,218406.0
CAND-03406,2024-12-06,2025-06-04,0,198517.0
CAND-03407,2024-11-03,2024-12-03,30,384543.0
CAND-03407,2024-11-03,2025-01-02,60,376531.0
CAND-03407,2024-11-03,2025-02-01,90,368353.0
CAND-03407,2024-11-03,2025-03-03,106,360001.0
CAND-03408,2024-11-14,2024-12-14,0,365121.0
CAND-03408,2024-11-14,2025-01-13,0,340399.0
CAND-03408,2024-11-14,2025-02-12,0,315678.0
CAND-03408,2024-11-14,2025-03-14,0,293703.0
CAND-03408,2024-11-14,2025-04-13,0,271728.0
CAND-03408,2024-11-14,2025-05-13,0,245358.0
CAND-03409,2024-12-25,2025-01-24,0,267743.0
CAND-03409,2024-12-25,2025-02-23,0,250868.0
CAND-03409,2024-12-25,2025-03-25,0,224789.0
CAND-03409,2024-12-25,2025-04-24,0,196102.0
CAND-03410,2025-01-01,2025-01-31,0,572075.0
CAND-03410,2025-01-01,2025-03-02,0,523180.0
CAND-03410,2025-01-01,2025-04-01,30,505019.0
CAND-03410,2025-01-01,2025-05-01,0,469705.0
CAND-03411,2025-01-05,2025-02-04,0,2209849.0
CAND-03411,2025-01-05,2025-03-06,0,2050249.0
CAND-03411,2025-01-05,2025-04-05,0,1866095.0
CAND-03412,2025-01-25,2025-02-24,0,596315.0
CAND-03412,2025-01-25,2025-03-26,0,558315.0
CAND-03412,2025-01-25,2025-04-25,0,508622.0
CAND-03412,2025-01-25,2025-05-25,0,468246.0
CAND-03412,2025-01-25,2025-06-24,0,422103.0
CAND-03412,2025-01-25,2025-07-24,0,386213.0
CAND-03413,2024-12-07,2025-01-06,0,666922.0
CAND-03413,2024-12-07,2025-02-05,0,619497.0
CAND-03413,2024-12-07,2025-03-07,0,548358.0
CAND-03413,2024-12-07,2025-04-06,0,508837.0
CAND-03413,2024-12-07,2025-05-06,0,461412.0
CAND-03414,2024-11-16,2024-12-16,0,991236.0
CAND-03414,2024-11-16,2025-01-15,0,925640.0
CAND-03414,2024-11-16,2025-02-14,0,820685.0
CAND-03414,2024-11-16,2025-03-16,0,758947.0
CAND-03415,2024-12-15,2025-01-14,0,525318.0
CAND-03415,2024-12-15,2025-02-13,0,481541.0
CAND-03415,2024-12-15,2025-03-15,0,437765.0
CAND-03415,2024-12-15,2025-04-14,0,397115.0
CAND-03415,2024-12-15,2025-05-14,0,365499.0
CAND-03415,2024-12-15,2025-06-13,0,318074.0
CAND-03416,2024-11-09,2024-12-09,0,295149.0
CAND-03416,2024-11-09,2025-01-08,0,277386.0
CAND-03416,2024-11-09,2025-02-07,0,245411.0
CAND-03416,2024-11-09,2025-03-09,0,224095.0
CAND-03417,2024-11-21,2024-12-21,0,601165.0
CAND-03417,2024-11-21,2025-01-20,0,563276.0
CAND-03417,2024-11-21,2025-02-19,0,504721.0
CAND-03417,2024-11-21,2025-03-21,0,440311.0
CAND-03417,2024-11-21,2025-04-20,30,421366.0
CAND-03418,2024-10-16,2024-11-15,0,824693.0
CAND-03418,2024-10-16,2024-12-15,0,767995.0
CAND-03418,2024-10-16,2025-01-14,0,703198.0
CAND-03418,2024-10-16,2025-02-13,0,633416.0
CAND-03419,2024-10-14,2024-11-13,0,1039394.0
CAND-03419,2024-10-14,2024-12-13,0,938154.0
CAND-03419,2024-10-14,2025-01-12,0,872646.0
CAND-03419,2024-10-14,2025-02-11,0,771406.0
CAND-03420,2024-10-30,2024-11-29,0,682985.0
CAND-03420,2024-10-30,2024-12-29,0,621326.0
CAND-03420,2024-10-30,2025-01-28,0,568476.0
CAND-03420,2024-10-30,2025-02-27,0,519150.0
CAND-03420,2024-10-30,2025-03-29,0,475626.0
CAND-03421,2024-11-02,2024-12-02,0,298726.0
CAND-03421,2024-11-02,2025-01-01,30,292271.0
CAND-03421,2024-11-02,2025-01-31,60,286520.0
CAND-03422,2024-11-04,2024-12-04,0,571934.0
CAND-03422,2024-11-04,2025-01-03,0,521294.0
CAND-03422,2024-11-04,2025-02-02,0,485548.0
CAND-03423,2024-12-28,2025-01-27,0,237010.0
CAND-03423,2024-12-28,2025-02-26,30,232053.0
CAND-03423,2024-12-28,2025-03-28,0,209070.0
CAND-03423,2024-12-28,2025-04-27,0,186088.0
CAND-03423,2024-12-28,2025-05-27,0,170287.0
CAND-03423,2024-12-28,2025-06-26,0,150840.0
CAND-03424,2024-10-31,2024-11-30,0,357136.0
CAND-03424,2024-10-31,2024-12-30,0,329500.0
CAND-03424,2024-10-31,2025-01-29,30,321762.0
CAND-03425,2024-11-11,2024-12-11,0,639920.0
CAND-03425,2024-11-11,2025-01-10,0,589641.0
CAND-03425,2024-11-11,2025-02-09,0,530981.0
CAND-03426,2024-10-24,2024-11-23,0,419096.0
CAND-03426,2024-10-24,2024-12-23,0,393485.0
CAND-03426,2024-10-24,2025-01-22,0,364672.0
CAND-03426,2024-10-24,2025-02-21,30,353696.0
CAND-03426,2024-10-24,2025-03-23,0,324883.0
CAND-03427,2024-10-15,2024-11-14,0,925727.0
CAND-03427,2024-10-15,2024-12-14,0,840012.0
CAND-03427,2024-10-15,2025-01-13,0,766541.0
CAND-03427,2024-10-15,2025-02-12,0,687419.0
CAND-03427,2024-10-15,2025-03-14,0,593912.0
CAND-03427,2024-10-15,2025-04-13,0,529625.0
CAND-03428,2024-11-07,2024-12-07,0,1238340.0
CAND-03428,2024-11-07,2025-01-06,0,1141042.0
CAND-03428,2024-11-07,2025-02-05,30,1106114.0
CAND-03429,2024-10-25,2024-11-24,0,352700.0
CAND-03429,2024-10-25,2024-12-24,30,345794.0
CAND-03429,2024-10-25,2025-01-23,0,324692.0
CAND-03429,2024-10-25,2025-02-22,0,286709.0
CAND-03429,2024-10-25,2025-03-24,0,265608.0
CAND-03430,2024-10-29,2024-11-28,0,307146.0
CAND-03430,2024-10-29,2024-12-28,0,273018.0
CAND-03430,2024-10-29,2025-01-27,0,251689.0
CAND-03430,2024-10-29,2025-02-26,0,217562.0
CAND-03431,2025-01-09,2025-02-08,0,1152599.0
CAND-03431,2025-01-09,2025-03-10,30,1115617.0
CAND-03431,2025-01-09,2025-04-09,0,1013917.0
CAND-03431,2025-01-09,2025-05-09,0,942129.0
CAND-03431,2025-01-09,2025-06-08,0,860769.0
CAND-03432,2024-11-22,2024-12-22,0,662753.0
CAND-03432,2024-11-22,2025-01-21,0,616728.0
CAND-03432,2024-11-22,2025-02-20,0,549784.0
CAND-03433,2024-10-22,2024-11-21,0,139936.0
CAND-03433,2024-10-22,2024-12-21,0,129889.0
CAND-03433,2024-10-22,2025-01-20,0,119842.0
CAND-03433,2024-10-22,2025-02-19,0,109796.0
CAND-03433,2024-10-22,2025-03-21,0,101423.0
CAND-03433,2024-10-22,2025-04-20,0,90659.0
CAND-03434,2024-10-31,2024-11-30,0,343622.0
CAND-03434,2024-10-31,2024-12-30,0,323409.0
CAND-03434,2024-10-31,2025-01-29,30,312384.0
CAND-03434,2024-10-31,2025-02-28,0,279308.0
CAND-03434,2024-10-31,2025-03-30,30,272692.0
CAND-03434,2024-10-31,2025-04-29,60,263363.0
CAND-03435,2024-11-04,2024-12-04,30,624886.0
CAND-03435,2024-11-04,2025-01-03,0,571655.0
CAND-03435,2024-11-04,2025-02-02,30,558618.0
CAND-03435,2024-11-04,2025-03-04,60,546334.0
CAND-03435,2024-11-04,2025-04-03,90,533809.0
CAND-03436,2024-10-31,2024-11-30,0,1661777.0
CAND-03436,2024-10-31,2024-12-30,0,1549927.0
CAND-03436,2024-10-31,2025-01-29,0,1400793.0
CAND-03436,2024-10-31,2025-02-28,0,1272964.0
CAND-03437,2024-12-27,2025-01-26,0,1507126.0
CAND-03437,2024-12-27,2025-02-25,0,1367577.0
CAND-03437,2024-12-27,2025-03-27,0,1255938.0
CAND-03437,2024-12-27,2025-04-26,0,1103703.0
CAND-03438,2024-11-02,2024-12-02,0,135891.0
CAND-03438,2024-11-02,2025-01-01,0,126076.0
CAND-03438,2024-11-02,2025-01-31,0,113809.0
CAND-03438,2024-11-02,2025-03-02,0,101541.0
CAND-03439,2024-11-28,2024-12-28,0,188226.0
CAND-03439,2024-11-28,2025-01-27,30,181255.0
CAND-03439,2024-11-28,2025-02-26,0,168183.0
CAND-03439,2024-11-28,2025-03-28,0,147269.0
CAND-03440,2024-11-19,2024-12-19,0,541532.0
CAND-03440,2024-11-19,2025-01-18,0,493584.0
CAND-03440,2024-11-19,2025-02-17,0,457623.0
CAND-03440,2024-11-19,2025-03-19,0,421662.0
CAND-03440,2024-11-19,2025-04-18,0,373714.0
CAND-03440,2024-11-19,2025-05-18,30,360014.0
CAND-03441,2024-11-13,2024-12-13,0,471537.0
CAND-03441,2024-11-13,2025-01-12,0,427876.0
CAND-03441,2024-11-13,2025-02-11,0,397057.0
CAND-03441,2024-11-13,2025-03-13,0,356754.0
CAND-03442,2024-10-16,2024-11-15,0,405172.0
CAND-03442,2024-10-16,2024-12-15,0,368996.0
CAND-03442,2024-10-16,2025-01-14,0,329531.0
CAND-03443,2025-01-11,2025-02-10,0,636140.0
CAND-03443,2025-01-11,2025-03-12,0,598720.0
CAND-03443,2025-01-11,2025-04-11,0,561300.0
CAND-03443,2025-01-11,2025-05-11,0,523880.0
CAND-03443,2025-01-11,2025-06-10,0,467750.0
CAND-03444,2024-12-05,2025-01-04,0,1059724.0
CAND-03444,2024-12-05,2025-02-03,0,993491.0
CAND-03444,2024-12-05,2025-03-05,0,930938.0
CAND-03445,2025-01-11,2025-02-10,0,591776.0
CAND-03445,2025-01-11,2025-03-12,0,548738.0
CAND-03445,2025-01-11,2025-04-11,0,484180.0
CAND-03445,2025-01-11,2025-05-11,30,471766.0
CAND-03446,2024-12-17,2025-01-16,0,1143428.0
CAND-03446,2024-12-17,2025-02-15,0,1071683.0
CAND-03446,2024-12-17,2025-03-17,0,1003924.0
CAND-03447,2024-12-11,2025-01-10,0,916813.0
CAND-03447,2024-12-11,2025-02-09,30,896949.0
CAND-03447,2024-12-11,2025-03-11,60,878890.0
CAND-03447,2024-12-11,2025-04-10,90,861154.0
CAND-03447,2024-12-11,2025-05-10,96,840022.0
CAND-03448,2024-12-24,2025-01-23,0,478235.0
CAND-03448,2024-12-24,2025-02-22,0,438382.0
CAND-03448,2024-12-24,2025-03-24,30,429601.0
CAND-03449,2024-12-20,2025-01-19,0,596626.0
CAND-03449,2024-12-20,2025-02-18,30,577616.0
CAND-03449,2024-12-20,2025-03-20,60,565864.0
CAND-03450,2025-01-07,2025-02-06,0,1113497.0
CAND-03450,2025-01-07,2025-03-08,0,994724.0
CAND-03450,2025-01-07,2025-04-07,30,960789.0
CAND-03451,2024-10-28,2024-11-27,0,332248.0
CAND-03451,2024-10-28,2024-12-27,0,310184.0
CAND-03451,2024-10-28,2025-01-26,0,290572.0
CAND-03451,2024-10-28,2025-02-25,0,270961.0
CAND-03452,2024-11-05,2024-12-05,0,766944.0
CAND-03452,2024-11-05,2025-01-04,0,695931.0
CAND-03452,2024-11-05,2025-02-03,0,635062.0
CAND-03453,2024-12-25,2025-01-24,0,675234.0
CAND-03453,2024-12-25,2025-02-23,30,660229.0
CAND-03453,2024-12-25,2025-03-25,0,617862.0
CAND-03453,2024-12-25,2025-04-24,0,545837.0
CAND-03453,2024-12-25,2025-05-24,0,494390.0
CAND-03454,2025-01-20,2025-02-19,0,378057.0
CAND-03454,2025-01-20,2025-03-21,0,349465.0
CAND-03454,2025-01-20,2025-04-20,0,309435.0
CAND-03454,2025-01-20,2025-05-20,0,278643.0
CAND-03454,2025-01-20,2025-06-19,0,250051.0
CAND-03454,2025-01-20,2025-07-19,0,210021.0
CAND-03455,2024-10-26,2024-11-25,0,1077662.0
CAND-03455,2024-10-26,2024-12-25,30,1056814.0
CAND-03455,2024-10-26,2025-01-24,60,1029664.0
CAND-03455,2024-10-26,2025-02-23,90,1007636.0
CAND-03455,2024-10-26,2025-03-25,99,987507.0
CAND-03456,2024-11-21,2024-12-21,30,1222870.0
CAND-03456,2024-11-21,2025-01-20,0,1118648.0
CAND-03456,2024-11-21,2025-02-19,0,1022443.0
CAND-03456,2024-11-21,2025-03-21,0,952962.0
CAND-03456,2024-11-21,2025-04-20,0,883480.0
CAND-03456,2024-11-21,2025-05-20,0,800103.0
CAND-03457,2024-11-22,2024-12-22,0,787443.0
CAND-03457,2024-11-22,2025-01-21,0,730572.0
CAND-03457,2024-11-22,2025-02-20,0,645266.0
CAND-03457,2024-11-22,2025-03-22,0,584333.0
CAND-03457,2024-11-22,2025-04-21,0,518712.0
CAND-03458,2024-12-13,2025-01-12,0,1417113.0
CAND-03458,2024-12-13,2025-02-11,0,1317082.0
CAND-03458,2024-12-13,2025-03-13,0,1228819.0
CAND-03458,2024-12-13,2025-04-12,30,1198809.0
CAND-03459,2024-12-14,2025-01-13,0,606189.0
CAND-03459,2024-12-14,2025-02-12,0,563083.0
CAND-03459,2024-12-14,2025-03-14,0,498422.0
CAND-03459,2024-12-14,2025-04-13,0,439640.0
CAND-03460,2024-11-27,2024-12-27,0,688254.0
CAND-03460,2024-11-27,2025-01-26,0,635312.0
CAND-03460,2024-11-27,2025-02-25,30,615807.0
CAND-03460,2024-11-27,2025-03-27,60,598961.0
CAND-03461,2024-11-26,2024-12-26,0,727030.0
CAND-03461,2024-11-26,2025-01-25,0,683947.0
CAND-03461,2024-11-26,2025-02-24,0,635478.0
CAND-03461,2024-11-26,2025-03-26,0,580086.0
CAND-03461,2024-11-26,2025-04-25,0,515461.0
CAND-03461,2024-11-26,2025-05-25,0,460068.0
CAND-03462,2024-10-28,2024-11-27,30,355622.0
CAND-03462,2024-10-28,2024-12-27,60,346793.0
CAND-03462,2024-10-28,2025-01-26,90,334727.0
CAND-03462,2024-10-28,2025-02-25,102,326683.0
CAND-03463,2024-10-06,2024-11-05,0,432461.0
CAND-03463,2024-10-06,2024-12-05,0,406934.0
CAND-03463,2024-10-06,2025-01-04,0,374113.0
CAND-03463,2024-10-06,2025-02-03,0,341293.0
CAND-03463,2024-10-06,2025-03-05,0,299521.0
CAND-03463,2024-10-06,2025-04-04,30,287102.0
CAND-03464,2024-12-25,2025-01-24,0,303858.0
CAND-03464,2024-12-25,2025-02-23,0,275723.0
CAND-03464,2024-12-25,2025-03-25,0,251607.0
CAND-03464,2024-12-25,2025-04-24,0,220915.0
CAND-03464,2024-12-25,2025-05-24,0,194944.0
CAND-03465,2024-10-27,2024-11-26,0,957971.0
CAND-03465,2024-10-27,2024-12-26,0,869270.0
CAND-03465,2024-10-27,2025-01-25,0,802744.0
CAND-03465,2024-10-27,2025-02-24,0,720866.0
CAND-03466,2024-10-10,2024-11-09,30,2003150.0
CAND-03466,2024-10-10,2024-12-09,60,1965078.0
CAND-03466,2024-10-10,2025-01-08,90,1922247.0
CAND-03466,2024-10-10,2025-02-07,106,1882712.0
CAND-03467,2024-12-05,2025-01-04,0,249939.0
CAND-03467,2024-12-05,2025-02-03,0,234257.0
CAND-03467,2024-12-05,2025-03-05,0,217594.0
CAND-03468,2024-11-30,2024-12-30,0,395495.0
CAND-03468,2024-11-30,2025-01-29,0,369231.0
CAND-03468,2024-11-30,2025-02-28,0,345886.0
CAND-03468,2024-11-30,2025-03-30,0,315871.0
CAND-03468,2024-11-30,2025-04-29,30,305366.0
CAND-03468,2024-11-30,2025-05-29,0,267164.0
CAND-03469,2024-11-20,2024-12-20,0,1777760.0
CAND-03469,2024-11-20,2025-01-19,30,1744736.0
CAND-03469,2024-11-20,2025-02-18,60,1709221.0
CAND-03469,2024-11-20,2025-03-20,90,1673705.0
CAND-03470,2024-11-15,2024-12-15,0,346418.0
CAND-03470,2024-11-15,2025-01-14,0,319770.0
CAND-03470,2024-11-15,2025-02-13,30,312309.0
CAND-03470,2024-11-15,2025-03-15,0,281220.0
CAND-03471,2024-10-16,2024-11-15,0,389776.0
CAND-03471,2024-10-16,2024-12-15,30,376378.0
CAND-03471,2024-10-16,2025-01-14,60,366169.0
CAND-03471,2024-10-16,2025-02-13,90,358229.0
CAND-03471,2024-10-16,2025-03-15,106,346946.0
CAND-03471,2024-10-16,2025-04-14,106,339554.0
CAND-03472,2024-11-27,2024-12-27,0,413295.0
CAND-03472,2024-11-27,2025-01-26,0,373375.0
CAND-03472,2024-11-27,2025-02-25,0,329462.0
CAND-03472,2024-11-27,2025-03-27,0,303631.0
CAND-03472,2024-11-27,2025-04-26,0,263710.0
CAND-03472,2024-11-27,2025-05-26,0,234435.0
CAND-03473,2025-01-07,2025-02-06,0,245110.0
CAND-03473,2025-01-07,2025-03-08,0,221516.0
CAND-03473,2025-01-07,2025-04-07,0,197923.0
CAND-03473,2025-01-07,2025-05-07,0,179385.0
CAND-03473,2025-01-07,2025-06-06,0,160847.0
CAND-03473,2025-01-07,2025-07-06,0,146429.0
CAND-03474,2025-01-15,2025-02-14,0,2139390.0
CAND-03474,2025-01-15,2025-03-16,0,2003863.0
CAND-03474,2025-01-15,2025-04-15,30,1957783.0
CAND-03474,2025-01-15,2025-05-15,0,1765787.0
CAND-03474,2025-01-15,2025-06-14,0,1621790.0
CAND-03475,2024-12-18,2025-01-17,0,1124830.0
CAND-03475,2024-12-18,2025-02-16,0,1012347.0
CAND-03475,2024-12-18,2025-03-18,0,917169.0
CAND-03475,2024-12-18,2025-04-17,0,828790.0
CAND-03475,2024-12-18,2025-05-17,0,740410.0
CAND-03476,2024-11-25,2024-12-25,0,223714.0
CAND-03476,2024-11-25,2025-01-24,0,209781.0
CAND-03476,2024-11-25,2025-02-23,0,191559.0
CAND-03477,2024-11-10,2024-12-10,30,752750.0
CAND-03477,2024-11-10,2025-01-09,60,737209.0
CAND-03477,2024-11-10,2025-02-08,90,715625.0
CAND-03477,2024-11-10,2025-03-10,99,691343.0
CAND-03478,2024-11-28,2024-12-28,0,348985.0
CAND-03478,2024-11-28,2025-01-27,0,325720.0
CAND-03478,2024-11-28,2025-02-26,30,315659.0
CAND-03478,2024-11-28,2025-03-28,0,284638.0
CAND-03479,2024-11-11,2024-12-11,0,476456.0
CAND-03479,2024-11-11,2025-01-10,0,446678.0
CAND-03479,2024-11-11,2025-02-09,30,437950.0
CAND-03479,2024-11-11,2025-03-11,0,399009.0
CAND-03479,2024-11-11,2025-04-10,0,367369.0
CAND-03479,2024-11-11,2025-05-10,0,339245.0
CAND-03480,2024-10-27,2024-11-26,0,230428.0
CAND-03480,2024-10-27,2024-12-26,0,210930.0
CAND-03480,2024-10-27,2025-01-25,0,196849.0
CAND-03480,2024-10-27,2025-02-24,0,181939.0
CAND-03481,2024-11-28,2024-12-28,0,353994.0
CAND-03481,2024-11-28,2025-01-27,30,347129.0
CAND-03481,2024-11-28,2025-02-26,60,340505.0
CAND-03481,2024-11-28,2025-03-28,90,330568.0
CAND-03482,2024-10-08,2024-11-07,0,520123.0
CAND-03482,2024-10-08,2024-12-07,0,486978.0
CAND-03482,2024-10-08,2025-01-06,0,443635.0
CAND-03482,2024-10-08,2025-02-05,0,406070.0
CAND-03483,2024-11-10,2024-12-10,0,739957.0
CAND-03483,2024-11-10,2025-01-09,0,682698.0
CAND-03483,2024-11-10,2025-02-08,0,635544.0
CAND-03483,2024-11-10,2025-03-10,0,578286.0
CAND-03483,2024-11-10,2025-04-09,0,533751.0
CAND-03483,2024-11-10,2025-05-09,0,489217.0
CAND-03484,2024-11-22,2024-12-22,0,851288.0
CAND-03484,2024-11-22,2025-01-21,0,758420.0
CAND-03484,2024-11-22,2025-02-20,0,673995.0
CAND-03484,2024-11-22,2025-03-22,0,589570.0
CAND-03484,2024-11-22,2025-04-21,0,523236.0
CAND-03484,2024-11-22,2025-05-21,0,430368.0
CAND-03485,2024-11-14,2024-12-14,0,570239.0
CAND-03485,2024-11-14,2025-01-13,0,534722.0
CAND-03485,2024-11-14,2025-02-12,0,496986.0
CAND-03485,2024-11-14,2025-03-14,0,450541.0
CAND-03486,2024-12-14,2025-01-13,0,2019107.0
CAND-03486,2024-12-14,2025-02-12,0,1805319.0
CAND-03486,2024-12-14,2025-03-14,0,1686548.0
CAND-03487,2024-12-07,2025-01-06,0,363456.0
CAND-03487,2024-12-07,2025-02-05,0,331148.0
CAND-03487,2024-12-07,2025-03-07,0,309610.0
CAND-03487,2024-12-07,2025-04-06,0,281918.0
CAND-03487,2024-12-07,2025-05-06,0,252096.0
CAND-03488,2024-12-12,2025-01-11,0,610526.0
CAND-03488,2024-12-12,2025-02-10,0,572839.0
CAND-03488,2024-12-12,2025-03-12,0,511170.0
CAND-03488,2024-12-12,2025-04-11,0,473483.0
CAND-03488,2024-12-12,2025-05-11,30,455149.0
CAND-03488,2024-12-12,2025-06-10,60,442587.0
CAND-03489,2024-11-13,2024-12-13,0,417857.0
CAND-03489,2024-11-13,2025-01-12,0,382500.0
CAND-03489,2024-11-13,2025-02-11,0,353772.0
CAND-03489,2024-11-13,2025-03-13,0,323130.0
CAND-03490,2025-01-09,2025-02-08,0,360478.0
CAND-03490,2025-01-09,2025-03-10,0,339021.0
CAND-03490,2025-01-09,2025-04-09,0,317564.0
CAND-03490,2025-01-09,2025-05-09,0,278941.0
CAND-03491,2024-10-21,2024-11-20,0,579604.0
CAND-03491,2024-10-21,2024-12-20,0,543074.0
CAND-03491,2024-10-21,2025-01-19,0,506544.0
CAND-03491,2024-10-21,2025-02-18,0,467732.0
CAND-03491,2024-10-21,2025-03-20,0,433231.0
CAND-03491,2024-10-21,2025-04-19,0,371131.0
CAND-03492,2024-10-03,2024-11-02,0,371816.0
CAND-03492,2024-10-03,2024-12-02,0,345376.0
CAND-03492,2024-10-03,2025-01-01,0,322046.0
CAND-03492,2024-10-03,2025-01-31,0,297259.0
CAND-03492,2024-10-03,2025-03-02,0,275225.0
CAND-03492,2024-10-03,2025-04-01,0,239170.0
CAND-03493,2024-10-26,2024-11-25,0,436986.0
CAND-03493,2024-10-26,2024-12-25,0,405205.0
CAND-03493,2024-10-26,2025-01-24,0,378721.0
CAND-03493,2024-10-26,2025-02-23,0,331050.0
CAND-03494,2024-12-01,2024-12-31,0,510715.0
CAND-03494,2024-12-01,2025-01-30,30,497149.0
CAND-03494,2024-12-01,2025-03-01,60,482076.0
CAND-03494,2024-12-01,2025-03-31,90,471224.0
CAND-03494,2024-12-01,2025-04-30,105,459919.0
CAND-03495,2024-12-27,2025-01-26,0,1027333.0
CAND-03495,2024-12-27,2025-02-25,0,965070.0
CAND-03495,2024-12-27,2025-03-27,0,902808.0
CAND-03495,2024-12-27,2025-04-26,0,828093.0
CAND-03495,2024-12-27,2025-05-26,0,758047.0
CAND-03496,2024-11-13,2024-12-13,0,729890.0
CAND-03496,2024-11-13,2025-01-12,0,658432.0
CAND-03496,2024-11-13,2025-02-11,0,586974.0
CAND-03496,2024-11-13,2025-03-13,0,534572.0
CAND-03496,2024-11-13,2025-04-12,0,469069.0
CAND-03496,2024-11-13,2025-05-12,0,422832.0
CAND-03497,2024-10-15,2024-11-14,0,426008.0
CAND-03497,2024-10-15,2024-12-14,30,414818.0
CAND-03497,2024-10-15,2025-01-13,0,379528.0
CAND-03497,2024-10-15,2025-02-12,0,337821.0
CAND-03497,2024-10-15,2025-03-14,0,307236.0
CAND-03498,2025-01-05,2025-02-04,30,613334.0
CAND-03498,2025-01-05,2025-03-06,0,574249.0
CAND-03498,2025-01-05,2025-04-05,30,560352.0
CAND-03498,2025-01-05,2025-05-05,0,518661.0
CAND-03498,2025-01-05,2025-06-04,0,481875.0
CAND-03499,2024-11-13,2024-12-13,0,802125.0
CAND-03499,2024-11-13,2025-01-12,0,735677.0
CAND-03499,2024-11-13,2025-02-11,30,717680.0
CAND-03499,2024-11-13,2025-03-13,60,702787.0
CAND-03500,2024-12-07,2025-01-06,0,788470.0
CAND-03500,2024-12-07,2025-02-05,0,727818.0
CAND-03500,2024-12-07,2025-03-07,0,667166.0
CAND-03500,2024-12-07,2025-04-06,0,589974.0
CAND-03501,2024-11-20,2024-12-20,0,384349.0
CAND-03501,2024-11-20,2025-01-19,0,354400.0
CAND-03501,2024-11-20,2025-02-18,0,328194.0
CAND-03501,2024-11-20,2025-03-20,0,295941.0
CAND-03501,2024-11-20,2025-04-19,0,261000.0
CAND-03502,2025-01-10,2025-02-09,0,570797.0
CAND-03502,2025-01-10,2025-03-11,0,523962.0
CAND-03502,2025-01-10,2025-04-10,0,485909.0
CAND-03502,2025-01-10,2025-05-10,0,442420.0
CAND-03502,2025-01-10,2025-06-09,0,395585.0
CAND-03503,2024-12-29,2025-01-28,0,335321.0
CAND-03503,2024-12-29,2025-02-27,0,307182.0
CAND-03503,2024-12-29,2025-03-29,0,279044.0
CAND-03503,2024-12-29,2025-04-28,0,258721.0
CAND-03503,2024-12-29,2025-05-28,0,238399.0
CAND-03503,2024-12-29,2025-06-27,0,212270.0
CAND-03504,2025-01-09,2025-02-08,0,293057.0
CAND-03504,2025-01-09,2025-03-10,0,268260.0
CAND-03504,2025-01-09,2025-04-09,0,246769.0
CAND-03504,2025-01-09,2025-05-09,0,227807.0
CAND-03504,2025-01-09,2025-06-08,0,195570.0
CAND-03505,2024-12-17,2025-01-16,0,206642.0
CAND-03505,2024-12-17,2025-02-15,30,202252.0
CAND-03505,2024-12-17,2025-03-17,0,189084.0
CAND-03505,2024-12-17,2025-04-16,0,168733.0
CAND-03505,2024-12-17,2025-05-16,0,148382.0
CAND-03506,2024-12-08,2025-01-07,0,1311790.0
CAND-03506,2024-12-08,2025-02-06,0,1229114.0
CAND-03506,2024-12-08,2025-03-08,0,1146438.0
CAND-03507,2024-11-14,2024-12-14,0,389391.0
CAND-03507,2024-11-14,2025-01-13,0,354624.0
CAND-03507,2024-11-14,2025-02-12,0,322532.0
CAND-03507,2024-11-14,2025-03-14,0,294718.0
CAND-03507,2024-11-14,2025-04-13,0,262625.0
CAND-03507,2024-11-14,2025-05-13,0,230533.0
CAND-03509,2025-01-18,2025-02-17,0,237553.0
CAND-03509,2025-01-18,2025-03-19,30,233088.0
CAND-03509,2025-01-18,2025-04-18,60,226209.0
CAND-03510,2024-12-07,2025-01-06,0,176820.0
CAND-03510,2024-12-07,2025-02-05,0,157531.0
CAND-03510,2024-12-07,2025-03-07,0,142693.0
CAND-03510,2024-12-07,2025-04-06,0,130637.0
CAND-03510,2024-12-07,2025-05-06,0,111347.0
CAND-03510,2024-12-07,2025-06-05,0,97569.0
CAND-03511,2024-12-24,2025-01-23,0,260507.0
CAND-03511,2024-12-24,2025-02-22,0,244089.0
CAND-03511,2024-12-24,2025-03-24,0,216177.0
CAND-03511,2024-12-24,2025-04-23,0,196241.0
CAND-03512,2024-11-25,2024-12-25,0,428519.0
CAND-03512,2024-11-25,2025-01-24,0,386316.0
CAND-03512,2024-11-25,2025-02-23,0,344114.0
CAND-03512,2024-11-25,2025-03-25,0,313165.0
CAND-03513,2024-12-26,2025-01-25,0,1496429.0
CAND-03513,2024-12-26,2025-02-24,0,1369808.0
CAND-03513,2024-12-26,2025-03-26,0,1260070.0
CAND-03513,2024-12-26,2025-04-25,30,1231689.0
CAND-03514,2024-11-20,2024-12-20,0,409837.0
CAND-03514,2024-11-20,2025-01-19,30,401705.0
CAND-03514,2024-11-20,2025-02-18,0,371347.0
CAND-03515,2024-12-28,2025-01-27,0,499742.0
CAND-03515,2024-12-28,2025-02-26,30,484735.0
CAND-03515,2024-12-28,2025-03-28,0,434256.0
CAND-03515,2024-12-28,2025-04-27,0,401593.0
CAND-03515,2024-12-28,2025-05-27,0,370745.0
CAND-03516,2025-01-15,2025-02-14,0,598738.0
CAND-03516,2025-01-15,2025-03-16,0,551694.0
CAND-03516,2025-01-15,2025-04-15,0,510531.0
CAND-03516,2025-01-15,2025-05-15,0,444670.0
CAND-03516,2025-01-15,2025-06-14,0,408080.0
CAND-03517,2024-11-24,2024-12-24,0,386827.0
CAND-03517,2024-11-24,2025-01-23,0,359964.0
CAND-03517,2024-11-24,2025-02-22,0,316983.0
CAND-03517,2024-11-24,2025-03-24,0,277910.0
CAND-03517,2024-11-24,2025-04-23,0,244848.0
CAND-03518,2024-10-31,2024-11-30,0,248996.0
CAND-03518,2024-10-31,2024-12-30,0,232237.0
CAND-03518,2024-10-31,2025-01-29,0,213083.0
CAND-03518,2024-10-31,2025-02-28,0,186268.0
CAND-03518,2024-10-31,2025-03-30,0,168392.0
CAND-03519,2024-10-20,2024-11-19,0,281588.0
CAND-03519,2024-10-20,2024-12-19,0,254282.0
CAND-03519,2024-10-20,2025-01-18,0,236614.0
CAND-03519,2024-10-20,2025-02-17,30,231052.0
CAND-03519,2024-10-20,2025-03-19,0,201016.0
CAND-03520,2025-01-08,2025-02-07,0,852339.0
CAND-03520,2025-01-08,2025-03-09,0,801345.0
CAND-03520,2025-01-08,2025-04-08,0,709554.0
CAND-03520,2025-01-08,2025-05-08,0,633062.0
CAND-03520,2025-01-08,2025-06-07,0,579068.0
CAND-03521,2024-11-30,2024-12-30,0,220953.0
CAND-03521,2024-11-30,2025-01-29,0,204884.0
CAND-03521,2024-11-30,2025-02-28,0,189819.0
CAND-03521,2024-11-30,2025-03-30,0,165715.0
CAND-03522,2025-01-14,2025-02-13,30,265759.0
CAND-03522,2025-01-14,2025-03-15,60,260555.0
CAND-03522,2025-01-14,2025-04-14,90,255808.0
CAND-03522,2025-01-14,2025-05-14,60,248687.0
CAND-03522,2025-01-14,2025-06-13,90,240231.0
CAND-03523,2024-11-24,2024-12-24,0,248006.0
CAND-03523,2024-11-24,2025-01-23,30,243383.0
CAND-03523,2024-11-24,2025-02-22,0,228744.0
CAND-03523,2024-11-24,2025-03-24,0,211176.0
CAND-03523,2024-11-24,2025-04-23,30,202676.0
CAND-03523,2024-11-24,2025-05-23,0,178721.0
CAND-03524,2024-12-25,2025-01-24,0,191361.0
CAND-03524,2024-12-25,2025-02-23,0,179667.0
CAND-03524,2024-12-25,2025-03-25,0,160531.0
CAND-03524,2024-12-25,2025-04-24,30,156145.0
CAND-03525,2024-12-31,2025-01-30,0,727033.0
CAND-03525,2024-12-31,2025-03-01,0,683950.0
CAND-03525,2024-12-31,2025-03-31,0,606399.0
CAND-03525,2024-12-31,2025-04-30,0,554699.0
CAND-03525,2024-12-31,2025-05-30,0,490074.0
CAND-03526,2024-12-24,2025-01-23,0,720017.0
CAND-03526,2024-12-24,2025-02-22,0,670516.0
CAND-03526,2024-12-24,2025-03-24,30,651658.0
CAND-03526,2024-12-24,2025-04-23,60,633239.0
CAND-03526,2024-12-24,2025-05-23,90,608489.0
CAND-03527,2024-12-14,2025-01-13,30,342386.0
CAND-03527,2024-12-14,2025-02-12,0,319137.0
CAND-03527,2024-12-14,2025-03-14,0,299763.0
CAND-03527,2024-12-14,2025-04-13,0,277968.0
CAND-03527,2024-12-14,2025-05-13,0,256173.0
CAND-03527,2024-12-14,2025-06-12,0,231264.0
CAND-03528,2024-12-23,2025-01-22,0,1687958.0
CAND-03528,2024-12-23,2025-02-21,0,1571911.0
CAND-03528,2024-12-23,2025-03-23,0,1429084.0
CAND-03528,2024-12-23,2025-04-22,0,1274354.0
CAND-03528,2024-12-23,2025-05-22,0,1171201.0
CAND-03528,2024-12-23,2025-06-21,0,1038576.0
CAND-03529,2024-12-05,2025-01-04,0,294637.0
CAND-03529,2024-12-05,2025-02-03,0,266066.0
CAND-03529,2024-12-05,2025-03-05,0,234638.0
CAND-03529,2024-12-05,2025-04-04,0,210463.0
CAND-03529,2024-12-05,2025-05-04,30,202980.0
CAND-03529,2024-12-05,2025-06-03,0,182028.0
CAND-03530,2024-12-16,2025-01-15,0,464579.0
CAND-03530,2024-12-16,2025-02-14,0,421993.0
CAND-03530,2024-12-16,2025-03-16,0,382682.0
CAND-03531,2025-01-08,2025-02-07,0,693746.0
CAND-03531,2025-01-08,2025-03-09,0,626173.0
CAND-03531,2025-01-08,2025-04-08,0,584879.0
CAND-03531,2025-01-08,2025-05-08,0,531786.0
CAND-03532,2024-11-05,2024-12-05,0,604863.0
CAND-03532,2024-11-05,2025-01-04,0,569019.0
CAND-03532,2024-11-05,2025-02-03,0,531067.0
CAND-03532,2024-11-05,2025-03-05,0,488054.0
CAND-03532,2024-11-05,2025-04-04,30,473050.0
CAND-03532,2024-11-05,2025-05-04,0,432726.0
CAND-03533,2024-12-15,2025-01-14,0,968703.0
CAND-03533,2024-12-15,2025-02-13,0,882596.0
CAND-03533,2024-12-15,2025-03-15,0,825191.0
CAND-03533,2024-12-15,2025-04-14,0,751385.0
CAND-03534,2025-01-21,2025-02-20,0,343083.0
CAND-03534,2025-01-21,2025-03-22,0,322832.0
CAND-03534,2025-01-21,2025-04-21,0,301389.0
CAND-03535,2024-11-22,2024-12-22,0,924072.0
CAND-03535,2024-11-22,2025-01-21,0,852990.0
CAND-03535,2024-11-22,2025-02-20,0,776440.0
CAND-03535,2024-11-22,2025-03-22,0,721153.0
CAND-03535,2024-11-22,2025-04-21,0,630685.0
CAND-03536,2025-01-19,2025-02-18,0,467853.0
CAND-03536,2025-01-19,2025-03-20,0,436176.0
CAND-03536,2025-01-19,2025-04-19,0,385492.0
CAND-03536,2025-01-19,2025-05-19,0,353814.0
CAND-03536,2025-01-19,2025-06-18,30,345223.0
CAND-03537,2024-11-30,2024-12-30,0,601415.0
CAND-03537,2024-11-30,2025-01-29,0,546741.0
CAND-03537,2024-11-30,2025-02-28,30,535025.0
CAND-03538,2024-12-02,2025-01-01,0,547509.0
CAND-03538,2024-12-02,2025-01-31,0,499199.0
CAND-03538,2024-12-02,2025-03-02,30,485396.0
CAND-03539,2024-10-31,2024-11-30,0,1004291.0
CAND-03539,2024-10-31,2024-12-30,0,926034.0
CAND-03539,2024-10-31,2025-01-29,0,826435.0
CAND-03539,2024-10-31,2025-02-28,0,757961.0
CAND-03539,2024-10-31,2025-03-30,0,697095.0
CAND-03540,2025-01-08,2025-02-07,30,549871.0
CAND-03540,2025-01-08,2025-03-09,0,503150.0
CAND-03540,2025-01-08,2025-04-08,0,468109.0
CAND-03541,2024-11-12,2024-12-12,0,721962.0
CAND-03541,2024-11-12,2025-01-11,0,669456.0
CAND-03541,2024-11-12,2025-02-10,0,597856.0
CAND-03542,2024-12-31,2025-01-30,0,1687568.0
CAND-03542,2024-12-31,2025-03-01,0,1544774.0
CAND-03542,2024-12-31,2025-03-31,0,1421019.0
CAND-03542,2024-12-31,2025-04-30,0,1311823.0
CAND-03542,2024-12-31,2025-05-30,30,1257226.0
CAND-03543,2024-11-15,2024-12-15,0,354843.0
CAND-03543,2024-11-15,2025-01-14,0,333486.0
CAND-03543,2024-11-15,2025-02-13,0,298540.0
CAND-03544,2025-01-02,2025-02-01,0,705612.0
CAND-03544,2025-01-02,2025-03-03,0,652247.0
CAND-03544,2025-01-02,2025-04-02,0,605552.0
CAND-03544,2025-01-02,2025-05-02,0,548081.0
CAND-03545,2025-01-06,2025-02-05,0,482416.0
CAND-03545,2025-01-06,2025-03-07,0,453828.0
CAND-03545,2025-01-06,2025-04-06,0,414245.0
CAND-03545,2025-01-06,2025-05-06,0,371364.0
CAND-03546,2024-12-14,2025-01-13,0,736975.0
CAND-03546,2024-12-14,2025-02-12,0,684568.0
CAND-03546,2024-12-14,2025-03-14,0,605957.0
CAND-03546,2024-12-14,2025-04-13,0,527347.0
CAND-03546,2024-12-14,2025-05-13,30,508173.0
CAND-03546,2024-12-14,2025-06-12,0,461932.0
CAND-03547,2024-11-23,2024-12-23,0,442244.0
CAND-03547,2024-11-23,2025-01-22,0,404823.0
CAND-03547,2024-11-23,2025-02-21,30,395468.0
CAND-03547,2024-11-23,2025-03-23,0,358047.0
CAND-03547,2024-11-23,2025-04-22,0,327643.0
CAND-03548,2025-01-21,2025-02-20,0,472240.0
CAND-03548,2025-01-21,2025-03-22,0,422064.0
CAND-03548,2025-01-21,2025-04-21,0,376450.0
CAND-03548,2025-01-21,2025-05-21,0,330836.0
CAND-03548,2025-01-21,2025-06-20,0,301321.0
CAND-03548,2025-01-21,2025-07-20,0,271806.0
CAND-03549,2024-10-26,2024-11-25,0,488505.0
CAND-03549,2024-10-26,2024-12-25,0,458079.0
CAND-03549,2024-10-26,2025-01-24,0,429344.0
CAND-03549,2024-10-26,2025-02-23,0,394861.0
CAND-03550,2024-12-13,2025-01-12,0,859866.0
CAND-03550,2024-12-13,2025-02-11,0,802963.0
CAND-03550,2024-12-13,2025-03-13,0,752382.0
CAND-03550,2024-12-13,2025-04-12,0,691686.0
CAND-03550,2024-12-13,2025-05-12,0,630990.0
CAND-03550,2024-12-13,2025-06-11,0,565958.0
CAND-03551,2024-10-17,2024-11-16,0,1104811.0
CAND-03551,2024-10-17,2024-12-16,30,1065608.0
CAND-03551,2024-10-17,2025-01-15,0,984588.0
CAND-03551,2024-10-17,2025-02-14,0,874107.0
CAND-03552,2024-10-19,2024-11-18,0,1342217.0
CAND-03552,2024-10-19,2024-12-18,0,1209105.0
CAND-03552,2024-10-19,2025-01-17,30,1167269.0
CAND-03553,2024-12-10,2025-01-09,0,380982.0
CAND-03553,2024-12-10,2025-02-08,0,343461.0
CAND-03553,2024-12-10,2025-03-10,0,320531.0
CAND-03553,2024-12-10,2025-04-09,0,279258.0
CAND-03553,2024-12-10,2025-05-09,0,244864.0
CAND-03554,2024-11-07,2024-12-07,0,321255.0
CAND-03554,2024-11-07,2025-01-06,0,290332.0
CAND-03554,2024-11-07,2025-02-05,0,266035.0
CAND-03554,2024-11-07,2025-03-07,0,239870.0
CAND-03554,2024-11-07,2025-04-06,0,219861.0
CAND-03554,2024-11-07,2025-05-06,30,212130.0
CAND-03555,2024-10-25,2024-11-24,0,826469.0
CAND-03555,2024-10-25,2024-12-24,0,745556.0
CAND-03555,2024-10-25,2025-01-23,30,728440.0
CAND-03555,2024-10-25,2025-02-22,60,711647.0
CAND-03556,2024-12-29,2025-01-28,0,293493.0
CAND-03556,2024-12-29,2025-02-27,30,287340.0
CAND-03556,2024-12-29,2025-03-29,60,280401.0
CAND-03557,2024-10-07,2024-11-06,0,1345884.0
CAND-03557,2024-10-07,2024-12-06,0,1242354.0
CAND-03557,2024-10-07,2025-01-05,0,1097413.0
CAND-03558,2024-12-24,2025-01-23,0,297832.0
CAND-03558,2024-12-24,2025-02-22,0,276449.0
CAND-03558,2024-12-24,2025-03-24,0,249721.0
CAND-03558,2024-12-24,2025-04-23,0,230853.0
CAND-03558,2024-12-24,2025-05-23,0,213034.0
CAND-03559,2024-12-11,2025-01-10,0,325672.0
CAND-03559,2024-12-11,2025-02-09,30,318271.0
CAND-03559,2024-12-11,2025-03-11,0,282743.0
CAND-03559,2024-12-11,2025-04-10,0,253136.0
CAND-03559,2024-12-11,2025-05-10,0,232238.0
CAND-03559,2024-12-11,2025-06-09,0,206860.0
CAND-03560,2024-12-02,2025-01-01,0,660351.0
CAND-03560,2024-12-02,2025-01-31,0,620843.0
CAND-03560,2024-12-02,2025-03-02,0,566139.0
CAND-03561,2024-12-04,2025-01-03,0,540414.0
CAND-03561,2024-12-04,2025-02-02,0,481459.0
CAND-03561,2024-12-04,2025-03-04,0,442156.0
CAND-03561,2024-12-04,2025-04-03,0,400046.0
CAND-03561,2024-12-04,2025-05-03,0,341092.0
CAND-03561,2024-12-04,2025-06-02,0,308340.0
CAND-03562,2024-10-13,2024-11-12,0,403149.0
CAND-03562,2024-10-13,2024-12-12,0,375433.0
CAND-03562,2024-10-13,2025-01-11,0,335118.0
CAND-03562,2024-10-13,2025-02-10,0,307401.0
CAND-03563,2024-11-02,2024-12-02,30,376499.0
CAND-03563,2024-11-02,2025-01-01,60,366098.0
CAND-03563,2024-11-02,2025-01-31,90,359225.0
CAND-03563,2024-11-02,2025-03-02,109,350061.0
CAND-03563,2024-11-02,2025-04-01,109,339065.0
CAND-03564,2024-11-26,2024-12-26,0,722859.0
CAND-03564,2024-11-26,2025-01-25,0,676086.0
CAND-03564,2024-11-26,2025-02-24,0,626389.0
CAND-03564,2024-11-26,2025-03-26,0,546875.0
CAND-03564,2024-11-26,2025-04-25,0,502700.0
CAND-03565,2024-10-26,2024-11-25,0,459445.0
CAND-03565,2024-10-26,2024-12-25,0,414197.0
CAND-03565,2024-10-26,2025-01-24,0,375909.0
CAND-03565,2024-10-26,2025-02-23,0,330661.0
CAND-03566,2024-11-07,2024-12-07,0,201848.0
CAND-03566,2024-11-07,2025-01-06,0,188332.0
CAND-03566,2024-11-07,2025-02-05,0,168671.0
CAND-03566,2024-11-07,2025-03-07,0,147044.0
CAND-03566,2024-11-07,2025-04-06,0,127384.0
CAND-03566,2024-11-07,2025-05-06,0,105757.0
CAND-03567,2024-10-22,2024-11-21,0,417671.0
CAND-03567,2024-10-22,2024-12-21,0,373293.0
CAND-03567,2024-10-22,2025-01-20,0,336312.0
CAND-03567,2024-10-22,2025-02-19,0,308576.0
CAND-03569,2024-12-08,2025-01-07,30,1294039.0
CAND-03569,2024-12-08,2025-02-06,0,1205074.0
CAND-03569,2024-12-08,2025-03-08,0,1071626.0
CAND-03569,2024-12-08,2025-04-07,0,997489.0
CAND-03569,2024-12-08,2025-05-07,0,923351.0
CAND-03570,2024-10-25,2024-11-24,0,262126.0
CAND-03570,2024-10-25,2024-12-24,0,233001.0
CAND-03570,2024-10-25,2025-01-23,0,214798.0
CAND-03570,2024-10-25,2025-02-22,0,195381.0
CAND-03570,2024-10-25,2025-03-24,0,175964.0
CAND-03571,2024-11-21,2024-12-21,0,1323081.0
CAND-03571,2024-11-21,2025-01-20,30,1279647.0
CAND-03571,2024-11-21,2025-02-19,60,1234855.0
CAND-03572,2024-11-07,2024-12-07,0,767972.0
CAND-03572,2024-11-07,2025-01-06,0,719322.0
CAND-03572,2024-11-07,2025-02-05,30,699151.0
CAND-03572,2024-11-07,2025-03-07,60,674088.0
CAND-03572,2024-11-07,2025-04-06,30,657872.0
CAND-03572,2024-11-07,2025-05-06,0,611925.0
CAND-03573,2024-12-02,2025-01-01,0,645070.0
CAND-03573,2024-12-02,2025-01-31,30,627868.0
CAND-03573,2024-12-02,2025-03-02,60,612578.0
CAND-03573,2024-12-02,2025-04-01,90,600506.0
CAND-03573,2024-12-02,2025-05-01,117,578310.0
CAND-03573,2024-12-02,2025-05-31,117,561928.0
CAND-03574,2024-12-07,2025-01-06,0,444796.0
CAND-03574,2024-12-07,2025-02-05,0,417092.0
CAND-03574,2024-12-07,2025-03-07,0,389388.0
CAND-03574,2024-12-07,2025-04-06,0,350142.0
CAND-03574,2024-12-07,2025-05-06,0,323977.0
CAND-03574,2024-12-07,2025-06-05,0,296274.0
CAND-03575,2024-11-27,2024-12-27,0,482439.0
CAND-03575,2024-11-27,2025-01-26,0,450133.0
CAND-03575,2024-11-27,2025-02-25,0,413212.0
CAND-03576,2024-12-14,2025-01-13,0,595904.0
CAND-03576,2024-12-14,2025-02-12,30,581716.0
CAND-03576,2024-12-14,2025-03-14,60,568686.0
CAND-03577,2024-10-09,2024-11-08,0,130669.0
CAND-03577,2024-10-09,2024-12-08,0,121686.0
CAND-03577,2024-10-09,2025-01-07,0,108619.0
CAND-03577,2024-10-09,2025-02-06,30,105113.0
CAND-03577,2024-10-09,2025-03-08,0,94056.0
CAND-03578,2024-12-18,2025-01-17,0,598054.0
CAND-03578,2024-12-18,2025-02-16,30,586188.0
CAND-03578,2024-12-18,2025-03-18,0,527936.0
CAND-03578,2024-12-18,2025-04-17,0,474538.0
CAND-03578,2024-12-18,2025-05-17,0,425248.0
CAND-03578,2024-12-18,2025-06-16,0,387555.0
CAND-03579,2024-10-30,2024-11-29,0,973157.0
CAND-03579,2024-10-30,2024-12-29,0,903289.0
CAND-03579,2024-10-30,2025-01-28,0,798488.0
CAND-03579,2024-10-30,2025-02-27,0,740265.0
CAND-03579,2024-10-30,2025-03-29,0,678617.0
CAND-03580,2024-12-31,2025-01-30,0,842724.0
CAND-03580,2024-12-31,2025-03-01,0,773269.0
CAND-03580,2024-12-31,2025-03-31,0,698026.0
CAND-03580,2024-12-31,2025-04-30,30,679599.0
CAND-03580,2024-12-31,2025-05-30,0,619404.0
CAND-03581,2024-11-03,2024-12-03,0,256478.0
CAND-03581,2024-11-03,2025-01-02,30,248692.0
CAND-03581,2024-11-03,2025-02-01,60,241705.0
CAND-03582,2025-01-02,2025-02-01,0,2182438.0
CAND-03582,2025-01-02,2025-03-03,0,1950554.0
CAND-03582,2025-01-02,2025-04-02,0,1757317.0
CAND-03583,2024-11-26,2024-12-26,0,836743.0
CAND-03583,2024-11-26,2025-01-25,0,780424.0
CAND-03583,2024-11-26,2025-02-24,0,705332.0
CAND-03584,2024-10-26,2024-11-25,0,400431.0
CAND-03584,2024-10-26,2024-12-25,0,367575.0
CAND-03584,2024-10-26,2025-01-24,0,334719.0
CAND-03584,2024-10-26,2025-02-23,0,304210.0
CAND-03584,2024-10-26,2025-03-25,0,279085.0
CAND-03585,2024-12-25,2025-01-24,0,576706.0
CAND-03585,2024-12-25,2025-02-23,0,514599.0
CAND-03585,2024-12-25,2025-03-25,0,466825.0
CAND-03586,2024-12-22,2025-01-21,30,519549.0
CAND-03586,2024-12-22,2025-02-20,0,478474.0
CAND-03586,2024-12-22,2025-03-22,0,448808.0
CAND-03587,2025-01-08,2025-02-07,0,314400.0
CAND-03587,2025-01-08,2025-03-09,0,280542.0
CAND-03587,2025-01-08,2025-04-08,0,252326.0
CAND-03587,2025-01-08,2025-05-08,0,224111.0
CAND-03587,2025-01-08,2025-06-07,0,198066.0
CAND-03587,2025-01-08,2025-07-07,0,164208.0
CAND-03588,2024-11-17,2024-12-17,0,469662.0
CAND-03588,2024-11-17,2025-01-16,0,439524.0
CAND-03588,2024-11-17,2025-02-15,0,396827.0
CAND-03589,2024-12-27,2025-01-26,0,476676.0
CAND-03589,2024-12-27,2025-02-25,0,443028.0
CAND-03589,2024-12-27,2025-03-27,0,404204.0
CAND-03590,2024-11-01,2024-12-01,0,1289196.0
CAND-03590,2024-11-01,2024-12-31,0,1208621.0
CAND-03590,2024-11-01,2025-01-30,0,1132523.0
CAND-03590,2024-11-01,2025-03-01,0,1007998.0
CAND-03590,2024-11-01,2025-03-31,0,910158.0
CAND-03590,2024-11-01,2025-04-30,0,818840.0
CAND-03591,2024-12-28,2025-01-27,0,917093.0
CAND-03591,2024-12-28,2025-02-26,0,849160.0
CAND-03591,2024-12-28,2025-03-28,0,756524.0
CAND-03591,2024-12-28,2025-04-27,0,699914.0
CAND-03592,2024-12-03,2025-01-02,0,488026.0
CAND-03592,2024-12-03,2025-02-01,0,457525.0
CAND-03592,2024-12-03,2025-03-03,0,414314.0
CAND-03593,2024-10-08,2024-11-07,0,661750.0
CAND-03593,2024-10-08,2024-12-07,0,603360.0
CAND-03593,2024-10-08,2025-01-06,0,559568.0
CAND-03594,2024-12-22,2025-01-21,30,833259.0
CAND-03594,2024-12-22,2025-02-20,0,748472.0
CAND-03594,2024-12-22,2025-03-22,0,687909.0
CAND-03594,2024-12-22,2025-04-21,0,610829.0
CAND-03595,2024-11-26,2024-12-26,30,395126.0
CAND-03595,2024-11-26,2025-01-25,60,383818.0
CAND-03595,2024-11-26,2025-02-24,90,372510.0
CAND-03596,2024-11-29,2024-12-29,0,700662.0
CAND-03596,2024-11-29,2025-01-28,30,687652.0
CAND-03596,2024-11-29,2025-02-27,60,671249.0
CAND-03596,2024-11-29,2025-03-29,90,652845.0
CAND-03596,2024-11-29,2025-04-28,90,639607.0
CAND-03596,2024-11-29,2025-05-28,90,623553.0
CAND-03597,2024-12-31,2025-01-30,0,749929.0
CAND-03597,2024-12-31,2025-03-01,0,700129.0
CAND-03597,2024-12-31,2025-03-31,30,685095.0
CAND-03597,2024-12-31,2025-04-30,0,618695.0
CAND-03597,2024-12-31,2025-05-30,0,561781.0
CAND-03597,2024-12-31,2025-06-29,0,495381.0
CAND-03598,2024-12-30,2025-01-29,0,230388.0
CAND-03598,2024-12-30,2025-02-28,0,210697.0
CAND-03598,2024-12-30,2025-03-30,0,194698.0
CAND-03598,2024-12-30,2025-04-29,0,177632.0
CAND-03599,2024-12-17,2025-01-16,0,372777.0
CAND-03599,2024-12-17,2025-02-15,0,338606.0
CAND-03599,2024-12-17,2025-03-17,0,301328.0
CAND-03599,2024-12-17,2025-04-16,0,269786.0
CAND-03599,2024-12-17,2025-05-16,0,242449.0
CAND-03599,2024-12-17,2025-06-15,0,219668.0
CAND-03600,2024-12-16,2025-01-15,0,719730.0
CAND-03600,2024-12-16,2025-02-14,0,643523.0
CAND-03600,2024-12-16,2025-03-16,0,595894.0
CAND-03600,2024-12-16,2025-04-15,0,551067.0
CAND-03600,2024-12-16,2025-05-15,0,492446.0
CAND-03600,2024-12-16,2025-06-14,0,441642.0
CAND-03601,2024-12-25,2025-01-24,30,1239064.0
CAND-03601,2024-12-25,2025-02-23,60,1212805.0
CAND-03601,2024-12-25,2025-03-25,30,1184159.0
CAND-03602,2024-10-26,2024-11-25,30,433153.0
CAND-03602,2024-10-26,2024-12-25,60,419194.0
CAND-03602,2024-10-26,2025-01-24,30,411357.0
CAND-03602,2024-10-26,2025-02-23,60,397821.0
CAND-03604,2024-10-31,2024-11-30,0,684986.0
CAND-03604,2024-10-31,2024-12-30,0,621561.0
CAND-03604,2024-10-31,2025-01-29,0,579278.0
CAND-03604,2024-10-31,2025-02-28,0,536995.0
CAND-03604,2024-10-31,2025-03-30,0,473570.0
CAND-03605,2024-11-23,2024-12-23,0,406464.0
CAND-03605,2024-11-23,2025-01-22,0,378519.0
CAND-03605,2024-11-23,2025-02-21,0,337873.0
CAND-03606,2024-11-22,2024-12-22,0,464773.0
CAND-03606,2024-11-22,2025-01-21,0,437108.0
CAND-03606,2024-11-22,2025-02-20,0,403910.0
CAND-03607,2024-12-02,2025-01-01,30,899277.0
CAND-03607,2024-12-02,2025-01-31,60,882571.0
CAND-03607,2024-12-02,2025-03-02,90,863021.0
CAND-03608,2024-11-29,2024-12-29,0,1233467.0
CAND-03608,2024-11-29,2025-01-28,0,1100632.0
CAND-03608,2024-11-29,2025-02-27,30,1068233.0
CAND-03608,2024-11-29,2025-03-29,60,1033277.0
CAND-03608,2024-11-29,2025-04-28,90,990427.0
CAND-03609,2024-11-28,2024-12-28,0,402516.0
CAND-03609,2024-11-28,2025-01-27,0,371968.0
CAND-03609,2024-11-28,2025-02-26,30,360409.0
CAND-03610,2024-11-18,2024-12-18,0,646047.0
CAND-03610,2024-11-18,2025-01-17,0,603294.0
CAND-03610,2024-11-18,2025-02-16,0,565291.0
CAND-03610,2024-11-18,2025-03-18,0,519688.0
CAND-03611,2024-12-05,2025-01-04,0,353280.0
CAND-03611,2024-12-05,2025-02-03,0,329820.0
CAND-03611,2024-12-05,2025-03-05,0,300946.0
CAND-03611,2024-12-05,2025-04-04,0,278866.0
CAND-03611,2024-12-05,2025-05-04,30,268721.0
CAND-03612,2024-12-29,2025-01-28,0,685256.0
CAND-03612,2024-12-29,2025-02-27,0,624792.0
CAND-03612,2024-12-29,2025-03-29,0,576421.0
CAND-03612,2024-12-29,2025-04-28,0,520608.0
CAND-03612,2024-12-29,2025-05-28,0,477928.0
CAND-03613,2024-12-03,2025-01-02,0,1094009.0
CAND-03613,2024-12-03,2025-02-01,30,1072588.0
CAND-03613,2024-12-03,2025-03-03,60,1047521.0
CAND-03614,2024-12-18,2025-01-17,0,959037.0
CAND-03614,2024-12-18,2025-02-16,0,852478.0
CAND-03614,2024-12-18,2025-03-18,0,793278.0
CAND-03615,2024-12-05,2025-01-04,0,596486.0
CAND-03615,2024-12-05,2025-02-03,0,533109.0
CAND-03615,2024-12-05,2025-03-05,0,490858.0
CAND-03615,2024-12-05,2025-04-04,0,442107.0
CAND-03615,2024-12-05,2025-05-04,0,402496.0
CAND-03616,2024-12-15,2025-01-14,0,710545.0
CAND-03616,2024-12-15,2025-02-13,0,646778.0
CAND-03616,2024-12-15,2025-03-15,0,570258.0
CAND-03616,2024-12-15,2025-04-14,0,506491.0
CAND-03617,2024-11-15,2024-12-15,0,752532.0
CAND-03617,2024-11-15,2025-01-14,30,727195.0
CAND-03617,2024-11-15,2025-02-13,0,662876.0
CAND-03617,2024-11-15,2025-03-15,0,586862.0
CAND-03618,2024-11-29,2024-12-29,0,1062271.0
CAND-03618,2024-11-29,2025-01-28,30,1034743.0
CAND-03618,2024-11-29,2025-02-27,60,1001547.0
CAND-03618,2024-11-29,2025-03-29,90,979416.0
CAND-03618,2024-11-29,2025-04-28,60,943008.0
CAND-03619,2024-11-04,2024-12-04,30,763076.0
CAND-03619,2024-11-04,2025-01-03,60,738772.0
CAND-03619,2024-11-04,2025-02-02,90,715204.0
CAND-03619,2024-11-04,2025-03-04,60,701794.0
CAND-03619,2024-11-04,2025-04-03,90,683707.0
CAND-03620,2025-01-28,2025-02-27,30,825366.0
CAND-03620,2025-01-28,2025-03-29,0,768813.0
CAND-03620,2025-01-28,2025-04-28,30,747062.0
CAND-03620,2025-01-28,2025-05-28,60,729750.0
CAND-03621,2025-01-01,2025-01-31,0,377045.0
CAND-03621,2025-01-01,2025-03-02,0,348317.0
CAND-03621,2025-01-01,2025-04-01,0,325974.0
CAND-03621,2025-01-01,2025-05-01,0,300838.0
CAND-03621,2025-01-01,2025-05-31,0,272111.0
CAND-03621,2025-01-01,2025-06-30,30,260620.0
CAND-03622,2024-12-04,2025-01-03,0,2611993.0
CAND-03622,2024-12-04,2025-02-02,0,2437860.0
CAND-03622,2024-12-04,2025-03-04,0,2263727.0
CAND-03623,2024-12-11,2025-01-10,30,521902.0
CAND-03623,2024-12-11,2025-02-09,0,473488.0
CAND-03623,2024-12-11,2025-03-11,30,462837.0
CAND-03623,2024-12-11,2025-04-10,60,451742.0
CAND-03624,2024-12-21,2025-01-20,30,479955.0
CAND-03624,2024-12-21,2025-02-19,0,438878.0
CAND-03624,2024-12-21,2025-03-21,0,397801.0
CAND-03624,2024-12-21,2025-04-20,0,356723.0
CAND-03625,2024-12-06,2025-01-05,0,314071.0
CAND-03625,2024-12-06,2025-02-04,0,294684.0
CAND-03625,2024-12-06,2025-03-06,0,267840.0
CAND-03625,2024-12-06,2025-04-05,0,246030.0
CAND-03625,2024-12-06,2025-05-05,0,211133.0
CAND-03626,2024-11-04,2024-12-04,0,1143056.0
CAND-03626,2024-11-04,2025-01-03,0,1033030.0
CAND-03626,2024-11-04,2025-02-02,0,965791.0
CAND-03626,2024-11-04,2025-03-04,30,943378.0
CAND-03627,2024-11-21,2024-12-21,30,2915812.0
CAND-03627,2024-11-21,2025-01-20,60,2835648.0
CAND-03627,2024-11-21,2025-02-19,90,2776326.0
CAND-03628,2024-12-02,2025-01-01,0,360223.0
CAND-03628,2024-12-02,2025-01-31,0,330782.0
CAND-03628,2024-12-02,2025-03-02,0,308268.0
CAND-03628,2024-12-02,2025-04-01,0,284347.0
CAND-03628,2024-12-02,2025-05-01,30,277259.0
CAND-03629,2024-10-23,2024-11-22,0,510650.0
CAND-03629,2024-10-23,2024-12-22,30,497884.0
CAND-03629,2024-10-23,2025-01-21,0,457761.0
CAND-03629,2024-10-23,2025-02-20,30,448241.0
CAND-03629,2024-10-23,2025-03-22,0,408118.0
CAND-03629,2024-10-23,2025-04-21,30,392069.0
CAND-03630,2024-11-04,2024-12-04,0,465837.0
CAND-03630,2024-11-04,2025-01-03,0,422704.0
CAND-03630,2024-11-04,2025-02-02,0,388198.0
CAND-03630,2024-11-04,2025-03-04,0,355848.0
CAND-03631,2024-11-22,2024-12-22,0,620602.0
CAND-03631,2024-11-22,2025-01-21,0,575091.0
CAND-03631,2024-11-22,2025-02-20,0,522579.0
CAND-03631,2024-11-22,2025-03-22,0,473817.0
CAND-03631,2024-11-22,2025-04-21,0,416928.0
CAND-03631,2024-11-22,2025-05-21,0,374262.0
CAND-03632,2024-10-30,2024-11-29,0,142633.0
CAND-03632,2024-10-30,2024-12-29,0,129558.0
CAND-03632,2024-10-30,2025-01-28,0,120329.0
CAND-03632,2024-10-30,2025-02-27,0,106066.0
CAND-03633,2025-01-25,2025-02-24,0,375202.0
CAND-03633,2025-01-25,2025-03-26,0,345965.0
CAND-03633,2025-01-25,2025-04-25,0,323226.0
CAND-03633,2025-01-25,2025-05-25,0,297644.0
CAND-03634,2025-01-04,2025-02-03,30,870709.0
CAND-03634,2025-01-04,2025-03-05,60,854703.0
CAND-03634,2025-01-04,2025-04-04,90,831116.0
CAND-03634,2025-01-04,2025-05-04,119,808708.0
CAND-03635,2024-10-24,2024-11-23,0,271064.0
CAND-03635,2024-10-24,2024-12-23,0,246738.0
CAND-03635,2024-10-24,2025-01-22,0,230520.0
CAND-03636,2024-11-18,2024-12-18,30,1372461.0
CAND-03636,2024-11-18,2025-01-17,60,1330872.0
CAND-03636,2024-11-18,2025-02-16,90,1288021.0
CAND-03636,2024-11-18,2025-03-18,119,1259163.0
CAND-03636,2024-11-18,2025-04-17,119,1221951.0
CAND-03636,2024-11-18,2025-05-17,119,1181550.0
CAND-03637,2024-12-21,2025-01-20,0,1592439.0
CAND-03637,2024-12-21,2025-02-19,0,1451930.0
CAND-03637,2024-12-21,2025-03-21,0,1352747.0
CAND-03638,2024-12-08,2025-01-07,0,398574.0
CAND-03638,2024-12-08,2025-02-06,30,385160.0
CAND-03638,2024-12-08,2025-03-08,60,373864.0
CAND-03638,2024-12-08,2025-04-07,90,360857.0
CAND-03639,2025-01-13,2025-02-12,30,1257900.0
CAND-03639,2025-01-13,2025-03-14,60,1226489.0
CAND-03639,2025-01-13,2025-04-13,30,1189693.0
CAND-03639,2025-01-13,2025-05-13,0,1109203.0
CAND-03640,2024-11-03,2024-12-03,0,387104.0
CAND-03640,2024-11-03,2025-01-02,0,364062.0
CAND-03640,2024-11-03,2025-02-01,0,329499.0
CAND-03641,2024-11-09,2024-12-09,0,1221415.0
CAND-03641,2024-11-09,2025-01-08,0,1088170.0
CAND-03641,2024-11-09,2025-02-07,0,999340.0
CAND-03641,2024-11-09,2025-03-09,0,896843.0
CAND-03641,2024-11-09,2025-04-08,0,813565.0
CAND-03641,2024-11-09,2025-05-08,0,718390.0
CAND-03642,2024-10-25,2024-11-24,0,386378.0
CAND-03642,2024-10-25,2024-12-24,0,359010.0
CAND-03642,2024-10-25,2025-01-23,0,334861.0
CAND-03643,2024-10-25,2024-11-24,0,450372.0
CAND-03643,2024-10-25,2024-12-24,0,400330.0
CAND-03643,2024-10-25,2025-01-23,0,366970.0
CAND-03643,2024-10-25,2025-02-22,30,353445.0
CAND-03643,2024-10-25,2025-03-24,0,322169.0
CAND-03644,2024-10-28,2024-11-27,0,750173.0
CAND-03644,2024-10-28,2024-12-27,0,686697.0
CAND-03644,2024-10-28,2025-01-26,0,623220.0
CAND-03644,2024-10-28,2025-02-25,0,554455.0
CAND-03645,2024-11-08,2024-12-08,0,1301984.0
CAND-03645,2024-11-08,2025-01-07,0,1205541.0
CAND-03645,2024-11-08,2025-02-06,0,1074027.0
CAND-03645,2024-11-08,2025-03-08,0,942514.0
CAND-03645,2024-11-08,2025-04-07,0,857417.0
CAND-03646,2024-12-12,2025-01-11,0,520899.0
CAND-03646,2024-12-12,2025-02-10,0,480591.0
CAND-03646,2024-12-12,2025-03-12,0,429290.0
CAND-03646,2024-12-12,2025-04-11,0,394021.0
CAND-03646,2024-12-12,2025-05-11,0,360827.0
CAND-03646,2024-12-12,2025-06-10,0,325558.0
CAND-03647,2024-12-02,2025-01-01,0,584120.0
CAND-03647,2024-12-02,2025-01-31,0,539615.0
CAND-03647,2024-12-02,2025-03-02,0,495111.0
CAND-03647,2024-12-02,2025-04-01,30,484551.0
CAND-03648,2024-12-21,2025-01-20,0,480611.0
CAND-03648,2024-12-21,2025-02-19,0,445900.0
CAND-03648,2024-12-21,2025-03-21,0,402512.0
CAND-03648,2024-12-21,2025-04-20,0,350446.0
CAND-03649,2024-12-23,2025-01-22,0,787733.0
CAND-03649,2024-12-23,2025-02-21,0,738307.0
CAND-03649,2024-12-23,2025-03-23,0,661921.0
CAND-03649,2024-12-23,2025-04-22,0,615240.0
CAND-03649,2024-12-23,2025-05-22,0,565814.0
CAND-03650,2024-12-30,2025-01-29,0,417631.0
CAND-03650,2024-12-30,2025-02-28,0,389665.0
CAND-03650,2024-12-30,2025-03-30,0,359834.0
CAND-03650,2024-12-30,2025-04-29,30,346673.0
CAND-03650,2024-12-30,2025-05-29,60,334244.0
CAND-03650,2024-12-30,2025-06-28,90,324074.0
CAND-03651,2024-11-11,2024-12-11,0,558541.0
CAND-03651,2024-11-11,2025-01-10,30,540558.0
CAND-03651,2024-11-11,2025-02-09,0,481213.0
CAND-03651,2024-11-11,2025-03-11,30,465174.0
CAND-03652,2024-12-21,2025-01-20,0,1234304.0
CAND-03652,2024-12-21,2025-02-19,0,1151650.0
CAND-03652,2024-12-21,2025-03-21,30,1123512.0
CAND-03653,2024-12-10,2025-01-09,0,740939.0
CAND-03653,2024-12-10,2025-02-08,0,691543.0
CAND-03653,2024-12-10,2025-03-10,0,625682.0
CAND-03654,2024-12-30,2025-01-29,0,2419660.0
CAND-03654,2024-12-30,2025-02-28,0,2236025.0
CAND-03654,2024-12-30,2025-03-30,0,2052390.0
CAND-03655,2024-10-15,2024-11-14,0,485207.0
CAND-03655,2024-10-15,2024-12-14,0,452986.0
CAND-03655,2024-10-15,2025-01-13,0,410025.0
CAND-03655,2024-10-15,2025-02-12,0,367064.0
CAND-03655,2024-10-15,2025-03-14,0,327408.0
CAND-03655,2024-10-15,2025-04-13,0,293039.0
CAND-03656,2024-12-23,2025-01-22,0,946524.0
CAND-03656,2024-12-23,2025-02-21,0,887366.0
CAND-03656,2024-12-23,2025-03-23,0,815532.0
CAND-03656,2024-12-23,2025-04-22,0,748487.0
CAND-03657,2024-12-29,2025-01-28,0,418660.0
CAND-03657,2024-12-29,2025-02-27,0,388603.0
CAND-03657,2024-12-29,2025-03-29,0,347615.0
CAND-03658,2025-01-01,2025-01-31,0,160176.0
CAND-03658,2025-01-01,2025-03-02,0,148526.0
CAND-03658,2025-01-01,2025-04-01,0,136877.0
CAND-03658,2025-01-01,2025-05-01,0,125956.0
CAND-03659,2024-10-23,2024-11-22,30,549935.0
CAND-03659,2024-10-23,2024-12-22,60,535945.0
CAND-03659,2024-10-23,2025-01-21,90,524287.0
CAND-03659,2024-10-23,2025-02-20,110,514803.0
CAND-03659,2024-10-23,2025-03-22,110,502638.0
CAND-03660,2024-11-03,2024-12-03,0,689991.0
CAND-03660,2024-11-03,2025-01-02,0,633376.0
CAND-03660,2024-11-03,2025-02-01,0,566468.0
CAND-03660,2024-11-03,2025-03-03,0,505135.0
CAND-03660,2024-11-03,2025-04-02,0,448521.0
CAND-03661,2024-12-18,2025-01-17,0,629558.0
CAND-03661,2024-12-18,2025-02-16,0,567556.0
CAND-03661,2024-12-18,2025-03-18,0,524930.0
CAND-03661,2024-12-18,2025-04-17,0,462928.0
CAND-03662,2024-11-26,2024-12-26,0,917852.0
CAND-03662,2024-11-26,2025-01-25,0,825140.0
CAND-03662,2024-11-26,2025-02-24,0,765150.0
CAND-03662,2024-11-26,2025-03-26,0,680163.0
CAND-03663,2024-10-27,2024-11-26,0,853558.0
CAND-03663,2024-10-27,2024-12-26,0,760442.0
CAND-03663,2024-10-27,2025-01-25,0,667327.0
CAND-03663,2024-10-27,2025-02-24,0,600816.0
CAND-03663,2024-10-27,2025-03-26,0,538739.0
CAND-03664,2025-01-12,2025-02-11,0,444597.0
CAND-03664,2025-01-12,2025-03-13,30,435270.0
CAND-03664,2025-01-12,2025-04-12,60,423440.0
CAND-03664,2025-01-12,2025-05-12,90,407273.0
CAND-03664,2025-01-12,2025-06-11,60,397763.0
CAND-03665,2024-11-25,2024-12-25,0,1217334.0
CAND-03665,2024-11-25,2025-01-24,0,1082074.0
CAND-03665,2024-11-25,2025-02-23,0,1002510.0
CAND-03665,2024-11-25,2025-03-25,0,927366.0
CAND-03665,2024-11-25,2025-04-24,0,837193.0
CAND-03666,2024-12-15,2025-01-14,0,641241.0
CAND-03666,2024-12-15,2025-02-13,0,601006.0
CAND-03666,2024-12-15,2025-03-15,0,538825.0
CAND-03666,2024-12-15,2025-04-14,0,486210.0
CAND-03667,2024-12-23,2025-01-22,0,232422.0
CAND-03667,2024-12-23,2025-02-21,0,207813.0
CAND-03667,2024-12-23,2025-03-23,0,185441.0
CAND-03667,2024-12-23,2025-04-22,0,169034.0
CAND-03667,2024-12-23,2025-05-22,30,164112.0
CAND-03667,2024-12-23,2025-06-21,60,158389.0
CAND-03668,2024-11-25,2024-12-25,0,1220770.0
CAND-03668,2024-11-25,2025-01-24,30,1188797.0
CAND-03668,2024-11-25,2025-02-23,60,1158278.0
CAND-03668,2024-11-25,2025-03-25,90,1118783.0
CAND-03669,2024-10-15,2024-11-14,0,398651.0
CAND-03669,2024-10-15,2024-12-14,0,368142.0
CAND-03669,2024-10-15,2025-01-13,0,335286.0
CAND-03669,2024-10-15,2025-02-12,0,299692.0
CAND-03669,2024-10-15,2025-03-14,0,275963.0
CAND-03670,2025-01-18,2025-02-17,0,844580.0
CAND-03670,2025-01-18,2025-03-19,0,775791.0
CAND-03670,2025-01-18,2025-04-18,0,726109.0
CAND-03671,2024-11-23,2024-12-23,0,391233.0
CAND-03671,2024-11-23,2025-01-22,30,382176.0
CAND-03671,2024-11-23,2025-02-21,0,345951.0
CAND-03672,2024-11-24,2024-12-24,0,1110960.0
CAND-03672,2024-11-24,2025-01-23,0,988754.0
CAND-03672,2024-11-24,2025-02-22,0,901465.0
CAND-03672,2024-11-24,2025-03-24,0,790369.0
CAND-03673,2025-01-15,2025-02-14,0,1414895.0
CAND-03673,2025-01-15,2025-03-16,0,1298283.0
CAND-03673,2025-01-15,2025-04-15,0,1160468.0
CAND-03673,2025-01-15,2025-05-15,0,1034138.0
CAND-03673,2025-01-15,2025-06-14,0,896324.0
CAND-03674,2024-12-14,2025-01-13,0,513852.0
CAND-03674,2024-12-14,2025-02-12,0,459255.0
CAND-03674,2024-12-14,2025-03-14,0,417258.0
CAND-03675,2024-11-27,2024-12-27,0,1871181.0
CAND-03675,2024-11-27,2025-01-26,0,1724160.0
CAND-03675,2024-11-27,2025-02-25,0,1518330.0
CAND-03675,2024-11-27,2025-03-27,0,1403980.0
CAND-03676,2024-12-21,2025-01-20,0,155109.0
CAND-03676,2024-12-21,2025-02-19,0,143292.0
CAND-03676,2024-12-21,2025-03-21,0,132262.0
CAND-03676,2024-12-21,2025-04-20,0,120444.0
CAND-03676,2024-12-21,2025-05-20,0,110103.0
CAND-03676,2024-12-21,2025-06-19,0,96316.0
CAND-03677,2024-12-14,2025-01-13,0,481491.0
CAND-03677,2024-12-14,2025-02-12,0,441367.0
CAND-03677,2024-12-14,2025-03-14,0,401242.0
CAND-03677,2024-12-14,2025-04-13,0,357774.0
CAND-03678,2025-01-12,2025-02-11,0,431760.0
CAND-03678,2025-01-12,2025-03-13,0,401057.0
CAND-03678,2025-01-12,2025-04-12,0,368161.0
CAND-03678,2025-01-12,2025-05-12,0,341070.0
CAND-03678,2025-01-12,2025-06-11,0,305644.0
CAND-03679,2024-11-03,2024-12-03,0,1418021.0
CAND-03679,2024-11-03,2025-01-02,0,1260463.0
CAND-03679,2024-11-03,2025-02-01,0,1129165.0
CAND-03679,2024-11-03,2025-03-03,0,1024126.0
CAND-03679,2024-11-03,2025-04-02,0,936594.0
CAND-03680,2025-01-01,2025-01-31,0,1019906.0
CAND-03680,2025-01-01,2025-03-02,0,911541.0
CAND-03680,2025-01-01,2025-04-01,0,847797.0
CAND-03680,2025-01-01,2025-05-01,0,780069.0
CAND-03681,2024-11-21,2024-12-21,0,717818.0
CAND-03681,2024-11-21,2025-01-20,0,659151.0
CAND-03681,2024-11-21,2025-02-19,30,643261.0
CAND-03682,2024-11-26,2024-12-26,0,1887169.0
CAND-03682,2024-11-26,2025-01-25,0,1763824.0
CAND-03682,2024-11-26,2025-02-24,30,1724994.0
CAND-03682,2024-11-26,2025-03-26,60,1683879.0
CAND-03682,2024-11-26,2025-04-25,30,1647726.0
CAND-03682,2024-11-26,2025-05-25,60,1595305.0
CAND-03683,2024-12-12,2025-01-11,0,254974.0
CAND-03683,2024-12-12,2025-02-10,0,235547.0
CAND-03683,2024-12-12,2025-03-12,0,219549.0
CAND-03684,2024-11-05,2024-12-05,0,584847.0
CAND-03684,2024-11-05,2025-01-04,0,522185.0
CAND-03684,2024-11-05,2025-02-03,0,485325.0
CAND-03684,2024-11-05,2025-03-05,30,471703.0
CAND-03685,2024-11-26,2024-12-26,30,535793.0
CAND-03685,2024-11-26,2025-01-25,60,524652.0
CAND-03685,2024-11-26,2025-02-24,90,511337.0
CAND-03685,2024-11-26,2025-03-26,60,500196.0
CAND-03685,2024-11-26,2025-04-25,90,487501.0
CAND-03686,2025-01-02,2025-02-01,0,229706.0
CAND-03686,2025-01-02,2025-03-03,0,204821.0
CAND-03686,2025-01-02,2025-04-02,0,184084.0
CAND-03686,2025-01-02,2025-05-02,0,170259.0
CAND-03686,2025-01-02,2025-06-01,30,164334.0
CAND-03687,2024-11-08,2024-12-08,30,1909791.0
CAND-03687,2024-11-08,2025-01-07,0,1746852.0
CAND-03687,2024-11-08,2025-02-06,0,1569101.0
CAND-03687,2024-11-08,2025-03-08,0,1373575.0
CAND-03687,2024-11-08,2025-04-07,0,1195824.0
CAND-03688,2024-12-14,2025-01-13,0,1249099.0
CAND-03688,2024-12-14,2025-02-12,0,1158887.0
CAND-03688,2024-12-14,2025-03-14,0,1068674.0
CAND-03688,2024-12-14,2025-04-13,0,964582.0
CAND-03688,2024-12-14,2025-05-13,0,841565.0
CAND-03688,2024-12-14,2025-06-12,0,751352.0
CAND-03689,2024-11-09,2024-12-09,0,1191934.0
CAND-03689,2024-11-09,2025-01-08,0,1112472.0
CAND-03689,2024-11-09,2025-02-07,0,1037684.0
CAND-03689,2024-11-09,2025-03-09,0,962896.0
CAND-03689,2024-11-09,2025-04-08,0,878136.0
CAND-03690,2024-10-23,2024-11-22,0,290789.0
CAND-03690,2024-10-23,2024-12-22,0,258802.0
CAND-03690,2024-10-23,2025-01-21,0,234197.0
CAND-03690,2024-10-23,2025-02-20,0,212873.0
CAND-03690,2024-10-23,2025-03-22,0,191548.0
CAND-03690,2024-10-23,2025-04-21,0,168700.0
CAND-03691,2025-01-20,2025-02-19,0,728148.0
CAND-03691,2025-01-20,2025-03-21,0,682257.0
CAND-03691,2025-01-20,2025-04-20,0,617243.0
CAND-03691,2025-01-20,2025-05-20,30,594953.0
CAND-03692,2024-12-15,2025-01-14,0,825338.0
CAND-03692,2024-12-15,2025-02-13,0,756967.0
CAND-03692,2024-12-15,2025-03-15,0,704683.0
CAND-03692,2024-12-15,2025-04-14,0,641196.0
CAND-03692,2024-12-15,2025-05-14,0,567127.0
CAND-03692,2024-12-15,2025-06-13,0,498756.0
CAND-03693,2024-10-26,2024-11-25,0,1080191.0
CAND-03693,2024-10-26,2024-12-25,0,1003378.0
CAND-03693,2024-10-26,2025-01-24,0,939366.0
CAND-03694,2024-10-20,2024-11-19,0,332460.0
CAND-03694,2024-10-20,2024-12-19,0,311600.0
CAND-03694,2024-10-20,2025-01-18,0,286269.0
CAND-03694,2024-10-20,2025-02-17,0,256717.0
CAND-03695,2024-12-28,2025-01-27,0,674896.0
CAND-03695,2024-12-28,2025-02-26,30,660889.0
CAND-03695,2024-12-28,2025-03-28,0,607862.0
CAND-03695,2024-12-28,2025-04-27,0,540372.0
CAND-03695,2024-12-28,2025-05-27,0,496702.0
CAND-03695,2024-12-28,2025-06-26,0,422464.0
CAND-03696,2024-12-23,2025-01-22,0,406369.0
CAND-03696,2024-12-23,2025-02-21,0,381059.0
CAND-03696,2024-12-23,2025-03-23,0,347961.0
CAND-03696,2024-12-23,2025-04-22,0,321069.0
CAND-03696,2024-12-23,2025-05-22,0,290335.0
CAND-03697,2024-11-21,2024-12-21,0,654072.0
CAND-03697,2024-11-21,2025-01-20,0,604433.0
CAND-03697,2024-11-21,2025-02-19,0,546520.0
CAND-03697,2024-11-21,2025-03-21,0,505641.0
CAND-03697,2024-11-21,2025-04-20,0,459311.0
CAND-03698,2024-12-10,2025-01-09,0,417842.0
CAND-03698,2024-12-10,2025-02-08,0,384680.0
CAND-03698,2024-12-10,2025-03-10,0,348967.0
CAND-03698,2024-12-10,2025-04-09,30,338650.0
CAND-03698,2024-12-10,2025-05-09,0,299961.0
CAND-03699,2024-10-15,2024-11-14,0,580652.0
CAND-03699,2024-10-15,2024-12-14,0,542701.0
CAND-03699,2024-10-15,2025-01-13,0,504750.0
CAND-03699,2024-10-15,2025-02-12,0,455121.0
CAND-03700,2024-11-05,2024-12-05,0,1442004.0
CAND-03700,2024-11-05,2025-01-04,0,1332137.0
CAND-03700,2024-11-05,2025-02-03,0,1203959.0
CAND-03701,2024-12-16,2025-01-15,0,353312.0
CAND-03701,2024-12-16,2025-02-14,0,330220.0
CAND-03701,2024-12-16,2025-03-16,0,305684.0
CAND-03701,2024-12-16,2025-04-15,0,279513.0
CAND-03702,2025-01-22,2025-02-21,0,845572.0
CAND-03702,2025-01-22,2025-03-23,0,770703.0
CAND-03702,2025-01-22,2025-04-22,0,717855.0
CAND-03702,2025-01-22,2025-05-22,0,628013.0
CAND-03702,2025-01-22,2025-06-21,0,546339.0
CAND-03702,2025-01-22,2025-07-21,0,471470.0
CAND-03703,2025-01-05,2025-02-04,0,690377.0
CAND-03703,2025-01-05,2025-03-06,0,614436.0
CAND-03703,2025-01-05,2025-04-05,0,569764.0
CAND-03703,2025-01-05,2025-05-05,0,506480.0
CAND-03703,2025-01-05,2025-06-04,30,493157.0
CAND-03703,2025-01-05,2025-07-04,60,478266.0
CAND-03704,2024-11-03,2024-12-03,0,790438.0
CAND-03704,2024-11-03,2025-01-02,30,773549.0
CAND-03704,2024-11-03,2025-02-01,60,749153.0
CAND-03705,2024-11-25,2024-12-25,0,823403.0
CAND-03705,2024-11-25,2025-01-24,0,753730.0
CAND-03705,2024-11-25,2025-02-23,30,736957.0
CAND-03706,2024-10-10,2024-11-09,0,1174657.0
CAND-03706,2024-10-10,2024-12-09,0,1089227.0
CAND-03706,2024-10-10,2025-01-08,0,1003798.0
CAND-03706,2024-10-10,2025-02-07,0,928419.0
CAND-03706,2024-10-10,2025-03-09,30,902267.0
CAND-03706,2024-10-10,2025-04-08,0,822177.0
CAND-03707,2024-12-11,2025-01-10,0,691516.0
CAND-03707,2024-12-11,2025-02-09,0,649257.0
CAND-03707,2024-12-11,2025-03-11,0,590744.0
CAND-03707,2024-12-11,2025-04-10,0,532231.0
CAND-03708,2024-11-04,2024-12-04,0,933903.0
CAND-03708,2024-11-04,2025-01-03,0,859784.0
CAND-03708,2024-11-04,2025-02-02,0,790606.0
CAND-03708,2024-11-04,2025-03-04,0,725751.0
CAND-03708,2024-11-04,2025-04-03,0,639279.0
CAND-03709,2024-12-22,2025-01-21,0,430623.0
CAND-03709,2024-12-22,2025-02-20,0,390750.0
CAND-03709,2024-12-22,2025-03-22,0,358852.0
CAND-03709,2024-12-22,2025-04-21,0,332271.0
CAND-03710,2024-12-26,2025-01-25,0,220849.0
CAND-03710,2024-12-26,2025-02-24,0,205512.0
CAND-03710,2024-12-26,2025-03-26,0,185063.0
CAND-03710,2024-12-26,2025-04-25,0,162755.0
CAND-03710,2024-12-26,2025-05-25,0,143879.0
CAND-03711,2024-11-05,2024-12-05,0,595428.0
CAND-03711,2024-11-05,2025-01-04,0,541298.0
CAND-03711,2024-11-05,2025-02-03,0,487168.0
CAND-03711,2024-11-05,2025-03-05,0,428118.0
CAND-03711,2024-11-05,2025-04-04,0,392031.0
CAND-03712,2024-11-16,2024-12-16,30,1176123.0
CAND-03712,2024-11-16,2025-01-15,60,1153086.0
CAND-03712,2024-11-16,2025-02-14,30,1126466.0
CAND-03713,2024-10-09,2024-11-08,0,940563.0
CAND-03713,2024-10-09,2024-12-08,0,847932.0
CAND-03713,2024-10-09,2025-01-07,0,787994.0
CAND-03714,2024-11-05,2024-12-05,0,906872.0
CAND-03714,2024-11-05,2025-01-04,0,836207.0
CAND-03714,2024-11-05,2025-02-03,0,778012.0
CAND-03714,2024-11-05,2025-03-05,0,679080.0
CAND-03714,2024-11-05,2025-04-04,0,580149.0
CAND-03715,2024-10-30,2024-11-29,0,1341799.0
CAND-03715,2024-10-30,2024-12-29,0,1232512.0
CAND-03715,2024-10-30,2025-01-28,0,1137797.0
CAND-03716,2024-12-19,2025-01-18,0,1188081.0
CAND-03716,2024-12-19,2025-02-17,30,1164346.0
CAND-03716,2024-12-19,2025-03-19,60,1131241.0
CAND-03716,2024-12-19,2025-04-18,90,1101986.0
CAND-03716,2024-12-19,2025-05-18,112,1069731.0
CAND-03716,2024-12-19,2025-06-17,112,1035731.0
CAND-03717,2024-12-17,2025-01-16,0,794854.0
CAND-03717,2024-12-17,2025-02-15,0,707420.0
CAND-03717,2024-12-17,2025-03-17,0,644967.0
CAND-03717,2024-12-17,2025-04-16,0,565482.0
CAND-03717,2024-12-17,2025-05-16,0,478048.0
CAND-03717,2024-12-17,2025-06-15,0,429473.0
CAND-03718,2024-12-28,2025-01-27,0,1314025.0
CAND-03718,2024-12-28,2025-02-26,30,1285683.0
CAND-03718,2024-12-28,2025-03-28,60,1261184.0
CAND-03718,2024-12-28,2025-04-27,90,1225048.0
CAND-03718,2024-12-28,2025-05-27,60,1185983.0
CAND-03719,22-01-2025,2025-02-21,30,190972.0
CAND-03719,22-01-2025,2025-03-23,60,184424.0
CAND-03719,22-01-2025,2025-04-22,30,178286.0
CAND-03719,22-01-2025,2025-05-22,0,158643.0
CAND-03719,22-01-2025,2025-06-21,30,154464.0
CAND-03720,2024-12-15,2025-01-14,0,595097.0
CAND-03720,2024-12-15,2025-02-13,0,552117.0
CAND-03720,2024-12-15,2025-03-15,0,506068.0
CAND-03721,2024-11-12,2024-12-12,30,443439.0
CAND-03721,2024-11-12,2025-01-11,60,434472.0
CAND-03721,2024-11-12,2025-02-10,90,425505.0
CAND-03722,2024-10-17,2024-11-16,0,1000364.0
CAND-03722,2024-10-17,2024-12-16,0,890324.0
CAND-03722,2024-10-17,2025-01-15,0,821549.0
CAND-03722,2024-10-17,2025-02-14,0,756819.0
CAND-03723,2024-11-08,2024-12-08,0,289776.0
CAND-03723,2024-11-08,2025-01-07,0,260505.0
CAND-03723,2024-11-08,2025-02-06,0,228308.0
CAND-03723,2024-11-08,2025-03-08,30,221600.0
CAND-03723,2024-11-08,2025-04-07,0,202661.0
CAND-03723,2024-11-08,2025-05-07,0,177894.0
CAND-03724,2025-01-12,2025-02-11,30,397578.0
CAND-03724,2025-01-12,2025-03-13,60,389947.0
CAND-03724,2025-01-12,2025-04-12,90,377692.0
CAND-03725,2025-01-03,2025-02-02,0,548132.0
CAND-03725,2025-01-03,2025-03-04,0,513739.0
CAND-03725,2025-01-03,2025-04-03,0,481257.0
CAND-03725,2025-01-03,2025-05-03,0,446865.0
CAND-03725,2025-01-03,2025-06-02,0,407887.0
CAND-03726,2024-11-16,2024-12-16,0,739678.0
CAND-03726,2024-11-16,2025-01-15,0,692212.0
CAND-03726,2024-11-16,2025-02-14,0,624969.0
CAND-03727,2024-11-01,2024-12-01,0,496192.0
CAND-03727,2024-11-01,2024-12-31,0,454842.0
CAND-03727,2024-11-01,2025-01-30,0,416447.0
CAND-03727,2024-11-01,2025-03-01,30,402663.0
CAND-03728,2024-12-08,2025-01-07,0,718456.0
CAND-03728,2024-12-08,2025-02-06,0,657049.0
CAND-03728,2024-12-08,2025-03-08,0,590525.0
CAND-03728,2024-12-08,2025-04-07,30,571055.0
CAND-03729,2025-01-14,2025-02-13,30,409355.0
CAND-03729,2025-01-14,2025-03-15,60,399304.0
CAND-03729,2025-01-14,2025-04-14,90,391339.0
CAND-03729,2025-01-14,2025-05-14,117,382161.0
CAND-03730,2024-12-17,2025-01-16,0,401697.0
CAND-03730,2024-12-17,2025-02-15,0,358658.0
CAND-03730,2024-12-17,2025-03-17,0,315619.0
CAND-03730,2024-12-17,2025-04-16,0,276493.0
CAND-03730,2024-12-17,2025-05-16,0,249594.0
CAND-03730,2024-12-17,2025-06-15,0,224277.0
CAND-03731,2024-11-20,2024-12-20,0,2227212.0
CAND-03731,2024-11-20,2025-01-19,0,2069998.0
CAND-03731,2024-11-20,2025-02-18,0,1912782.0
CAND-03732,2025-01-03,2025-02-02,0,291347.0
CAND-03732,2025-01-03,2025-03-04,0,260498.0
CAND-03732,2025-01-03,2025-04-03,0,232454.0
CAND-03733,2024-12-20,2025-01-19,0,486828.0
CAND-03733,2024-12-20,2025-02-18,0,443724.0
CAND-03733,2024-12-20,2025-03-20,0,391998.0
CAND-03733,2024-12-20,2025-04-19,0,352209.0
CAND-03733,2024-12-20,2025-05-19,0,323473.0
CAND-03734,2024-11-21,2024-12-21,0,529864.0
CAND-03734,2024-11-21,2025-01-20,0,472060.0
CAND-03734,2024-11-21,2025-02-19,0,419512.0
CAND-03735,2024-11-03,2024-12-03,0,300597.0
CAND-03735,2024-11-03,2025-01-02,0,280468.0
CAND-03735,2024-11-03,2025-02-01,0,258996.0
CAND-03735,2024-11-03,2025-03-03,0,241104.0
CAND-03736,2024-12-15,2025-01-14,0,690804.0
CAND-03736,2024-12-15,2025-02-13,0,616410.0
CAND-03736,2024-12-15,2025-03-15,0,554415.0
CAND-03736,2024-12-15,2025-04-14,0,497188.0
CAND-03737,2024-11-18,2024-12-18,0,855883.0
CAND-03737,2024-11-18,2025-01-17,0,793118.0
CAND-03737,2024-11-18,2025-02-16,0,720697.0
CAND-03737,2024-11-18,2025-03-18,30,702237.0
CAND-03737,2024-11-18,2025-04-17,60,679274.0
CAND-03738,2025-01-25,2025-02-24,0,525456.0
CAND-03738,2025-01-25,2025-03-26,0,485421.0
CAND-03738,2025-01-25,2025-04-25,0,452451.0
CAND-03739,2024-11-11,2024-12-11,0,493227.0
CAND-03739,2024-11-11,2025-01-10,0,440111.0
CAND-03739,2024-11-11,2025-02-09,0,386994.0
CAND-03739,2024-11-11,2025-03-11,0,353796.0
CAND-03739,2024-11-11,2025-04-10,0,312937.0
CAND-03740,2024-10-28,2024-11-27,0,972619.0
CAND-03740,2024-10-28,2024-12-27,0,907488.0
CAND-03740,2024-10-28,2025-01-26,0,849594.0
CAND-03740,2024-10-28,2025-02-25,0,754859.0
CAND-03740,2024-10-28,2025-03-27,0,689728.0
CAND-03740,2024-10-28,2025-04-26,0,620255.0
CAND-03741,2024-10-29,2024-11-28,0,807662.0
CAND-03741,2024-10-29,2024-12-28,30,780128.0
CAND-03741,2024-10-29,2025-01-27,0,692020.0
CAND-03741,2024-10-29,2025-02-26,0,640191.0
CAND-03741,2024-10-29,2025-03-28,0,560092.0
CAND-03741,2024-10-29,2025-04-27,0,497158.0
CAND-03742,2024-10-29,2024-11-28,0,427609.0
CAND-03742,2024-10-29,2024-12-28,0,400975.0
CAND-03742,2024-10-29,2025-01-27,0,374342.0
CAND-03742,2024-10-29,2025-02-26,0,346045.0
CAND-03742,2024-10-29,2025-03-28,0,308315.0
CAND-03742,2024-10-29,2025-04-27,0,263038.0
CAND-03743,2024-11-19,2024-12-19,0,1453728.0
CAND-03743,2024-11-19,2025-01-18,0,1356380.0
CAND-03743,2024-11-19,2025-02-17,0,1252543.0
CAND-03744,2024-12-03,2025-01-02,0,1272026.0
CAND-03744,2024-12-03,2025-02-01,0,1148127.0
CAND-03744,2024-12-03,2025-03-03,0,1067958.0
CAND-03744,2024-12-03,2025-04-02,0,931669.0
CAND-03745,2024-10-26,2024-11-25,30,1696191.0
CAND-03745,2024-10-26,2024-12-25,60,1658459.0
CAND-03745,2024-10-26,2025-01-24,30,1604221.0
CAND-03745,2024-10-26,2025-02-23,60,1551626.0
CAND-03746,2024-11-10,2024-12-10,0,570031.0
CAND-03746,2024-11-10,2025-01-09,0,514224.0
CAND-03746,2024-11-10,2025-02-08,0,452836.0
CAND-03746,2024-11-10,2025-03-10,30,441468.0
CAND-03746,2024-11-10,2025-04-09,60,429885.0
CAND-03746,2024-11-10,2025-05-09,90,418517.0
CAND-03747,2024-12-19,2025-01-18,0,855191.0
CAND-03747,2024-12-19,2025-02-17,0,770968.0
CAND-03747,2024-12-19,2025-03-19,30,741082.0
CAND-03747,2024-12-19,2025-04-18,0,683178.0
CAND-03747,2024-12-19,2025-05-18,0,590533.0
CAND-03747,2024-12-19,2025-06-17,0,519267.0
CAND-03748,2024-12-14,2025-01-13,0,719368.0
CAND-03748,2024-12-14,2025-02-12,0,659420.0
CAND-03748,2024-12-14,2025-03-14,30,644434.0
CAND-03748,2024-12-14,2025-04-13,0,598591.0
CAND-03748,2024-12-14,2025-05-13,0,546637.0
CAND-03748,2024-12-14,2025-06-12,0,497930.0
CAND-03749,2024-11-07,2024-12-07,0,338838.0
CAND-03749,2024-11-07,2025-01-06,0,317095.0
CAND-03749,2024-11-07,2025-02-05,30,305894.0
CAND-03749,2024-11-07,2025-03-07,0,277460.0
CAND-03749,2024-11-07,2025-04-06,0,252817.0
CAND-03750,2024-12-13,2025-01-12,0,514515.0
CAND-03750,2024-12-13,2025-02-11,0,480467.0
CAND-03750,2024-12-13,2025-03-13,0,450201.0
CAND-03750,2024-12-13,2025-04-12,0,411288.0
CAND-03751,2024-11-24,2024-12-24,0,1112650.0
CAND-03751,2024-11-24,2025-01-23,0,1028208.0
CAND-03751,2024-11-24,2025-02-22,0,937270.0
CAND-03752,2024-10-21,2024-11-20,0,254240.0
CAND-03752,2024-10-21,2024-12-20,30,247873.0
CAND-03752,2024-10-21,2025-01-19,60,241921.0
CAND-03753,2024-11-14,2024-12-14,30,403360.0
CAND-03753,2024-11-14,2025-01-13,60,396404.0
CAND-03753,2024-11-14,2025-02-12,90,383164.0
CAND-03753,2024-11-14,2025-03-14,110,375963.0
CAND-03753,2024-11-14,2025-04-13,110,366843.0
CAND-03753,2024-11-14,2025-05-13,110,359642.0
CAND-03754,2024-12-30,2025-01-29,0,723222.0
CAND-03754,2024-12-30,2025-02-28,30,705001.0
CAND-03754,2024-12-30,2025-03-30,0,661474.0
CAND-03754,2024-12-30,2025-04-29,0,612505.0
CAND-03755,2024-11-15,2024-12-15,0,339940.0
CAND-03755,2024-11-15,2025-01-14,0,306829.0
CAND-03755,2024-11-15,2025-02-13,30,297490.0
CAND-03755,2024-11-15,2025-03-15,0,271474.0
CAND-03755,2024-11-15,2025-04-14,0,248710.0
CAND-03756,15-01-2025,2025-02-14,30,614844.0
CAND-03756,15-01-2025,2025-03-16,60,602565.0
CAND-03756,15-01-2025,2025-04-15,90,586085.0
CAND-03756,15-01-2025,2025-05-15,91,574699.0
CAND-03757,2024-10-14,2024-11-13,0,940012.0
CAND-03757,2024-10-14,2024-12-13,0,880109.0
CAND-03757,2024-10-14,2025-01-12,0,787532.0
CAND-03758,2024-12-03,2025-01-02,0,268712.0
CAND-03758,2024-12-03,2025-02-01,0,247773.0
CAND-03758,2024-12-03,2025-03-03,0,231488.0
CAND-03758,2024-12-03,2025-04-02,0,215202.0
CAND-03758,2024-12-03,2025-05-02,0,195659.0
CAND-03758,2024-12-03,2025-06-01,0,177338.0
CAND-03759,2024-12-06,2025-01-05,0,215418.0
CAND-03759,2024-12-06,2025-02-04,0,198321.0
CAND-03759,2024-12-06,2025-03-06,0,178375.0
CAND-03760,2024-11-18,2024-12-18,0,310220.0
CAND-03760,2024-11-18,2025-01-17,0,291660.0
CAND-03760,2024-11-18,2025-02-16,0,272008.0
CAND-03760,2024-11-18,2025-03-18,30,265326.0
CAND-03760,2024-11-18,2025-04-17,60,256297.0
CAND-03760,2024-11-18,2025-05-17,90,249479.0
CAND-03761,2024-11-04,2024-12-04,0,567000.0
CAND-03761,2024-11-04,2025-01-03,0,530615.0
CAND-03761,2024-11-04,2025-02-02,30,516558.0
CAND-03761,2024-11-04,2025-03-04,60,500280.0
CAND-03761,2024-11-04,2025-04-03,90,489796.0
CAND-03761,2024-11-04,2025-05-03,102,473936.0
CAND-03762,2024-12-31,2025-01-30,0,562626.0
CAND-03762,2024-12-31,2025-03-01,0,522773.0
CAND-03762,2024-12-31,2025-03-31,0,482921.0
CAND-03762,2024-12-31,2025-04-30,0,445559.0
CAND-03763,2025-01-12,2025-02-11,0,455938.0
CAND-03763,2025-01-12,2025-03-13,0,418803.0
CAND-03763,2025-01-12,2025-04-12,30,407576.0
CAND-03763,2025-01-12,2025-05-12,60,392490.0
CAND-03763,2025-01-12,2025-06-11,90,376398.0
CAND-03763,2025-01-12,2025-07-11,105,362199.0
CAND-03764,2024-12-12,2025-01-11,0,2376844.0
CAND-03764,2024-12-12,2025-02-10,0,2213436.0
CAND-03764,2024-12-12,2025-03-12,0,1951983.0
CAND-03764,2024-12-12,2025-04-11,0,1714298.0
CAND-03764,2024-12-12,2025-05-11,0,1560503.0
CAND-03764,2024-12-12,2025-06-10,0,1322818.0
CAND-03765,2024-11-13,2024-12-13,0,289107.0
CAND-03765,2024-11-13,2025-01-12,0,257972.0
CAND-03765,2024-11-13,2025-02-11,0,238513.0
CAND-03765,2024-11-13,2025-03-13,0,216274.0
CAND-03766,2024-12-29,2025-01-28,0,1243789.0
CAND-03766,2024-12-29,2025-02-27,0,1163309.0
CAND-03766,2024-12-29,2025-03-29,0,1077798.0
CAND-03766,2024-12-29,2025-04-28,0,972554.0
CAND-03767,16-01-2025,2025-02-15,0,316022.0
CAND-03767,16-01-2025,2025-03-17,0,285241.0
CAND-03767,16-01-2025,2025-04-16,0,254459.0
CAND-03767,16-01-2025,2025-05-16,30,247948.0
CAND-03767,16-01-2025,2025-06-15,60,237687.0
CAND-03768,2024-11-29,2024-12-29,0,1730786.0
CAND-03768,2024-11-29,2025-01-28,0,1621703.0
CAND-03768,2024-11-29,2025-02-27,0,1453120.0
CAND-03769,2024-12-10,2025-01-09,0,520804.0
CAND-03769,2024-12-10,2025-02-08,30,509289.0
CAND-03769,2024-12-10,2025-03-10,0,477945.0
CAND-03769,2024-12-10,2025-04-09,0,421524.0
CAND-03769,2024-12-10,2025-05-09,0,365104.0
CAND-03769,2024-12-10,2025-06-08,0,308683.0
CAND-03770,2024-11-13,2024-12-13,30,936381.0
CAND-03770,2024-11-13,2025-01-12,60,913343.0
CAND-03770,2024-11-13,2025-02-11,90,895751.0
CAND-03771,2024-10-24,2024-11-23,0,675025.0
CAND-03771,2024-10-24,2024-12-23,0,621988.0
CAND-03771,2024-10-24,2025-01-22,0,547735.0
CAND-03771,2024-10-24,2025-02-21,0,501327.0
CAND-03771,2024-10-24,2025-03-23,0,444209.0
CAND-03771,2024-10-24,2025-04-22,0,387092.0
CAND-03772,2024-11-28,2024-12-28,0,341053.0
CAND-03772,2024-11-28,2025-01-27,0,312433.0
CAND-03772,2024-11-28,2025-02-26,0,289180.0
CAND-03772,2024-11-28,2025-03-28,0,251974.0
CAND-03772,2024-11-28,2025-04-27,0,223354.0
CAND-03773,2024-11-07,2024-12-07,0,409737.0
CAND-03773,2024-11-07,2025-01-06,0,378641.0
CAND-03773,2024-11-07,2025-02-05,0,342362.0
CAND-03773,2024-11-07,2025-03-07,0,318177.0
CAND-03773,2024-11-07,2025-04-06,0,284688.0
CAND-03774,2024-12-09,2025-01-08,0,264340.0
CAND-03774,2024-12-09,2025-02-07,0,245115.0
CAND-03774,2024-12-09,2025-03-09,0,225891.0
CAND-03774,2024-12-09,2025-04-08,0,199675.0
CAND-03774,2024-12-09,2025-05-08,0,177493.0
CAND-03775,2024-12-25,2025-01-24,0,694597.0
CAND-03775,2024-12-25,2025-02-23,0,641439.0
CAND-03775,2024-12-25,2025-03-25,0,579421.0
CAND-03777,2024-12-31,2025-01-30,0,171901.0
CAND-03777,2024-12-31,2025-03-01,0,155984.0
CAND-03777,2024-12-31,2025-03-31,0,143251.0
CAND-03777,2024-12-31,2025-04-30,0,125887.0
CAND-03777,2024-12-31,2025-05-30,0,114652.0
CAND-03777,2024-12-31,2025-06-29,0,99959.0
CAND-03778,2024-12-22,2025-01-21,0,508225.0
CAND-03778,2024-12-22,2025-02-20,30,496388.0
CAND-03778,2024-12-22,2025-03-22,0,462355.0
CAND-03778,2024-12-22,2025-04-21,0,420468.0
CAND-03779,2024-10-08,2024-11-07,0,443273.0
CAND-03779,2024-10-08,2024-12-07,30,427874.0
CAND-03779,2024-10-08,2025-01-06,0,401353.0
CAND-03779,2024-10-08,2025-02-05,0,364633.0
CAND-03779,2024-10-08,2025-03-07,0,332808.0
CAND-03779,2024-10-08,2025-04-06,0,289410.0
CAND-03780,2024-12-19,2025-01-18,0,436386.0
CAND-03780,2024-12-19,2025-02-17,0,393108.0
CAND-03780,2024-12-19,2025-03-19,0,359104.0
CAND-03780,2024-12-19,2025-04-18,0,311498.0
CAND-03780,2024-12-19,2025-05-18,0,268220.0
CAND-03781,2024-11-01,2024-12-01,30,674257.0
CAND-03781,2024-11-01,2024-12-31,0,611466.0
CAND-03781,2024-11-01,2025-01-30,30,598675.0
CAND-03781,2024-11-01,2025-03-01,60,586557.0
CAND-03781,2024-11-01,2025-03-31,90,570494.0
CAND-03781,2024-11-01,2025-04-30,111,550180.0
CAND-03782,2024-12-30,2025-01-29,0,2890781.0
CAND-03782,2024-12-30,2025-02-28,0,2582431.0
CAND-03782,2024-12-30,2025-03-30,0,2389712.0
CAND-03783,2024-12-10,2025-01-09,0,143561.0
CAND-03783,2024-12-10,2025-02-08,0,129640.0
CAND-03783,2024-12-10,2025-03-10,0,117861.0
CAND-03783,2024-12-10,2025-04-09,0,106923.0
CAND-03783,2024-12-10,2025-05-09,0,95143.0
CAND-03783,2024-12-10,2025-06-08,0,86636.0
CAND-03784,2024-12-05,2025-01-04,0,778297.0
CAND-03784,2024-12-05,2025-02-03,0,701110.0
CAND-03784,2024-12-05,2025-03-05,0,651166.0
CAND-03785,2024-12-10,2025-01-09,0,233750.0
CAND-03785,2024-12-10,2025-02-08,0,210375.0
CAND-03785,2024-12-10,2025-03-10,0,196090.0
CAND-03786,2025-01-19,2025-02-18,0,591792.0
CAND-03786,2025-01-19,2025-03-20,30,576247.0
CAND-03786,2025-01-19,2025-04-19,60,563501.0
CAND-03786,2025-01-19,2025-05-19,90,550495.0
CAND-03787,2024-11-24,2024-12-24,0,451323.0
CAND-03787,2024-11-24,2025-01-23,30,441854.0
CAND-03787,2024-11-24,2025-02-22,0,400825.0
CAND-03787,2024-11-24,2025-03-24,0,362952.0
CAND-03787,2024-11-24,2025-04-23,0,333990.0
CAND-03787,2024-11-24,2025-05-23,0,301166.0
CAND-03788,2024-12-17,2025-01-16,0,367979.0
CAND-03788,2024-12-17,2025-02-15,0,344890.0
CAND-03788,2024-12-17,2025-03-17,0,320358.0
CAND-03788,2024-12-17,2025-04-16,0,294191.0
CAND-03788,2024-12-17,2025-05-16,0,268023.0
CAND-03789,2024-11-12,2024-12-12,0,1025224.0
CAND-03789,2024-11-12,2025-01-11,0,944670.0
CAND-03789,2024-11-12,2025-02-10,0,850692.0
CAND-03789,2024-11-12,2025-03-12,0,756713.0
CAND-03789,2024-11-12,2025-04-11,0,694060.0
CAND-03789,2024-11-12,2025-05-11,0,607310.0
CAND-03790,2024-12-05,2025-01-04,0,208518.0
CAND-03790,2024-12-05,2025-02-03,0,194617.0
CAND-03790,2024-12-05,2025-03-05,0,176082.0
CAND-03790,2024-12-05,2025-04-04,0,162998.0
CAND-03790,2024-12-05,2025-05-04,0,145889.0
CAND-03790,2024-12-05,2025-06-03,0,127354.0
CAND-03791,2024-10-11,2024-11-10,0,756836.0
CAND-03791,2024-10-11,2024-12-10,0,693325.0
CAND-03791,2024-10-11,2025-01-09,0,618267.0
CAND-03791,2024-10-11,2025-02-08,0,563224.0
CAND-03791,2024-10-11,2025-03-10,0,488166.0
CAND-03791,2024-10-11,2025-04-09,0,429192.0
CAND-03792,2024-11-14,2024-12-14,0,211770.0
CAND-03792,2024-11-14,2025-01-13,0,195131.0
CAND-03792,2024-11-14,2025-02-12,0,177212.0
CAND-03792,2024-11-14,2025-03-14,0,163509.0
CAND-03792,2024-11-14,2025-04-13,0,146870.0
CAND-03793,2024-12-07,2025-01-06,0,913239.0
CAND-03793,2024-12-07,2025-02-05,0,851771.0
CAND-03793,2024-12-07,2025-03-07,0,776118.0
CAND-03794,2024-12-23,2025-01-22,0,859250.0
CAND-03794,2024-12-23,2025-02-21,0,804494.0
CAND-03794,2024-12-23,2025-03-23,0,749738.0
CAND-03794,2024-12-23,2025-04-22,0,698023.0
CAND-03794,2024-12-23,2025-05-22,0,604938.0
CAND-03795,2024-10-11,2024-11-10,0,654288.0
CAND-03795,2024-10-11,2024-12-10,0,610474.0
CAND-03795,2024-10-11,2025-01-09,0,569238.0
CAND-03795,2024-10-11,2025-02-08,0,528001.0
CAND-03795,2024-10-11,2025-03-10,0,474076.0
CAND-03795,2024-10-11,2025-04-09,0,403974.0
CAND-03796,2024-12-16,2025-01-15,0,355211.0
CAND-03796,2024-12-16,2025-02-14,0,323760.0
CAND-03796,2024-12-16,2025-03-16,0,302793.0
CAND-03796,2024-12-16,2025-04-15,0,273761.0
CAND-03797,2025-01-16,2025-02-15,30,409492.0
CAND-03797,2025-01-16,2025-03-17,60,397750.0
CAND-03797,2025-01-16,2025-04-16,90,388561.0
CAND-03798,2024-11-02,2024-12-02,0,639384.0
CAND-03798,2024-11-02,2025-01-01,0,571449.0
CAND-03798,2024-11-02,2025-01-31,0,533708.0
CAND-03798,2024-11-02,2025-03-02,0,471949.0
CAND-03799,2024-11-30,2024-12-30,30,784230.0
CAND-03799,2024-11-30,2025-01-29,60,769725.0
CAND-03799,2024-11-30,2025-02-28,90,749781.0
CAND-03801,2025-01-01,2025-01-31,0,555417.0
CAND-03801,2025-01-01,2025-03-02,0,506047.0
CAND-03801,2025-01-01,2025-04-01,0,469019.0
CAND-03801,2025-01-01,2025-05-01,0,415160.0
CAND-03801,2025-01-01,2025-05-31,0,372843.0
CAND-03801,2025-01-01,2025-06-30,0,339929.0
CAND-03802,2024-11-03,2024-12-03,0,676609.0
CAND-03802,2024-11-03,2025-01-02,0,633965.0
CAND-03802,2024-11-03,2025-02-01,0,578201.0
CAND-03802,2024-11-03,2025-03-03,0,522436.0
CAND-03802,2024-11-03,2025-04-02,0,466672.0
CAND-03802,2024-11-03,2025-05-02,0,424029.0
CAND-03803,2024-12-23,2025-01-22,0,222595.0
CAND-03803,2024-12-23,2025-02-21,0,200803.0
CAND-03803,2024-12-23,2025-03-23,0,185820.0
CAND-03803,2024-12-23,2025-04-22,0,172503.0
CAND-03803,2024-12-23,2025-05-22,0,150710.0
CAND-03804,2025-01-20,2025-02-19,0,412327.0
CAND-03804,2025-01-20,2025-03-21,0,382339.0
CAND-03804,2025-01-20,2025-04-20,0,350210.0
CAND-03805,2024-11-07,2024-12-07,0,258606.0
CAND-03805,2024-11-07,2025-01-06,0,241365.0
CAND-03805,2024-11-07,2025-02-05,0,218378.0
CAND-03806,2024-10-29,2024-11-28,0,306442.0
CAND-03806,2024-10-29,2024-12-28,0,283266.0
CAND-03806,2024-10-29,2025-01-27,0,250819.0
CAND-03806,2024-10-29,2025-02-26,0,227643.0
CAND-03806,2024-10-29,2025-03-28,0,204466.0
CAND-03807,2025-01-06,2025-02-05,30,479526.0
CAND-03807,2025-01-06,2025-03-07,60,470268.0
CAND-03807,2025-01-06,2025-04-06,90,457007.0
CAND-03808,2024-11-30,2024-12-30,30,358240.0
CAND-03808,2024-11-30,2025-01-29,60,352020.0
CAND-03808,2024-11-30,2025-02-28,90,343865.0
CAND-03808,2024-11-30,2025-03-30,100,334456.0
CAND-03808,2024-11-30,2025-04-29,100,325046.0
CAND-03809,2025-01-16,2025-02-15,0,396202.0
CAND-03809,2025-01-16,2025-03-17,0,371342.0
CAND-03809,2025-01-16,2025-04-16,0,329080.0
CAND-03810,2024-11-22,2024-12-22,0,778263.0
CAND-03810,2024-11-22,2025-01-21,0,711745.0
CAND-03810,2024-11-22,2025-02-20,30,688374.0
CAND-03810,2024-11-22,2025-03-22,60,672651.0
CAND-03811,2025-01-04,2025-02-03,30,617188.0
CAND-03811,2025-01-04,2025-03-05,0,568274.0
CAND-03811,2025-01-04,2025-04-04,30,550610.0
CAND-03811,2025-01-04,2025-05-04,60,536479.0
CAND-03811,2025-01-04,2025-06-03,30,522949.0
CAND-03811,2025-01-04,2025-07-03,0,480557.0
CAND-03812,2025-01-05,2025-02-04,0,587025.0
CAND-03812,2025-01-05,2025-03-06,0,551151.0
CAND-03812,2025-01-05,2025-04-05,0,497340.0
CAND-03812,2025-01-05,2025-05-05,0,456982.0
CAND-03812,2025-01-05,2025-06-04,30,445242.0
CAND-03812,2025-01-05,2025-07-04,60,433284.0
CAND-03813,2024-10-23,2024-11-22,0,1314572.0
CAND-03813,2024-10-23,2024-12-22,0,1186529.0
CAND-03813,2024-10-23,2025-01-21,0,1085924.0
CAND-03814,2024-10-20,2024-11-19,0,424514.0
CAND-03814,2024-10-20,2024-12-19,0,383349.0
CAND-03814,2024-10-20,2025-01-18,30,374805.0
CAND-03814,2024-10-20,2025-02-17,60,365927.0
CAND-03814,2024-10-20,2025-03-19,90,352609.0
CAND-03814,2024-10-20,2025-04-18,103,339671.0
CAND-03815,2024-12-09,2025-01-08,30,1213734.0
CAND-03815,2024-12-09,2025-02-07,0,1143979.0
CAND-03815,2024-12-09,2025-03-09,0,1054294.0
CAND-03815,2024-12-09,2025-04-08,0,964610.0
CAND-03815,2024-12-09,2025-05-08,0,890752.0
CAND-03816,2024-12-05,2025-01-04,0,491107.0
CAND-03816,2024-12-05,2025-02-03,30,481490.0
CAND-03816,2024-12-05,2025-03-05,0,452108.0
CAND-03816,2024-12-05,2025-04-04,0,416849.0
CAND-03817,2024-11-25,2024-12-25,30,393752.0
CAND-03817,2024-11-25,2025-01-24,0,364988.0
CAND-03817,2024-11-25,2025-02-23,0,341299.0
CAND-03817,2024-11-25,2025-03-25,0,301029.0
CAND-03817,2024-11-25,2025-04-24,0,275861.0
CAND-03817,2024-11-25,2025-05-24,0,242302.0
CAND-03818,2024-12-09,2025-01-08,30,1353124.0
CAND-03818,2024-12-09,2025-02-07,0,1261181.0
CAND-03818,2024-12-09,2025-03-09,30,1234659.0
CAND-03818,2024-12-09,2025-04-08,60,1204678.0
CAND-03819,08-11-2024,2024-12-08,30,380278.0
CAND-03819,08-11-2024,2025-01-07,60,373711.0
CAND-03819,08-11-2024,2025-02-06,90,365467.0
CAND-03820,2025-01-27,2025-02-26,0,222144.0
CAND-03820,2025-01-27,2025-03-28,0,201949.0
CAND-03820,2025-01-27,2025-04-27,30,197461.0
CAND-03821,2024-11-20,2024-12-20,30,355701.0
CAND-03821,2024-11-20,2025-01-19,0,319053.0
CAND-03821,2024-11-20,2025-02-18,0,298693.0
CAND-03822,2024-11-04,2024-12-04,0,300834.0
CAND-03822,2024-11-04,2025-01-03,0,273486.0
CAND-03822,2024-11-04,2025-02-02,0,252974.0
CAND-03823,2024-11-04,2024-12-04,0,877053.0
CAND-03823,2024-11-04,2025-01-03,0,783866.0
CAND-03823,2024-11-04,2025-02-02,0,721742.0
CAND-03823,2024-11-04,2025-03-04,0,650059.0
CAND-03823,2024-11-04,2025-04-03,30,630232.0
CAND-03824,2024-12-07,2025-01-06,0,248079.0
CAND-03824,2024-12-07,2025-02-05,0,228748.0
CAND-03824,2024-12-07,2025-03-07,30,219727.0
CAND-03824,2024-12-07,2025-04-06,60,212413.0
CAND-03824,2024-12-07,2025-05-06,90,205969.0
CAND-03825,2025-01-08,2025-02-07,30,1248107.0
CAND-03825,2025-01-08,2025-03-09,60,1221623.0
CAND-03825,2025-01-08,2025-04-08,90,1197638.0
CAND-03825,2025-01-08,2025-05-08,119,1157912.0
CAND-03825,2025-01-08,2025-06-07,119,1128349.0
CAND-03825,2025-01-08,2025-07-07,119,1085975.0
CAND-03826,2025-01-03,2025-02-02,0,295806.0
CAND-03826,2025-01-03,2025-03-04,0,276230.0
CAND-03826,2025-01-03,2025-04-03,30,270321.0
CAND-03827,2024-10-22,2024-11-21,0,599478.0
CAND-03827,2024-10-22,2024-12-21,30,587460.0
CAND-03827,2024-10-22,2025-01-20,60,573305.0
CAND-03827,2024-10-22,2025-02-19,90,558140.0
CAND-03828,2024-12-10,2025-01-09,0,568990.0
CAND-03828,2024-12-10,2025-02-08,0,528687.0
CAND-03828,2024-12-10,2025-03-10,0,482183.0
CAND-03828,2024-12-10,2025-04-09,30,465390.0
CAND-03829,2024-12-31,2025-01-30,0,934797.0
CAND-03829,2024-12-31,2025-03-01,0,862462.0
CAND-03829,2024-12-31,2025-03-31,0,784562.0
CAND-03829,2024-12-31,2025-04-30,0,721268.0
CAND-03829,2024-12-31,2025-05-30,0,653755.0
CAND-03830,2024-12-22,2025-01-21,0,192921.0
CAND-03830,2024-12-22,2025-02-20,0,180700.0
CAND-03830,2024-12-22,2025-03-22,0,168478.0
CAND-03831,2024-12-11,2025-01-10,0,392760.0
CAND-03831,2024-12-11,2025-02-09,0,368298.0
CAND-03831,2024-12-11,2025-03-11,0,340574.0
CAND-03831,2024-12-11,2025-04-10,30,330672.0
CAND-03831,2024-12-11,2025-05-10,0,296017.0
CAND-03831,2024-12-11,2025-06-09,0,271554.0
CAND-03832,2025-01-08,2025-02-07,0,289088.0
CAND-03832,2025-01-08,2025-03-09,0,268333.0
CAND-03832,2025-01-08,2025-04-08,0,247578.0
CAND-03832,2025-01-08,2025-05-08,30,238422.0
CAND-03832,2025-01-08,2025-06-07,0,214473.0
CAND-03833,2024-12-20,2025-01-19,0,1267009.0
CAND-03833,2024-12-20,2025-02-18,0,1168281.0
CAND-03833,2024-12-20,2025-03-20,0,1030062.0
CAND-03833,2024-12-20,2025-04-19,0,891843.0
CAND-03834,2024-10-31,2024-11-30,0,170240.0
CAND-03834,2024-10-31,2024-12-30,0,159731.0
CAND-03834,2024-10-31,2025-01-29,0,145181.0
CAND-03835,2025-01-14,2025-02-13,0,1081208.0
CAND-03835,2025-01-14,2025-03-15,0,1013867.0
CAND-03835,2025-01-14,2025-04-14,0,946525.0
CAND-03835,2025-01-14,2025-05-14,0,879183.0
CAND-03835,2025-01-14,2025-06-13,0,802863.0
CAND-03835,2025-01-14,2025-07-13,0,721091.0
CAND-03837,2024-10-23,2024-11-22,0,603026.0
CAND-03837,2024-10-23,2024-12-22,0,553547.0
CAND-03837,2024-10-23,2025-01-21,0,489224.0
CAND-03837,2024-10-23,2025-02-20,0,443280.0
CAND-03837,2024-10-23,2025-03-22,0,405443.0
CAND-03837,2024-10-23,2025-04-21,0,341120.0
CAND-03838,2024-12-19,2025-01-18,0,1383905.0
CAND-03838,2024-12-19,2025-02-17,30,1336286.0
CAND-03838,2024-12-19,2025-03-19,0,1237875.0
CAND-03840,2024-12-23,2025-01-22,0,376387.0
CAND-03840,2024-12-23,2025-02-21,30,365128.0
CAND-03840,2024-12-23,2025-03-23,60,353868.0
CAND-03840,2024-12-23,2025-04-22,90,345596.0
CAND-03841,2024-10-23,2024-11-22,0,826070.0
CAND-03841,2024-10-23,2024-12-22,0,766763.0
CAND-03841,2024-10-23,2025-01-21,0,711162.0
CAND-03842,2025-01-16,2025-02-15,0,1594636.0
CAND-03842,2025-01-16,2025-03-17,0,1493017.0
CAND-03842,2025-01-16,2025-04-16,30,1435433.0
CAND-03843,2024-12-22,2025-01-21,0,1665479.0
CAND-03843,2024-12-22,2025-02-20,0,1516013.0
CAND-03843,2024-12-22,2025-03-22,0,1403914.0
CAND-03843,2024-12-22,2025-04-21,0,1298408.0
CAND-03844,2024-12-12,2025-01-11,0,432312.0
CAND-03844,2024-12-12,2025-02-10,0,401432.0
CAND-03844,2024-12-12,2025-03-12,0,375699.0
CAND-03845,2024-12-14,2025-01-13,0,777364.0
CAND-03845,2024-12-14,2025-02-12,30,752237.0
CAND-03845,2024-12-14,2025-03-14,60,737430.0
CAND-03846,2025-01-20,2025-02-19,0,1983059.0
CAND-03846,2025-01-20,2025-03-21,0,1842592.0
CAND-03846,2025-01-20,2025-04-20,30,1784064.0
CAND-03846,2025-01-20,2025-05-20,0,1608481.0
CAND-03846,2025-01-20,2025-06-19,0,1491425.0
CAND-03847,2024-12-24,2025-01-23,0,280334.0
CAND-03847,2024-12-24,2025-02-22,0,253029.0
CAND-03847,2024-12-24,2025-03-24,0,229924.0
CAND-03847,2024-12-24,2025-04-23,30,219912.0
CAND-03849,2024-12-22,2025-01-21,0,938060.0
CAND-03849,2024-12-22,2025-02-20,0,871055.0
CAND-03849,2024-12-22,2025-03-22,0,779686.0
CAND-03849,2024-12-22,2025-04-21,0,679180.0
CAND-03849,2024-12-22,2025-05-21,30,657330.0
CAND-03850,2024-12-07,2025-01-06,0,851478.0
CAND-03850,2024-12-07,2025-02-05,0,788406.0
CAND-03850,2024-12-07,2025-03-07,30,768276.0
CAND-03850,2024-12-07,2025-04-06,0,673668.0
CAND-03850,2024-12-07,2025-05-06,30,644102.0
CAND-03851,2024-12-13,2025-01-12,0,427180.0
CAND-03851,2024-12-13,2025-02-11,0,398256.0
CAND-03851,2024-12-13,2025-03-13,0,351978.0
CAND-03851,2024-12-13,2025-04-12,30,342904.0
CAND-03852,2024-10-31,2024-11-30,0,377595.0
CAND-03852,2024-10-31,2024-12-30,0,340816.0
CAND-03852,2024-10-31,2025-01-29,0,307102.0
CAND-03852,2024-10-31,2025-02-28,30,299469.0
CAND-03852,2024-10-31,2025-03-30,0,275671.0
CAND-03852,2024-10-31,2025-04-29,0,250386.0
CAND-03853,2024-11-18,2024-12-18,0,560784.0
CAND-03853,2024-11-18,2025-01-17,0,512853.0
CAND-03853,2024-11-18,2025-02-16,0,456209.0
CAND-03853,2024-11-18,2025-03-18,0,399564.0
CAND-03854,2024-11-17,2024-12-17,30,557894.0
CAND-03854,2024-11-17,2025-01-16,0,505767.0
CAND-03854,2024-11-17,2025-02-15,0,448428.0
CAND-03854,2024-11-17,2025-03-17,0,407472.0
CAND-03854,2024-11-17,2025-04-16,0,366515.0
CAND-03855,2024-12-11,2025-01-10,0,783099.0
CAND-03855,2024-12-11,2025-02-09,0,720948.0
CAND-03855,2024-12-11,2025-03-11,0,654017.0
CAND-03855,2024-12-11,2025-04-10,0,602834.0
CAND-03855,2024-12-11,2025-05-10,0,540683.0
CAND-03855,2024-12-11,2025-06-09,0,468174.0
CAND-03856,2024-11-08,2024-12-08,0,1367186.0
CAND-03856,2024-11-08,2025-01-07,0,1286168.0
CAND-03856,2024-11-08,2025-02-06,0,1205149.0
CAND-03856,2024-11-08,2025-03-08,0,1083622.0
CAND-03856,2024-11-08,2025-04-07,0,971442.0
CAND-03856,2024-11-08,2025-05-07,0,849915.0
CAND-03857,2025-01-02,2025-02-01,0,247527.0
CAND-03857,2025-01-02,2025-03-03,0,232248.0
CAND-03857,2025-01-02,2025-04-02,0,216069.0
CAND-03857,2025-01-02,2025-05-02,0,191067.0
CAND-03857,2025-01-02,2025-06-01,0,173877.0
CAND-03857,2025-01-02,2025-07-01,0,154232.0
CAND-03858,2025-01-18,2025-02-17,0,461097.0
CAND-03858,2025-01-18,2025-03-19,0,430062.0
CAND-03858,2025-01-18,2025-04-18,0,396957.0
CAND-03858,2025-01-18,2025-05-18,0,365922.0
CAND-03859,2024-10-31,2024-11-30,0,1648649.0
CAND-03859,2024-10-31,2024-12-30,0,1551669.0
CAND-03859,2024-10-31,2025-01-29,0,1448985.0
CAND-03859,2024-10-31,2025-02-28,0,1324298.0
CAND-03859,2024-10-31,2025-03-30,30,1277118.0
CAND-03860,2024-10-17,2024-11-16,0,763625.0
CAND-03860,2024-10-17,2024-12-16,0,715711.0
CAND-03860,2024-10-17,2025-01-15,0,647833.0
CAND-03860,2024-10-17,2025-02-14,0,566380.0
CAND-03861,2024-11-15,2024-12-15,0,511940.0
CAND-03861,2024-11-15,2025-01-14,0,480054.0
CAND-03861,2024-11-15,2025-02-13,0,449940.0
CAND-03861,2024-11-15,2025-03-15,0,404769.0
CAND-03861,2024-11-15,2025-04-14,0,366051.0
CAND-03861,2024-11-15,2025-05-14,0,311846.0
CAND-03862,2025-01-09,2025-02-08,0,790236.0
CAND-03862,2025-01-09,2025-03-10,30,766152.0
CAND-03862,2025-01-09,2025-04-09,0,689523.0
CAND-03862,2025-01-09,2025-05-09,0,629315.0
CAND-03862,2025-01-09,2025-06-08,0,582486.0
CAND-03862,2025-01-09,2025-07-08,0,522278.0
CAND-03863,2025-01-01,2025-01-31,0,437671.0
CAND-03863,2025-01-01,2025-03-02,0,391329.0
CAND-03863,2025-01-01,2025-04-01,0,352711.0
CAND-03863,2025-01-01,2025-05-01,0,317064.0
CAND-03864,2024-11-10,2024-12-10,0,488265.0
CAND-03864,2024-11-10,2025-01-09,0,459202.0
CAND-03864,2024-11-10,2025-02-08,0,415606.0
CAND-03865,2025-01-10,2025-02-09,0,197387.0
CAND-03865,2025-01-10,2025-03-11,0,185776.0
CAND-03865,2025-01-10,2025-04-10,0,172714.0
CAND-03865,2025-01-10,2025-05-10,0,155297.0
CAND-03866,2024-12-15,2025-01-14,0,1567997.0
CAND-03866,2024-12-15,2025-02-13,0,1460197.0
CAND-03866,2024-12-15,2025-03-15,0,1287718.0
CAND-03867,2025-01-12,2025-02-11,0,306192.0
CAND-03867,2025-01-12,2025-03-13,30,300119.0
CAND-03867,2025-01-12,2025-04-12,0,269753.0
CAND-03867,2025-01-12,2025-05-12,0,245894.0
CAND-03867,2025-01-12,2025-06-11,0,212491.0
CAND-03868,2024-12-15,2025-01-14,0,224331.0
CAND-03868,2024-12-15,2025-02-13,30,219763.0
CAND-03868,2024-12-15,2025-03-15,0,196011.0
CAND-03868,2024-12-15,2025-04-14,30,191915.0
CAND-03868,2024-12-15,2025-05-14,60,187068.0
CAND-03869,2024-11-27,2024-12-27,0,861343.0
CAND-03869,2024-11-27,2025-01-26,0,784437.0
CAND-03869,2024-11-27,2025-02-25,0,700540.0
CAND-03869,2024-11-27,2025-03-27,0,642861.0
CAND-03870,2025-01-11,2025-02-10,0,1723607.0
CAND-03870,2025-01-11,2025-03-12,0,1557699.0
CAND-03870,2025-01-11,2025-04-11,0,1391790.0
CAND-03870,2025-01-11,2025-05-11,0,1209290.0
CAND-03871,2024-11-01,2024-12-01,0,286845.0
CAND-03871,2024-11-01,2024-12-31,0,261535.0
CAND-03871,2024-11-01,2025-01-30,0,238172.0
CAND-03872,2024-10-18,2024-11-17,30,1020769.0
CAND-03872,2024-10-18,2024-12-17,60,994500.0
CAND-03872,2024-10-18,2025-01-16,90,965311.0
CAND-03873,2024-12-19,2025-01-18,0,868240.0
CAND-03873,2024-12-19,2025-02-17,0,809801.0
CAND-03873,2024-12-19,2025-03-19,30,791100.0
CAND-03873,2024-12-19,2025-04-18,60,765829.0
CAND-03873,2024-12-19,2025-05-18,90,743567.0
CAND-03873,2024-12-19,2025-06-17,114,720761.0
CAND-03874,2024-12-10,2025-01-09,0,209146.0
CAND-03874,2024-12-10,2025-02-08,0,191449.0
CAND-03874,2024-12-10,2025-03-10,0,172278.0
CAND-03874,2024-12-10,2025-04-09,0,155845.0
CAND-03874,2024-12-10,2025-05-09,30,148176.0
CAND-03875,2024-12-06,2025-01-05,0,851516.0
CAND-03875,2024-12-06,2025-02-04,0,798480.0
CAND-03875,2024-12-06,2025-03-06,0,734080.0
CAND-03875,2024-12-06,2025-04-05,0,664726.0
CAND-03877,2024-12-22,2025-01-21,30,749755.0
CAND-03877,2024-12-22,2025-02-20,60,726541.0
CAND-03877,2024-12-22,2025-03-22,90,711809.0
CAND-03878,2024-11-06,2024-12-06,0,390188.0
CAND-03878,2024-11-06,2025-01-05,0,360327.0
CAND-03878,2024-11-06,2025-02-04,0,318521.0
CAND-03878,2024-11-06,2025-03-06,30,309812.0
CAND-03878,2024-11-06,2025-04-05,60,301614.0
CAND-03878,2024-11-06,2025-05-05,90,291418.0
CAND-03879,2025-01-12,2025-02-11,0,382519.0
CAND-03879,2025-01-12,2025-03-13,0,356904.0
CAND-03879,2025-01-12,2025-04-12,0,325378.0
CAND-03880,2024-10-28,2024-11-27,0,513469.0
CAND-03880,2024-10-28,2024-12-27,0,481488.0
CAND-03880,2024-10-28,2025-01-26,0,436182.0
CAND-03881,2024-11-25,2024-12-25,0,580936.0
CAND-03881,2024-11-25,2025-01-24,0,524061.0
CAND-03881,2024-11-25,2025-02-23,0,489304.0
CAND-03881,2024-11-25,2025-03-25,0,447596.0
CAND-03882,2025-01-27,2025-02-26,0,931644.0
CAND-03882,2025-01-27,2025-03-28,0,854466.0
CAND-03882,2025-01-27,2025-04-27,0,754136.0
CAND-03882,2025-01-27,2025-05-27,0,695117.0
CAND-03882,2025-01-27,2025-06-26,0,636099.0
CAND-03882,2025-01-27,2025-07-26,0,544889.0
CAND-03883,2024-10-31,2024-11-30,0,956016.0
CAND-03883,2024-10-31,2024-12-30,0,887379.0
CAND-03883,2024-10-31,2025-01-29,0,801583.0
CAND-03883,2024-10-31,2025-02-28,0,732946.0
CAND-03883,2024-10-31,2025-03-30,30,714227.0
CAND-03884,2024-11-24,2024-12-24,0,293820.0
CAND-03884,2024-11-24,2025-01-23,0,269806.0
CAND-03884,2024-11-24,2025-02-22,0,247507.0
CAND-03885,2024-10-24,2024-11-23,30,288898.0
CAND-03885,2024-10-24,2024-12-23,60,283210.0
CAND-03885,2024-10-24,2025-01-22,90,277733.0
CAND-03886,2025-01-01,2025-01-31,0,544858.0
CAND-03886,2025-01-01,2025-03-02,0,491198.0
CAND-03886,2025-01-01,2025-04-01,0,445793.0
CAND-03886,2025-01-01,2025-05-01,0,403631.0
CAND-03887,2025-01-23,2025-02-22,0,394042.0
CAND-03887,2025-01-23,2025-03-24,0,367773.0
CAND-03887,2025-01-23,2025-04-23,0,332747.0
CAND-03887,2025-01-23,2025-05-23,30,319189.0
CAND-03887,2025-01-23,2025-06-22,0,289166.0
CAND-03887,2025-01-23,2025-07-22,0,254140.0
CAND-03888,2024-11-02,2024-12-02,0,363114.0
CAND-03888,2024-11-02,2025-01-01,0,337898.0
CAND-03888,2024-11-02,2025-01-31,0,315483.0
CAND-03888,2024-11-02,2025-03-02,0,278805.0
CAND-03889,2024-11-12,2024-12-12,0,774105.0
CAND-03889,2024-11-12,2025-01-11,0,716764.0
CAND-03889,2024-11-12,2025-02-10,0,659423.0
CAND-03889,2024-11-12,2025-03-12,0,608828.0
CAND-03889,2024-11-12,2025-04-11,30,590909.0
CAND-03890,2024-11-26,2024-12-26,30,680290.0
CAND-03890,2024-11-26,2025-01-25,0,634048.0
CAND-03890,2024-11-26,2025-02-24,30,620961.0
CAND-03890,2024-11-26,2025-03-26,60,607873.0
CAND-03891,2025-01-01,2025-01-31,0,1186380.0
CAND-03891,2025-01-01,2025-03-02,30,1162679.0
CAND-03891,2025-01-01,2025-04-01,0,1057998.0
CAND-03891,2025-01-01,2025-05-01,0,988211.0
CAND-03891,2025-01-01,2025-05-31,0,891583.0
CAND-03891,2025-01-01,2025-06-30,0,786902.0
CAND-03892,2024-12-19,2025-01-18,0,1159084.0
CAND-03892,2024-12-19,2025-02-17,0,1056457.0
CAND-03892,2024-12-19,2025-03-19,0,984014.0
CAND-03892,2024-12-19,2025-04-18,0,872057.0
CAND-03892,2024-12-19,2025-05-18,0,748905.0
CAND-03893,2024-10-15,2024-11-14,0,1493290.0
CAND-03893,2024-10-15,2024-12-14,0,1399594.0
CAND-03893,2024-10-15,2025-01-13,0,1311102.0
CAND-03893,2024-10-15,2025-02-12,0,1204913.0
CAND-03894,2024-10-26,2024-11-25,0,245512.0
CAND-03894,2024-10-26,2024-12-25,0,224738.0
CAND-03894,2024-10-26,2025-01-24,0,206734.0
CAND-03895,2024-10-19,2024-11-18,30,446113.0
CAND-03895,2024-10-19,2024-12-18,0,408052.0
CAND-03895,2024-10-19,2025-01-17,0,381185.0
CAND-03895,2024-10-19,2025-02-16,0,339664.0
CAND-03895,2024-10-19,2025-03-18,0,307040.0
CAND-03896,2024-12-10,2025-01-09,0,862840.0
CAND-03896,2024-12-10,2025-02-08,30,841447.0
CAND-03896,2024-12-10,2025-03-10,0,782617.0
CAND-03896,2024-12-10,2025-04-09,0,715383.0
CAND-03897,2024-11-15,2024-12-15,0,556767.0
CAND-03897,2024-11-15,2025-01-14,0,516275.0
CAND-03897,2024-11-15,2025-02-13,0,478313.0
CAND-03898,2024-10-12,2024-11-11,0,1015955.0
CAND-03898,2024-10-12,2024-12-11,0,907586.0
CAND-03898,2024-10-12,2025-01-10,0,817279.0
CAND-03898,2024-10-12,2025-02-09,0,726972.0
CAND-03899,2024-11-27,2024-12-27,30,344162.0
CAND-03899,2024-11-27,2025-01-26,60,333862.0
CAND-03899,2024-11-27,2025-02-25,90,322918.0
CAND-03899,2024-11-27,2025-03-27,120,311622.0
CAND-03900,2024-12-17,2025-01-16,0,267112.0
CAND-03900,2024-12-17,2025-02-15,0,248258.0
CAND-03900,2024-12-17,2025-03-17,0,228056.0
CAND-03900,2024-12-17,2025-04-16,0,199773.0
CAND-03900,2024-12-17,2025-05-16,0,180918.0
CAND-03901,2024-11-02,2024-12-02,0,417516.0
CAND-03901,2024-11-02,2025-01-01,0,385705.0
CAND-03901,2024-11-02,2025-01-31,0,359508.0
CAND-03901,2024-11-02,2025-03-02,0,314973.0
CAND-03902,2025-01-14,2025-02-13,0,466659.0
CAND-03902,2025-01-14,2025-03-15,0,424993.0
CAND-03902,2025-01-14,2025-04-14,0,397216.0
CAND-03902,2025-01-14,2025-05-14,0,347217.0
CAND-03902,2025-01-14,2025-06-13,0,313884.0
CAND-03902,2025-01-14,2025-07-13,0,284473.0
CAND-03903,2024-12-26,2025-01-25,30,580732.0
CAND-03903,2024-12-26,2025-02-24,60,566989.0
CAND-03903,2024-12-26,2025-03-26,90,555626.0
CAND-03904,2024-10-26,2024-11-25,30,499988.0
CAND-03904,2024-10-26,2024-12-25,60,490847.0
CAND-03904,2024-10-26,2025-01-24,90,479213.0
CAND-03905,2025-01-04,2025-02-03,0,975920.0
CAND-03905,2025-01-04,2025-03-05,0,892508.0
CAND-03905,2025-01-04,2025-04-04,30,856362.0
CAND-03905,2025-01-04,2025-05-04,60,829915.0
CAND-03905,2025-01-04,2025-06-03,90,797055.0
CAND-03905,2025-01-04,2025-07-03,118,776596.0
CAND-03906,2024-11-04,2024-12-04,0,921525.0
CAND-03906,2024-11-04,2025-01-03,0,866063.0
CAND-03906,2024-11-04,2025-02-02,0,807338.0
CAND-03906,2024-11-04,2025-03-04,0,736030.0
CAND-03906,2024-11-04,2025-04-03,0,673635.0
CAND-03907,2024-10-27,2024-11-26,0,325977.0
CAND-03907,2024-10-27,2024-12-26,30,319458.0
CAND-03907,2024-10-27,2025-01-25,60,311663.0
CAND-03907,2024-10-27,2025-02-24,90,304033.0
CAND-03907,2024-10-27,2025-03-26,110,297851.0
CAND-03908,2025-01-24,2025-02-23,0,685702.0
CAND-03908,2025-01-24,2025-03-25,0,625199.0
CAND-03908,2025-01-24,2025-04-24,0,569350.0
CAND-03908,2025-01-24,2025-05-24,0,496746.0
CAND-03908,2025-01-24,2025-06-23,0,424142.0
CAND-03909,2024-12-04,2025-01-03,0,729993.0
CAND-03909,2024-12-04,2025-02-02,0,683985.0
CAND-03909,2024-12-04,2025-03-04,0,623820.0
CAND-03909,2024-12-04,2025-04-03,0,571678.0
CAND-03910,2024-11-18,2024-12-18,0,511498.0
CAND-03910,2024-11-18,2025-01-17,30,497002.0
CAND-03910,2024-11-18,2025-02-16,0,451098.0
CAND-03910,2024-11-18,2025-03-18,0,418696.0
CAND-03910,2024-11-18,2025-04-17,0,384268.0
CAND-03910,2024-11-18,2025-05-17,0,347545.0
CAND-03911,2024-11-28,2024-12-28,0,363581.0
CAND-03911,2024-11-28,2025-01-27,0,337611.0
CAND-03911,2024-11-28,2025-02-26,0,307645.0
CAND-03911,2024-11-28,2025-03-28,0,283298.0
CAND-03912,2025-01-18,2025-02-17,30,276641.0
CAND-03912,2025-01-18,2025-03-19,60,271592.0
CAND-03912,2025-01-18,2025-04-18,90,265015.0
CAND-03912,2025-01-18,2025-05-18,98,260054.0
CAND-03912,2025-01-18,2025-06-17,98,252411.0
CAND-03912,2025-01-18,2025-07-17,98,246127.0
CAND-03913,2024-11-22,2024-12-22,0,969137.0
CAND-03913,2024-11-22,2025-01-21,30,951134.0
CAND-03913,2024-11-22,2025-02-20,0,877838.0
CAND-03913,2024-11-22,2025-03-22,0,784552.0
CAND-03913,2024-11-22,2025-04-21,0,716143.0
CAND-03913,2024-11-22,2025-05-21,0,647733.0
CAND-03914,2024-11-10,2024-12-10,0,532034.0
CAND-03914,2024-11-10,2025-01-09,0,497608.0
CAND-03914,2024-11-10,2025-02-08,0,463182.0
CAND-03915,2024-12-30,2025-01-29,0,744001.0
CAND-03915,2024-12-30,2025-02-28,0,698910.0
CAND-03915,2024-12-30,2025-03-30,30,676364.0
CAND-03915,2024-12-30,2025-04-29,0,618390.0
CAND-03916,2024-12-23,2025-01-22,0,710335.0
CAND-03916,2024-12-23,2025-02-21,0,633837.0
CAND-03916,2024-12-23,2025-03-23,0,588839.0
CAND-03916,2024-12-23,2025-04-22,0,525091.0
CAND-03917,2024-11-04,2024-12-04,0,632867.0
CAND-03917,2024-11-04,2025-01-03,0,571224.0
CAND-03917,2024-11-04,2025-02-02,0,526019.0
CAND-03917,2024-11-04,2025-03-04,0,469513.0
CAND-03917,2024-11-04,2025-04-03,0,429627.0
CAND-03917,2024-11-04,2025-05-03,0,389740.0
CAND-03918,2024-10-26,2024-11-25,0,259144.0
CAND-03918,2024-10-26,2024-12-25,0,241701.0
CAND-03918,2024-10-26,2025-01-24,0,213794.0
CAND-03918,2024-10-26,2025-02-23,0,185886.0
CAND-03919,2024-11-19,2024-12-19,0,973471.0
CAND-03919,2024-11-19,2025-01-18,0,875140.0
CAND-03919,2024-11-19,2025-02-17,0,803031.0
CAND-03920,2025-01-01,2025-01-31,0,374195.0
CAND-03920,2025-01-01,2025-03-02,0,345240.0
CAND-03920,2025-01-01,2025-04-01,0,304702.0
CAND-03920,2025-01-01,2025-05-01,0,279366.0
CAND-03921,2024-11-01,2024-12-01,30,466650.0
CAND-03921,2024-11-01,2024-12-31,60,455576.0
CAND-03921,2024-11-01,2025-01-30,30,445444.0
CAND-03921,2024-11-01,2025-03-01,60,437374.0
CAND-03922,2024-11-19,2024-12-19,0,522566.0
CAND-03922,2024-11-19,2025-01-18,30,511947.0
CAND-03922,2024-11-19,2025-02-17,60,501715.0
CAND-03922,2024-11-19,2025-03-19,90,491294.0
CAND-03923,2024-12-29,2025-01-28,30,804785.0
CAND-03923,2024-12-29,2025-02-27,60,780589.0
CAND-03923,2024-12-29,2025-03-29,90,759495.0
CAND-03923,2024-12-29,2025-04-28,110,737260.0
CAND-03924,2024-12-21,2025-01-20,0,583098.0
CAND-03924,2024-12-21,2025-02-19,0,537283.0
CAND-03924,2024-12-21,2025-03-21,0,499553.0
CAND-03924,2024-12-21,2025-04-20,0,453739.0
CAND-03924,2024-12-21,2025-05-20,0,400288.0
CAND-03924,2024-12-21,2025-06-19,0,336147.0
CAND-03925,2025-01-12,2025-02-11,0,212872.0
CAND-03925,2025-01-12,2025-03-13,0,197498.0
CAND-03925,2025-01-12,2025-04-12,0,183932.0
CAND-03926,2024-11-22,2024-12-22,0,1059347.0
CAND-03926,2024-11-22,2025-01-21,0,968804.0
CAND-03926,2024-11-22,2025-02-20,0,890334.0
CAND-03926,2024-11-22,2025-03-22,0,811864.0
CAND-03927,2025-01-21,2025-02-20,0,537018.0
CAND-03927,2025-01-21,2025-03-22,0,501057.0
CAND-03927,2025-01-21,2025-04-21,0,443519.0
CAND-03927,2025-01-21,2025-05-21,30,432864.0
CAND-03927,2025-01-21,2025-06-20,0,388604.0
CAND-03927,2025-01-21,2025-07-20,30,374220.0
CAND-03928,2024-10-18,2024-11-17,0,366204.0
CAND-03928,2024-10-18,2024-12-17,0,333144.0
CAND-03928,2024-10-18,2025-01-16,0,304807.0
CAND-03928,2024-10-18,2025-02-15,30,295581.0
CAND-03928,2024-10-18,2025-03-17,0,259515.0
CAND-03928,2024-10-18,2025-04-16,0,236179.0
CAND-03929,2024-11-17,2024-12-17,0,753373.0
CAND-03929,2024-11-17,2025-01-16,0,699285.0
CAND-03929,2024-11-17,2025-02-15,30,679968.0
CAND-03929,2024-11-17,2025-03-17,0,634894.0
CAND-03929,2024-11-17,2025-04-16,30,618668.0
CAND-03929,2024-11-17,2025-05-16,0,573594.0
CAND-03930,2024-11-06,2024-12-06,0,579723.0
CAND-03930,2024-11-06,2025-01-05,30,567831.0
CAND-03930,2024-11-06,2025-02-04,0,526606.0
CAND-03930,2024-11-06,2025-03-06,30,514481.0
CAND-03930,2024-11-06,2025-04-05,0,462950.0
CAND-03931,2025-01-10,2025-02-09,0,399928.0
CAND-03931,2025-01-10,2025-03-11,0,369577.0
CAND-03931,2025-01-10,2025-04-10,0,330947.0
CAND-03931,2025-01-10,2025-05-10,0,300596.0
CAND-03932,2024-10-29,2024-11-28,0,579146.0
CAND-03932,2024-10-29,2024-12-28,0,529647.0
CAND-03932,2024-10-29,2025-01-27,0,486747.0
CAND-03932,2024-10-29,2025-02-26,30,474606.0
CAND-03933,2025-01-17,2025-02-16,0,449359.0
CAND-03933,2025-01-17,2025-03-18,0,419114.0
CAND-03933,2025-01-17,2025-04-17,0,388868.0
CAND-03933,2025-01-17,2025-05-17,0,340476.0
CAND-03934,2024-12-18,2025-01-17,0,402128.0
CAND-03934,2024-12-18,2025-02-16,0,378298.0
CAND-03934,2024-12-18,2025-03-18,0,347659.0
CAND-03934,2024-12-18,2025-04-17,0,320851.0
CAND-03935,2024-11-22,2024-12-22,0,1064436.0
CAND-03935,2024-11-22,2025-01-21,0,988742.0
CAND-03935,2024-11-22,2025-02-20,0,921954.0
CAND-03935,2024-11-22,2025-03-22,0,827338.0
CAND-03935,2024-11-22,2025-04-21,0,732721.0
CAND-03936,2024-12-23,2025-01-22,0,260184.0
CAND-03936,2024-12-23,2025-02-21,0,238168.0
CAND-03936,2024-12-23,2025-03-23,0,212150.0
CAND-03937,2024-12-15,2025-01-14,0,472361.0
CAND-03937,2024-12-15,2025-02-13,0,433603.0
CAND-03937,2024-12-15,2025-03-15,0,387799.0
CAND-03937,2024-12-15,2025-04-14,0,359807.0
CAND-03938,2024-11-21,2024-12-21,0,864946.0
CAND-03938,2024-11-21,2025-01-20,0,811074.0
CAND-03938,2024-11-21,2025-02-19,0,727817.0
CAND-03938,2024-11-21,2025-03-21,0,657369.0
CAND-03939,2024-12-20,2025-01-19,0,342643.0
CAND-03939,2024-12-20,2025-02-18,0,318168.0
CAND-03939,2024-12-20,2025-03-20,0,296573.0
CAND-03939,2024-12-20,2025-04-19,0,265980.0
CAND-03939,2024-12-20,2025-05-19,30,259181.0
CAND-03940,2024-10-18,2024-11-17,0,650000.0
CAND-03940,2024-10-18,2024-12-17,0,596154.0
CAND-03940,2024-10-18,2025-01-16,30,576709.0
CAND-03941,2024-10-26,2024-11-25,0,748259.0
CAND-03941,2024-10-26,2024-12-25,30,732762.0
CAND-03941,2024-10-26,2025-01-24,60,713576.0
CAND-03942,2025-01-03,2025-02-02,30,338861.0
CAND-03942,2025-01-03,2025-03-04,0,319597.0
CAND-03942,2025-01-03,2025-04-03,30,309690.0
CAND-03943,2024-11-18,2024-12-18,0,284626.0
CAND-03943,2024-11-18,2025-01-17,30,278425.0
CAND-03943,2024-11-18,2025-02-16,0,260855.0
CAND-03943,2024-11-18,2025-03-18,0,236528.0
CAND-03944,2024-10-12,2024-11-11,0,726588.0
CAND-03944,2024-10-12,2024-12-11,0,674422.0
CAND-03944,2024-10-12,2025-01-10,0,618531.0
CAND-03944,2024-10-12,2025-02-09,0,558340.0
CAND-03945,2024-12-25,2025-01-24,0,1186234.0
CAND-03945,2024-12-25,2025-02-23,0,1107734.0
CAND-03945,2024-12-25,2025-03-25,0,1003066.0
CAND-03945,2024-12-25,2025-04-24,30,974520.0
CAND-03945,2024-12-25,2025-05-24,60,934004.0
CAND-03945,2024-12-25,2025-06-23,90,912348.0
CAND-03946,2025-01-04,2025-02-03,0,255452.0
CAND-03946,2025-01-04,2025-03-05,0,234399.0
CAND-03946,2025-01-04,2025-04-04,0,216152.0
CAND-03946,2025-01-04,2025-05-04,0,191270.0
CAND-03946,2025-01-04,2025-06-03,0,166389.0
CAND-03946,2025-01-04,2025-07-03,0,143580.0
CAND-03947,2024-12-14,2025-01-13,0,712835.0
CAND-03947,2024-12-14,2025-02-12,0,649719.0
CAND-03947,2024-12-14,2025-03-14,0,573981.0
CAND-03948,2024-12-14,2025-01-13,30,603083.0
CAND-03948,2024-12-14,2025-02-12,60,585773.0
CAND-03948,2024-12-14,2025-03-14,90,566888.0
CAND-03948,2024-12-14,2025-04-13,96,549083.0
CAND-03948,2024-12-14,2025-05-13,96,534919.0
CAND-03949,2024-12-02,2025-01-01,0,677739.0
CAND-03949,2024-12-02,2025-01-31,0,634550.0
CAND-03949,2024-12-02,2025-03-02,0,567803.0
CAND-03950,2025-01-22,2025-02-21,0,233488.0
CAND-03950,2025-01-22,2025-03-23,0,217568.0
CAND-03950,2025-01-22,2025-04-22,0,203417.0
CAND-03950,2025-01-22,2025-05-22,0,177946.0
CAND-03950,2025-01-22,2025-06-21,0,158353.0
CAND-03951,2024-12-08,2025-01-07,0,530155.0
CAND-03951,2024-12-08,2025-02-06,0,477139.0
CAND-03951,2024-12-08,2025-03-08,0,418822.0
CAND-03951,2024-12-08,2025-04-07,0,365807.0
CAND-03952,2024-11-14,2024-12-14,0,539057.0
CAND-03952,2024-11-14,2025-01-13,0,497803.0
CAND-03952,2024-11-14,2025-02-12,0,440046.0
CAND-03952,2024-11-14,2025-03-14,0,387541.0
CAND-03952,2024-11-14,2025-04-13,0,349037.0
CAND-03952,2024-11-14,2025-05-13,0,296531.0
CAND-03953,2024-11-18,2024-12-18,0,381651.0
CAND-03953,2024-11-18,2025-01-17,0,357798.0
CAND-03953,2024-11-18,2025-02-16,0,330764.0
CAND-03953,2024-11-18,2025-03-18,0,303730.0
CAND-03954,2024-12-15,2025-01-14,0,1234091.0
CAND-03954,2024-12-15,2025-02-13,30,1198367.0
CAND-03954,2024-12-15,2025-03-15,0,1074958.0
CAND-03954,2024-12-15,2025-04-14,0,999541.0
CAND-03954,2024-12-15,2025-05-14,0,909041.0
CAND-03954,2024-12-15,2025-06-13,0,833625.0
CAND-03956,2024-11-22,2024-12-22,0,460023.0
CAND-03956,2024-11-22,2025-01-21,0,415216.0
CAND-03956,2024-11-22,2025-02-20,0,386223.0
CAND-03956,2024-11-22,2025-03-22,0,351017.0
CAND-03956,2024-11-22,2025-04-21,0,306209.0
CAND-03957,2024-11-18,2024-12-18,0,481065.0
CAND-03957,2024-11-18,2025-01-17,30,469403.0
CAND-03957,2024-11-18,2025-02-16,0,426641.0
CAND-03957,2024-11-18,2025-03-18,0,392432.0
CAND-03957,2024-11-18,2025-04-17,0,360361.0
CAND-03957,2024-11-18,2025-05-17,30,350300.0
CAND-03958,2024-10-22,2024-11-21,30,765722.0
CAND-03958,2024-10-22,2024-12-21,0,705511.0
CAND-03958,2024-10-22,2025-01-20,0,649601.0
CAND-03958,2024-10-22,2025-02-19,0,584373.0
CAND-03958,2024-10-22,2025-03-21,0,540888.0
CAND-03958,2024-10-22,2025-04-20,0,488705.0
CAND-03959,2024-12-14,2025-01-13,0,985948.0
CAND-03959,2024-12-14,2025-02-12,0,879769.0
CAND-03959,2024-12-14,2025-03-14,0,820781.0
CAND-03959,2024-12-14,2025-04-13,30,785388.0
CAND-03960,2024-12-01,2024-12-31,0,435669.0
CAND-03960,2024-12-01,2025-01-30,30,422357.0
CAND-03960,2024-12-01,2025-03-01,0,374433.0
CAND-03960,2024-12-01,2025-03-31,0,346243.0
CAND-03960,2024-12-01,2025-04-30,0,318053.0
CAND-03961,2024-12-06,2025-01-05,0,527247.0
CAND-03961,2024-12-06,2025-02-04,0,493846.0
CAND-03961,2024-12-06,2025-03-06,0,446529.0
CAND-03961,2024-12-06,2025-04-05,0,405972.0
CAND-03961,2024-12-06,2025-05-05,0,372572.0
CAND-03962,2024-12-31,2025-01-30,0,1088775.0
CAND-03962,2024-12-31,2025-03-01,30,1053582.0
CAND-03962,2024-12-31,2025-03-31,0,937446.0
CAND-03962,2024-12-31,2025-04-30,0,821310.0
CAND-03962,2024-12-31,2025-05-30,0,752995.0
CAND-03962,2024-12-31,2025-06-29,0,647417.0
CAND-03963,2024-12-23,2025-01-22,0,279133.0
CAND-03963,2024-12-23,2025-02-21,0,248894.0
CAND-03963,2024-12-23,2025-03-23,0,225632.0
CAND-03963,2024-12-23,2025-04-22,0,208833.0
CAND-03964,2025-01-01,2025-01-31,30,735684.0
CAND-03964,2025-01-01,2025-03-02,60,715990.0
CAND-03964,2025-01-01,2025-04-01,90,701870.0
CAND-03964,2025-01-01,2025-05-01,109,681082.0
CAND-03964,2025-01-01,2025-05-31,109,663263.0
CAND-03964,2025-01-01,2025-06-30,109,647991.0
CAND-03965,2024-11-27,2024-12-27,30,553413.0
CAND-03965,2024-11-27,2025-01-26,60,543271.0
CAND-03965,2024-11-27,2025-02-25,90,531438.0
CAND-03965,2024-11-27,2025-03-27,90,521811.0
CAND-03965,2024-11-27,2025-04-26,90,505106.0
CAND-03966,2024-12-03,2025-01-02,0,248626.0
CAND-03966,2024-12-03,2025-02-01,0,226023.0
CAND-03966,2024-12-03,2025-03-03,0,205160.0
CAND-03966,2024-12-03,2025-04-02,0,190091.0
CAND-03967,2024-12-17,2025-01-16,0,241646.0
CAND-03967,2024-12-17,2025-02-15,0,226730.0
CAND-03967,2024-12-17,2025-03-17,0,210936.0
CAND-03967,2024-12-17,2025-04-16,0,195142.0
CAND-03967,2024-12-17,2025-05-16,0,175964.0
CAND-03967,2024-12-17,2025-06-15,0,160170.0
CAND-03968,2024-10-31,2024-11-30,0,1335995.0
CAND-03968,2024-10-31,2024-12-30,0,1217240.0
CAND-03968,2024-10-31,2025-01-29,0,1128173.0
CAND-03968,2024-10-31,2025-02-28,0,1039107.0
CAND-03968,2024-10-31,2025-03-30,0,920352.0
CAND-03969,2024-11-12,2024-12-12,0,243870.0
CAND-03969,2024-11-12,2025-01-11,0,223548.0
CAND-03969,2024-11-12,2025-02-10,0,203225.0
CAND-03970,2024-12-27,2025-01-26,0,1023786.0
CAND-03970,2024-12-27,2025-02-25,0,958931.0
CAND-03970,2024-12-27,2025-03-27,0,894076.0
CAND-03970,2024-12-27,2025-04-26,0,809265.0
CAND-03971,2025-01-24,2025-02-23,0,625651.0
CAND-03971,2025-01-24,2025-03-25,30,612912.0
CAND-03971,2025-01-24,2025-04-24,60,600172.0
CAND-03971,2025-01-24,2025-05-24,90,581770.0
CAND-03971,2025-01-24,2025-06-23,107,570148.0
CAND-03972,2024-12-18,2025-01-17,0,366856.0
CAND-03972,2024-12-18,2025-02-16,0,342495.0
CAND-03972,2024-12-18,2025-03-18,0,316509.0
CAND-03972,2024-12-18,2025-04-17,0,288667.0
CAND-03972,2024-12-18,2025-05-17,0,264306.0
CAND-03973,2024-11-10,2024-12-10,0,221288.0
CAND-03973,2024-11-10,2025-01-09,0,206469.0
CAND-03973,2024-11-10,2025-02-08,0,190663.0
CAND-03974,2024-12-29,2025-01-28,0,1747990.0
CAND-03974,2024-12-29,2025-02-27,0,1614810.0
CAND-03974,2024-12-29,2025-03-29,0,1481630.0
CAND-03975,2024-12-25,2025-01-24,0,162419.0
CAND-03975,2024-12-25,2025-02-23,0,152865.0
CAND-03975,2024-12-25,2025-03-25,0,135668.0
CAND-03976,2024-10-24,2024-11-23,30,529993.0
CAND-03976,2024-10-24,2024-12-23,60,519389.0
CAND-03976,2024-10-24,2025-01-22,90,503937.0
CAND-03977,2024-12-30,2025-01-29,0,405896.0
CAND-03977,2024-12-30,2025-02-28,0,380615.0
CAND-03977,2024-12-30,2025-03-30,0,353754.0
CAND-03978,2024-10-26,2024-11-25,0,624704.0
CAND-03978,2024-10-26,2024-12-25,0,582110.0
CAND-03978,2024-10-26,2025-01-24,0,520156.0
CAND-03978,2024-10-26,2025-02-23,0,467734.0
CAND-03978,2024-10-26,2025-03-25,0,427646.0
CAND-03978,2024-10-26,2025-04-24,0,365691.0
CAND-03979,2024-11-26,2024-12-26,0,646947.0
CAND-03979,2024-11-26,2025-01-25,0,583933.0
CAND-03979,2024-11-26,2025-02-24,0,514617.0
CAND-03979,2024-11-26,2025-03-26,0,461297.0
CAND-03979,2024-11-26,2025-04-25,30,445544.0
CAND-03979,2024-11-26,2025-05-25,0,392224.0
CAND-03980,2024-12-20,2025-01-19,30,402880.0
CAND-03980,2024-12-20,2025-02-18,0,373539.0
CAND-03980,2024-12-20,2025-03-20,0,344198.0
CAND-03980,2024-12-20,2025-04-19,0,321376.0
CAND-03980,2024-12-20,2025-05-19,0,289778.0
CAND-03981,2024-11-18,2024-12-18,0,861674.0
CAND-03981,2024-11-18,2025-01-17,0,796279.0
CAND-03981,2024-11-18,2025-02-16,0,735244.0
CAND-03981,2024-11-18,2025-03-18,0,681390.0
CAND-03981,2024-11-18,2025-04-17,0,598160.0
CAND-03981,2024-11-18,2025-05-17,0,532765.0
CAND-03982,2025-01-09,2025-02-08,0,339353.0
CAND-03982,2025-01-09,2025-03-10,0,306130.0
CAND-03982,2025-01-09,2025-04-09,0,278017.0
CAND-03982,2025-01-09,2025-05-09,0,247563.0
CAND-03982,2025-01-09,2025-06-08,0,226065.0
CAND-03982,2025-01-09,2025-07-08,0,205762.0
CAND-03983,2024-10-12,2024-11-11,0,608261.0
CAND-03983,2024-10-12,2024-12-11,0,557218.0
CAND-03983,2024-10-12,2025-01-10,0,490862.0
CAND-03984,2025-01-15,2025-02-14,30,659704.0
CAND-03984,2025-01-15,2025-03-16,60,647266.0
CAND-03984,2025-01-15,2025-04-15,90,628074.0
CAND-03984,2025-01-15,2025-05-15,60,616079.0
CAND-03984,2025-01-15,2025-06-14,90,602909.0
CAND-03985,2024-11-24,2024-12-24,0,397824.0
CAND-03985,2024-11-24,2025-01-23,30,387563.0
CAND-03985,2024-11-24,2025-02-22,0,358831.0
CAND-03986,2024-11-17,2024-12-17,0,365525.0
CAND-03986,2024-11-17,2025-01-16,0,341156.0
CAND-03986,2024-11-17,2025-02-15,0,319496.0
CAND-03987,22-11-2024,2024-12-22,0,290122.0
CAND-03987,22-11-2024,2025-01-21,30,283574.0
CAND-03987,22-11-2024,2025-02-20,60,276887.0
CAND-03987,22-11-2024,2025-03-22,30,271468.0
CAND-03987,22-11-2024,2025-04-21,60,264484.0
CAND-03988,2024-11-02,2024-12-02,0,1490716.0
CAND-03988,2024-11-02,2025-01-01,0,1390379.0
CAND-03988,2024-11-02,2025-01-31,0,1283353.0
CAND-03988,2024-11-02,2025-03-02,0,1137409.0
CAND-03989,2024-11-26,2024-12-26,30,824833.0
CAND-03989,2024-11-26,2025-01-25,0,768722.0
CAND-03989,2024-11-26,2025-02-24,0,716117.0
CAND-03989,2024-11-26,2025-03-26,0,645979.0
CAND-03989,2024-11-26,2025-04-25,0,569464.0
CAND-03990,2024-12-01,2024-12-31,0,1047903.0
CAND-03990,2024-12-01,2025-01-30,0,934380.0
CAND-03990,2024-12-01,2025-03-01,0,867602.0
CAND-03990,2024-12-01,2025-03-31,0,764399.0
CAND-03990,2024-12-01,2025-04-30,0,688717.0
CAND-03991,2024-10-31,2024-11-30,0,625648.0
CAND-03991,2024-10-31,2024-12-30,0,564708.0
CAND-03991,2024-10-31,2025-01-29,0,497674.0
CAND-03992,2024-10-20,2024-11-19,0,1000614.0
CAND-03992,2024-10-20,2024-12-19,30,967766.0
CAND-03992,2024-10-20,2025-01-18,0,900016.0
CAND-03992,2024-10-20,2025-02-17,0,827749.0
CAND-03992,2024-10-20,2025-03-19,0,755483.0
CAND-03992,2024-10-20,2025-04-18,0,647083.0
CAND-03993,2024-12-26,2025-01-25,30,3785670.0
CAND-03993,2024-12-26,2025-02-24,0,3544031.0
CAND-03993,2024-12-26,2025-03-26,0,3302393.0
CAND-03993,2024-12-26,2025-04-25,0,2950919.0
CAND-03993,2024-12-26,2025-05-25,0,2599444.0
CAND-03994,2024-11-23,2024-12-23,0,548395.0
CAND-03994,2024-11-23,2025-01-22,0,512910.0
CAND-03994,2024-11-23,2025-02-21,0,472695.0
CAND-03994,2024-11-23,2025-03-23,0,437210.0
CAND-03994,2024-11-23,2025-04-22,0,394122.0
CAND-03995,2024-11-15,2024-12-15,0,353958.0
CAND-03995,2024-11-15,2025-01-14,30,345672.0
CAND-03995,2024-11-15,2025-02-13,60,338198.0
CAND-03995,2024-11-15,2025-03-15,90,329727.0
CAND-03995,2024-11-15,2025-04-14,60,320862.0
CAND-03996,2024-12-08,2025-01-07,0,1064590.0
CAND-03996,2024-12-08,2025-02-06,0,949260.0
CAND-03996,2024-12-08,2025-03-08,0,853151.0
CAND-03997,2024-12-08,2025-01-07,0,1071774.0
CAND-03997,2024-12-08,2025-02-06,0,952688.0
CAND-03997,2024-12-08,2025-03-08,0,844428.0
CAND-03997,2024-12-08,2025-04-07,30,814656.0
CAND-03998,2024-10-05,2024-11-04,0,667540.0
CAND-03998,2024-10-05,2024-12-04,0,618991.0
CAND-03998,2024-10-05,2025-01-03,0,552789.0
CAND-03998,2024-10-05,2025-02-02,0,507275.0
CAND-03999,2024-11-15,2024-12-15,0,1126666.0
CAND-03999,2024-11-15,2025-01-14,0,1040825.0
CAND-03999,2024-11-15,2025-02-13,0,974059.0
CAND-03999,2024-11-15,2025-03-15,0,881615.0
CAND-03999,2024-11-15,2025-04-14,0,772362.0
CAND-03999,2024-11-15,2025-05-14,0,679918.0
CAND-04000,2024-12-24,2025-01-23,0,1083256.0
CAND-04000,2024-12-24,2025-02-22,0,977203.0
CAND-04000,2024-12-24,2025-03-24,30,950073.0
CAND-04000,2024-12-24,2025-04-23,0,881450.0
CAND-PH0001,2024-07-16,2024-08-15,0,345264.0
CAND-PH0001,2024-07-16,2024-09-14,0,307285.0
CAND-PH0001,2024-07-16,2024-10-14,0,269306.0
CAND-PH0001,2024-07-16,2024-11-13,30,262524.0
CAND-PH0001,2024-07-16,2024-12-13,0,238787.0
CAND-PH0001,2024-07-16,2025-01-12,0,215050.0
CAND-PH0002,2024-04-19,2024-05-19,0,330584.0
CAND-PH0002,2024-04-19,2024-06-18,0,308545.0
CAND-PH0002,2024-04-19,2024-07-18,0,287803.0
CAND-PH0002,2024-04-19,2024-08-17,0,262615.0
CAND-PH0002,2024-04-19,2024-09-16,30,250861.0
CAND-PH0002,2024-04-19,2024-10-16,60,242046.0
CAND-PH0003,2024-05-01,2024-05-31,0,717903.0
CAND-PH0003,2024-05-01,2024-06-30,0,659228.0
CAND-PH0003,2024-05-01,2024-07-30,0,614359.0
CAND-PH0003,2024-05-01,2024-08-29,0,538082.0
CAND-PH0004,2024-08-10,2024-09-09,0,567350.0
CAND-PH0004,2024-08-10,2024-10-09,0,529805.0
CAND-PH0004,2024-08-10,2024-11-08,0,496432.0
CAND-PH0004,2024-08-10,2024-12-08,0,456383.0
CAND-PH0005,2025-01-12,2025-02-11,0,866266.0
CAND-PH0005,2025-01-12,2025-03-13,0,813765.0
CAND-PH0005,2025-01-12,2025-04-12,0,719263.0
CAND-PH0005,2025-01-12,2025-05-12,30,696214.0
CAND-PH0005,2025-01-12,2025-06-11,0,640625.0
CAND-PH0006,2024-07-02,2024-08-01,0,233090.0
CAND-PH0006,2024-07-02,2024-08-31,0,218522.0
CAND-PH0006,2024-07-02,2024-09-30,0,203954.0
CAND-PH0007,2024-10-06,2024-11-05,0,359774.0
CAND-PH0007,2024-10-06,2024-12-05,0,333390.0
CAND-PH0007,2024-10-06,2025-01-04,0,310111.0
CAND-PH0007,2024-10-06,2025-02-03,0,285376.0
CAND-PH0007,2024-10-06,2025-03-05,0,254934.0
CAND-PH0008,2024-12-19,2025-01-18,0,478503.0
CAND-PH0008,2024-12-19,2025-02-17,0,438628.0
CAND-PH0008,2024-12-19,2025-03-19,0,406229.0
CAND-PH0008,2024-12-19,2025-04-18,0,377430.0
CAND-PH0009,2024-07-18,2024-08-17,0,309893.0
CAND-PH0009,2024-07-18,2024-09-16,0,284068.0
CAND-PH0009,2024-07-18,2024-10-16,0,265417.0
CAND-PH0009,2024-07-18,2024-11-15,0,234898.0
CAND-PH0009,2024-07-18,2024-12-15,0,201326.0
CAND-PH0009,2024-07-18,2025-01-14,0,182675.0
CAND-PH0010,2024-05-16,2024-06-15,0,403051.0
CAND-PH0010,2024-05-16,2024-07-15,0,367224.0
CAND-PH0010,2024-05-16,2024-08-14,0,343340.0
CAND-PH0010,2024-05-16,2024-09-13,0,318050.0
CAND-PH0010,2024-05-16,2024-10-13,0,294166.0
CAND-PH0010,2024-05-16,2024-11-12,0,268876.0
CAND-PH0011,2024-05-28,2024-06-27,0,442366.0
CAND-PH0011,2024-05-28,2024-07-27,0,413743.0
CAND-PH0011,2024-05-28,2024-08-26,0,383330.0
CAND-PH0011,2024-05-28,2024-09-25,0,345899.0
CAND-PH0011,2024-05-28,2024-10-25,0,317275.0
CAND-PH0012,2024-02-24,2024-03-25,0,638966.0
CAND-PH0012,2024-02-24,2024-04-24,0,590641.0
CAND-PH0012,2024-02-24,2024-05-24,30,578559.0
CAND-PH0012,2024-02-24,2024-06-23,60,556008.0
CAND-PH0013,2024-02-15,2024-03-16,0,1469047.0
CAND-PH0013,2024-02-15,2024-04-15,0,1346627.0
CAND-PH0013,2024-02-15,2024-05-15,0,1247160.0
CAND-PH0013,2024-02-15,2024-06-14,0,1141062.0
CAND-PH0013,2024-02-15,2024-07-14,0,1041595.0
CAND-PH0014,2024-09-11,2024-10-11,0,885727.0
CAND-PH0014,2024-09-11,2024-11-10,0,828889.0
CAND-PH0014,2024-09-11,2024-12-10,0,775209.0
CAND-PH0014,2024-09-11,2025-01-09,0,714818.0
CAND-PH0014,2024-09-11,2025-02-08,0,654428.0
CAND-PH0015,2024-06-26,2024-07-26,0,318686.0
CAND-PH0015,2024-06-26,2024-08-25,0,289714.0
CAND-PH0015,2024-06-26,2024-09-24,0,270400.0
CAND-PH0016,2024-07-08,2024-08-07,0,192152.0
CAND-PH0016,2024-07-08,2024-09-06,0,177371.0
CAND-PH0016,2024-07-08,2024-10-06,0,165875.0
CAND-PH0017,2024-05-08,2024-06-07,0,414054.0
CAND-PH0017,2024-05-08,2024-07-07,0,375716.0
CAND-PH0017,2024-05-08,2024-08-06,0,350157.0
CAND-PH0017,2024-05-08,2024-09-05,0,308333.0
CAND-PH0017,2024-05-08,2024-10-05,0,266510.0
CAND-PH0017,2024-05-08,2024-11-04,0,237756.0
CAND-PH0018,2024-11-18,2024-12-18,0,518119.0
CAND-PH0018,2024-11-18,2025-01-17,0,481546.0
CAND-PH0018,2024-11-18,2025-02-16,0,442361.0
CAND-PH0018,2024-11-18,2025-03-18,0,392488.0
CAND-PH0018,2024-11-18,2025-04-17,0,337629.0
CAND-PH0019,2024-07-15,2024-08-14,0,120839.0
CAND-PH0019,2024-07-15,2024-09-13,0,107825.0
CAND-PH0019,2024-07-15,2024-10-13,0,100170.0
CAND-PH0019,2024-07-15,2024-11-12,0,90875.0
CAND-PH0019,2024-07-15,2024-12-12,0,80865.0
CAND-PH0020,2024-12-27,2025-01-26,0,175681.0
CAND-PH0020,2024-12-27,2025-02-25,0,163786.0
CAND-PH0020,2024-12-27,2025-03-27,0,151098.0
CAND-PH0021,2024-10-22,2024-11-21,0,787997.0
CAND-PH0021,2024-10-22,2024-12-21,0,710391.0
CAND-PH0021,2024-10-22,2025-01-20,0,644725.0
CAND-PH0022,2024-03-27,2024-04-26,0,536689.0
CAND-PH0022,2024-03-27,2024-05-26,0,501173.0
CAND-PH0022,2024-03-27,2024-06-25,30,484937.0
CAND-PH0022,2024-03-27,2024-07-25,0,433277.0
CAND-PH0022,2024-03-27,2024-08-24,0,392687.0
CAND-PH0022,2024-03-27,2024-09-23,0,345332.0
CAND-PH0023,2024-07-19,2024-08-18,0,171350.0
CAND-PH0023,2024-07-19,2024-09-17,0,153207.0
CAND-PH0023,2024-07-19,2024-10-17,0,138088.0
CAND-PH0023,2024-07-19,2024-11-16,0,125128.0
CAND-PH0023,2024-07-19,2024-12-16,30,119631.0
CAND-PH0023,2024-07-19,2025-01-15,60,116142.0
CAND-PH0024,2024-11-09,2024-12-09,0,422188.0
CAND-PH0024,2024-11-09,2025-01-08,0,376953.0
CAND-PH0024,2024-11-09,2025-02-07,30,366901.0
CAND-PH0024,2024-11-09,2025-03-09,0,321667.0
CAND-PH0024,2024-11-09,2025-04-08,30,311147.0
CAND-PH0025,2024-09-18,2024-10-18,0,1475489.0
CAND-PH0025,2024-09-18,2024-11-17,0,1373024.0
CAND-PH0025,2024-09-18,2024-12-17,0,1223985.0
CAND-PH0025,2024-09-18,2025-01-16,0,1114690.0
CAND-PH0025,2024-09-18,2025-02-15,0,950746.0
CAND-PH0026,2024-09-26,2024-10-26,0,472927.0
CAND-PH0026,2024-09-26,2024-11-25,0,434408.0
CAND-PH0026,2024-09-26,2024-12-25,30,421889.0
CAND-PH0026,2024-09-26,2025-01-24,60,406241.0
CAND-PH0026,2024-09-26,2025-02-23,90,394028.0
CAND-PH0026,2024-09-26,2025-03-25,98,379300.0
CAND-PH0027,2024-03-27,2024-04-26,0,706422.0
CAND-PH0027,2024-03-27,2024-05-26,0,662270.0
CAND-PH0027,2024-03-27,2024-06-25,0,594036.0
CAND-PH0028,2024-07-27,2024-08-26,0,631178.0
CAND-PH0028,2024-07-27,2024-09-25,0,592606.0
CAND-PH0028,2024-07-27,2024-10-25,0,523177.0
CAND-PH0028,2024-07-27,2024-11-24,0,465319.0
CAND-PH0029,2024-12-06,2025-01-05,0,596982.0
CAND-PH0029,2024-12-06,2025-02-04,0,557006.0
CAND-PH0029,2024-12-06,2025-03-06,0,503704.0
CAND-PH0029,2024-12-06,2025-04-05,0,466079.0
CAND-PH0029,2024-12-06,2025-05-05,0,428454.0
CAND-PH0029,2024-12-06,2025-06-04,0,390829.0
CAND-PH0030,2024-11-23,2024-12-23,30,513114.0
CAND-PH0030,2024-11-23,2025-01-22,60,502498.0
CAND-PH0030,2024-11-23,2025-02-21,90,493020.0
CAND-PH0030,2024-11-23,2025-03-23,113,482612.0
CAND-PH0031,2024-09-10,2024-10-10,0,874977.0
CAND-PH0031,2024-09-10,2024-11-09,0,800193.0
CAND-PH0031,2024-09-10,2024-12-09,0,730750.0
CAND-PH0031,2024-09-10,2025-01-08,0,661308.0
CAND-PH0031,2024-09-10,2025-02-07,30,642245.0
CAND-PH0031,2024-09-10,2025-03-09,0,585057.0
CAND-PH0032,2024-09-19,2024-10-19,0,943763.0
CAND-PH0032,2024-09-19,2024-11-18,0,866326.0
CAND-PH0032,2024-09-19,2024-12-18,0,799214.0
CAND-PH0032,2024-09-19,2025-01-17,0,732102.0
CAND-PH0032,2024-09-19,2025-02-16,0,640586.0
CAND-PH0033,2024-06-08,2024-07-08,0,684111.0
CAND-PH0033,2024-06-08,2024-08-07,0,641354.0
CAND-PH0033,2024-06-08,2024-09-06,0,575275.0
CAND-PH0033,2024-06-08,2024-10-06,0,502588.0
CAND-PH0034,2024-06-27,2024-07-27,0,249100.0
CAND-PH0034,2024-06-27,2024-08-26,0,226744.0
CAND-PH0034,2024-06-27,2024-09-25,0,207583.0
CAND-PH0034,2024-06-27,2024-10-25,0,189699.0
CAND-PH0034,2024-06-27,2024-11-24,0,173919.0
CAND-PH0035,2024-02-10,2024-03-11,0,787175.0
CAND-PH0035,2024-02-10,2024-04-10,0,710502.0
CAND-PH0035,2024-02-10,2024-05-10,0,640219.0
CAND-PH0035,2024-02-10,2024-06-09,0,583992.0
CAND-PH0035,2024-02-10,2024-07-09,0,537136.0
CAND-PH0035,2024-02-10,2024-08-08,0,484424.0
CAND-PH0036,2024-08-12,2024-09-11,0,314756.0
CAND-PH0036,2024-08-12,2024-10-11,0,286341.0
CAND-PH0036,2024-08-12,2024-11-10,0,252242.0
CAND-PH0037,2024-08-15,2024-09-14,0,378190.0
CAND-PH0037,2024-08-15,2024-10-14,0,348475.0
CAND-PH0037,2024-08-15,2024-11-13,0,322475.0
CAND-PH0037,2024-08-15,2024-12-13,0,290474.0
CAND-PH0037,2024-08-15,2025-01-12,30,281430.0
CAND-PH0038,2024-07-09,2024-08-08,0,843944.0
CAND-PH0038,2024-07-09,2024-09-07,30,821617.0
CAND-PH0038,2024-07-09,2024-10-07,60,790360.0
CAND-PH0038,2024-07-09,2024-11-06,90,759103.0
CAND-PH0038,2024-07-09,2024-12-06,90,739151.0
CAND-PH0038,2024-07-09,2025-01-05,90,722700.0
CAND-PH0039,2024-06-09,2024-07-09,0,2503699.0
CAND-PH0039,2024-06-09,2024-08-08,0,2238601.0
CAND-PH0039,2024-06-09,2024-09-07,0,2091325.0
CAND-PH0040,2024-07-31,2024-08-30,0,844587.0
CAND-PH0040,2024-07-31,2024-09-29,0,750744.0
CAND-PH0040,2024-07-31,2024-10-29,0,698609.0
CAND-PH0040,2024-07-31,2024-11-28,0,636047.0
CAND-PH0041,2024-11-12,2024-12-12,0,297021.0
CAND-PH0041,2024-11-12,2025-01-11,0,277131.0
CAND-PH0041,2024-11-12,2025-02-10,0,248201.0
CAND-PH0042,2024-11-07,2024-12-07,0,263488.0
CAND-PH0042,2024-11-07,2025-01-06,0,244166.0
CAND-PH0042,2024-11-07,2025-02-05,0,215182.0
CAND-PH0043,2024-08-30,2024-09-29,0,479729.0
CAND-PH0043,2024-08-30,2024-10-29,0,443447.0
CAND-PH0043,2024-08-30,2024-11-28,30,430080.0
CAND-PH0044,2024-09-03,2024-10-03,0,555241.0
CAND-PH0044,2024-09-03,2024-11-02,0,515378.0
CAND-PH0044,2024-09-03,2024-12-02,30,502090.0
CAND-PH0044,2024-09-03,2025-01-01,0,447731.0
CAND-PH0044,2024-09-03,2025-01-31,0,407867.0
CAND-PH0044,2024-09-03,2025-03-02,0,368004.0
CAND-PH0045,2024-06-26,2024-07-26,0,874382.0
CAND-PH0045,2024-06-26,2024-08-25,0,796659.0
CAND-PH0045,2024-06-26,2024-09-24,0,734481.0
CAND-PH0045,2024-06-26,2024-10-24,0,679618.0
CAND-PH0045,2024-06-26,2024-11-23,0,617439.0
CAND-PH0046,2024-07-11,2024-08-10,30,903365.0
CAND-PH0046,2024-07-11,2024-09-09,60,881417.0
CAND-PH0046,2024-07-11,2024-10-09,90,852611.0
CAND-PH0047,2024-11-21,2024-12-21,0,937748.0
CAND-PH0047,2024-11-21,2025-01-20,0,858400.0
CAND-PH0047,2024-11-21,2025-02-19,0,755248.0
CAND-PH0047,2024-11-21,2025-03-21,0,690778.0
CAND-PH0047,2024-11-21,2025-04-20,0,587625.0
CAND-PH0048,2024-05-06,2024-06-05,0,325039.0
CAND-PH0048,2024-05-06,2024-07-05,0,305340.0
CAND-PH0048,2024-05-06,2024-08-04,0,283178.0
CAND-PH0048,2024-05-06,2024-09-03,0,253629.0
CAND-PH0049,2024-03-08,2024-04-07,0,1104384.0
CAND-PH0049,2024-03-08,2024-05-07,0,983906.0
CAND-PH0049,2024-03-08,2024-06-06,0,903587.0
CAND-PH0049,2024-03-08,2024-07-06,30,878488.0
CAND-PH0049,2024-03-08,2024-08-05,60,858068.0
CAND-PH0049,2024-03-08,2024-09-04,90,817908.0
CAND-PH0050,2025-01-11,2025-02-10,0,384355.0
CAND-PH0050,2025-01-11,2025-03-12,0,350190.0
CAND-PH0050,2025-01-11,2025-04-11,0,316025.0
CAND-PH0050,2025-01-11,2025-05-11,0,293249.0
CAND-PH0050,2025-01-11,2025-06-10,0,267625.0
CAND-PH0051,2024-09-25,2024-10-25,30,699619.0
CAND-PH0051,2024-09-25,2024-11-24,60,684734.0
CAND-PH0051,2024-09-25,2024-12-24,90,668118.0
CAND-PH0051,2024-09-25,2025-01-23,100,651106.0
CAND-PH0051,2024-09-25,2025-02-22,100,632303.0
CAND-PH0052,2024-03-15,2024-04-14,0,576367.0
CAND-PH0052,2024-03-15,2024-05-14,30,560111.0
CAND-PH0052,2024-03-15,2024-06-13,60,546902.0
CAND-PH0052,2024-03-15,2024-07-13,90,527690.0
CAND-PH0052,2024-03-15,2024-08-12,116,513281.0
CAND-PH0053,2024-05-16,2024-06-15,0,729676.0
CAND-PH0053,2024-05-16,2024-07-15,0,662789.0
CAND-PH0053,2024-05-16,2024-08-14,0,609280.0
CAND-PH0053,2024-05-16,2024-09-13,0,564688.0
CAND-PH0053,2024-05-16,2024-10-13,0,484424.0
CAND-PH0054,2024-10-01,2024-10-31,0,587881.0
CAND-PH0054,2024-10-01,2024-11-30,0,541224.0
CAND-PH0054,2024-10-01,2024-12-30,30,520811.0
CAND-PH0054,2024-10-01,2025-01-29,0,470565.0
CAND-PH0055,2025-01-24,2025-02-23,0,432943.0
CAND-PH0055,2025-01-24,2025-03-25,0,390006.0
CAND-PH0055,2025-01-24,2025-04-24,0,342776.0
CAND-PH0055,2025-01-24,2025-05-24,0,316537.0
CAND-PH0056,2024-04-05,2024-05-05,0,251773.0
CAND-PH0056,2024-04-05,2024-06-04,0,225115.0
CAND-PH0056,2024-04-05,2024-07-04,0,210304.0
CAND-PH0056,2024-04-05,2024-08-03,30,202899.0
CAND-PH0056,2024-04-05,2024-09-02,0,187218.0
CAND-PH0057,2024-07-17,2024-08-16,0,215250.0
CAND-PH0057,2024-07-17,2024-09-15,0,197419.0
CAND-PH0057,2024-07-17,2024-10-15,0,179588.0
CAND-PH0057,2024-07-17,2024-11-14,0,165100.0
CAND-PH0058,2024-02-02,2024-03-03,0,146255.0
CAND-PH0058,2024-02-02,2024-04-02,0,136200.0
CAND-PH0058,2024-02-02,2024-05-02,0,121575.0
CAND-PH0058,2024-02-02,2024-06-01,0,105487.0
CAND-PH0059,2024-07-01,2024-07-31,0,433352.0
CAND-PH0059,2024-07-01,2024-08-30,0,396987.0
CAND-PH0059,2024-07-01,2024-09-29,0,354010.0
CAND-PH0059,2024-07-01,2024-10-29,0,320242.0
CAND-PH0060,2024-07-23,2024-08-22,0,1106032.0
CAND-PH0060,2024-07-23,2024-09-21,0,1040490.0
CAND-PH0060,2024-07-23,2024-10-21,0,971092.0
CAND-PH0060,2024-07-23,2024-11-20,0,905549.0
CAND-PH0060,2024-07-23,2024-12-20,0,826898.0
CAND-PH0060,2024-07-23,2025-01-19,0,748247.0
CAND-PH0061,2024-11-19,2024-12-19,0,717141.0
CAND-PH0061,2024-11-19,2025-01-18,0,671943.0
CAND-PH0061,2024-11-19,2025-02-17,0,629256.0
CAND-PH0061,2024-11-19,2025-03-19,0,584058.0
CAND-PH0062,2024-04-30,2024-05-30,0,492565.0
CAND-PH0062,2024-04-30,2024-06-29,30,477921.0
CAND-PH0062,2024-04-30,2024-07-29,60,467297.0
CAND-PH0062,2024-04-30,2024-08-28,90,453751.0
CAND-PH0062,2024-04-30,2024-09-27,106,437815.0
CAND-PH0063,2024-03-24,2024-04-23,0,680249.0
CAND-PH0063,2024-03-24,2024-05-23,0,638258.0
CAND-PH0063,2024-03-24,2024-06-22,30,622512.0
CAND-PH0063,2024-03-24,2024-07-22,0,568524.0
CAND-PH0063,2024-03-24,2024-08-21,0,524063.0
CAND-PH0064,2024-12-28,2025-01-27,0,483586.0
CAND-PH0064,2024-12-28,2025-02-26,0,447765.0
CAND-PH0064,2024-12-28,2025-03-28,0,402988.0
CAND-PH0065,2024-08-05,2024-09-04,30,485718.0
CAND-PH0065,2024-08-05,2024-10-04,60,476717.0
CAND-PH0065,2024-08-05,2024-11-03,90,467010.0
CAND-PH0065,2024-08-05,2024-12-03,107,455223.0
CAND-PH0065,2024-08-05,2025-01-02,107,443436.0
CAND-PH0065,2024-08-05,2025-02-01,107,434435.0
CAND-PH0066,2024-06-24,2024-07-24,30,1091197.0
CAND-PH0066,2024-06-24,2024-08-23,0,997128.0
CAND-PH0066,2024-06-24,2024-09-22,0,926576.0
CAND-PH0066,2024-06-24,2024-10-22,0,839744.0
CAND-PH0066,2024-06-24,2024-11-21,0,745675.0
CAND-PH0066,2024-06-24,2024-12-21,0,643055.0
CAND-PH0067,2024-10-02,2024-11-01,30,520020.0
CAND-PH0067,2024-10-02,2024-12-01,0,479278.0
CAND-PH0067,2024-10-02,2024-12-31,30,461623.0
CAND-PH0067,2024-10-02,2025-01-30,0,428520.0
CAND-PH0068,2024-08-11,2024-09-10,0,1990914.0
CAND-PH0068,2024-08-11,2024-10-10,30,1949146.0
CAND-PH0068,2024-08-11,2024-11-09,0,1804353.0
CAND-PH0069,2024-02-27,2024-03-28,0,982164.0
CAND-PH0069,2024-02-27,2024-04-27,0,901217.0
CAND-PH0069,2024-02-27,2024-05-27,30,874909.0
CAND-PH0069,2024-02-27,2024-06-26,0,809139.0
CAND-PH0070,2024-05-26,2024-06-25,0,1065998.0
CAND-PH0070,2024-05-26,2024-07-25,0,952292.0
CAND-PH0070,2024-05-26,2024-08-24,0,876488.0
CAND-PH0070,2024-05-26,2024-09-23,0,773118.0
CAND-PH0070,2024-05-26,2024-10-23,0,702051.0
CAND-PH0070,2024-05-26,2024-11-22,0,635165.0
CAND-PH0071,2024-09-20,2024-10-20,0,1106864.0
CAND-PH0071,2024-09-20,2024-11-19,0,1035835.0
CAND-PH0071,2024-09-20,2024-12-19,30,1009586.0
CAND-PH0071,2024-09-20,2025-01-18,60,987225.0
CAND-PH0071,2024-09-20,2025-02-17,90,954590.0
CAND-PH0071,2024-09-20,2025-03-19,112,924403.0
CAND-PH0072,2024-09-04,2024-10-04,0,422184.0
CAND-PH0072,2024-09-04,2024-11-03,0,395440.0
CAND-PH0072,2024-09-04,2024-12-03,0,354107.0
CAND-PH0072,2024-09-04,2025-01-02,0,323796.0
CAND-PH0072,2024-09-04,2025-02-01,0,285908.0
CAND-PH0073,2024-05-17,2024-06-16,0,494117.0
CAND-PH0073,2024-05-17,2024-07-16,0,449773.0
CAND-PH0073,2024-05-17,2024-08-15,0,405429.0
CAND-PH0073,2024-05-17,2024-09-14,0,374128.0
CAND-PH0073,2024-05-17,2024-10-14,0,320915.0
CAND-PH0073,2024-05-17,2024-11-13,0,285440.0
CAND-PH0074,2024-09-21,2024-10-21,0,179812.0
CAND-PH0074,2024-09-21,2024-11-20,0,167824.0
CAND-PH0074,2024-09-21,2024-12-20,30,163562.0
CAND-PH0074,2024-09-21,2025-01-19,0,147579.0
CAND-PH0075,2024-05-11,2024-06-10,0,299815.0
CAND-PH0075,2024-05-11,2024-07-10,0,270612.0
CAND-PH0075,2024-05-11,2024-08-09,0,250535.0
CAND-PH0075,2024-05-11,2024-09-08,0,229120.0
CAND-PH0075,2024-05-11,2024-10-08,30,221471.0
CAND-PH0076,2024-02-27,2024-03-28,0,261426.0
CAND-PH0076,2024-02-27,2024-04-27,0,242835.0
CAND-PH0076,2024-02-27,2024-05-27,0,226432.0
CAND-PH0076,2024-02-27,2024-06-26,0,203194.0
CAND-PH0076,2024-02-27,2024-07-26,0,186791.0
CAND-PH0076,2024-02-27,2024-08-25,0,161441.0
CAND-PH0077,2024-06-16,2024-07-16,0,298326.0
CAND-PH0077,2024-06-16,2024-08-15,0,276228.0
CAND-PH0077,2024-06-16,2024-09-14,0,252551.0
CAND-PH0077,2024-06-16,2024-10-14,0,224928.0
CAND-PH0077,2024-06-16,2024-11-13,30,216843.0
CAND-PH0078,2024-06-18,2024-07-18,0,2681684.0
CAND-PH0078,2024-06-18,2024-08-17,0,2497318.0
CAND-PH0078,2024-06-18,2024-09-16,0,2300661.0
CAND-PH0078,2024-06-18,2024-10-16,0,2005676.0
CAND-PH0078,2024-06-18,2024-11-15,0,1710691.0
CAND-PH0079,2024-04-01,2024-05-01,0,275947.0
CAND-PH0079,2024-04-01,2024-05-31,30,268735.0
CAND-PH0079,2024-04-01,2024-06-30,0,251344.0
CAND-PH0079,2024-04-01,2024-07-30,0,221778.0
CAND-PH0079,2024-04-01,2024-08-29,0,199035.0
CAND-PH0080,2024-05-16,2024-06-15,0,996622.0
CAND-PH0080,2024-05-16,2024-07-15,0,914848.0
CAND-PH0080,2024-05-16,2024-08-14,0,833074.0
CAND-PH0080,2024-05-16,2024-09-13,0,774015.0
CAND-PH0081,2024-07-23,2024-08-22,30,450405.0
CAND-PH0081,2024-07-23,2024-09-21,60,441733.0
CAND-PH0081,2024-07-23,2024-10-21,30,433809.0
CAND-PH0081,2024-07-23,2024-11-20,60,419882.0
CAND-PH0082,2024-03-30,2024-04-29,0,962741.0
CAND-PH0082,2024-03-30,2024-05-29,0,881278.0
CAND-PH0082,2024-03-30,2024-06-28,0,805634.0
CAND-PH0082,2024-03-30,2024-07-28,0,746800.0
CAND-PH0083,2024-07-01,2024-07-31,0,908701.0
CAND-PH0083,2024-07-01,2024-08-30,0,855248.0
CAND-PH0083,2024-07-01,2024-09-29,0,775068.0
CAND-PH0084,2024-05-01,2024-05-31,0,671983.0
CAND-PH0084,2024-05-01,2024-06-30,0,599985.0
CAND-PH0084,2024-05-01,2024-07-30,0,554986.0
CAND-PH0084,2024-05-01,2024-08-29,0,494988.0
CAND-PH0085,2024-04-15,2024-05-15,0,130651.0
CAND-PH0085,2024-04-15,2024-06-14,30,127507.0
CAND-PH0085,2024-04-15,2024-07-14,0,118284.0
CAND-PH0085,2024-04-15,2024-08-13,0,110147.0
CAND-PH0085,2024-04-15,2024-09-12,0,99506.0
CAND-PH0086,2024-12-30,2025-01-29,0,243930.0
CAND-PH0086,2024-12-30,2025-02-28,0,217504.0
CAND-PH0086,2024-12-30,2025-03-30,0,202823.0
CAND-PH0087,2024-11-13,2024-12-13,0,425989.0
CAND-PH0087,2024-11-13,2025-01-12,0,400633.0
CAND-PH0087,2024-11-13,2025-02-11,0,372107.0
CAND-PH0088,2024-12-13,2025-01-12,0,300685.0
CAND-PH0088,2024-12-13,2025-02-11,0,282696.0
CAND-PH0088,2024-12-13,2025-03-13,0,261108.0
CAND-PH0089,2024-03-18,2024-04-17,0,490998.0
CAND-PH0089,2024-03-18,2024-05-17,0,453588.0
CAND-PH0089,2024-03-18,2024-06-16,0,401215.0
CAND-PH0089,2024-03-18,2024-07-16,0,366300.0
CAND-PH0089,2024-03-18,2024-08-15,0,331385.0
CAND-PH0089,2024-03-18,2024-09-14,0,293975.0
CAND-PH0090,2024-09-26,2024-10-26,0,344264.0
CAND-PH0090,2024-09-26,2024-11-25,0,319548.0
CAND-PH0090,2024-09-26,2024-12-25,30,312927.0
CAND-PH0090,2024-09-26,2025-01-24,0,292330.0
CAND-PH0090,2024-09-26,2025-02-23,0,255256.0
CAND-PH0091,2024-08-07,2024-09-06,0,682231.0
CAND-PH0091,2024-08-07,2024-10-06,0,609460.0
CAND-PH0091,2024-08-07,2024-11-05,0,553482.0
CAND-PH0091,2024-08-07,2024-12-05,0,510675.0
CAND-PH0092,2024-10-30,2024-11-29,0,264178.0
CAND-PH0092,2024-10-30,2024-12-29,0,235358.0
CAND-PH0092,2024-10-30,2025-01-28,0,206539.0
CAND-PH0092,2024-10-30,2025-02-27,0,187326.0
CAND-PH0092,2024-10-30,2025-03-29,0,166741.0
CAND-PH0092,2024-10-30,2025-04-28,0,150730.0
CAND-PH0093,2024-02-07,2024-03-08,30,720995.0
CAND-PH0093,2024-02-07,2024-04-07,0,663685.0
CAND-PH0093,2024-02-07,2024-05-07,0,617121.0
CAND-PH0094,2024-02-02,2024-03-03,0,1129917.0
CAND-PH0094,2024-02-02,2024-04-02,0,1004370.0
CAND-PH0094,2024-02-02,2024-05-02,0,930520.0
CAND-PH0094,2024-02-02,2024-06-01,0,816387.0
CAND-PH0094,2024-02-02,2024-07-01,0,746639.0
CAND-PH0095,2024-09-08,2024-10-08,30,1032648.0
CAND-PH0095,2024-09-08,2024-11-07,0,973685.0
CAND-PH0095,2024-09-08,2024-12-07,0,885241.0
CAND-PH0095,2024-09-08,2025-01-06,0,822810.0
CAND-PH0096,2024-04-21,2024-05-21,0,303143.0
CAND-PH0096,2024-04-21,2024-06-20,0,282739.0
CAND-PH0096,2024-04-21,2024-07-20,0,255534.0
CAND-PH0096,2024-04-21,2024-08-19,0,230422.0
CAND-PH0097,2024-01-21,2024-02-20,0,715171.0
CAND-PH0097,2024-01-21,2024-03-21,0,656229.0
CAND-PH0097,2024-01-21,2024-04-20,0,605145.0
CAND-PH0097,2024-01-21,2024-05-20,0,560071.0
CAND-PH0098,2024-12-25,2025-01-24,0,756690.0
CAND-PH0098,2024-12-25,2025-02-23,0,682609.0
CAND-PH0098,2024-12-25,2025-03-25,30,663206.0
CAND-PH0098,2024-12-25,2025-04-24,0,600522.0
CAND-PH0098,2024-12-25,2025-05-24,30,585970.0
CAND-PH0098,2024-12-25,2025-06-23,60,562003.0
CAND-PH0099,2024-06-18,2024-07-18,0,888292.0
CAND-PH0099,2024-06-18,2024-08-17,0,792630.0
CAND-PH0099,2024-06-18,2024-09-16,0,719043.0
CAND-PH0100,2024-05-08,2024-06-07,0,647027.0
CAND-PH0100,2024-05-08,2024-07-07,0,588615.0
CAND-PH0100,2024-05-08,2024-08-06,0,544806.0
CAND-PH0100,2024-05-08,2024-09-05,0,494738.0
CAND-PH0100,2024-05-08,2024-10-05,0,450929.0
CAND-PH0100,2024-05-08,2024-11-04,0,392517.0
CAND-PH0101,2024-07-28,2024-08-27,0,2314590.0
CAND-PH0101,2024-07-28,2024-09-26,0,2087986.0
CAND-PH0101,2024-07-28,2024-10-26,0,1896245.0
CAND-PH0101,2024-07-28,2024-11-25,0,1740456.0
CAND-PH0101,2024-07-28,2024-12-25,0,1574280.0
CAND-PH0101,2024-07-28,2025-01-24,30,1498746.0
CAND-PH0102,2024-10-08,2024-11-07,30,554972.0
CAND-PH0102,2024-10-08,2024-12-07,60,538755.0
CAND-PH0102,2024-10-08,2025-01-06,90,523819.0
CAND-PH0102,2024-10-08,2025-02-05,112,509265.0
CAND-PH0103,2024-12-06,2025-01-05,30,524125.0
CAND-PH0103,2024-12-06,2025-02-04,0,488239.0
CAND-PH0103,2024-12-06,2025-03-06,0,452353.0
CAND-PH0103,2024-12-06,2025-04-05,30,434410.0
CAND-PH0103,2024-12-06,2025-05-05,60,423425.0
CAND-PH0104,2024-10-30,2024-11-29,0,525711.0
CAND-PH0104,2024-10-30,2024-12-29,30,514927.0
CAND-PH0104,2024-10-30,2025-01-28,60,496838.0
CAND-PH0104,2024-10-30,2025-02-27,90,483486.0
CAND-PH0104,2024-10-30,2025-03-29,112,466994.0
CAND-PH0104,2024-10-30,2025-04-28,112,452615.0
CAND-PH0105,2024-09-24,2024-10-24,0,300502.0
CAND-PH0105,2024-09-24,2024-11-23,0,275608.0
CAND-PH0105,2024-09-24,2024-12-23,30,269829.0
CAND-PH0106,2024-02-03,2024-03-04,0,984903.0
CAND-PH0106,2024-02-03,2024-04-03,0,918217.0
CAND-PH0106,2024-02-03,2024-05-03,0,858940.0
CAND-PH0107,2024-07-25,2024-08-24,0,618911.0
CAND-PH0107,2024-07-25,2024-09-23,0,562647.0
CAND-PH0107,2024-07-25,2024-10-23,0,495129.0
CAND-PH0107,2024-07-25,2024-11-22,0,443192.0
CAND-PH0107,2024-07-25,2024-12-22,0,381813.0
CAND-PH0107,2024-07-25,2025-01-21,0,339614.0
CAND-PH0108,2024-12-17,2025-01-16,0,281103.0
CAND-PH0108,2024-12-17,2025-02-15,0,262731.0
CAND-PH0108,2024-12-17,2025-03-17,0,241908.0
CAND-PH0108,2024-12-17,2025-04-16,30,234471.0
CAND-PH0108,2024-12-17,2025-05-16,0,217119.0
CAND-PH0109,2024-11-13,2024-12-13,0,780048.0
CAND-PH0109,2024-11-13,2025-01-12,0,709627.0
CAND-PH0109,2024-11-13,2025-02-11,0,659918.0
CAND-PH0110,2024-02-04,2024-03-05,0,866349.0
CAND-PH0110,2024-02-04,2024-04-04,0,788600.0
CAND-PH0110,2024-02-04,2024-05-04,0,733718.0
CAND-PH0111,2024-05-28,2024-06-27,0,1726425.0
CAND-PH0111,2024-05-28,2024-07-27,0,1590778.0
CAND-PH0111,2024-05-28,2024-08-26,0,1432522.0
CAND-PH0111,2024-05-28,2024-09-25,0,1274266.0
CAND-PH0111,2024-05-28,2024-10-25,0,1168763.0
CAND-PH0112,2024-05-23,2024-06-22,0,429220.0
CAND-PH0112,2024-05-23,2024-07-22,0,390200.0
CAND-PH0112,2024-05-23,2024-08-21,0,351180.0
CAND-PH0112,2024-05-23,2024-09-20,0,319964.0
CAND-PH0113,2024-06-30,2024-07-30,0,1284196.0
CAND-PH0113,2024-06-30,2024-08-29,0,1193547.0
CAND-PH0113,2024-06-30,2024-09-28,30,1151055.0
CAND-PH0114,2024-05-17,2024-06-16,0,529420.0
CAND-PH0114,2024-05-17,2024-07-16,30,518432.0
CAND-PH0114,2024-05-17,2024-08-15,0,482034.0
CAND-PH0115,2025-01-11,2025-02-10,0,246632.0
CAND-PH0115,2025-01-11,2025-03-12,30,241525.0
CAND-PH0115,2025-01-11,2025-04-11,60,234346.0
CAND-PH0116,2024-10-08,2024-11-07,0,771335.0
CAND-PH0116,2024-10-08,2024-12-07,30,754029.0
CAND-PH0116,2024-10-08,2025-01-06,0,705166.0
CAND-PH0117,2024-07-13,2024-08-12,0,1936758.0
CAND-PH0117,2024-07-13,2024-09-11,0,1818401.0
CAND-PH0117,2024-07-13,2024-10-11,0,1676372.0
CAND-PH0117,2024-07-13,2024-11-10,0,1551052.0
CAND-PH0117,2024-07-13,2024-12-10,0,1387173.0
CAND-PH0117,2024-07-13,2025-01-09,0,1174129.0
CAND-PH0118,2024-11-18,2024-12-18,0,552634.0
CAND-PH0118,2024-11-18,2025-01-17,0,516875.0
CAND-PH0118,2024-11-18,2025-02-16,0,483103.0
CAND-PH0118,2024-11-18,2025-03-18,0,436342.0
CAND-PH0119,2024-02-07,2024-03-08,0,389633.0
CAND-PH0119,2024-02-07,2024-04-07,0,363759.0
CAND-PH0119,2024-02-07,2024-05-07,0,339407.0
CAND-PH0119,2024-02-07,2024-06-06,0,298008.0
CAND-PH0119,2024-02-07,2024-07-06,0,263510.0
CAND-PH0120,2024-09-24,2024-10-24,0,525365.0
CAND-PH0120,2024-09-24,2024-11-23,0,490004.0
CAND-PH0120,2024-09-24,2024-12-23,0,454643.0
CAND-PH0121,2024-01-22,2024-02-21,0,678586.0
CAND-PH0121,2024-01-22,2024-03-22,0,626387.0
CAND-PH0121,2024-01-22,2024-04-21,30,608988.0
CAND-PH0121,2024-01-22,2024-05-21,0,568388.0
CAND-PH0122,2024-07-19,2024-08-18,0,496894.0
CAND-PH0122,2024-07-19,2024-09-17,0,465716.0
CAND-PH0122,2024-07-19,2024-10-17,30,450993.0
CAND-PH0122,2024-07-19,2024-11-16,60,434932.0
CAND-PH0122,2024-07-19,2024-12-16,90,422005.0
