application_id;application_date;age;sexo;monthly_income_declared;app_tenure_months;avg_monthly_topups;num_transactions_last_90d;pct_p2p_transfers;device_price_tier;has_bureau_record;bureau_score;utility_payment_ontime_rate;telco_payment_ontime_rate;digital_engagement_score;monto_bono_referidos;requested_amount;product_type;disbursed_flag
CAND-02052;1/01/24;22;M;1149897.0;7;14838.0;2;0.712;3;FALSE;;0.524;0.728;52.7;0.0;1160359.0;compra_cartera;TRUE
CAND-00752;1/01/24;33;M;616023.0;11;51171.0;3;0.288;3;FALSE;;0.822;0.938;50.3;0.0;273514.0;libre_inversion;TRUE
CAND-00542;1/01/24;43;M;3064570.0;7;31961.0;6;0.36;1;FALSE;;0.547;0.915;81.2;0.0;283447.0;libre_inversion;TRUE
CAND-01204;1/01/24;34;H;1817355.0;7;43710.0;3;0.515;2;FALSE;;0.501;0.922;59.6;0.0;741165.0;libre_inversion;TRUE
CAND-02825;1/01/24;30;M;879261.0;5;37064.0;2;0.544;4;TRUE;530.0;0.697;0.738;19.5;0.0;167681.0;avance_efectivo;TRUE
CAND-00041;1/01/24;33;M;1058109.0;10;94087.0;5;0.29;3;TRUE;671.0;0.882;0.785;71.9;0.0;450975.0;avance_efectivo;TRUE
CAND-02119;1/01/24;30;M;1666860.0;7;47544.0;2;0.362;2;TRUE;608.0;0.652;0.562;59.4;0.0;1943117.0;libre_inversion;TRUE
CAND-01906;1/01/24;26;H;612921.0;11;43080.0;3;0.401;3;FALSE;;0.722;0.821;81.4;0.0;217470.0;libre_inversion;TRUE
CAND-00216;1/01/24;44;M;1116303.0;2;39277.0;3;0.566;3;FALSE;;0.906;0.432;38.3;0.0;948963.0;compra_cartera;TRUE
CAND-00900;1/01/24;18;H;1710183.0;6;19957.0;3;0.423;2;TRUE;547.0;0.662;0.701;69.6;0.0;560432.0;compra_cartera;TRUE
CAND-00611;1/01/24;52;H;1138372.0;12;64233.0;6;0.3;2;FALSE;;0.739;0.72;57.7;0.0;954515.0;libre_inversion;TRUE
CAND-01966;1/01/24;23;M;948986.0;7;89729.0;2;0.26;4;TRUE;729.0;;0.719;76.4;0.0;1487092.0;avance_efectivo;TRUE
CAND-01433;1/01/24;45;H;1373462.0;1;63814.0;2;0.568;2;FALSE;;0.637;0.717;34.7;0.0;1358436.0;compra_cartera;TRUE
CAND-00139;2/01/24;38;H;711816.0;12;12348.0;6;0.493;1;FALSE;;0.697;;32.8;0.0;508978.0;avance_efectivo;TRUE
CAND-01203;2/01/24;27;H;575284.0;4;45156.0;4;0.367;2;FALSE;;0.882;0.695;45.5;0.0;583882.0;avance_efectivo;TRUE
CAND-02965;2/01/24;31;NB;885475.0;7;52610.0;2;0.311;3;TRUE;799.0;0.542;0.8;77.9;0.0;1134938.0;libre_inversion;TRUE
CAND-00941;2/01/24;41;H;1566378.0;15;30012.0;9;0.28;2;FALSE;;0.955;0.63;32.0;0.0;306144.0;libre_inversion;TRUE
CAND-00841;2/01/24;36;M;2083011.0;22;28737.0;12;0.357;1;FALSE;;0.956;0.909;39.9;0.0;1057778.0;libre_inversion;TRUE
CAND-02808;2/01/24;37;M;1534142.0;6;15431.0;1;0.734;3;FALSE;;;0.908;41.7;0.0;451621.0;libre_inversion;TRUE
CAND-02996;2/01/24;24;H;883507.0;20;83700.0;6;0.763;1;TRUE;838.0;0.442;0.593;76.6;0.0;501687.0;libre_inversion;TRUE
CAND-00685;2/01/24;31;M;1367716.0;4;17577.0;0;0.148;3;FALSE;;;0.848;35.1;0.0;998227.0;avance_efectivo;FALSE
CAND-02186;2/01/24;46;H;434014.0;10;57079.0;9;0.624;3;FALSE;;0.84;0.907;38.4;0.0;1649418.0;libre_inversion;TRUE
CAND-02901;3/01/24;48;M;1714773.0;2;14201.0;2;0.092;5;FALSE;;0.706;0.893;42.0;0.0;412404.0;libre_inversion;TRUE
CAND-00576;3/01/24;47;H;1543329.0;16;47974.0;7;0.613;1;TRUE;760.0;0.456;0.613;86.9;0.0;2207363.0;compra_cartera;TRUE
CAND-02102;3/01/24;32;H;1367693.0;4;37363.0;2;0.777;4;FALSE;;0.8;0.697;27.9;0.0;1844593.0;libre_inversion;TRUE
CAND-01201;3/01/24;29;M;2017745.0;29;57025.0;14;0.424;3;FALSE;;0.957;;67.4;0.0;1352506.0;libre_inversion;TRUE
CAND-02767;3/01/24;35;M;1926277.0;12;36831.0;6;0.302;1;FALSE;;0.673;0.602;29.6;0.0;787611.0;avance_efectivo;TRUE
CAND-02270;3/01/24;24;H;1072830.0;11;129788.0;7;0.289;3;TRUE;632.0;0.681;0.887;62.5;0.0;256490.0;compra_cartera;TRUE
CAND-02702;3/01/24;51;H;1696442.0;20;3811.0;10;0.47;4;FALSE;;0.933;0.909;22.1;0.0;379416.0;libre_inversion;TRUE
CAND-00426;3/01/24;36;H;1682456.0;5;67489.0;2;0.109;2;TRUE;650.0;0.788;0.361;64.5;0.0;2698698.0;avance_efectivo;TRUE
CAND-01789;3/01/24;35;H;885891.0;12;4456.0;10;0.434;1;TRUE;633.0;0.869;0.619;49.8;0.0;1544428.0;compra_cartera;TRUE
CAND-02640;3/01/24;49;M;1763944.0;11;29664.0;8;0.28;3;TRUE;710.0;0.805;0.844;31.1;0.0;716946.0;libre_inversion;TRUE
CAND-01863;3/01/24;29;H;1586948.0;30;71022.0;14;0.289;3;TRUE;591.0;0.591;0.642;69.6;0.0;282336.0;libre_inversion;TRUE
CAND-02927;3/01/24;45;M;596247.0;7;10120.0;5;0.414;1;TRUE;640.0;0.94;0.692;40.3;0.0;846965.0;compra_cartera;TRUE
CAND-00653;3/01/24;30;H;1626809.0;26;25746.0;8;0.577;2;FALSE;;0.554;;51.9;0.0;984754.0;compra_cartera;TRUE
CAND-01566;3/01/24;32;M;1142335.0;15;61112.0;8;0.261;1;TRUE;555.0;0.715;;37.3;0.0;470246.0;compra_cartera;TRUE
CAND-00999;3/01/24;18;NB;663358.0;17;66127.0;3;0.273;1;TRUE;697.0;0.865;0.739;72.7;0.0;568563.0;libre_inversion;TRUE
CAND-01008;3/01/24;42;H;3242342.0;9;81943.0;2;0.182;4;FALSE;;0.897;0.339;47.7;0.0;2576964.0;libre_inversion;TRUE
CAND-01060;3/01/24;52;H;1312358.0;2;34438.0;0;0.302;1;FALSE;;0.973;0.711;84.0;0.0;534012.0;libre_inversion;TRUE
CAND-00993;3/01/24;24;H;1214624.0;18;41025.0;7;0.271;2;FALSE;;0.92;0.892;69.2;0.0;349534.0;avance_efectivo;TRUE
CAND-02028;3/01/24;45;H;1056151.0;8;56247.0;0;0.415;2;FALSE;;0.524;0.927;66.4;0.0;559851.0;avance_efectivo;TRUE
CAND-02004;4/01/24;20;M;1283784.0;6;29122.0;1;0.558;2;FALSE;;0.891;0.634;58.9;0.0;642467.0;libre_inversion;TRUE
CAND-01476;4/01/24;23;M;1531868.0;6;37576.0;7;0.353;2;TRUE;491.0;0.682;0.811;91.1;0.0;842076.0;libre_inversion;TRUE
CAND-00330;4/01/24;26;M;1653234.0;1;17658.0;1;0.248;3;TRUE;646.0;0.774;0.736;32.2;0.0;598591.0;compra_cartera;TRUE
CAND-00387;4/01/24;39;M;595531.0;37;107209.0;21;0.285;1;TRUE;590.0;;0.884;36.8;0.0;305892.0;libre_inversion;TRUE
CAND-00271;4/01/24;20;M;1273125.0;12;35262.0;4;0.447;3;TRUE;873.0;0.686;;21.4;0.0;245343.0;avance_efectivo;TRUE
CAND-02666;4/01/24;41;M;1510839.0;2;34764.0;1;0.162;2;TRUE;787.0;0.673;0.753;59.7;0.0;294155.0;libre_inversion;TRUE
CAND-00020;4/01/24;36;H;1047159.0;9;21234.0;3;0.229;3;FALSE;;0.637;0.607;0.0;0.0;1015232.0;libre_inversion;TRUE
CAND-00557;5/01/24;27;H;1429832.0;6;18968.0;2;0.393;4;FALSE;;0.914;0.776;49.5;20070.0;697460.0;avance_efectivo;TRUE
CAND-02487;5/01/24;31;M;561241.0;1;52116.0;1;0.266;1;TRUE;597.0;0.74;0.657;36.1;0.0;159899.0;avance_efectivo;TRUE
CAND-02415;5/01/24;23;H;676051.0;12;42286.0;6;0.744;5;FALSE;;0.872;0.569;35.7;0.0;3876776.0;libre_inversion;TRUE
CAND-00942;5/01/24;28;H;689547.0;21;118011.0;12;0.348;3;FALSE;;0.775;;83.8;0.0;402751.0;libre_inversion;TRUE
CAND-02858;5/01/24;46;M;1002292.0;4;15341.0;3;0.62;2;FALSE;;0.732;0.651;49.4;0.0;1022416.0;libre_inversion;TRUE
CAND-01519;5/01/24;34;M;2836974.0;6;23273.0;7;0.458;1;FALSE;;0.895;;70.2;0.0;529629.0;libre_inversion;TRUE
CAND-01698;5/01/24;36;H;1819606.0;12;50355.0;2;0.679;2;FALSE;;0.791;0.734;79.2;0.0;1777687.0;compra_cartera;TRUE
CAND-01974;5/01/24;43;M;875541.0;20;66921.0;5;0.695;1;FALSE;;0.914;;67.1;0.0;1042141.0;avance_efectivo;TRUE
CAND-01221;5/01/24;18;H;540173.0;6;20675.0;5;0.278;5;FALSE;;;0.879;48.2;0.0;532404.0;avance_efectivo;TRUE
CAND-02707;5/01/24;18;H;1419078.0;58;127470.0;33;0.426;3;TRUE;602.0;0.902;0.799;58.3;0.0;1509346.0;avance_efectivo;TRUE
CAND-01420;5/01/24;34;M;1596783.0;11;6438.0;3;0.425;1;FALSE;;0.896;0.638;49.4;0.0;420750.0;libre_inversion;TRUE
CAND-02130;5/01/24;37;H;1130066.0;2;94737.0;1;0.178;1;TRUE;730.0;0.877;0.621;49.6;0.0;1212026.0;libre_inversion;TRUE
CAND-01175;5/01/24;30;H;885583.0;11;21091.0;7;0.565;3;FALSE;;0.814;0.835;83.4;0.0;933215.0;libre_inversion;TRUE
CAND-02748;6/01/24;46;H;1249158.0;23;44244.0;14;0.067;5;TRUE;617.0;0.28;0.797;66.3;0.0;1098955.0;libre_inversion;TRUE
CAND-02150;6/01/24;18;M;1598273.0;44;53274.0;21;0.51;3;FALSE;;0.648;0.289;52.2;0.0;620838.0;libre_inversion;TRUE
CAND-02457;6/01/24;56;M;1799206.0;31;3770.0;19;0.542;4;TRUE;738.0;0.7;0.858;48.8;0.0;243229.0;avance_efectivo;TRUE
CAND-01841;6/01/24;28;H;2327623.0;4;33917.0;3;0.577;2;FALSE;;0.819;0.699;41.8;16702.0;838119.0;libre_inversion;TRUE
CAND-00174;6/01/24;23;M;1460892.0;17;14101.0;9;0.64;1;TRUE;556.0;;0.809;72.7;0.0;826051.0;compra_cartera;TRUE
CAND-00158;6/01/24;30;H;1512374.0;26;82458.0;15;0.475;3;FALSE;;0.957;0.848;49.1;0.0;1179316.0;libre_inversion;TRUE
CAND-01970;6/01/24;38;M;1344741.0;22;18291.0;11;0.272;1;FALSE;;0.896;0.754;43.7;0.0;352958.0;libre_inversion;TRUE
CAND-00743;6/01/24;34;M;1655357.0;8;35715.0;3;0.229;1;FALSE;;0.664;0.864;41.8;0.0;538332.0;avance_efectivo;TRUE
CAND-02892;6/01/24;40;M;2078615.0;4;17119.0;0;0.557;4;FALSE;;0.772;0.365;34.0;0.0;603263.0;libre_inversion;TRUE
CAND-00699;6/01/24;36;NB;912991.0;18;42154.0;12;0.19;2;TRUE;742.0;0.656;0.91;52.1;0.0;846223.0;compra_cartera;TRUE
CAND-00523;6/01/24;26;H;2419635.0;7;49413.0;5;0.258;1;FALSE;;;;39.7;0.0;388089.0;libre_inversion;TRUE
CAND-00541;6/01/24;34;H;1741218.0;6;21754.0;1;0.407;4;TRUE;674.0;0.668;0.872;55.5;0.0;1009731.0;libre_inversion;TRUE
CAND-01538;6/01/24;39;NB;1793384.0;17;71766.0;8;0.277;5;FALSE;;0.943;0.968;11.2;0.0;233754.0;libre_inversion;TRUE
CAND-01649;6/01/24;44;M;722726.0;10;20176.0;4;0.169;1;FALSE;;;0.951;55.2;0.0;633408.0;compra_cartera;TRUE
CAND-02869;6/01/24;43;M;1929532.0;23;81919.0;16;0.255;1;FALSE;;0.87;0.634;54.4;0.0;1053815.0;avance_efectivo;TRUE
CAND-00259;7/01/24;54;M;1695886.0;7;52596.0;8;0.636;2;FALSE;;0.794;0.605;65.4;0.0;864386.0;libre_inversion;TRUE
CAND-01680;7/01/24;25;H;1705965.0;7;11844.0;6;0.254;2;TRUE;606.0;0.524;0.817;31.9;0.0;1155267.0;libre_inversion;TRUE
CAND-01856;7/01/24;38;H;1220639.0;6;87985.0;2;0.678;4;FALSE;;0.455;0.646;65.5;0.0;721564.0;avance_efectivo;TRUE
CAND-00129;7/01/24;28;M;2836646.0;9;132173.0;6;0.528;3;FALSE;;0.77;0.589;41.2;0.0;486419.0;compra_cartera;TRUE
CAND-02906;7/01/24;46;M;802209.0;52;61640.0;31;0.536;2;TRUE;576.0;0.381;0.758;55.2;0.0;715636.0;compra_cartera;TRUE
CAND-00176;7/01/24;40;H;1613391.0;1;9735.0;0;0.508;3;TRUE;762.0;0.814;0.955;0.0;0.0;1213788.0;compra_cartera;TRUE
CAND-02979;7/01/24;28;H;2044696.0;26;69948.0;14;0.763;1;TRUE;764.0;0.758;0.721;62.6;0.0;649006.0;compra_cartera;TRUE
CAND-00451;7/01/24;27;M;2602587.0;29;97579.0;14;0.082;2;FALSE;;0.821;;51.2;0.0;1095717.0;libre_inversion;TRUE
CAND-00310;7/01/24;35;H;1933349.0;11;19989.0;4;0.217;2;TRUE;620.0;0.833;0.726;20.8;0.0;431201.0;avance_efectivo;TRUE
CAND-02209;7/01/24;25;H;1453832.0;49;44720.0;24;0.174;5;TRUE;561.0;0.692;0.892;66.4;0.0;598802.0;compra_cartera;TRUE
CAND-02165;8/01/24;32;M;965702.0;16;22179.0;14;0.264;1;TRUE;547.0;0.718;0.971;54.7;0.0;735080.0;libre_inversion;TRUE
CAND-00258;8/01/24;53;M;1496919.0;2;59752.0;3;0.198;1;TRUE;722.0;0.858;0.674;33.2;0.0;165285.0;libre_inversion;TRUE
CAND-02408;8/01/24;33;M;937917.0;6;95905.0;3;0.477;3;TRUE;524.0;0.446;;18.3;0.0;313223.0;avance_efectivo;TRUE
CAND-01634;8/01/24;18;M;1537290.0;51;37148.0;20;0.836;3;FALSE;;0.807;0.807;29.9;0.0;1281970.0;libre_inversion;TRUE
CAND-00076;8/01/24;40;H;1974303.0;53;43768.0;20;0.534;4;FALSE;;0.833;0.905;48.1;0.0;1184405.0;avance_efectivo;TRUE
CAND-02501;8/01/24;45;H;1310560.0;5;46486.0;4;0.675;3;FALSE;;0.743;0.93;59.2;0.0;1168456.0;libre_inversion;TRUE
CAND-02407;8/01/24;42;M;2370705.0;1;103640.0;2;0.359;1;TRUE;707.0;0.556;0.86;49.1;0.0;217150.0;libre_inversion;TRUE
CAND-02368;9/01/24;26;M;1060509.0;19;53302.0;11;0.08;1;TRUE;706.0;0.815;0.602;41.1;0.0;423218.0;avance_efectivo;TRUE
CAND-00854;9/01/24;39;M;1679155.0;3;99786.0;2;0.401;3;TRUE;768.0;;0.724;78.0;0.0;746303.0;libre_inversion;TRUE
CAND-02477;9/01/24;36;H;3702669.0;2;11750.0;0;0.428;1;FALSE;;0.701;0.78;45.0;0.0;760650.0;libre_inversion;TRUE
CAND-00806;9/01/24;42;H;873652.0;36;71939.0;17;0.029;5;FALSE;;0.886;0.517;68.4;0.0;406082.0;avance_efectivo;TRUE
CAND-02502;9/01/24;38;M;760523.0;1;38106.0;0;0.046;1;FALSE;;0.508;0.762;59.2;0.0;3102803.0;libre_inversion;TRUE
CAND-02897;9/01/24;30;M;2636367.0;3;52321.0;3;0.302;1;TRUE;791.0;0.882;0.591;81.4;0.0;1664036.0;libre_inversion;TRUE
CAND-02815;9/01/24;47;H;1638556.0;44;37595.0;24;0.619;3;FALSE;;0.549;0.874;54.5;0.0;376683.0;avance_efectivo;TRUE
CAND-02162;9/01/24;35;M;707623.0;7;76316.0;5;0.488;1;TRUE;610.0;0.909;0.799;46.1;0.0;314130.0;libre_inversion;TRUE
CAND-02774;9/01/24;37;M;437164.0;43;74568.0;21;0.302;2;FALSE;;0.804;0.763;16.7;0.0;798349.0;compra_cartera;TRUE
CAND-02836;9/01/24;49;H;676253.0;21;28873.0;10;0.405;1;FALSE;;0.515;;36.7;0.0;651552.0;avance_efectivo;TRUE
CAND-00647;10/01/24;44;M;1008525.0;18;91717.0;7;0.594;1;TRUE;746.0;0.666;0.809;26.0;0.0;190797.0;libre_inversion;TRUE
CAND-01303;10/01/24;41;H;1128620.0;14;40179.0;7;0.042;4;FALSE;;0.679;0.49;53.3;0.0;418008.0;libre_inversion;TRUE
CAND-00362;10/01/24;37;H;1908708.0;3;121979.0;2;0.259;2;FALSE;;0.851;0.71;78.8;0.0;456652.0;compra_cartera;TRUE
CAND-00252;10/01/24;52;H;1135365.0;7;61848.0;4;0.296;2;FALSE;;0.507;0.798;47.3;0.0;1920057.0;libre_inversion;TRUE
CAND-00616;10/01/24;38;M;678589.0;23;38614.0;12;0.25;2;FALSE;;;0.914;38.6;0.0;725422.0;avance_efectivo;TRUE
CAND-00697;10/01/24;38;NB;2400148.0;1;26328.0;0;0.475;1;TRUE;624.0;0.535;0.76;67.1;0.0;931215.0;libre_inversion;TRUE
CAND-01304;10/01/24;29;M;1170017.0;1;75868.0;1;0.103;1;FALSE;;0.581;0.603;37.1;0.0;221677.0;compra_cartera;TRUE
CAND-02589;10/01/24;18;H;1141643.0;6;36284.0;2;0.299;1;FALSE;;;0.862;45.1;0.0;469687.0;libre_inversion;TRUE
CAND-01233;11/01/24;33;M;938185.0;11;11445.0;8;0.254;1;TRUE;639.0;0.856;0.789;61.2;0.0;1396998.0;compra_cartera;TRUE
CAND-02831;11/01/24;21;H;772103.0;22;77352.0;13;0.304;4;TRUE;688.0;;;100.0;0.0;1052590.0;avance_efectivo;TRUE
CAND-01636;11/01/24;44;M;1792945.0;8;37093.0;2;0.527;3;FALSE;;0.568;0.846;63.2;0.0;732020.0;libre_inversion;TRUE
CAND-02001;11/01/24;37;H;1891785.0;16;11599.0;6;0.568;2;TRUE;599.0;0.605;0.815;56.7;0.0;318743.0;libre_inversion;TRUE
CAND-02849;11/01/24;35;M;1549105.0;5;14035.0;3;0.539;2;FALSE;;0.69;0.605;36.3;0.0;1003831.0;libre_inversion;TRUE
CAND-02410;11/01/24;46;H;1803168.0;36;28533.0;13;0.476;2;FALSE;;0.773;0.673;74.3;0.0;604957.0;avance_efectivo;TRUE
CAND-02053;11/01/24;28;M;2517385.0;40;59064.0;19;0.357;1;FALSE;;0.824;0.822;79.8;0.0;464182.0;avance_efectivo;TRUE
CAND-01495;11/01/24;60;H;2303154.0;10;49844.0;10;0.745;3;FALSE;;0.552;0.81;38.8;0.0;388029.0;avance_efectivo;TRUE
CAND-00606;11/01/24;44;M;1934021.0;3;164369.0;4;0.33;2;TRUE;818.0;0.885;0.766;6.6;0.0;1429404.0;libre_inversion;TRUE
CAND-02226;11/01/24;49;H;860036.0;11;25985.0;5;0.339;2;FALSE;;0.893;0.837;53.4;0.0;372891.0;compra_cartera;TRUE
CAND-00147;12/01/24;28;M;1394382.0;6;19726.0;2;0.146;1;TRUE;665.0;;0.859;57.9;0.0;638434.0;libre_inversion;FALSE
CAND-01881;12/01/24;20;H;1059668.0;21;59426.0;15;0.412;2;FALSE;;;;21.5;0.0;361390.0;libre_inversion;TRUE
CAND-01762;12/01/24;44;H;1369699.0;4;51752.0;0;0.312;3;TRUE;781.0;0.731;0.794;35.5;0.0;1775533.0;compra_cartera;TRUE
CAND-02356;12/01/24;44;H;1800649.0;35;56697.0;18;0.529;1;FALSE;;0.846;0.938;21.8;0.0;1085884.0;libre_inversion;TRUE
CAND-00623;12/01/24;31;M;1078597.0;12;24943.0;7;0.578;1;TRUE;643.0;0.796;0.859;24.4;0.0;620244.0;libre_inversion;TRUE
CAND-02247;12/01/24;29;M;1593827.0;19;32256.0;13;0.358;1;FALSE;;0.727;0.802;79.4;0.0;306853.0;libre_inversion;TRUE
CAND-02881;12/01/24;45;H;2244233.0;7;85596.0;1;0.319;1;FALSE;;0.798;0.874;56.1;0.0;452828.0;avance_efectivo;TRUE
CAND-01312;12/01/24;39;H;400282.0;18;44658.0;8;0.298;2;FALSE;;0.656;0.754;85.7;0.0;621383.0;compra_cartera;TRUE
CAND-01257;12/01/24;41;H;2615889.0;5;31306.0;2;0.263;2;FALSE;;0.851;0.806;50.9;0.0;683550.0;compra_cartera;TRUE
CAND-02713;12/01/24;27;M;619698.0;13;55121.0;7;0.436;2;FALSE;;0.743;0.535;42.2;0.0;743315.0;avance_efectivo;FALSE
CAND-01926;13/01/24;34;M;1153191.0;7;8010.0;3;0.728;4;TRUE;657.0;0.528;0.605;36.6;0.0;310078.0;avance_efectivo;TRUE
CAND-01767;13/01/24;57;M;1366943.0;31;193299.0;15;0.576;1;TRUE;687.0;0.59;;53.5;0.0;831826.0;avance_efectivo;TRUE
CAND-01765;13/01/24;35;H;2276238.0;5;43176.0;5;0.693;5;FALSE;;0.976;0.384;41.8;0.0;677429.0;libre_inversion;TRUE
CAND-00795;13/01/24;40;H;1528147.0;2;5644.0;1;0.518;2;FALSE;;0.918;0.59;33.6;0.0;720919.0;avance_efectivo;TRUE
CAND-00736;13/01/24;23;M;1700774.0;22;17380.0;4;0.485;3;TRUE;741.0;0.492;0.882;39.8;0.0;247541.0;libre_inversion;TRUE
CAND-01982;13/01/24;30;H;541088.0;1;12381.0;1;0.49;3;FALSE;;0.543;0.776;49.6;0.0;2279504.0;libre_inversion;TRUE
CAND-02062;13/01/24;38;M;652021.0;2;16201.0;1;0.137;3;FALSE;;0.595;0.912;69.9;0.0;555438.0;libre_inversion;TRUE
CAND-02000;13/01/24;46;M;1145144.0;21;67572.0;7;0.234;4;FALSE;;;0.856;100.0;0.0;528714.0;avance_efectivo;TRUE
CAND-00049;13/01/24;18;H;1529811.0;21;38732.0;10;0.197;2;TRUE;669.0;0.761;0.613;56.0;0.0;459548.0;libre_inversion;TRUE
CAND-00014;13/01/24;46;H;1297601.0;12;39068.0;7;0.537;5;FALSE;;;0.718;47.7;0.0;426795.0;compra_cartera;TRUE
CAND-01560;14/01/24;43;H;1745186.0;6;16513.0;4;0.347;1;TRUE;795.0;0.887;0.826;28.9;0.0;332753.0;compra_cartera;TRUE
CAND-00829;14/01/24;18;M;1142034.0;12;67878.0;5;0.47;2;TRUE;534.0;0.935;0.523;60.4;0.0;781044.0;compra_cartera;TRUE
CAND-01207;14/01/24;41;M;1253166.0;2;47486.0;1;0.34;3;TRUE;498.0;0.797;0.548;57.5;0.0;633160.0;avance_efectivo;TRUE
CAND-01662;14/01/24;20;M;804453.0;2;47338.0;0;0.452;3;TRUE;529.0;0.473;0.755;36.9;0.0;809790.0;compra_cartera;TRUE
CAND-02540;14/01/24;41;H;919986.0;4;98069.0;2;0.271;1;FALSE;;0.902;0.818;34.6;0.0;553981.0;libre_inversion;TRUE
CAND-02807;14/01/24;33;M;524590.0;3;132458.0;1;0.204;2;FALSE;;0.896;0.836;69.6;0.0;610805.0;libre_inversion;TRUE
CAND-00240;14/01/24;25;M;2532457.0;1;28131.0;2;0.319;1;FALSE;;0.782;0.585;43.1;0.0;923734.0;libre_inversion;TRUE
CAND-02012;14/01/24;19;M;1069701.0;1;14379.0;0;0.645;3;FALSE;;0.856;0.639;20.8;0.0;645386.0;libre_inversion;TRUE
CAND-02176;15/01/24;30;NB;969453.0;8;20860.0;2;0.559;4;TRUE;625.0;0.694;0.873;68.5;0.0;281130.0;avance_efectivo;TRUE
CAND-00871;15/01/24;47;M;1107017.0;5;28199.0;1;0.117;4;FALSE;;0.576;0.524;29.5;0.0;158458.0;avance_efectivo;TRUE
CAND-02873;15/01/24;45;M;1575367.0;14;118104.0;4;0.091;4;FALSE;;0.711;0.885;61.1;0.0;294532.0;avance_efectivo;TRUE
CAND-00707;15/01/24;46;H;2539427.0;13;53635.0;5;0.753;2;TRUE;611.0;0.47;0.878;60.4;0.0;760709.0;libre_inversion;TRUE
CAND-02357;15/01/24;28;NB;1335865.0;4;31836.0;3;0.197;5;TRUE;841.0;0.53;0.735;61.4;0.0;176673.0;libre_inversion;TRUE
CAND-02652;15/01/24;37;M;2706409.0;15;25975.0;5;0.383;2;FALSE;;0.615;0.899;51.3;0.0;1270149.0;avance_efectivo;TRUE
CAND-01703;15/01/24;18;H;3907641.0;1;35194.0;2;0.245;1;FALSE;;0.86;0.93;7.5;0.0;434233.0;libre_inversion;TRUE
CAND-01351;15/01/24;31;H;1339306.0;18;25592.0;8;0.478;2;TRUE;600.0;0.726;0.974;63.0;0.0;845080.0;libre_inversion;TRUE
CAND-00071;15/01/24;32;M;1025500.0;27;39349.0;21;0.196;2;TRUE;693.0;0.54;0.652;12.7;0.0;1650181.0;compra_cartera;TRUE
CAND-02765;15/01/24;47;M;667964.0;7;30991.0;3;0.528;2;TRUE;659.0;0.676;0.796;70.5;0.0;1374413.0;compra_cartera;TRUE
CAND-01470;15/01/24;23;M;489251.0;4;11745.0;0;0.385;2;TRUE;681.0;0.614;0.507;60.8;0.0;368712.0;avance_efectivo;TRUE
CAND-00317;15/01/24;18;M;1638008.0;4;51207.0;5;0.03;2;TRUE;679.0;0.716;0.86;74.4;0.0;498429.0;libre_inversion;TRUE
CAND-01872;15/01/24;44;H;688268.0;11;77845.0;10;0.155;1;TRUE;750.0;0.757;0.789;50.9;0.0;230345.0;libre_inversion;TRUE
CAND-01869;15/01/24;30;H;1430190.0;6;29476.0;3;0.452;1;TRUE;746.0;0.942;0.967;30.0;0.0;758670.0;libre_inversion;TRUE
CAND-02580;15/01/24;20;M;13.760.566.878.899.200;17;9032.0;12;0.196;2;FALSE;;0.87;0.272;68.3;0.0;900625.0;libre_inversion;TRUE
CAND-00115;15/01/24;45;H;1653569.0;1;119025.0;3;0.26;3;FALSE;;0.801;0.955;41.3;0.0;2508118.0;libre_inversion;TRUE
CAND-01883;16/01/24;27;H;3461468.0;10;19591.0;6;0.513;5;FALSE;;0.768;0.962;42.2;0.0;621151.0;libre_inversion;TRUE
CAND-01790;16/01/24;35;M;963298.0;5;33814.0;2;0.355;1;FALSE;;0.343;0.924;51.0;0.0;413183.0;libre_inversion;TRUE
CAND-02886;16/01/24;40;M;923775.0;13;35989.0;5;0.292;4;FALSE;;0.827;0.694;63.5;0.0;412847.0;avance_efectivo;TRUE
CAND-01976;16/01/24;40;M;2108803.0;5;23073.0;4;0.539;2;FALSE;;0.774;0.898;91.9;0.0;1300947.0;avance_efectivo;TRUE
CAND-00007;16/01/24;39;H;904443.0;16;60403.0;12;0.362;4;FALSE;;0.85;0.767;70.8;0.0;848827.0;compra_cartera;TRUE
CAND-02503;16/01/24;26;H;1697839.0;8;20381.0;5;0.038;3;TRUE;659.0;0.758;0.718;0.0;0.0;189779.0;compra_cartera;TRUE
CAND-00955;16/01/24;28;M;893501.0;5;60092.0;4;0.489;3;TRUE;588.0;0.898;0.625;48.1;0.0;178905.0;libre_inversion;TRUE
CAND-01415;16/01/24;40;H;1132332.0;18;107463.0;15;0.263;3;TRUE;768.0;0.861;0.784;45.9;0.0;465421.0;libre_inversion;TRUE
CAND-00784;16/01/24;38;M;1098488.0;2;17422.0;4;0.355;4;TRUE;644.0;0.803;0.811;73.3;0.0;910539.0;libre_inversion;TRUE
CAND-02009;16/01/24;28;NB;866802.0;1;21397.0;1;0.578;2;FALSE;;0.871;0.912;60.1;19211.0;587225.0;libre_inversion;TRUE
CAND-01710;16/01/24;27;M;800253.0;10;29540.0;5;0.323;3;TRUE;799.0;0.831;0.724;63.2;0.0;215274.0;compra_cartera;TRUE
CAND-02243;17/01/24;44;M;983376.0;2;84027.0;0;0.045;1;FALSE;;0.658;0.781;65.2;0.0;726468.0;compra_cartera;TRUE
CAND-01744;17/01/24;58;H;1444464.0;2;28821.0;1;0.37;2;FALSE;;0.782;0.759;35.2;0.0;287389.0;avance_efectivo;TRUE
CAND-00518;17/01/24;33;M;13.777.722.536.049.300;12;35559.0;3;0.445;1;FALSE;;0.708;0.963;45.5;0.0;1140.0;compra_cartera;TRUE
CAND-01553;17/01/24;38;M;790350.0;17;74764.0;10;0.35;3;FALSE;;0.891;0.759;47.1;0.0;228043.0;avance_efectivo;TRUE
CAND-01479;17/01/24;18;H;1728034.0;1;12292.0;2;0.161;2;FALSE;;;0.858;76.4;0.0;363971.0;libre_inversion;TRUE
CAND-00128;17/01/24;33;M;1605713.0;14;103456.0;7;0.185;1;FALSE;;0.866;0.807;69.5;0.0;619512.0;avance_efectivo;TRUE
CAND-00519;17/01/24;30;H;1006287.0;12;88328.0;12;0.955;4;FALSE;;0.574;0.37;60.5;0.0;245404.0;avance_efectivo;TRUE
CAND-02126;17/01/24;35;H;1802367.0;2;60318.0;2;0.337;5;FALSE;;0.739;0.792;51.6;0.0;1249559.0;libre_inversion;TRUE
CAND-00409;18/01/24;18;M;1020594.0;14;25403.0;7;0.339;1;FALSE;;0.97;0.605;86.6;0.0;1047776.0;libre_inversion;TRUE
CAND-00003;18/01/24;21;H;1140046.0;54;104253.0;37;0.615;1;FALSE;;0.456;0.664;74.1;0.0;410278.0;avance_efectivo;TRUE
CAND-02353;18/01/24;38;M;1577279.0;25;5792.0;19;0.304;2;FALSE;;0.811;;52.9;0.0;1150278.0;libre_inversion;FALSE
CAND-02522;18/01/24;33;H;1032107.0;2;65308.0;1;0.488;2;TRUE;728.0;0.868;0.924;29.4;0.0;468414.0;avance_efectivo;TRUE
CAND-01808;18/01/24;41;M;1748649.0;1;41263.0;0;0.28;1;FALSE;;0.775;0.656;45.0;0.0;696917.0;libre_inversion;TRUE
CAND-00359;18/01/24;29;NB;1855858.0;11;21679.0;5;0.123;3;FALSE;;0.816;0.77;68.8;0.0;484061.0;libre_inversion;TRUE
CAND-02743;18/01/24;22;H;986529.0;7;66063.0;2;0.756;1;FALSE;;0.94;0.83;55.4;0.0;259120.0;libre_inversion;TRUE
CAND-02195;18/01/24;46;H;1215490.0;13;31056.0;4;0.211;2;FALSE;;0.598;0.787;70.9;0.0;311129.0;avance_efectivo;TRUE
CAND-02794;19/01/24;22;H;1263344.0;10;75709.0;5;0.505;4;TRUE;758.0;0.733;0.715;35.3;0.0;517985.0;compra_cartera;TRUE
CAND-02562;19/01/24;18;H;953192.0;8;90829.0;2;0.852;4;TRUE;701.0;0.597;0.885;63.1;0.0;200896.0;avance_efectivo;TRUE
CAND-00980;19/01/24;40;H;2079578.0;8;57177.0;5;0.778;4;FALSE;;0.797;0.929;58.2;0.0;217733.0;libre_inversion;TRUE
CAND-00126;19/01/24;41;M;1828478.0;27;90039.0;17;0.329;1;FALSE;;0.527;0.652;54.7;0.0;681946.0;libre_inversion;TRUE
CAND-02530;19/01/24;31;H;1926998.0;7;25321.0;3;0.319;1;TRUE;826.0;0.822;0.591;52.8;0.0;604250.0;avance_efectivo;TRUE
CAND-02092;19/01/24;23;M;1565621.0;2;30909.0;0;0.179;3;TRUE;629.0;0.735;0.79;47.9;0.0;727941.0;avance_efectivo;TRUE
CAND-00548;20/01/24;44;M;999741.0;8;32224.0;6;0.129;2;FALSE;;0.819;0.572;26.0;0.0;322504.0;avance_efectivo;TRUE
CAND-01577;20/01/24;48;NB;5067733.0;5;11301.0;0;0.474;1;TRUE;636.0;0.849;0.794;38.7;0.0;212460.0;libre_inversion;TRUE
CAND-00464;20/01/24;49;H;951447.0;38;31000.0;13;0.732;1;TRUE;646.0;0.907;0.805;47.1;0.0;271987.0;avance_efectivo;TRUE
CAND-01318;20/01/24;35;M;2953818.0;4;100959.0;5;0.406;1;FALSE;;0.491;0.79;45.6;0.0;1087071.0;libre_inversion;TRUE
CAND-01718;20/01/24;21;M;966353.0;7;19467.0;2;0.434;2;TRUE;699.0;0.253;0.436;51.6;0.0;743288.0;libre_inversion;TRUE
CAND-01505;20/01/24;50;H;1705210.0;10;51362.0;6;0.504;2;FALSE;;0.821;0.858;0.0;0.0;817972.0;compra_cartera;TRUE
CAND-01913;21/01/24;35;M;1367219.0;18;47772.0;5;0.28;1;FALSE;;0.528;0.936;27.8;0.0;494349.0;libre_inversion;TRUE
CAND-01064;21/01/24;41;H;657741.0;33;18086.0;11;0.188;4;TRUE;757.0;0.764;0.9;50.4;0.0;1043576.0;libre_inversion;TRUE
CAND-02277;21/01/24;18;M;1047296.0;16;92468.0;7;0.36;3;FALSE;;0.646;0.774;41.2;0.0;956865.0;compra_cartera;TRUE
CAND-00117;21/01/24;25;M;1271059.0;10;220068.0;10;0.834;2;FALSE;;0.514;0.961;72.3;0.0;589312.0;avance_efectivo;TRUE
CAND-02278;21/01/24;43;M;672419.0;12;7557.0;6;0.539;3;TRUE;600.0;0.878;0.761;37.6;0.0;1758103.0;libre_inversion;TRUE
CAND-00894;21/01/24;32;H;1158196.0;23;20346.0;12;0.428;1;FALSE;;0.915;;29.5;0.0;453290.0;libre_inversion;TRUE
CAND-02870;21/01/24;33;H;1854535.0;36;11595.0;19;0.874;2;FALSE;;0.692;0.273;53.5;0.0;1299470.0;libre_inversion;TRUE
CAND-01941;21/01/24;35;H;714783.0;3;23262.0;0;0.234;3;FALSE;;0.539;0.71;65.8;0.0;1143581.0;libre_inversion;TRUE
CAND-02629;21/01/24;40;H;1677233.0;7;64090.0;2;0.137;1;FALSE;;0.722;0.546;9.0;0.0;254482.0;libre_inversion;TRUE
CAND-02563;21/01/24;48;M;2077212.0;1;67751.0;2;0.259;1;FALSE;;0.734;0.83;71.5;0.0;454435.0;libre_inversion;TRUE
CAND-01742;22/01/24;40;M;873522.0;3;35284.0;2;0.525;2;TRUE;664.0;0.672;0.759;71.1;0.0;284622.0;avance_efectivo;TRUE
CAND-00235;22/01/24;37;M;665232.0;31;40533.0;11;0.328;3;TRUE;722.0;0.833;0.757;29.8;0.0;468167.0;avance_efectivo;TRUE
CAND-00728;22/01/24;59;M;1189606.0;2;25537.0;2;0.451;5;FALSE;;0.756;0.494;10.8;0.0;441672.0;avance_efectivo;TRUE
CAND-02793;22/01/24;31;H;821910.0;1;31059.0;0;0.523;2;TRUE;589.0;0.544;0.893;20.0;0.0;260273.0;libre_inversion;TRUE
CAND-01193;22/01/24;35;H;1124703.0;6;112530.0;3;0.411;2;FALSE;;0.809;0.58;68.6;0.0;512790.0;libre_inversion;TRUE
CAND-01181;22/01/24;24;M;1338393.0;60;52277.0;29;0.634;3;TRUE;765.0;0.721;0.843;38.5;0.0;294356.0;libre_inversion;TRUE
CAND-00702;22/01/24;27;H;1248957.0;3;63501.0;1;0.608;2;FALSE;;0.696;0.529;72.1;0.0;258305.0;libre_inversion;TRUE
CAND-00998;22/01/24;41;H;1159213.0;10;78287.0;5;0.29;1;FALSE;;0.74;0.706;60.1;9372.0;711870.0;compra_cartera;TRUE
CAND-02851;22/01/24;27;H;617089.0;3;15776.0;5;0.481;3;FALSE;;0.497;0.841;69.2;0.0;299428.0;libre_inversion;TRUE
CAND-02752;22/01/24;29;H;1301662.0;39;38988.0;21;0.214;2;FALSE;;;0.948;36.0;0.0;217855.0;libre_inversion;TRUE
CAND-00459;22/01/24;24;M;1055187.0;2;48464.0;1;0.645;1;TRUE;763.0;0.814;0.897;37.8;0.0;697947.0;avance_efectivo;TRUE
CAND-02236;23/01/24;35;M;1429056.0;6;62358.0;2;0.562;5;FALSE;;0.47;0.769;48.9;0.0;812024.0;compra_cartera;TRUE
CAND-00905;23/01/24;49;H;1271714.0;23;14884.0;7;0.319;2;TRUE;569.0;0.756;0.849;52.7;0.0;383965.0;compra_cartera;TRUE
CAND-00924;23/01/24;53;H;1111267.0;3;52328.0;0;0.203;1;FALSE;;0.848;;55.3;0.0;351986.0;libre_inversion;TRUE
CAND-02135;23/01/24;18;M;967718.0;1;111056.0;1;0.892;3;TRUE;790.0;0.877;0.741;22.8;0.0;495924.0;libre_inversion;TRUE
CAND-01722;23/01/24;47;M;2089462.0;19;46854.0;11;0.542;1;TRUE;689.0;0.84;0.882;36.4;0.0;183936.0;libre_inversion;TRUE
CAND-00601;23/01/24;50;M;1103020.0;13;60618.0;6;0.362;3;TRUE;709.0;0.675;0.854;73.9;0.0;931021.0;compra_cartera;TRUE
CAND-02388;23/01/24;59;H;1445602.0;1;118224.0;1;0.287;3;FALSE;;0.739;0.885;21.6;0.0;806283.0;avance_efectivo;TRUE
CAND-00684;23/01/24;20;H;1081946.0;6;25946.0;6;0.343;2;TRUE;519.0;0.539;0.622;40.7;0.0;1122878.0;compra_cartera;TRUE
CAND-00701;23/01/24;37;NB;1534001.0;1;56892.0;0;0.777;4;FALSE;;0.528;0.789;57.5;0.0;957581.0;libre_inversion;TRUE
CAND-01643;23/01/24;32;H;741942.0;3;49772.0;0;0.919;4;TRUE;728.0;0.809;0.565;32.3;0.0;999182.0;avance_efectivo;TRUE
CAND-00401;24/01/24;34;H;1131407.0;12;57708.0;10;0.31;3;FALSE;;0.645;0.824;79.2;0.0;1064252.0;libre_inversion;TRUE
CAND-00560;24/01/24;62;H;768970.0;9;25875.0;5;0.294;3;FALSE;;0.925;0.902;55.4;0.0;282080.0;compra_cartera;TRUE
CAND-01072;24/01/24;34;H;1153249.0;49;28091.0;30;0.473;3;FALSE;;0.959;0.811;69.8;0.0;780636.0;avance_efectivo;TRUE
CAND-01740;24/01/24;64;M;1047361.0;39;27970.0;25;0.669;3;FALSE;;0.849;0.95;49.6;0.0;449685.0;libre_inversion;TRUE
CAND-01177;24/01/24;37;H;1366853.0;14;71538.0;7;0.08;2;FALSE;;0.82;0.728;59.4;0.0;1700802.0;libre_inversion;TRUE
CAND-01115;24/01/24;23;H;1630435.0;15;10188.0;7;0.44;2;FALSE;;0.542;0.421;51.9;0.0;2007692.0;libre_inversion;TRUE
CAND-00275;24/01/24;55;M;1098130.0;2;24783.0;1;0.212;4;TRUE;640.0;0.759;0.715;49.6;0.0;523870.0;libre_inversion;TRUE
CAND-02911;24/01/24;38;H;1017976.0;14;23681.0;6;0.542;5;TRUE;629.0;0.572;0.823;50.3;0.0;187676.0;libre_inversion;TRUE
CAND-01908;24/01/24;28;NB;7.071.149.473.249.980;12;38792.0;10;0.082;2;FALSE;;0.832;0.79;79.0;0.0;531905.0;libre_inversion;TRUE
CAND-01399;24/01/24;41;M;1132945.0;13;67999.0;8;0.458;1;FALSE;;0.897;0.454;87.5;0.0;404117.0;compra_cartera;TRUE
CAND-01289;24/01/24;31;H;1350582.0;18;62256.0;9;0.147;4;TRUE;740.0;0.627;0.898;48.9;0.0;828215.0;compra_cartera;TRUE
CAND-00844;24/01/24;41;M;2307890.0;16;103463.0;8;0.018;2;FALSE;;0.774;0.848;82.0;0.0;442088.0;libre_inversion;TRUE
CAND-02631;24/01/24;43;NB;1217508.0;2;57105.0;0;0.671;4;FALSE;;;0.737;5.2;0.0;263690.0;avance_efectivo;TRUE
CAND-02818;24/01/24;45;H;1718829.0;28;88751.0;18;0.211;4;TRUE;663.0;0.893;0.747;65.8;0.0;435691.0;avance_efectivo;TRUE
CAND-00170;24/01/24;32;H;1265891.0;6;59710.0;1;0.352;1;FALSE;;0.733;0.812;56.1;0.0;606544.0;avance_efectivo;TRUE
CAND-00167;24/01/24;47;M;591296.0;1;126234.0;1;0.767;2;FALSE;;0.79;0.791;36.2;0.0;801977.0;avance_efectivo;TRUE
CAND-00150;24/01/24;41;H;1320751.0;1;90652.0;4;0.249;2;FALSE;;0.887;0.861;48.8;0.0;534313.0;compra_cartera;TRUE
CAND-00687;24/01/24;30;M;765412.0;25;56234.0;13;0.693;2;TRUE;652.0;0.472;0.51;45.4;0.0;1166990.0;libre_inversion;TRUE
CAND-02618;24/01/24;21;H;1138730.0;1;9150.0;0;0.19;1;TRUE;504.0;0.564;0.755;30.4;0.0;658664.0;compra_cartera;TRUE
CAND-00239;24/01/24;46;M;1450704.0;1;59741.0;0;0.568;1;FALSE;;0.835;0.51;26.2;0.0;2913766.0;avance_efectivo;TRUE
CAND-00233;24/01/24;20;M;537898.0;23;43305.0;10;0.337;1;TRUE;626.0;;0.89;39.5;0.0;2247786.0;libre_inversion;TRUE
CAND-01091;25/01/24;29;M;1729134.0;13;42239.0;5;0.325;2;TRUE;677.0;0.556;0.931;48.9;0.0;549671.0;libre_inversion;TRUE
CAND-01514;25/01/24;40;M;1186699.0;3;36841.0;0;0.441;1;FALSE;;0.823;0.878;30.7;0.0;764130.0;libre_inversion;TRUE
CAND-01949;25/01/24;22;M;1202908.0;30;22197.0;18;0.282;1;FALSE;;0.568;0.819;56.0;0.0;847575.0;libre_inversion;TRUE
CAND-00498;25/01/24;35;H;971227.0;13;65032.0;6;0.296;1;FALSE;;0.99;0.853;73.0;0.0;383181.0;libre_inversion;TRUE
CAND-01664;25/01/24;45;H;2246110.0;14;24347.0;15;0.323;2;FALSE;;0.801;0.733;63.2;0.0;378702.0;compra_cartera;TRUE
CAND-02682;25/01/24;18;M;523709.0;2;106438.0;1;0.513;1;TRUE;718.0;0.907;0.955;47.1;0.0;294253.0;avance_efectivo;TRUE
CAND-00918;25/01/24;28;H;518701.0;9;30941.0;3;0.767;4;TRUE;661.0;0.846;0.788;38.1;0.0;1100842.0;libre_inversion;TRUE
CAND-01836;25/01/24;35;M;1471471.0;7;10800.0;4;0.36;3;TRUE;620.0;0.722;0.692;46.9;0.0;587302.0;compra_cartera;TRUE
CAND-01932;25/01/24;36;H;1918563.0;2;167233.0;1;0.503;5;FALSE;;0.989;0.882;100.0;0.0;840652.0;avance_efectivo;TRUE
CAND-02766;25/01/24;27;M;824812.0;4;33677.0;2;0.763;3;TRUE;655.0;0.612;0.665;57.4;0.0;1239819.0;libre_inversion;TRUE
CAND-01262;26/01/24;44;M;499798.0;21;10367.0;9;0.12;3;FALSE;;0.632;0.744;62.6;0.0;410404.0;libre_inversion;TRUE
CAND-02624;26/01/24;23;M;1201486.0;2;81528.0;1;0.188;4;TRUE;695.0;0.893;;75.8;0.0;372672.0;compra_cartera;TRUE
CAND-01119;26/01/24;39;NB;2616872.0;4;32028.0;0;0.294;3;TRUE;563.0;0.753;0.915;48.6;0.0;587771.0;libre_inversion;TRUE
CAND-00514;26/01/24;27;H;2555872.0;8;48990.0;5;0.537;3;FALSE;;0.428;0.583;29.8;0.0;891177.0;compra_cartera;TRUE
CAND-02594;26/01/24;37;H;1649006.0;11;18431.0;5;0.216;2;TRUE;772.0;;0.751;31.3;0.0;693128.0;libre_inversion;TRUE
CAND-00432;26/01/24;37;M;2983023.0;19;194367.0;16;0.747;5;FALSE;;0.477;0.897;62.6;0.0;325455.0;compra_cartera;TRUE
CAND-01139;26/01/24;41;H;1189412.0;7;84525.0;1;0.312;4;TRUE;658.0;0.862;0.911;45.3;0.0;1297243.0;libre_inversion;TRUE
CAND-01542;26/01/24;38;M;553176.0;20;49215.0;13;0.124;4;FALSE;;0.774;0.86;63.4;0.0;626184.0;avance_efectivo;TRUE
CAND-00691;26/01/24;45;M;1109146.0;16;72439.0;7;0.009;2;FALSE;;0.859;;59.9;0.0;439082.0;libre_inversion;TRUE
CAND-00042;26/01/24;27;H;1668358.0;10;9732.0;5;0.387;2;TRUE;626.0;0.674;0.588;42.1;0.0;494841.0;libre_inversion;TRUE
CAND-01825;26/01/24;42;H;1370527.0;1;53489.0;2;0.557;2;FALSE;;0.563;0.944;43.5;0.0;876099.0;compra_cartera;TRUE
CAND-02451;26/01/24;25;M;1371954.0;54;110366.0;27;0.316;4;FALSE;;0.934;0.992;72.9;0.0;613199.0;libre_inversion;TRUE
CAND-00407;26/01/24;22;H;1408056.0;29;68170.0;16;0.238;2;FALSE;;0.697;0.799;39.8;0.0;193416.0;avance_efectivo;TRUE
CAND-01061;26/01/24;24;NB;501315.0;1;33001.0;0;0.273;3;TRUE;617.0;0.873;0.694;68.2;0.0;601989.0;libre_inversion;TRUE
CAND-02969;26/01/24;32;M;1440964.0;7;30117.0;5;0.432;3;FALSE;;0.717;0.671;52.4;0.0;226273.0;libre_inversion;TRUE
CAND-02649;26/01/24;20;M;1651273.0;21;127701.0;13;0.536;3;FALSE;;0.828;0.758;71.8;0.0;652799.0;compra_cartera;TRUE
CAND-00631;26/01/24;23;M;1276693.0;3;40258.0;0;0.3;5;TRUE;660.0;0.618;0.848;88.3;0.0;312967.0;libre_inversion;TRUE
CAND-01604;27/01/24;18;M;921708.0;5;66678.0;2;0.434;5;TRUE;606.0;0.499;0.943;44.5;0.0;687735.0;libre_inversion;TRUE
CAND-01547;27/01/24;27;M;967475.0;18;45750.0;9;0.519;1;TRUE;699.0;0.59;0.73;55.8;0.0;589804.0;compra_cartera;TRUE
CAND-01211;27/01/24;45;NB;1750904.0;23;49754.0;12;0.48;1;FALSE;;0.634;0.778;27.7;0.0;795381.0;libre_inversion;TRUE
CAND-02364;27/01/24;37;M;1116592.0;9;22934.0;4;0.557;1;TRUE;561.0;0.709;0.721;46.0;0.0;705865.0;avance_efectivo;TRUE
CAND-02504;27/01/24;25;M;1505766.0;6;132632.0;3;0.197;2;FALSE;;0.627;0.782;21.3;0.0;137085.0;libre_inversion;TRUE
CAND-00640;27/01/24;31;M;1004085.0;11;75193.0;7;0.34;1;FALSE;;0.649;0.689;33.3;0.0;478045.0;libre_inversion;TRUE
CAND-02978;27/01/24;18;M;1073857.0;3;21371.0;0;0.53;3;FALSE;;;0.652;65.4;0.0;1466113.0;avance_efectivo;TRUE
CAND-02300;27/01/24;32;H;805738.0;5;44681.0;3;0.119;1;FALSE;;0.682;0.79;59.7;0.0;1099851.0;avance_efectivo;TRUE
CAND-01215;27/01/24;40;M;1460438.0;18;24797.0;7;0.204;3;FALSE;;0.801;0.825;36.2;0.0;473313.0;libre_inversion;TRUE
CAND-01998;28/01/24;26;M;1975132.0;18;17411.0;7;0.388;2;FALSE;;0.914;0.605;41.0;0.0;602002.0;compra_cartera;TRUE
CAND-01364;28/01/24;30;H;1051707.0;29;34244.0;15;0.333;2;FALSE;;0.797;0.748;40.4;0.0;753072.0;libre_inversion;TRUE
CAND-00633;28/01/24;33;H;1088796.0;6;12148.0;2;0.455;4;TRUE;637.0;;0.95;54.8;0.0;644106.0;compra_cartera;TRUE
CAND-01453;28/01/24;21;M;880172.0;10;20363.0;3;0.172;3;TRUE;674.0;0.619;0.708;41.0;0.0;664906.0;libre_inversion;TRUE
CAND-02728;28/01/24;27;M;14.990.568.150.977.100;7;15880.0;7;0.35;2;FALSE;;0.713;0.742;28.7;0.0;346497.0;compra_cartera;TRUE
CAND-01632;28/01/24;40;H;3013413.0;3;35817.0;2;0.345;2;FALSE;;0.863;0.803;33.4;0.0;1135986.0;libre_inversion;TRUE
CAND-00710;28/01/24;37;M;3406301.0;25;15231.0;8;0.641;1;FALSE;;0.956;0.782;52.6;9438.0;353407.0;compra_cartera;TRUE
CAND-01068;28/01/24;34;NB;1504389.0;7;82103.0;2;0.482;1;TRUE;613.0;0.519;0.84;15.5;0.0;416901.0;libre_inversion;TRUE
CAND-02474;28/01/24;38;H;985750.0;3;73885.0;2;0.134;1;TRUE;774.0;0.98;0.9;84.9;0.0;705899.0;avance_efectivo;TRUE
CAND-01094;28/01/24;37;H;1153027.0;1;10765.0;1;0.277;2;FALSE;;0.705;;14.1;0.0;887525.0;libre_inversion;TRUE
CAND-02438;28/01/24;43;H;2041466.0;1;11392.0;2;0.422;3;TRUE;678.0;0.633;0.486;47.5;0.0;1635243.0;libre_inversion;TRUE
CAND-02565;28/01/24;29;M;1156135.0;1;73626.0;1;0.14;4;FALSE;;0.593;0.71;22.5;0.0;565850.0;libre_inversion;TRUE
CAND-02289;28/01/24;29;M;900777.0;60;87822.0;49;0.248;2;FALSE;;0.613;0.942;30.0;0.0;330009.0;libre_inversion;TRUE
CAND-01955;29/01/24;26;M;1012692.0;3;35192.0;3;0.448;2;FALSE;;;0.692;34.9;0.0;199480.0;libre_inversion;TRUE
CAND-02889;29/01/24;18;M;1360310.0;10;77967.0;7;0.325;1;FALSE;;0.78;0.883;63.1;0.0;1329239.0;libre_inversion;TRUE
CAND-02031;29/01/24;21;H;728445.0;39;10918.0;24;0.756;1;TRUE;653.0;0.684;0.828;82.9;22760.0;277899.0;libre_inversion;TRUE
CAND-01606;29/01/24;30;H;504910.0;24;51349.0;15;0.72;3;FALSE;;0.865;0.469;59.3;0.0;6258154.0;avance_efectivo;TRUE
CAND-00564;29/01/24;34;H;1260711.0;7;24582.0;2;0.441;2;TRUE;606.0;0.853;0.817;82.8;0.0;320933.0;libre_inversion;TRUE
CAND-01778;29/01/24;36;M;3629436.0;6;9597.0;4;0.583;2;FALSE;;0.775;0.808;76.0;0.0;463565.0;avance_efectivo;TRUE
CAND-02469;29/01/24;48;H;1858497.0;12;54668.0;3;0.144;3;TRUE;560.0;0.6;0.78;59.2;0.0;550368.0;compra_cartera;TRUE
CAND-02483;29/01/24;42;M;566366.0;2;76847.0;0;0.273;1;FALSE;;0.775;;29.3;0.0;923199.0;avance_efectivo;TRUE
CAND-02498;29/01/24;18;M;1435147.0;20;51235.0;11;0.51;1;TRUE;595.0;0.743;0.721;58.5;0.0;838222.0;libre_inversion;TRUE
CAND-00930;29/01/24;18;H;1005836.0;1;1902.0;1;0.537;4;TRUE;655.0;0.774;0.928;41.1;0.0;949668.0;libre_inversion;TRUE
CAND-00166;29/01/24;38;M;570395.0;38;24792.0;14;0.797;5;FALSE;;0.84;0.427;47.2;0.0;245263.0;avance_efectivo;TRUE
CAND-00750;29/01/24;38;M;24.123.345.785.788.900;34;71303.0;26;0.497;4;TRUE;648.0;0.594;0.715;41.4;0.0;987838.0;libre_inversion;TRUE
CAND-01384;30/01/24;29;M;1275188.0;3;38475.0;1;0.419;3;FALSE;;0.889;0.98;33.6;0.0;493048.0;avance_efectivo;TRUE
CAND-02575;30/01/24;32;M;1132839.0;7;36672.0;3;0.186;5;TRUE;577.0;0.908;0.917;83.5;0.0;841578.0;libre_inversion;TRUE
CAND-01574;30/01/24;36;H;1141902.0;1;18513.0;2;0.273;1;FALSE;;0.934;0.832;35.6;0.0;258302.0;libre_inversion;TRUE
CAND-02227;30/01/24;49;H;724774.0;7;121464.0;0;0.766;1;TRUE;749.0;0.754;0.657;35.5;0.0;917834.0;compra_cartera;TRUE
CAND-02758;30/01/24;18;M;1731439.0;7;34847.0;2;0.526;1;TRUE;651.0;0.44;0.811;76.8;0.0;486880.0;compra_cartera;TRUE
CAND-01572;30/01/24;40;H;1167020.0;9;54237.0;8;0.405;3;FALSE;;0.821;0.634;49.2;0.0;1157169.0;compra_cartera;TRUE
CAND-02787;30/01/24;23;M;921605.0;9;71303.0;5;0.405;1;TRUE;518.0;0.846;0.819;63.0;0.0;1068342.0;libre_inversion;TRUE
CAND-02077;30/01/24;34;M;1464885.0;18;42552.0;12;0.509;5;FALSE;;0.593;0.376;60.0;0.0;316934.0;libre_inversion;TRUE
CAND-02155;30/01/24;25;M;366949.0;1;77258.0;1;0.711;3;FALSE;;0.798;0.745;80.8;0.0;656674.0;libre_inversion;TRUE
CAND-01875;30/01/24;43;M;817177.0;31;15703.0;17;0.26;1;TRUE;685.0;0.633;0.761;63.0;0.0;900489.0;libre_inversion;TRUE
CAND-01919;30/01/24;35;H;1116560.0;9;106332.0;1;0.423;4;TRUE;591.0;0.922;0.7;45.2;0.0;457878.0;libre_inversion;TRUE
CAND-01972;30/01/24;18;NB;1334995.0;23;85201.0;12;0.277;1;FALSE;;0.883;0.802;44.2;0.0;735544.0;avance_efectivo;TRUE
CAND-01287;30/01/24;20;H;907509.0;7;30457.0;3;0.457;1;FALSE;;;0.727;23.8;0.0;1144475.0;compra_cartera;TRUE
CAND-00793;30/01/24;44;M;1263604.0;1;122627.0;1;0.238;3;FALSE;;0.646;0.343;67.0;0.0;755007.0;libre_inversion;TRUE
CAND-00811;31/01/24;56;H;1006949.0;5;58096.0;3;0.87;4;TRUE;779.0;0.735;0.695;90.4;0.0;854917.0;libre_inversion;TRUE
CAND-00655;31/01/24;55;H;2435177.0;1;15852.0;1;0.921;2;FALSE;;0.532;0.72;27.2;0.0;450961.0;libre_inversion;TRUE
CAND-02586;31/01/24;32;H;1098377.0;1;6189.0;0;0.161;5;FALSE;;0.947;0.876;38.0;0.0;550482.0;avance_efectivo;TRUE
CAND-02026;31/01/24;52;H;1330979.0;3;6759.0;0;0.401;4;FALSE;;0.931;0.754;90.4;0.0;1077124.0;libre_inversion;TRUE
CAND-02744;31/01/24;32;NB;1966398.0;42;55690.0;22;0.751;1;FALSE;;0.83;0.508;52.2;0.0;387480.0;libre_inversion;TRUE
CAND-02114;31/01/24;23;H;1327452.0;3;40572.0;3;0.432;2;FALSE;;0.93;0.824;59.1;0.0;807728.0;libre_inversion;TRUE
CAND-01917;31/01/24;34;NB;1279717.0;2;62409.0;2;0.24;1;TRUE;568.0;0.782;0.74;35.3;0.0;780985.0;libre_inversion;TRUE
CAND-00303;31/01/24;36;H;1334280.0;3;34022.0;2;0.641;4;FALSE;;0.749;0.685;60.5;0.0;649421.0;libre_inversion;TRUE
CAND-01534;31/01/24;50;H;980869.0;2;40069.0;0;0.266;3;FALSE;;0.885;0.594;57.4;0.0;478810.0;libre_inversion;TRUE
CAND-02064;31/01/24;29;M;1454396.0;26;17375.0;10;0.489;1;FALSE;;0.795;0.826;51.1;0.0;219442.0;libre_inversion;TRUE
CAND-00051;31/01/24;40;H;1045590.0;11;103410.0;4;0.737;2;TRUE;710.0;0.723;0.957;60.8;0.0;918846.0;compra_cartera;TRUE
CAND-00679;31/01/24;44;M;2546707.0;8;27849.0;7;0.525;4;TRUE;586.0;;0.65;44.6;0.0;1023638.0;libre_inversion;TRUE
CAND-02999;1/02/24;46;M;564368.0;1;14229.0;1;0.455;5;FALSE;;0.946;0.877;46.5;0.0;503161.0;libre_inversion;TRUE
CAND-00435;1/02/24;41;M;689760.0;60;44060.0;28;0.352;4;FALSE;;0.787;0.93;56.3;0.0;410020.0;libre_inversion;TRUE
CAND-00140;1/02/24;32;M;1127720.0;1;153227.0;0;0.435;2;TRUE;834.0;0.792;0.972;44.2;0.0;469120.0;libre_inversion;TRUE
CAND-01857;1/02/24;21;H;906332.0;8;81963.0;7;0.195;3;FALSE;;0.752;0.864;42.6;0.0;567544.0;avance_efectivo;TRUE
CAND-01531;1/02/24;43;M;2198253.0;9;34123.0;1;0.242;3;FALSE;;0.729;0.624;43.0;0.0;879947.0;compra_cartera;TRUE
CAND-01095;1/02/24;18;H;832173.0;5;117264.0;4;0.194;1;FALSE;;;0.538;64.8;0.0;571045.0;compra_cartera;TRUE
CAND-01348;1/02/24;26;H;887475.0;19;72867.0;11;0.355;3;FALSE;;;0.88;76.4;0.0;477744.0;libre_inversion;TRUE
CAND-00261;1/02/24;42;M;1178373.0;37;91232.0;13;0.322;3;FALSE;;;0.669;55.2;0.0;548023.0;libre_inversion;TRUE
CAND-00205;2/02/24;18;H;1183517.0;3;72726.0;1;0.562;1;FALSE;;0.754;0.753;31.5;0.0;748169.0;libre_inversion;TRUE
CAND-01541;2/02/24;20;H;2830060.0;3;36548.0;1;0.29;3;FALSE;;0.662;0.633;23.0;0.0;715717.0;libre_inversion;TRUE
CAND-01344;2/02/24;45;H;695637.0;9;30134.0;3;0.403;1;TRUE;702.0;0.666;0.563;35.9;0.0;475558.0;libre_inversion;TRUE
CAND-00738;2/02/24;36;H;849912.0;2;51393.0;2;0.365;2;FALSE;;0.914;0.83;56.6;0.0;625583.0;avance_efectivo;TRUE
CAND-02358;2/02/24;49;M;965800.0;1;79229.0;1;0.121;2;FALSE;;0.877;0.672;70.2;0.0;4169261.0;compra_cartera;TRUE
CAND-00256;2/02/24;26;H;1488905.0;5;98380.0;1;0.252;2;FALSE;;0.581;0.845;51.3;0.0;323114.0;avance_efectivo;TRUE
CAND-00061;2/02/24;34;M;820584.0;17;33712.0;13;0.548;5;FALSE;;0.675;;75.2;0.0;543062.0;libre_inversion;TRUE
CAND-01884;2/02/24;28;H;2096420.0;18;43289.0;5;0.216;1;TRUE;656.0;0.963;0.793;0.0;0.0;268859.0;libre_inversion;TRUE
CAND-00427;2/02/24;40;H;1240173.0;34;73520.0;19;0.725;5;TRUE;414.0;0.71;0.798;48.2;0.0;378227.0;libre_inversion;TRUE
CAND-00118;2/02/24;43;H;827288.0;21;13576.0;9;0.261;2;FALSE;;0.715;0.845;68.2;0.0;806852.0;libre_inversion;TRUE
CAND-02753;2/02/24;18;M;1156813.0;12;50298.0;4;0.593;3;FALSE;;0.74;0.883;36.9;0.0;941162.0;libre_inversion;TRUE
CAND-01827;3/02/24;50;H;1200909.0;9;37628.0;4;0.323;1;TRUE;751.0;0.886;0.951;62.4;0.0;535727.0;compra_cartera;TRUE
CAND-00395;3/02/24;25;M;894810.0;1;19103.0;3;0.268;3;FALSE;;0.9;0.888;50.1;0.0;971532.0;compra_cartera;TRUE
CAND-01811;3/02/24;18;H;628937.0;1;16132.0;1;0.327;2;FALSE;;0.803;0.683;25.7;0.0;631879.0;compra_cartera;TRUE
CAND-01675;3/02/24;41;M;1703501.0;21;21212.0;6;0.365;5;TRUE;422.0;0.825;0.745;57.9;0.0;1530766.0;libre_inversion;TRUE
CAND-02854;3/02/24;39;M;2290483.0;11;25538.0;3;0.578;2;FALSE;;0.742;0.74;74.7;0.0;624232.0;avance_efectivo;TRUE
CAND-01737;3/02/24;33;M;867764.0;30;45963.0;18;0.453;4;FALSE;;0.789;0.92;47.6;0.0;484348.0;avance_efectivo;TRUE
CAND-02302;3/02/24;30;H;1464200.0;20;90950.0;9;0.219;2;FALSE;;0.504;0.764;2.9;0.0;1047863.0;libre_inversion;TRUE
CAND-00758;3/02/24;43;H;1535537.0;18;48642.0;12;0.571;1;FALSE;;0.642;0.958;46.0;0.0;752756.0;avance_efectivo;TRUE
CAND-01960;3/02/24;29;H;1130262.0;3;80956.0;2;0.135;1;FALSE;;0.792;0.808;23.3;0.0;720236.0;libre_inversion;TRUE
CAND-01388;3/02/24;25;M;1241479.0;3;20727.0;0;0.615;4;TRUE;606.0;0.875;0.468;27.5;0.0;841599.0;avance_efectivo;TRUE
CAND-02303;3/02/24;36;M;856935.0;20;72002.0;14;0.552;2;TRUE;663.0;0.84;0.687;79.6;0.0;488632.0;libre_inversion;TRUE
CAND-02686;3/02/24;58;H;1241184.0;13;23937.0;11;0.502;4;FALSE;;;0.864;34.9;0.0;783115.0;libre_inversion;FALSE
CAND-01138;3/02/24;35;H;2201440.0;1;21822.0;0;0.387;5;FALSE;;;0.979;38.8;0.0;1137.0;avance_efectivo;TRUE
CAND-02145;3/02/24;33;H;493267.0;11;67438.0;10;0.184;2;TRUE;641.0;0.908;0.751;23.4;0.0;2171050.0;libre_inversion;TRUE
CAND-02621;4/02/24;29;M;891833.0;15;138126.0;6;0.421;3;FALSE;;0.883;0.773;59.3;0.0;298833.0;avance_efectivo;TRUE
CAND-02506;4/02/24;23;M;821008.0;5;13978.0;4;0.345;1;TRUE;834.0;;0.846;47.4;0.0;853972.0;avance_efectivo;TRUE
CAND-02810;4/02/24;39;M;1712911.0;6;79204.0;6;0.621;2;FALSE;;0.81;0.521;71.2;0.0;920535.0;compra_cartera;TRUE
CAND-02828;4/02/24;27;M;1282490.0;6;63812.0;2;0.408;1;TRUE;709.0;0.618;0.48;46.4;0.0;286083.0;compra_cartera;TRUE
CAND-00911;4/02/24;30;M;1110220.0;20;152522.0;7;0.137;2;FALSE;;0.855;0.819;7.6;0.0;316548.0;libre_inversion;TRUE
CAND-02244;4/02/24;49;M;2947057.0;4;95608.0;0;0.492;1;FALSE;;0.573;0.811;66.1;0.0;245834.0;libre_inversion;TRUE
CAND-00393;4/02/24;49;H;1001400.0;5;65256.0;3;0.487;1;TRUE;793.0;0.63;0.881;68.0;0.0;1485432.0;avance_efectivo;TRUE
CAND-02872;4/02/24;40;H;928731.0;37;54666.0;25;0.219;1;FALSE;;0.676;0.637;65.8;0.0;519805.0;libre_inversion;TRUE
CAND-02115;5/02/24;29;H;616052.0;11;66651.0;3;0.545;1;FALSE;;0.763;0.403;73.1;0.0;1126269.0;libre_inversion;TRUE
CAND-02601;5/02/24;40;H;1344254.0;3;78198.0;0;0.146;2;FALSE;;0.655;0.718;58.1;0.0;276324.0;compra_cartera;TRUE
CAND-00954;5/02/24;46;H;1479238.0;1;70233.0;1;0.064;1;TRUE;634.0;0.775;0.881;51.4;0.0;415602.0;avance_efectivo;TRUE
CAND-01248;5/02/24;23;M;1706046.0;8;29455.0;1;0.536;1;TRUE;660.0;0.818;0.969;60.6;0.0;414021.0;libre_inversion;TRUE
CAND-02146;5/02/24;43;M;1175222.0;9;37619.0;2;0.315;1;FALSE;;0.514;0.96;28.6;0.0;552924.0;avance_efectivo;TRUE
CAND-01237;5/02/24;46;H;3826359.0;9;222076.0;3;0.773;2;TRUE;755.0;0.671;0.721;37.2;0.0;1384522.0;libre_inversion;TRUE
CAND-00104;5/02/24;30;H;766707.0;14;60660.0;3;0.142;2;FALSE;;0.854;0.565;38.8;0.0;327689.0;libre_inversion;TRUE
CAND-02768;5/02/24;44;NB;1161291.0;31;27322.0;10;0.675;4;TRUE;636.0;0.592;0.632;42.5;0.0;967022.0;libre_inversion;TRUE
CAND-00119;5/02/24;28;M;1155765.0;1;32006.0;2;0.654;1;TRUE;620.0;0.801;0.803;80.6;0.0;739313.0;libre_inversion;TRUE
CAND-02330;5/02/24;51;M;790041.0;3;24562.0;1;0.166;1;TRUE;606.0;0.845;0.71;51.8;0.0;503515.0;compra_cartera;TRUE
CAND-00420;5/02/24;34;M;761243.0;7;120259.0;2;0.173;2;TRUE;718.0;0.91;0.228;29.5;0.0;442157.0;libre_inversion;TRUE
CAND-00677;5/02/24;37;NB;823211.0;13;44216.0;8;0.111;2;FALSE;;0.636;0.828;50.5;0.0;1102581.0;libre_inversion;TRUE
CAND-02059;5/02/24;41;H;3335105.0;11;26599.0;11;0.799;4;FALSE;;0.905;;32.9;0.0;365725.0;libre_inversion;TRUE
CAND-01809;6/02/24;36;M;827932.0;1;40535.0;2;0.402;3;FALSE;;0.686;;5.4;0.0;483449.0;avance_efectivo;TRUE
CAND-02399;6/02/24;24;H;1472346.0;1;12647.0;0;0.519;4;FALSE;;0.777;0.611;48.1;0.0;523554.0;avance_efectivo;TRUE
CAND-00913;6/02/24;36;H;1959834.0;3;84630.0;0;0.144;2;FALSE;;0.724;0.464;61.2;0.0;170882.0;libre_inversion;TRUE
CAND-00948;6/02/24;22;M;1050307.0;7;86407.0;2;0.218;3;FALSE;;0.647;0.866;67.6;0.0;394335.0;compra_cartera;TRUE
CAND-01089;6/02/24;36;H;1544900.0;15;44057.0;6;0.113;4;FALSE;;0.755;0.678;30.2;0.0;1272016.0;avance_efectivo;TRUE
CAND-00028;6/02/24;31;H;727734.0;6;46253.0;1;0.105;1;FALSE;;0.819;0.814;56.8;0.0;660848.0;libre_inversion;FALSE
CAND-01421;6/02/24;20;M;1629917.0;2;27338.0;0;0.133;3;TRUE;552.0;0.826;0.9;67.4;0.0;1726450.0;libre_inversion;TRUE
CAND-00984;6/02/24;47;M;1836328.0;17;39995.0;8;0.264;3;FALSE;;0.927;0.923;54.5;0.0;865760.0;avance_efectivo;TRUE
CAND-02425;7/02/24;39;H;949999.0;3;106502.0;1;0.267;2;TRUE;557.0;0.74;0.786;44.4;0.0;360547.0;libre_inversion;TRUE
CAND-02821;7/02/24;38;M;1441550.0;30;47464.0;18;0.309;3;TRUE;748.0;0.617;0.363;42.9;0.0;322148.0;avance_efectivo;TRUE
CAND-01419;7/02/24;45;M;363605.0;3;20490.0;2;0.344;1;FALSE;;0.724;0.74;72.9;0.0;370474.0;compra_cartera;TRUE
CAND-02609;7/02/24;34;M;2076650.0;1;15469.0;2;0.585;3;FALSE;;0.877;0.612;65.2;0.0;1631202.0;libre_inversion;TRUE
CAND-01377;7/02/24;37;M;1973990.0;11;37282.0;8;0.343;1;FALSE;;0.56;0.721;48.8;0.0;528328.0;libre_inversion;TRUE
CAND-00947;7/02/24;18;H;1115995.0;45;67068.0;28;0.852;3;FALSE;;0.578;0.452;63.8;0.0;1085250.0;avance_efectivo;TRUE
CAND-02913;7/02/24;23;M;678235.0;30;81205.0;18;0.748;3;FALSE;;0.854;0.673;76.9;0.0;1571108.0;libre_inversion;TRUE
CAND-02132;7/02/24;28;M;2118975.0;30;5875.0;15;0.43;4;FALSE;;;0.627;25.8;0.0;555999.0;compra_cartera;TRUE
CAND-01555;7/02/24;21;H;1490898.0;3;80541.0;3;0.375;3;TRUE;756.0;0.526;0.921;47.7;0.0;1292514.0;libre_inversion;TRUE
CAND-01028;7/02/24;29;H;1044887.0;1;22753.0;1;0.524;5;FALSE;;0.895;0.614;35.0;0.0;632642.0;avance_efectivo;TRUE
CAND-02305;7/02/24;64;H;1188267.0;2;85936.0;0;0.345;1;FALSE;;0.774;0.861;8.1;0.0;1740419.0;compra_cartera;TRUE
CAND-01702;8/02/24;28;H;1049558.0;2;31517.0;4;0.622;2;FALSE;;0.737;0.828;53.2;0.0;1660852.0;compra_cartera;TRUE
CAND-02620;8/02/24;29;M;550643.0;9;15270.0;7;0.505;1;FALSE;;0.332;0.833;65.6;0.0;266186.0;libre_inversion;TRUE
CAND-02909;8/02/24;44;H;561647.0;5;56418.0;0;0.108;3;FALSE;;0.87;0.607;37.7;0.0;246966.0;libre_inversion;TRUE
CAND-00828;8/02/24;31;H;2008844.0;26;38412.0;11;0.263;1;FALSE;;0.888;0.646;45.3;0.0;275161.0;compra_cartera;TRUE
CAND-02082;8/02/24;39;H;1559578.0;14;17532.0;7;0.51;2;FALSE;;0.701;0.472;39.8;0.0;340619.0;libre_inversion;TRUE
CAND-02505;8/02/24;54;M;668387.0;1;15372.0;3;0.263;4;TRUE;743.0;0.713;0.68;53.2;17373.0;943167.0;compra_cartera;TRUE
CAND-02472;8/02/24;42;NB;741790.0;4;33845.0;4;0.316;2;TRUE;693.0;0.848;0.783;39.3;0.0;352115.0;libre_inversion;TRUE
CAND-00698;8/02/24;29;M;2268313.0;35;59487.0;17;0.432;3;FALSE;;0.688;0.763;67.6;0.0;305753.0;compra_cartera;TRUE
CAND-02922;8/02/24;43;M;1210211.0;19;52154.0;14;0.38;3;FALSE;;0.963;0.507;0.0;0.0;703121.0;libre_inversion;TRUE
CAND-02233;8/02/24;35;H;878105.0;22;17412.0;7;0.39;5;FALSE;;0.677;0.791;49.9;0.0;726576.0;avance_efectivo;TRUE
CAND-01689;8/02/24;32;H;918401.0;15;69581.0;7;0.549;2;FALSE;;0.613;0.905;47.8;0.0;673992.0;avance_efectivo;TRUE
CAND-01018;8/02/24;36;H;1607366.0;1;4684.0;1;0.179;1;TRUE;557.0;0.888;0.71;63.2;0.0;542157.0;avance_efectivo;TRUE
CAND-02440;8/02/24;21;H;1130763.0;27;14915.0;16;0.182;3;TRUE;655.0;0.907;0.809;34.6;0.0;1114562.0;libre_inversion;TRUE
CAND-02045;8/02/24;22;H;2448945.0;11;95244.0;7;0.639;2;TRUE;672.0;0.222;0.734;49.6;0.0;847771.0;libre_inversion;TRUE
CAND-01309;8/02/24;47;H;460069.0;14;26236.0;7;0.072;4;TRUE;669.0;0.877;0.766;56.6;0.0;282194.0;libre_inversion;TRUE
CAND-02387;8/02/24;18;M;2897640.0;20;58187.0;8;0.237;2;FALSE;;0.636;0.8;72.4;0.0;291429.0;libre_inversion;TRUE
CAND-01988;8/02/24;32;M;1635008.0;4;55556.0;1;0.381;2;FALSE;;0.934;0.606;45.3;0.0;876901.0;compra_cartera;TRUE
CAND-00559;9/02/24;18;M;1585920.0;1;77474.0;1;0.45;3;FALSE;;0.814;0.536;18.6;0.0;402943.0;libre_inversion;TRUE
CAND-00777;9/02/24;39;H;1526229.0;3;8223.0;2;0.06;1;TRUE;576.0;0.831;0.838;0.6;0.0;1347185.0;libre_inversion;TRUE
CAND-00975;9/02/24;33;M;1935975.0;20;57606.0;10;0.336;3;FALSE;;0.582;0.921;71.6;0.0;953484.0;avance_efectivo;TRUE
CAND-01458;9/02/24;43;M;1288846.0;1;99210.0;1;0.258;5;FALSE;;0.681;0.537;86.7;0.0;765846.0;avance_efectivo;TRUE
CAND-00656;9/02/24;41;M;2389007.0;11;32681.0;4;0.289;4;TRUE;688.0;0.562;0.836;52.1;0.0;440936.0;libre_inversion;TRUE
CAND-00371;9/02/24;45;H;1731691.0;3;24523.0;0;0.62;1;FALSE;;0.897;0.765;55.3;0.0;305788.0;compra_cartera;TRUE
CAND-00416;9/02/24;31;M;1759302.0;3;30940.0;3;0.3;2;TRUE;586.0;0.528;0.686;39.0;0.0;1296364.0;libre_inversion;TRUE
CAND-00325;9/02/24;27;H;989078.0;29;66159.0;16;0.16;4;FALSE;;0.819;0.717;43.1;0.0;1084982.0;avance_efectivo;TRUE
CAND-02614;9/02/24;41;H;1091562.0;5;9203.0;2;0.624;2;FALSE;;0.573;0.781;84.2;0.0;1032227.0;avance_efectivo;TRUE
CAND-00255;9/02/24;54;M;1858923.0;32;66416.0;22;0.419;1;TRUE;760.0;0.68;0.724;39.9;0.0;430924.0;libre_inversion;TRUE
CAND-00414;9/02/24;55;H;530025.0;10;26597.0;5;0.11;2;TRUE;669.0;0.718;0.625;63.8;0.0;632542.0;libre_inversion;TRUE
CAND-01655;10/02/24;37;M;638022.0;7;32950.0;2;0.41;2;FALSE;;0.879;0.817;96.6;0.0;454689.0;libre_inversion;TRUE
CAND-00874;10/02/24;48;M;1906762.0;2;84055.0;1;0.417;4;FALSE;;0.623;0.69;14.8;0.0;661913.0;avance_efectivo;TRUE
CAND-01086;10/02/24;33;M;1217763.0;14;32736.0;8;0.824;3;TRUE;504.0;0.624;0.788;51.5;0.0;841716.0;libre_inversion;TRUE
CAND-01973;10/02/24;52;M;1117831.0;3;40162.0;2;0.299;3;TRUE;610.0;0.732;0.616;77.9;0.0;262783.0;libre_inversion;TRUE
CAND-02460;10/02/24;31;M;786884.0;5;7117.0;0;0.797;1;FALSE;;0.718;0.516;42.4;0.0;518880.0;libre_inversion;TRUE
CAND-01517;10/02/24;22;M;1652998.0;3;35380.0;3;0.502;3;FALSE;;0.542;0.882;40.6;0.0;428874.0;compra_cartera;TRUE
CAND-01447;10/02/24;30;H;754315.0;12;33190.0;9;0.71;2;TRUE;746.0;0.635;0.839;59.5;0.0;543664.0;libre_inversion;TRUE
CAND-00836;10/02/24;46;H;1168947.0;3;26316.0;2;0.122;2;FALSE;;0.525;0.666;44.8;0.0;494229.0;libre_inversion;TRUE
CAND-02623;10/02/24;35;H;1018663.0;20;35636.0;4;0.287;1;FALSE;;0.42;0.585;40.1;0.0;1041278.0;compra_cartera;TRUE
CAND-02863;10/02/24;54;H;1560956.0;29;40050.0;14;0.393;5;FALSE;;0.588;0.735;92.8;0.0;1179653.0;compra_cartera;TRUE
CAND-00383;10/02/24;44;H;754927.0;3;54494.0;1;0.448;3;TRUE;644.0;0.747;0.749;45.0;0.0;937948.0;libre_inversion;TRUE
CAND-02184;10/02/24;27;H;1181641.0;18;37149.0;12;0.397;1;FALSE;;0.886;0.729;41.0;0.0;485986.0;avance_efectivo;TRUE
CAND-02166;10/02/24;31;M;1828991.0;10;147232.0;4;0.434;2;TRUE;644.0;0.874;0.564;57.9;0.0;1406999.0;compra_cartera;TRUE
CAND-02002;10/02/24;29;H;1854768.0;3;42371.0;1;0.443;4;FALSE;;0.738;0.826;19.5;0.0;1006126.0;avance_efectivo;TRUE
CAND-00456;10/02/24;56;M;1058541.0;8;21510.0;5;0.115;1;TRUE;627.0;0.778;0.674;94.9;0.0;1254756.0;libre_inversion;TRUE
CAND-02734;10/02/24;37;H;1925809.0;6;2200.0;6;0.333;1;TRUE;649.0;0.671;0.945;74.3;0.0;1164668.0;libre_inversion;TRUE
CAND-02551;10/02/24;42;H;878605.0;18;42290.0;7;0.37;2;TRUE;523.0;0.754;0.91;80.5;0.0;951490.0;libre_inversion;TRUE
CAND-00209;10/02/24;46;M;1248566.0;18;18970.0;4;0.429;2;FALSE;;0.568;0.53;80.6;0.0;1200772.0;compra_cartera;TRUE
CAND-00755;10/02/24;28;M;1823593.0;2;48989.0;1;0.368;3;TRUE;708.0;0.685;0.932;85.6;0.0;1298080.0;libre_inversion;TRUE
CAND-02560;10/02/24;37;H;898058.0;15;98159.0;6;0.285;1;FALSE;;0.555;0.555;78.9;0.0;157769.0;avance_efectivo;TRUE
CAND-00890;11/02/24;32;M;2357969.0;1;62191.0;0;0.053;4;FALSE;;0.807;0.458;26.7;0.0;632426.0;libre_inversion;TRUE
CAND-01893;11/02/24;49;H;1217823.0;56;12630.0;33;0.665;1;FALSE;;;0.858;65.6;0.0;566094.0;libre_inversion;TRUE
CAND-02240;11/02/24;20;H;1246999.0;9;37253.0;5;0.223;3;FALSE;;0.772;0.782;8.1;0.0;486048.0;libre_inversion;TRUE
CAND-01552;11/02/24;39;M;787469.0;22;15496.0;10;0.242;1;TRUE;655.0;0.577;;52.2;0.0;794779.0;compra_cartera;TRUE
CAND-00305;11/02/24;56;M;1572724.0;5;49790.0;4;0.411;4;TRUE;646.0;0.741;0.34;58.9;0.0;366720.0;libre_inversion;TRUE
CAND-01013;11/02/24;30;H;1.924.125.405.490.580;10;71075.0;3;0.549;2;TRUE;703.0;0.803;0.749;47.2;0.0;449269.0;libre_inversion;TRUE
CAND-02467;11/02/24;41;H;1510778.0;51;17960.0;25;0.417;3;FALSE;;0.952;0.422;17.1;0.0;827711.0;avance_efectivo;TRUE
CAND-01253;11/02/24;30;M;642690.0;10;24343.0;5;0.765;1;TRUE;652.0;0.876;0.545;84.4;0.0;321065.0;libre_inversion;TRUE
CAND-01771;11/02/24;42;H;386930.0;26;11291.0;12;0.243;5;FALSE;;0.9;0.905;54.0;0.0;1440102.0;libre_inversion;TRUE
CAND-00737;11/02/24;35;M;1217958.0;1;25651.0;2;0.144;1;TRUE;654.0;0.794;0.681;43.1;0.0;758333.0;avance_efectivo;TRUE
CAND-01413;11/02/24;35;H;1452656.0;13;61261.0;7;0.248;5;FALSE;;0.849;0.714;96.7;0.0;323502.0;avance_efectivo;TRUE
CAND-00465;11/02/24;24;H;2339867.0;22;48086.0;3;0.22;4;FALSE;;0.733;0.811;55.5;0.0;233609.0;avance_efectivo;TRUE
CAND-01009;11/02/24;45;H;1256459.0;1;31035.0;0;0.074;3;FALSE;;0.772;0.83;59.8;0.0;755417.0;libre_inversion;TRUE
CAND-01991;11/02/24;22;H;2505654.0;2;36481.0;2;0.247;1;FALSE;;0.699;0.452;16.6;0.0;231070.0;avance_efectivo;TRUE
CAND-02256;12/02/24;34;H;685215.0;33;12416.0;20;0.517;1;FALSE;;0.804;0.823;50.1;0.0;592665.0;libre_inversion;TRUE
CAND-02550;12/02/24;28;H;1282165.0;5;20494.0;5;0.408;1;FALSE;;0.475;0.85;46.0;0.0;1077011.0;libre_inversion;TRUE
CAND-01522;12/02/24;40;M;768621.0;13;80927.0;4;0.391;2;TRUE;598.0;0.667;0.637;100.0;0.0;457432.0;libre_inversion;TRUE
CAND-02742;12/02/24;31;H;756791.0;5;64134.0;1;0.386;5;FALSE;;0.884;0.862;46.8;0.0;206104.0;compra_cartera;TRUE
CAND-01871;12/02/24;36;H;930546.0;27;41617.0;13;0.115;3;FALSE;;0.842;0.736;84.3;0.0;687098.0;libre_inversion;TRUE
CAND-01493;12/02/24;44;M;1060487.0;13;64699.0;2;0.772;1;TRUE;657.0;0.848;0.338;86.2;0.0;340581.0;compra_cartera;TRUE
CAND-02983;12/02/24;33;H;3222958.0;9;41902.0;5;0.796;1;FALSE;;0.534;0.978;75.3;0.0;255103.0;libre_inversion;TRUE
CAND-00291;13/02/24;49;M;745321.0;2;31306.0;0;0.389;2;FALSE;;0.77;0.891;47.2;0.0;350237.0;libre_inversion;TRUE
CAND-00284;13/02/24;51;H;1051534.0;21;15669.0;8;0.289;4;TRUE;678.0;0.713;0.768;52.3;0.0;726238.0;compra_cartera;TRUE
CAND-00938;13/02/24;25;M;671027.0;1;121635.0;1;0.597;3;TRUE;595.0;0.591;0.657;64.6;0.0;634335.0;compra_cartera;TRUE
CAND-01441;13/02/24;22;M;1254539.0;1;24399.0;1;0.16;3;TRUE;561.0;0.425;0.809;40.2;0.0;1379750.0;libre_inversion;TRUE
CAND-02968;13/02/24;18;M;897342.0;3;29672.0;0;0.361;3;FALSE;;0.582;0.532;72.6;0.0;650595.0;libre_inversion;TRUE
CAND-02046;13/02/24;37;M;2284639.0;15;71272.0;7;0.591;1;TRUE;589.0;0.763;0.656;78.4;0.0;672872.0;compra_cartera;TRUE
CAND-01244;13/02/24;31;H;1571897.0;22;36892.0;18;0.184;3;FALSE;;0.72;0.946;28.3;0.0;415380.0;libre_inversion;TRUE
CAND-00496;13/02/24;47;H;995174.0;4;23432.0;3;0.701;2;FALSE;;;;32.7;0.0;610235.0;avance_efectivo;TRUE
CAND-01180;13/02/24;28;M;930155.0;27;44610.0;12;0.508;3;TRUE;701.0;0.792;0.676;63.7;0.0;1654572.0;compra_cartera;TRUE
CAND-02418;13/02/24;38;M;979558.0;16;50849.0;17;0.233;1;TRUE;647.0;0.705;0.405;34.5;0.0;500678.0;libre_inversion;TRUE
CAND-02698;13/02/24;35;M;300000.0;20;34702.0;5;0.454;3;FALSE;;0.665;0.956;49.4;0.0;603165.0;libre_inversion;TRUE
CAND-01711;13/02/24;31;H;1425303.0;58;13126.0;29;0.41;1;TRUE;815.0;0.893;0.857;53.4;0.0;410022.0;libre_inversion;TRUE
CAND-01544;13/02/24;24;M;1507149.0;11;34757.0;3;0.295;2;FALSE;;0.858;0.8;61.9;0.0;917554.0;libre_inversion;TRUE
CAND-01843;13/02/24;36;H;1314444.0;1;43683.0;0;0.489;1;TRUE;657.0;;0.785;77.0;0.0;336985.0;avance_efectivo;TRUE
CAND-02803;13/02/24;45;M;1798929.0;6;23623.0;2;0.479;4;FALSE;;;0.784;62.0;0.0;1384576.0;avance_efectivo;TRUE
CAND-01622;13/02/24;42;NB;2517981.0;1;53070.0;1;0.555;1;TRUE;771.0;0.411;0.655;78.0;0.0;937313.0;avance_efectivo;TRUE
CAND-00921;14/02/24;40;M;1720853.0;7;57583.0;5;0.467;3;FALSE;;0.929;0.831;59.4;0.0;903423.0;libre_inversion;TRUE
CAND-02020;14/02/24;37;M;830817.0;7;45183.0;4;0.647;5;TRUE;707.0;0.658;0.694;63.0;0.0;568344.0;avance_efectivo;TRUE
CAND-01105;14/02/24;33;M;1933506.0;40;17784.0;21;0.298;2;FALSE;;0.78;0.938;43.3;8985.0;498018.0;avance_efectivo;TRUE
CAND-02398;14/02/24;40;M;1666621.0;60;12072.0;23;0.294;4;TRUE;796.0;0.752;0.644;57.9;0.0;461455.0;libre_inversion;TRUE
CAND-01346;14/02/24;24;H;1169773.0;11;44088.0;6;0.614;2;TRUE;581.0;0.726;0.811;35.3;0.0;737846.0;avance_efectivo;TRUE
CAND-01512;14/02/24;37;H;949580.0;3;45666.0;1;0.529;4;TRUE;592.0;0.814;0.876;65.7;0.0;584194.0;libre_inversion;TRUE
CAND-01330;14/02/24;25;M;857615.0;2;34726.0;2;0.132;1;FALSE;;0.94;0.951;34.2;0.0;2953145.0;avance_efectivo;TRUE
CAND-02791;14/02/24;42;M;759362.0;5;12002.0;2;0.168;3;FALSE;;0.953;0.555;57.2;0.0;617087.0;libre_inversion;TRUE
CAND-00818;14/02/24;46;M;1398102.0;9;71870.0;6;0.532;4;TRUE;473.0;0.895;0.911;57.6;0.0;350742.0;avance_efectivo;TRUE
CAND-01252;15/02/24;18;M;575982.0;17;55673.0;11;0.118;2;TRUE;761.0;0.707;0.922;39.0;0.0;306455.0;libre_inversion;TRUE
CAND-00865;15/02/24;37;M;1209253.0;2;123096.0;1;0.024;2;FALSE;;0.696;0.878;34.2;0.0;288662.0;compra_cartera;TRUE
CAND-02109;15/02/24;42;H;1256039.0;10;114558.0;7;0.059;1;TRUE;528.0;0.734;0.778;100.0;0.0;1012622.0;libre_inversion;TRUE
CAND-00045;15/02/24;41;H;1602945.0;3;41335.0;2;0.234;2;FALSE;;0.629;0.689;46.7;0.0;1150169.0;avance_efectivo;TRUE
CAND-02523;15/02/24;18;H;1055539.0;15;4566.0;10;0.599;4;TRUE;526.0;0.754;0.894;53.2;0.0;454945.0;compra_cartera;TRUE
CAND-01783;15/02/24;38;H;1342251.0;3;51486.0;1;0.458;3;FALSE;;0.369;0.888;55.6;0.0;383693.0;avance_efectivo;TRUE
CAND-00581;15/02/24;27;M;545973.0;30;31408.0;14;0.506;2;FALSE;;0.435;0.662;27.6;0.0;553711.0;avance_efectivo;TRUE
CAND-02671;15/02/24;47;M;1173455.0;16;24071.0;5;0.149;2;FALSE;;0.895;0.774;43.2;0.0;338824.0;compra_cartera;TRUE
CAND-01178;15/02/24;38;M;1322114.0;13;34895.0;3;0.061;4;TRUE;622.0;0.731;0.797;56.9;0.0;961854.0;libre_inversion;TRUE
CAND-01897;15/02/24;30;H;1939343.0;1;34527.0;2;0.221;2;FALSE;;0.628;0.854;53.4;0.0;433471.0;libre_inversion;TRUE
CAND-01903;15/02/24;28;M;575946.0;32;83991.0;16;0.419;4;FALSE;;0.757;0.631;59.0;0.0;728589.0;libre_inversion;TRUE
CAND-01894;15/02/24;44;M;804227.0;10;19619.0;8;0.454;3;FALSE;;;0.582;37.6;0.0;608292.0;avance_efectivo;TRUE
CAND-00505;15/02/24;45;H;1001503.0;8;60055.0;2;0.534;1;FALSE;;0.705;;14.9;0.0;398627.0;avance_efectivo;TRUE
CAND-01860;15/02/24;40;H;858825.0;30;70938.0;12;0.274;2;TRUE;872.0;0.98;0.898;38.8;0.0;508162.0;libre_inversion;TRUE
CAND-00733;16/02/24;25;H;808003.0;17;9485.0;9;0.275;3;FALSE;;0.769;0.753;55.0;0.0;1291814.0;libre_inversion;TRUE
CAND-00862;16/02/24;35;H;2234087.0;4;106310.0;4;0.449;2;TRUE;595.0;0.791;0.858;42.0;0.0;1321886.0;libre_inversion;TRUE
CAND-01055;16/02/24;39;NB;952438.0;3;41781.0;2;0.373;2;FALSE;;0.955;0.563;33.5;0.0;217139.0;avance_efectivo;TRUE
CAND-01874;16/02/24;38;M;1285059.0;30;90350.0;7;0.24;1;FALSE;;0.836;0.877;65.6;0.0;1052333.0;avance_efectivo;TRUE
CAND-01864;16/02/24;33;H;1774434.0;5;67903.0;1;0.491;2;TRUE;685.0;0.949;0.675;44.8;0.0;540940.0;avance_efectivo;TRUE
CAND-00319;16/02/24;48;H;702707.0;27;86486.0;15;0.097;1;FALSE;;0.84;0.715;25.4;0.0;912159.0;avance_efectivo;TRUE
CAND-01313;16/02/24;43;H;2143947.0;3;31740.0;3;0.047;5;TRUE;649.0;0.466;;76.7;0.0;589006.0;libre_inversion;TRUE
CAND-01923;16/02/24;22;M;2015945.0;18;26162.0;5;0.293;1;FALSE;;0.521;0.713;31.1;0.0;1610.0;libre_inversion;TRUE
CAND-00877;17/02/24;22;H;1681750.0;3;8349.0;4;0.669;5;FALSE;;0.78;0.745;37.1;0.0;902188.0;libre_inversion;TRUE
CAND-00636;17/02/24;33;H;1575000.0;20;187438.0;5;0.432;2;FALSE;;0.916;0.787;73.0;0.0;402997.0;avance_efectivo;FALSE
CAND-00715;17/02/24;32;M;1163819.0;3;45300.0;3;0.256;2;TRUE;635.0;0.845;0.681;61.7;0.0;1034168.0;libre_inversion;TRUE
CAND-02308;17/02/24;31;NB;709120.0;4;76835.0;1;0.136;2;FALSE;;0.68;;65.6;0.0;741022.0;avance_efectivo;TRUE
CAND-00054;17/02/24;53;H;1548891.0;2;35991.0;1;0.292;3;TRUE;680.0;0.833;0.687;7.1;0.0;1085819.0;avance_efectivo;TRUE
CAND-01269;18/02/24;50;H;999147.0;17;30366.0;11;0.331;4;TRUE;586.0;0.649;0.85;57.7;0.0;665577.0;compra_cartera;TRUE
CAND-00461;18/02/24;34;M;939459.0;1;199640.0;2;0.186;2;FALSE;;0.86;0.637;65.9;0.0;919853.0;compra_cartera;TRUE
CAND-01658;18/02/24;46;M;3457238.0;9;36855.0;2;0.351;2;TRUE;648.0;0.841;0.376;33.7;0.0;650571.0;libre_inversion;TRUE
CAND-00658;18/02/24;49;NB;365866.0;6;36705.0;2;0.145;2;FALSE;;0.4;0.56;67.4;0.0;1121010.0;libre_inversion;TRUE
CAND-02519;18/02/24;29;M;731079.0;5;28519.0;4;0.689;5;TRUE;745.0;0.666;0.766;58.0;0.0;388362.0;libre_inversion;TRUE
CAND-00614;18/02/24;52;H;1782970.0;5;57427.0;2;0.602;2;FALSE;;0.928;0.757;21.3;0.0;263724.0;libre_inversion;TRUE
CAND-01185;18/02/24;35;H;985852.0;1;7711.0;1;0.371;2;TRUE;640.0;0.872;0.553;30.1;0.0;696783.0;avance_efectivo;TRUE
CAND-02952;18/02/24;32;M;825428.0;10;2075.0;9;0.356;2;FALSE;;0.83;;41.9;0.0;782422.0;avance_efectivo;TRUE
CAND-00059;18/02/24;39;M;996508.0;12;9307.0;9;0.759;2;FALSE;;0.765;0.76;45.7;0.0;427382.0;libre_inversion;TRUE
CAND-00597;18/02/24;47;H;1028041.0;2;121416.0;1;0.651;3;TRUE;670.0;0.526;0.766;17.5;0.0;1258696.0;libre_inversion;TRUE
CAND-01186;18/02/24;21;M;1334701.0;8;87199.0;4;0.155;3;FALSE;;0.558;0.63;45.4;0.0;365697.0;compra_cartera;TRUE
CAND-02956;18/02/24;26;H;1735664.0;21;47456.0;7;0.365;4;FALSE;;0.947;0.839;29.2;0.0;634431.0;libre_inversion;TRUE
CAND-02636;18/02/24;43;M;426737.0;12;71417.0;9;0.192;3;TRUE;698.0;0.88;0.707;46.9;0.0;286732.0;libre_inversion;TRUE
CAND-00219;18/02/24;43;H;787012.0;2;57082.0;1;0.595;3;FALSE;;0.599;0.598;72.3;0.0;349107.0;compra_cartera;TRUE
CAND-01456;19/02/24;29;M;2886444.0;2;32013.0;0;0.321;2;TRUE;622.0;0.72;0.56;73.0;0.0;1248174.0;libre_inversion;TRUE
CAND-01842;19/02/24;35;M;2218304.0;29;61141.0;15;0.267;1;TRUE;572.0;0.983;0.746;53.6;0.0;216058.0;libre_inversion;TRUE
CAND-00047;19/02/24;28;M;1002000.0;6;51878.0;1;0.75;2;TRUE;706.0;0.95;0.894;32.0;0.0;966875.0;libre_inversion;TRUE
CAND-02538;19/02/24;49;H;484175.0;39;14293.0;18;0.601;2;TRUE;684.0;0.888;0.873;75.5;0.0;304022.0;libre_inversion;TRUE
CAND-02304;19/02/24;38;H;1339805.0;13;40320.0;4;0.05;4;FALSE;;0.722;0.815;13.7;0.0;576660.0;libre_inversion;TRUE
CAND-00103;19/02/24;26;NB;419148.0;1;17311.0;0;0.052;1;FALSE;;0.678;0.692;42.4;0.0;1059492.0;libre_inversion;TRUE
CAND-01608;19/02/24;46;M;1610916.0;3;44760.0;1;0.171;2;TRUE;653.0;0.838;0.854;42.4;0.0;142066.0;libre_inversion;TRUE
CAND-01978;19/02/24;43;H;1362178.0;14;47717.0;7;0.256;1;FALSE;;0.878;0.531;59.9;0.0;368580.0;avance_efectivo;FALSE
CAND-01071;20/02/24;35;H;1494759.0;34;21096.0;11;0.282;1;FALSE;;0.958;0.746;48.4;0.0;731151.0;compra_cartera;FALSE
CAND-02912;20/02/24;37;H;3023022.0;15;29466.0;7;0.11;3;FALSE;;0.616;;74.8;0.0;785851.0;compra_cartera;TRUE
CAND-00533;20/02/24;45;H;1742438.0;2;68148.0;3;0.559;1;TRUE;718.0;0.962;0.758;39.1;0.0;272117.0;libre_inversion;TRUE
CAND-01034;20/02/24;27;H;1598702.0;18;47040.0;4;0.577;2;TRUE;670.0;0.822;0.886;50.7;0.0;2288167.0;avance_efectivo;TRUE
CAND-02461;20/02/24;18;M;1706251.0;17;78584.0;9;0.692;2;FALSE;;0.311;;69.4;0.0;448113.0;compra_cartera;TRUE
CAND-00823;20/02/24;41;H;2378707.0;7;4229.0;4;0.555;1;FALSE;;0.861;0.727;47.9;0.0;481622.0;libre_inversion;TRUE
CAND-00800;20/02/24;28;H;1669136.0;10;93058.0;8;0.325;5;TRUE;672.0;0.85;0.688;43.2;0.0;1371721.0;libre_inversion;TRUE
CAND-00392;20/02/24;41;H;602778.0;12;17905.0;7;0.531;1;FALSE;;0.964;0.822;27.6;0.0;806699.0;libre_inversion;TRUE
CAND-02432;20/02/24;29;M;1611518.0;4;10470.0;3;0.036;2;FALSE;;0.78;0.89;31.1;0.0;591475.0;avance_efectivo;TRUE
CAND-02842;20/02/24;39;H;3416242.0;16;59159.0;11;0.672;5;FALSE;;0.819;0.775;33.2;0.0;948185.0;libre_inversion;TRUE
CAND-01395;20/02/24;32;H;1114295.0;17;84151.0;3;0.123;3;TRUE;755.0;0.783;;58.9;0.0;354214.0;compra_cartera;TRUE
CAND-01750;21/02/24;19;M;888505.0;8;14930.0;7;0.424;1;TRUE;712.0;0.549;0.633;28.7;0.0;861130.0;avance_efectivo;TRUE
CAND-01828;21/02/24;35;M;650343.0;31;57081.0;16;0.888;4;FALSE;;;0.817;36.8;0.0;309856.0;avance_efectivo;TRUE
CAND-00608;21/02/24;47;M;1200521.0;2;46624.0;4;0.287;2;FALSE;;0.683;0.852;30.5;0.0;645596.0;compra_cartera;TRUE
CAND-02770;21/02/24;49;H;1375278.0;28;33299.0;17;0.292;1;FALSE;;;0.737;62.9;0.0;1034171.0;compra_cartera;TRUE
CAND-02160;21/02/24;32;H;581676.0;38;50276.0;21;0.099;2;TRUE;756.0;0.862;0.894;36.6;0.0;563070.0;avance_efectivo;TRUE
CAND-02462;21/02/24;33;NB;1386944.0;29;80551.0;17;0.46;1;TRUE;766.0;0.754;0.9;41.2;0.0;408073.0;libre_inversion;TRUE
CAND-00521;21/02/24;38;M;1585928.0;5;106989.0;6;0.615;1;TRUE;673.0;0.52;0.905;40.3;0.0;333166.0;libre_inversion;TRUE
CAND-01720;21/02/24;38;H;2312023.0;7;50444.0;8;0.234;2;TRUE;529.0;0.681;0.917;33.6;0.0;515697.0;libre_inversion;TRUE
CAND-01426;21/02/24;51;M;891026.0;2;86017.0;1;0.31;2;FALSE;;0.838;0.589;31.2;0.0;424881.0;compra_cartera;TRUE
CAND-02073;21/02/24;41;H;1642922.0;8;18374.0;5;0.428;4;TRUE;734.0;0.814;0.688;17.2;0.0;512564.0;avance_efectivo;TRUE
CAND-02103;21/02/24;41;M;329396.0;35;39740.0;17;0.195;2;FALSE;;0.745;0.727;48.3;0.0;467364.0;avance_efectivo;TRUE
CAND-02010;21/02/24;18;H;1244975.0;24;66039.0;10;0.36;1;FALSE;;;0.786;69.7;0.0;396305.0;libre_inversion;TRUE
CAND-02676;21/02/24;44;H;879544.0;10;56703.0;6;0.22;5;FALSE;;0.817;0.979;46.5;0.0;163214.0;avance_efectivo;TRUE
CAND-01347;21/02/24;47;H;1752309.0;13;56075.0;6;0.464;1;TRUE;636.0;0.864;0.729;75.0;40189.0;716003.0;compra_cartera;TRUE
CAND-00572;21/02/24;39;M;955758.0;24;105292.0;10;0.492;1;TRUE;473.0;0.582;0.894;34.5;0.0;884991.0;libre_inversion;TRUE
CAND-00951;22/02/24;39;H;1315849.0;45;38703.0;33;0.365;4;TRUE;783.0;0.86;0.844;28.6;0.0;398159.0;libre_inversion;TRUE
CAND-00010;22/02/24;18;H;1442117.0;12;36897.0;8;0.064;1;TRUE;789.0;0.651;0.692;45.9;0.0;549944.0;libre_inversion;TRUE
CAND-00932;22/02/24;43;M;743323.0;5;25851.0;3;0.359;1;TRUE;619.0;0.968;0.931;33.3;0.0;307352.0;libre_inversion;TRUE
CAND-00615;22/02/24;43;H;1069751.0;4;89109.0;4;0.78;1;TRUE;670.0;0.766;0.766;31.4;0.0;1295640.0;avance_efectivo;TRUE
CAND-01587;22/02/24;24;H;1296454.0;16;56373.0;6;0.259;5;FALSE;;;0.821;60.5;0.0;634286.0;libre_inversion;TRUE
CAND-02692;22/02/24;42;H;1550911.0;5;55036.0;3;0.818;2;FALSE;;0.679;0.614;75.6;0.0;374690.0;libre_inversion;TRUE
CAND-01848;22/02/24;37;H;1313427.0;37;31869.0;15;0.574;4;TRUE;472.0;0.769;0.785;43.3;0.0;1187061.0;avance_efectivo;TRUE
CAND-00940;22/02/24;20;H;2036824.0;14;30885.0;9;0.643;3;TRUE;809.0;0.739;0.906;55.1;0.0;1323205.0;libre_inversion;TRUE
CAND-00891;22/02/24;48;H;1489005.0;10;23747.0;6;0.505;4;FALSE;;;0.676;33.7;0.0;868661.0;avance_efectivo;TRUE
CAND-01853;22/02/24;42;H;1436058.0;1;20979.0;5;0.219;2;TRUE;491.0;0.832;0.772;55.1;0.0;242311.0;libre_inversion;TRUE
CAND-01749;22/02/24;18;H;1692785.0;1;13760.0;1;0.355;3;TRUE;900.0;0.84;0.804;14.1;0.0;546584.0;compra_cartera;TRUE
CAND-01350;23/02/24;37;M;824387.0;2;45157.0;1;0.151;4;FALSE;;0.652;0.65;65.2;0.0;247080.0;libre_inversion;TRUE
CAND-00613;23/02/24;40;M;1618158.0;2;51825.0;0;0.331;4;TRUE;632.0;0.852;0.528;35.4;0.0;693844.0;libre_inversion;TRUE
CAND-00809;23/02/24;31;H;1339089.0;1;30232.0;0;0.555;5;TRUE;724.0;0.554;0.719;65.7;0.0;1007230.0;libre_inversion;TRUE
CAND-02967;23/02/24;31;NB;786537.0;1;136121.0;0;0.07;2;TRUE;777.0;0.942;0.839;87.0;0.0;1270618.0;avance_efectivo;TRUE
CAND-01709;23/02/24;30;NB;1016934.0;8;27610.0;2;0.273;1;TRUE;733.0;0.842;0.911;58.1;0.0;246012.0;libre_inversion;TRUE
CAND-02421;23/02/24;33;H;817210.0;10;12427.0;4;0.757;2;FALSE;;0.612;0.461;68.2;0.0;1024574.0;libre_inversion;TRUE
CAND-01920;23/02/24;30;M;462625.0;13;5555.0;4;0.424;1;TRUE;479.0;0.747;0.84;63.3;0.0;647161.0;avance_efectivo;TRUE
CAND-00927;23/02/24;47;H;470584.0;25;33574.0;14;0.136;1;TRUE;621.0;;0.748;60.8;0.0;1627035.0;libre_inversion;TRUE
CAND-02722;23/02/24;34;M;1253704.0;3;16870.0;3;0.302;1;FALSE;;0.712;;33.3;0.0;396254.0;compra_cartera;TRUE
CAND-02933;23/02/24;37;M;2094853.0;3;17854.0;3;0.046;2;FALSE;;0.736;0.755;23.7;0.0;341899.0;avance_efectivo;TRUE
CAND-00138;23/02/24;21;M;1155731.0;5;52984.0;2;0.47;2;FALSE;;0.661;0.866;49.3;20867.0;2037603.0;libre_inversion;TRUE
CAND-02286;23/02/24;24;M;2195781.0;4;43766.0;3;0.118;1;FALSE;;;0.882;74.6;0.0;508870.0;avance_efectivo;TRUE
CAND-02568;24/02/24;51;H;1241296.0;41;29509.0;19;0.148;1;FALSE;;0.836;0.75;60.7;0.0;1540070.0;avance_efectivo;TRUE
CAND-01777;24/02/24;41;H;828279.0;1;95658.0;0;0.739;3;FALSE;;0.78;0.785;44.2;0.0;374802.0;avance_efectivo;TRUE
CAND-00404;24/02/24;19;M;1208604.0;13;55001.0;8;0.154;1;TRUE;566.0;0.546;0.904;78.7;0.0;508932.0;libre_inversion;TRUE
CAND-01583;24/02/24;45;H;724026.0;9;56886.0;3;0.315;3;TRUE;678.0;0.879;0.877;20.7;0.0;1625748.0;avance_efectivo;TRUE
CAND-02706;24/02/24;50;H;1431646.0;40;13163.0;16;0.125;2;FALSE;;0.791;0.848;59.8;0.0;515164.0;avance_efectivo;TRUE
CAND-00197;24/02/24;36;H;2065883.0;12;24095.0;4;0.614;4;FALSE;;0.564;0.612;86.7;0.0;295259.0;libre_inversion;TRUE
CAND-01123;24/02/24;30;M;821868.0;4;60924.0;1;0.214;2;TRUE;638.0;;0.955;48.6;0.0;327992.0;avance_efectivo;FALSE
CAND-00099;24/02/24;31;M;2550589.0;15;26430.0;7;0.301;4;FALSE;;0.526;0.751;55.3;0.0;737588.0;avance_efectivo;TRUE
CAND-00832;24/02/24;28;M;700606.0;7;20457.0;2;0.365;4;TRUE;630.0;0.95;;39.8;0.0;2346364.0;libre_inversion;TRUE
CAND-01472;24/02/24;37;M;1317110.0;3;14638.0;0;0.477;1;FALSE;;0.636;0.672;22.0;0.0;405873.0;libre_inversion;TRUE
CAND-02910;24/02/24;44;M;1536484.0;3;78349.0;1;0.096;2;TRUE;611.0;0.881;0.804;50.6;0.0;526658.0;avance_efectivo;TRUE
CAND-00352;24/02/24;52;H;1516571.0;8;2909.0;5;0.241;1;TRUE;721.0;0.681;0.77;44.2;0.0;1059948.0;libre_inversion;TRUE
CAND-00830;24/02/24;47;H;1322231.0;24;112243.0;15;0.371;2;FALSE;;0.608;0.785;84.9;0.0;905332.0;libre_inversion;TRUE
CAND-02254;25/02/24;38;H;1465327.0;26;44878.0;12;0.277;4;TRUE;670.0;0.702;0.842;46.5;0.0;596676.0;libre_inversion;TRUE
CAND-00641;25/02/24;32;H;1660721.0;7;35969.0;4;0.548;2;TRUE;692.0;0.866;0.834;40.5;0.0;2381518.0;libre_inversion;TRUE
CAND-02434;25/02/24;40;M;1217145.0;17;22750.0;4;0.371;1;FALSE;;0.869;0.835;84.4;0.0;713042.0;libre_inversion;TRUE
CAND-02458;25/02/24;33;M;1019705.0;4;63007.0;3;0.485;2;TRUE;810.0;0.799;0.84;54.5;0.0;653127.0;libre_inversion;TRUE
CAND-00638;25/02/24;46;M;813514.0;19;50895.0;11;0.317;3;TRUE;611.0;;0.793;58.1;0.0;161585.0;libre_inversion;TRUE
CAND-01726;25/02/24;42;NB;1077707.0;6;25387.0;5;0.339;1;TRUE;591.0;0.791;0.807;51.9;0.0;1661412.0;avance_efectivo;TRUE
CAND-00481;25/02/24;30;M;526258.0;28;34119.0;11;0.266;3;FALSE;;0.724;0.596;22.8;0.0;809645.0;libre_inversion;TRUE
CAND-01730;25/02/24;43;M;1242549.0;60;15071.0;26;0.371;2;TRUE;628.0;0.682;0.788;77.6;0.0;358828.0;avance_efectivo;TRUE
CAND-02780;25/02/24;44;M;1101773.0;10;43333.0;4;0.365;3;FALSE;;0.456;0.854;9.3;0.0;602858.0;compra_cartera;TRUE
CAND-01807;25/02/24;44;H;404664.0;3;37152.0;1;0.255;2;FALSE;;0.716;0.934;29.1;0.0;868137.0;libre_inversion;TRUE
CAND-02782;25/02/24;36;H;945981.0;1;54830.0;0;0.236;3;FALSE;;0.943;;34.9;0.0;475803.0;libre_inversion;TRUE
CAND-00430;25/02/24;39;H;921527.0;14;78587.0;8;0.31;4;FALSE;;0.729;0.793;27.5;0.0;708992.0;avance_efectivo;TRUE
CAND-02700;25/02/24;40;M;1109753.0;9;10511.0;5;0.144;1;FALSE;;0.817;0.764;7.5;0.0;1583713.0;avance_efectivo;TRUE
CAND-00751;26/02/24;47;H;1551363.0;8;53439.0;6;0.739;4;FALSE;;0.549;0.598;49.4;0.0;375066.0;avance_efectivo;TRUE
CAND-00976;26/02/24;45;NB;1769077.0;2;64651.0;0;0.657;2;TRUE;609.0;0.79;0.921;56.4;0.0;788178.0;compra_cartera;TRUE
CAND-00669;26/02/24;35;H;1305778.0;10;27656.0;7;0.442;3;FALSE;;0.545;0.516;49.3;0.0;653685.0;libre_inversion;TRUE
CAND-02812;26/02/24;32;H;610317.0;9;16309.0;7;0.255;1;TRUE;630.0;0.906;0.791;38.5;0.0;860624.0;compra_cartera;TRUE
CAND-01236;26/02/24;48;H;685072.0;4;59209.0;0;0.404;1;FALSE;;;0.88;26.9;0.0;945635.0;compra_cartera;TRUE
CAND-02777;26/02/24;35;M;723629.0;1;5390.0;1;0.341;1;TRUE;665.0;0.722;0.89;28.2;0.0;718674.0;libre_inversion;TRUE
CAND-02980;26/02/24;33;M;777624.0;13;13281.0;9;0.093;4;FALSE;;0.876;0.498;62.6;0.0;2063137.0;compra_cartera;TRUE
CAND-01763;26/02/24;35;H;844386.0;40;112581.0;21;0.23;3;FALSE;;0.649;0.709;34.5;0.0;300260.0;libre_inversion;TRUE
CAND-01353;27/02/24;38;H;2976899.0;21;8196.0;10;0.472;3;FALSE;;0.905;0.877;57.6;0.0;541736.0;avance_efectivo;TRUE
CAND-00231;27/02/24;37;H;1619356.0;11;72164.0;4;0.679;1;FALSE;;0.807;0.827;54.3;0.0;1549494.0;libre_inversion;TRUE
CAND-01387;27/02/24;42;H;1451816.0;4;32823.0;2;0.431;1;FALSE;;0.967;0.918;63.2;0.0;371028.0;avance_efectivo;TRUE
CAND-00863;27/02/24;41;H;799871.0;9;51316.0;6;0.31;5;FALSE;;0.901;0.864;20.2;0.0;1370710.0;compra_cartera;TRUE
CAND-01277;27/02/24;29;M;799142.0;10;17116.0;9;0.496;5;TRUE;607.0;0.787;0.554;65.2;0.0;362402.0;compra_cartera;TRUE
CAND-00814;27/02/24;37;H;914350.0;2;39782.0;1;0.556;1;TRUE;648.0;0.827;0.688;48.8;0.0;628329.0;avance_efectivo;TRUE
CAND-01953;27/02/24;44;H;1265387.0;20;33356.0;6;0.427;3;TRUE;524.0;0.704;0.894;62.2;0.0;367837.0;libre_inversion;TRUE
CAND-02727;27/02/24;31;H;1049702.0;16;91624.0;9;0.418;1;TRUE;682.0;0.441;0.742;60.8;0.0;302397.0;avance_efectivo;TRUE
CAND-01639;27/02/24;44;M;1272498.0;2;9843.0;3;0.549;2;TRUE;752.0;0.902;0.331;94.4;0.0;1727624.0;avance_efectivo;TRUE
CAND-00227;27/02/24;50;NB;1187500.0;34;15238.0;14;0.199;1;FALSE;;0.807;0.929;70.4;0.0;493112.0;compra_cartera;TRUE
CAND-00410;27/02/24;35;H;803415.0;47;83617.0;16;0.022;2;TRUE;681.0;0.857;0.745;48.6;0.0;700085.0;libre_inversion;TRUE
CAND-00718;27/02/24;39;H;1588349.0;7;102963.0;4;0.342;1;FALSE;;0.835;;49.1;0.0;544506.0;libre_inversion;TRUE
CAND-02975;27/02/24;31;M;1727328.0;7;96875.0;2;0.447;2;FALSE;;0.95;0.853;70.5;0.0;222476.0;libre_inversion;TRUE
CAND-00956;27/02/24;22;M;486976.0;14;34152.0;11;0.549;3;FALSE;;0.656;0.882;63.1;0.0;1130292.0;libre_inversion;TRUE
CAND-01794;27/02/24;44;M;760099.0;31;93036.0;17;0.448;4;FALSE;;0.498;0.607;61.6;0.0;237114.0;libre_inversion;TRUE
CAND-00152;27/02/24;20;H;702479.0;10;90058.0;8;0.339;5;FALSE;;0.829;0.708;44.7;0.0;1071811.0;avance_efectivo;TRUE
CAND-02928;27/02/24;30;H;926634.0;37;25089.0;13;0.593;3;TRUE;563.0;0.755;0.736;31.9;0.0;1278179.0;libre_inversion;TRUE
CAND-01845;28/02/24;27;H;2058916.0;21;83116.0;7;0.313;1;FALSE;;;0.718;55.8;0.0;524066.0;libre_inversion;TRUE
CAND-00026;28/02/24;35;H;1960140.0;14;37158.0;10;0.578;1;TRUE;713.0;0.71;0.55;48.4;0.0;378400.0;libre_inversion;TRUE
CAND-00306;28/02/24;18;H;1586249.0;5;48407.0;1;0.485;2;TRUE;821.0;0.667;0.795;45.1;13010.0;1805313.0;libre_inversion;TRUE
CAND-01983;28/02/24;42;H;984880.0;27;43064.0;17;0.1;1;FALSE;;0.784;0.477;41.1;0.0;325351.0;libre_inversion;FALSE
CAND-00327;28/02/24;18;H;983618.0;4;20953.0;1;0.016;1;TRUE;723.0;0.881;0.772;80.6;0.0;672805.0;libre_inversion;TRUE
CAND-02274;28/02/24;65;H;1180223.0;10;39978.0;5;0.223;1;FALSE;;0.842;0.631;68.2;0.0;721909.0;libre_inversion;TRUE
CAND-02382;28/02/24;24;M;1757823.0;3;23681.0;2;0.163;3;TRUE;638.0;0.73;0.705;29.9;0.0;305349.0;avance_efectivo;TRUE
CAND-01530;28/02/24;33;H;1917034.0;16;36979.0;5;0.419;4;FALSE;;;0.873;43.7;0.0;712742.0;libre_inversion;TRUE
CAND-02514;28/02/24;43;H;1607206.0;41;15353.0;27;0.699;2;TRUE;777.0;0.854;0.707;22.2;0.0;291830.0;libre_inversion;TRUE
CAND-01012;28/02/24;24;H;977959.0;2;39067.0;0;0.517;2;TRUE;664.0;0.73;0.559;24.7;0.0;365141.0;libre_inversion;TRUE
CAND-00063;28/02/24;46;H;866780.0;1;82712.0;2;0.281;2;FALSE;;0.87;0.75;71.9;0.0;872027.0;libre_inversion;TRUE
CAND-02055;28/02/24;18;M;452183.0;16;70755.0;11;0.75;1;TRUE;648.0;0.528;;32.1;0.0;379863.0;compra_cartera;TRUE
CAND-00805;28/02/24;46;H;1645554.0;15;27754.0;8;0.516;1;FALSE;;0.796;0.824;76.4;0.0;667730.0;avance_efectivo;TRUE
CAND-02142;28/02/24;37;H;853175.0;2;7429.0;0;0.169;2;FALSE;;0.938;0.576;59.3;0.0;542497.0;avance_efectivo;TRUE
CAND-00510;28/02/24;47;M;2777017.0;2;37425.0;3;0.456;5;FALSE;;0.491;0.811;22.0;0.0;369911.0;compra_cartera;TRUE
CAND-00906;29/02/24;37;M;978603.0;10;77356.0;4;0.462;1;TRUE;502.0;0.747;0.756;65.9;0.0;335156.0;compra_cartera;TRUE
CAND-01891;29/02/24;45;H;680198.0;31;41414.0;15;0.227;2;FALSE;;0.467;0.505;41.2;0.0;885654.0;libre_inversion;TRUE
CAND-02926;29/02/24;37;M;1070512.0;5;53648.0;1;0.46;2;TRUE;627.0;;0.983;35.8;0.0;377593.0;libre_inversion;TRUE
CAND-02579;29/02/24;38;H;1923429.0;20;73472.0;8;0.581;4;TRUE;552.0;;0.552;28.1;0.0;657671.0;libre_inversion;TRUE
CAND-00746;29/02/24;28;H;1288182.0;14;17813.0;6;0.298;2;TRUE;781.0;0.78;0.656;22.6;0.0;555276.0;avance_efectivo;TRUE
CAND-00357;29/02/24;43;H;1629846.0;12;31776.0;4;0.439;1;TRUE;620.0;0.649;0.979;58.8;0.0;649107.0;libre_inversion;TRUE
CAND-00276;29/02/24;46;M;456018.0;33;51217.0;21;0.384;2;FALSE;;;0.721;20.3;0.0;348054.0;libre_inversion;TRUE
CAND-00251;29/02/24;51;M;1349670.0;7;18544.0;2;0.22;1;FALSE;;;0.787;68.2;0.0;687405.0;libre_inversion;TRUE
CAND-01077;1/03/24;32;M;1028061.0;4;63386.0;5;0.414;4;FALSE;;0.709;;42.4;0.0;574530.0;libre_inversion;TRUE
CAND-01356;1/03/24;18;H;1270288.0;33;66029.0;13;0.49;1;FALSE;;0.689;0.946;81.9;0.0;1110212.0;avance_efectivo;TRUE
CAND-00263;1/03/24;46;H;964761.0;34;32819.0;20;0.585;3;FALSE;;0.71;0.615;58.7;0.0;682340.0;libre_inversion;TRUE
CAND-00336;1/03/24;34;M;2991470.0;4;83777.0;5;0.285;2;TRUE;627.0;0.813;0.432;34.8;0.0;684898.0;libre_inversion;TRUE
CAND-00279;1/03/24;34;H;1428940.0;1;70615.0;1;0.373;3;TRUE;517.0;0.643;0.526;40.9;0.0;319272.0;libre_inversion;TRUE
CAND-02491;1/03/24;48;M;1303470.0;38;52218.0;25;0.463;5;TRUE;694.0;0.829;0.64;65.5;0.0;1024028.0;compra_cartera;TRUE
CAND-00909;1/03/24;31;M;948492.0;31;46919.0;20;0.455;2;FALSE;;0.557;0.747;56.9;10748.0;2453381.0;libre_inversion;TRUE
CAND-02173;1/03/24;22;H;1503638.0;8;24331.0;4;0.251;4;FALSE;;0.7;0.946;44.4;0.0;573414.0;libre_inversion;TRUE
CAND-02347;1/03/24;54;H;949506.0;39;44802.0;18;0.279;1;FALSE;;0.522;0.484;79.2;0.0;1029376.0;libre_inversion;TRUE
CAND-01593;1/03/24;26;M;722133.0;10;32237.0;8;0.184;3;TRUE;772.0;0.632;0.868;42.9;0.0;1046264.0;avance_efectivo;TRUE
CAND-01665;2/03/24;28;H;1359896.0;4;94905.0;0;0.48;1;TRUE;547.0;0.482;0.854;52.1;0.0;799679.0;libre_inversion;TRUE
CAND-02117;2/03/24;18;H;1570981.0;31;67814.0;12;0.314;3;FALSE;;0.703;0.674;2.3;0.0;2808297.0;libre_inversion;TRUE
CAND-00509;2/03/24;24;H;783299.0;11;9474.0;7;0.208;1;TRUE;555.0;;0.85;80.9;0.0;1499629.0;libre_inversion;TRUE
CAND-01925;2/03/24;33;M;1150179.0;8;54208.0;7;0.455;1;TRUE;697.0;0.737;0.883;22.5;0.0;437140.0;compra_cartera;TRUE
CAND-02606;2/03/24;18;NB;1045675.0;36;82320.0;11;0.614;1;FALSE;;;0.813;39.6;0.0;1403.0;libre_inversion;TRUE
CAND-01775;2/03/24;31;H;502846.0;20;12621.0;10;0.24;2;TRUE;455.0;0.839;0.911;59.5;0.0;756386.0;libre_inversion;TRUE
CAND-02098;2/03/24;48;H;2445236.0;47;37761.0;23;0.728;2;FALSE;;0.548;0.789;59.5;0.0;415573.0;libre_inversion;TRUE
CAND-02097;2/03/24;40;H;1716014.0;41;10915.0;13;0.069;2;FALSE;;0.839;;38.0;0.0;364223.0;avance_efectivo;FALSE
CAND-02094;2/03/24;26;M;885259.0;14;250214.0;7;0.404;3;FALSE;;0.445;0.558;71.6;0.0;492365.0;compra_cartera;TRUE
CAND-02405;2/03/24;29;M;960618.0;17;76749.0;7;0.379;1;TRUE;612.0;0.826;0.746;20.1;0.0;429397.0;libre_inversion;TRUE
CAND-02083;2/03/24;34;H;832400.0;21;46785.0;12;0.067;3;FALSE;;0.73;0.63;47.4;0.0;574365.0;compra_cartera;TRUE
CAND-02036;2/03/24;29;M;2091885.0;5;62760.0;1;0.364;1;FALSE;;0.714;0.492;54.9;0.0;563573.0;compra_cartera;TRUE
CAND-01687;3/03/24;34;H;1548605.0;6;47057.0;2;0.199;5;TRUE;695.0;0.466;0.474;36.1;0.0;206516.0;libre_inversion;TRUE
CAND-00713;3/03/24;32;M;1401552.0;7;43333.0;5;0.587;1;TRUE;672.0;0.832;0.935;39.4;0.0;1336096.0;compra_cartera;TRUE
CAND-00506;3/03/24;38;H;2.686.018.256.156.650;37;54035.0;22;0.311;2;FALSE;;0.559;0.909;66.8;0.0;637934.0;compra_cartera;TRUE
CAND-01725;3/03/24;47;H;904358.0;9;111349.0;5;0.449;3;FALSE;;0.889;0.684;46.1;0.0;565383.0;compra_cartera;TRUE
CAND-01929;3/03/24;28;H;950129.0;12;20421.0;6;0.071;2;TRUE;527.0;0.632;0.875;23.2;0.0;1593964.0;avance_efectivo;TRUE
CAND-00969;3/03/24;40;M;1414208.0;11;22489.0;3;0.092;1;TRUE;865.0;0.459;;22.9;0.0;461888.0;libre_inversion;TRUE
CAND-02294;3/03/24;36;H;586777.0;1;37234.0;1;0.629;3;FALSE;;0.896;0.882;55.1;0.0;703953.0;libre_inversion;TRUE
CAND-01087;3/03/24;39;H;1028971.0;3;5614.0;1;0.427;2;FALSE;;0.858;0.784;73.9;0.0;841533.0;libre_inversion;TRUE
CAND-00307;3/03/24;29;H;955090.0;6;29221.0;3;0.237;3;TRUE;585.0;0.701;0.578;59.3;0.0;277356.0;libre_inversion;TRUE
CAND-00553;3/03/24;40;H;695992.0;4;25953.0;1;0.19;3;TRUE;545.0;0.63;0.835;29.3;0.0;102575.0;libre_inversion;TRUE
CAND-02701;3/03/24;48;M;1726786.0;4;65411.0;3;0.224;1;TRUE;554.0;0.631;0.603;44.5;0.0;1641153.0;libre_inversion;TRUE
CAND-00195;3/03/24;45;H;979043.0;4;49476.0;1;0.518;1;TRUE;704.0;0.7;0.53;70.4;0.0;787002.0;avance_efectivo;TRUE
CAND-00872;3/03/24;32;NB;1212447.0;1;89397.0;1;0.683;5;FALSE;;0.811;0.899;56.9;0.0;193447.0;avance_efectivo;TRUE
CAND-00536;4/03/24;20;M;1648943.0;8;62990.0;3;0.085;1;FALSE;;0.701;0.688;56.8;0.0;559231.0;avance_efectivo;TRUE
CAND-00017;4/03/24;20;M;1062893.0;1;27511.0;1;0.058;1;FALSE;;0.77;0.849;52.2;0.0;455298.0;libre_inversion;TRUE
CAND-01235;4/03/24;21;H;1924341.0;7;22394.0;3;0.378;3;TRUE;596.0;0.835;0.811;100.0;0.0;254108.0;libre_inversion;TRUE
CAND-00661;4/03/24;36;H;1374866.0;16;20225.0;10;0.401;1;TRUE;562.0;0.841;0.696;31.1;0.0;2326909.0;libre_inversion;TRUE
CAND-00866;4/03/24;30;H;3141208.0;1;25611.0;0;0.331;2;TRUE;614.0;0.989;0.913;68.0;0.0;782992.0;libre_inversion;TRUE
CAND-02287;4/03/24;18;M;1077291.0;30;12939.0;12;0.336;4;TRUE;590.0;0.594;0.716;55.8;0.0;673700.0;libre_inversion;TRUE
CAND-01045;4/03/24;33;H;1153658.0;1;51950.0;3;0.393;1;TRUE;552.0;0.695;0.821;77.2;0.0;274397.0;libre_inversion;TRUE
CAND-02955;4/03/24;38;M;1969247.0;16;21236.0;14;0.266;3;FALSE;;0.806;0.544;70.6;0.0;1239695.0;libre_inversion;TRUE
CAND-00632;5/03/24;35;M;2321117.0;6;51475.0;2;0.32;3;TRUE;699.0;0.615;0.777;69.5;0.0;640323.0;avance_efectivo;TRUE
CAND-00024;5/03/24;39;M;477605.0;2;55091.0;2;0.534;4;TRUE;807.0;0.872;0.889;12.5;0.0;327520.0;compra_cartera;TRUE
CAND-01002;5/03/24;57;H;925990.0;10;52256.0;4;0.088;2;FALSE;;0.704;0.551;35.6;0.0;640373.0;libre_inversion;TRUE
CAND-00108;5/03/24;38;H;545992.0;5;69700.0;0;0.24;1;FALSE;;0.809;0.699;61.1;0.0;487599.0;libre_inversion;TRUE
CAND-01001;5/03/24;26;H;1244773.0;15;34838.0;6;0.324;1;TRUE;698.0;0.771;0.78;35.3;0.0;1400966.0;libre_inversion;TRUE
CAND-02991;5/03/24;48;NB;3862412.0;28;102556.0;15;0.364;1;FALSE;;0.727;0.748;50.2;0.0;624533.0;compra_cartera;TRUE
CAND-02463;5/03/24;35;M;1736397.0;8;134650.0;3;0.592;4;FALSE;;0.903;0.62;13.6;0.0;729962.0;avance_efectivo;TRUE
CAND-00286;5/03/24;41;M;1545220.0;58;28088.0;29;0.28;2;TRUE;689.0;0.84;0.87;26.2;0.0;1034218.0;libre_inversion;TRUE
CAND-02918;5/03/24;41;H;2033435.0;7;52491.0;3;0.608;2;TRUE;699.0;0.777;0.782;60.7;0.0;1467976.0;libre_inversion;TRUE
CAND-00925;5/03/24;25;M;1204012.0;1;20076.0;0;0.089;1;TRUE;600.0;0.617;0.716;87.6;0.0;588092.0;avance_efectivo;TRUE
CAND-02384;5/03/24;27;M;959501.0;1;44611.0;0;0.373;1;TRUE;717.0;0.777;0.829;42.9;0.0;749242.0;libre_inversion;TRUE
CAND-01858;5/03/24;35;H;1205683.0;32;110655.0;17;0.562;3;TRUE;658.0;0.933;0.822;84.9;0.0;528124.0;avance_efectivo;TRUE
CAND-00827;5/03/24;46;M;842482.0;24;48521.0;9;0.668;2;FALSE;;0.912;0.931;80.3;0.0;423317.0;libre_inversion;TRUE
CAND-00756;6/03/24;28;H;1377128.0;19;60898.0;6;0.624;2;TRUE;874.0;0.811;0.805;80.1;0.0;508837.0;avance_efectivo;TRUE
CAND-00766;6/03/24;30;H;1711087.0;21;38589.0;10;0.063;2;FALSE;;0.686;;37.1;0.0;1351016.0;avance_efectivo;TRUE
CAND-02711;6/03/24;36;H;1704053.0;1;61815.0;1;0.839;1;TRUE;507.0;0.879;0.957;64.4;0.0;255217.0;libre_inversion;TRUE
CAND-01054;6/03/24;46;H;1130564.0;3;6536.0;6;0.389;4;FALSE;;0.661;0.858;23.7;0.0;773049.0;libre_inversion;TRUE
CAND-00001;6/03/24;34;H;1583486.0;1;86688.0;1;0.722;3;TRUE;762.0;0.568;0.847;25.7;0.0;501644.0;libre_inversion;TRUE
CAND-00066;6/03/24;41;H;1211002.0;55;71226.0;31;0.29;3;FALSE;;0.839;;62.7;0.0;579159.0;libre_inversion;TRUE
CAND-00272;7/03/24;23;M;10.393.513.001.866.500;36;26773.0;9;0.111;2;FALSE;;0.878;0.717;78.0;0.0;654233.0;avance_efectivo;TRUE
CAND-02234;7/03/24;33;M;2138256.0;5;17699.0;2;0.348;1;TRUE;732.0;0.668;0.572;49.0;0.0;432960.0;libre_inversion;TRUE
CAND-02216;7/03/24;36;H;809602.0;6;22566.0;3;0.813;3;TRUE;757.0;0.372;0.893;49.7;0.0;1196715.0;libre_inversion;TRUE
CAND-00637;7/03/24;47;H;1917899.0;26;68249.0;15;0.6;2;TRUE;608.0;;;36.8;0.0;2045585.0;avance_efectivo;TRUE
CAND-02644;7/03/24;25;H;1217116.0;3;10671.0;3;0.11;3;FALSE;;0.648;0.701;47.2;0.0;557608.0;libre_inversion;TRUE
CAND-02518;7/03/24;34;H;942035.0;39;59262.0;19;0.775;1;TRUE;545.0;0.595;0.438;63.4;0.0;692465.0;avance_efectivo;TRUE
CAND-00250;7/03/24;54;M;1364035.0;43;38725.0;16;0.494;4;FALSE;;0.611;0.924;44.8;0.0;218034.0;libre_inversion;TRUE
CAND-00740;7/03/24;43;M;1486052.0;2;10167.0;2;0.762;3;TRUE;572.0;0.655;0.853;64.3;0.0;1035152.0;libre_inversion;TRUE
CAND-01114;7/03/24;23;M;1074163.0;39;123275.0;7;0.567;2;TRUE;605.0;0.436;0.65;48.2;0.0;1047530.0;libre_inversion;TRUE
CAND-01700;8/03/24;38;M;582426.0;4;104772.0;2;0.591;5;TRUE;699.0;;0.81;61.8;0.0;474376.0;libre_inversion;TRUE
CAND-00754;8/03/24;25;M;1895662.0;13;25296.0;6;0.116;3;TRUE;675.0;0.608;0.802;54.0;0.0;1056049.0;libre_inversion;TRUE
CAND-02716;8/03/24;34;H;871776.0;35;82662.0;23;0.228;1;FALSE;;0.384;0.604;59.6;0.0;2338813.0;libre_inversion;TRUE
CAND-02566;8/03/24;24;H;618151.0;19;82838.0;12;0.303;4;FALSE;;0.568;0.869;48.2;0.0;815968.0;libre_inversion;TRUE
CAND-00499;8/03/24;52;H;1360042.0;6;12369.0;1;0.376;4;TRUE;717.0;0.696;0.599;33.2;0.0;1094641.0;libre_inversion;TRUE
CAND-02318;8/03/24;33;M;1500457.0;20;55422.0;13;0.464;3;TRUE;562.0;0.884;0.637;73.2;0.0;221536.0;avance_efectivo;TRUE
CAND-01910;8/03/24;37;M;1361288.0;1;20045.0;0;0.694;1;FALSE;;0.81;;30.5;0.0;937191.0;libre_inversion;TRUE
CAND-02340;8/03/24;45;H;1374043.0;2;67425.0;0;0.456;1;TRUE;497.0;0.654;0.557;60.5;0.0;238162.0;libre_inversion;TRUE
CAND-02373;9/03/24;28;H;1069600.0;1;51900.0;0;0.703;5;FALSE;;0.786;0.858;24.6;0.0;769422.0;avance_efectivo;TRUE
CAND-00625;9/03/24;29;H;1182180.0;22;17899.0;9;0.426;3;TRUE;628.0;0.692;0.934;54.6;0.0;255802.0;avance_efectivo;TRUE
CAND-00620;9/03/24;26;M;1200604.0;7;50880.0;0;0.411;1;FALSE;;0.782;0.813;32.6;0.0;815470.0;libre_inversion;TRUE
CAND-02154;9/03/24;23;M;714469.0;1;96865.0;2;0.024;1;TRUE;616.0;0.967;0.83;45.0;0.0;381073.0;libre_inversion;TRUE
CAND-00377;10/03/24;35;M;1144959.0;2;51097.0;1;0.373;2;TRUE;671.0;0.868;0.785;49.0;0.0;306907.0;compra_cartera;TRUE
CAND-02824;10/03/24;21;H;689071.0;35;52686.0;19;0.371;2;FALSE;;0.424;0.904;34.8;0.0;684186.0;avance_efectivo;TRUE
CAND-01334;10/03/24;35;M;450290.0;27;41222.0;18;0.593;4;TRUE;680.0;0.627;0.915;30.6;0.0;748083.0;libre_inversion;TRUE
CAND-00220;10/03/24;51;M;1271721.0;30;78033.0;14;0.082;2;FALSE;;;0.891;45.3;0.0;266344.0;avance_efectivo;TRUE
CAND-02966;10/03/24;41;M;1405643.0;1;42500.0;1;0.473;3;FALSE;;0.791;0.748;37.3;0.0;260551.0;libre_inversion;TRUE
CAND-02866;10/03/24;26;M;968217.0;8;37369.0;5;0.395;4;FALSE;;0.661;0.772;16.2;0.0;441249.0;libre_inversion;TRUE
CAND-02290;10/03/24;52;NB;1322975.0;18;56189.0;11;0.095;4;FALSE;;0.687;;64.6;0.0;288972.0;avance_efectivo;TRUE
CAND-01349;11/03/24;50;H;665639.0;16;157794.0;7;0.116;2;TRUE;718.0;0.724;0.855;31.2;0.0;360231.0;avance_efectivo;TRUE
CAND-00168;11/03/24;37;H;535697.0;60;123008.0;23;0.258;5;FALSE;;0.503;0.744;58.8;0.0;1122358.0;libre_inversion;TRUE
CAND-00666;11/03/24;50;H;1038357.0;13;43164.0;7;0.371;2;FALSE;;0.557;;83.2;0.0;723811.0;libre_inversion;TRUE
CAND-02385;11/03/24;51;H;1445585.0;15;7703.0;5;0.625;2;TRUE;620.0;0.683;0.87;42.1;0.0;363299.0;libre_inversion;TRUE
CAND-00821;11/03/24;25;H;965830.0;21;15405.0;11;0.34;2;TRUE;714.0;0.899;0.85;57.8;0.0;1024338.0;libre_inversion;TRUE
CAND-02470;11/03/24;23;H;1921073.0;3;52238.0;2;0.471;5;TRUE;721.0;0.741;0.96;52.2;0.0;932912.0;libre_inversion;TRUE
CAND-01540;11/03/24;40;H;1205489.0;5;86561.0;1;0.476;1;TRUE;613.0;0.764;0.807;29.1;0.0;709495.0;avance_efectivo;TRUE
CAND-00298;11/03/24;25;M;618504.0;15;46992.0;8;0.554;1;FALSE;;0.94;0.917;48.5;0.0;683958.0;compra_cartera;TRUE
CAND-00385;11/03/24;41;H;1738229.0;3;43614.0;1;0.34;1;TRUE;607.0;0.525;0.766;44.2;0.0;746200.0;compra_cartera;TRUE
CAND-01220;11/03/24;45;H;1252461.0;17;43192.0;9;0.509;2;FALSE;;0.916;0.693;43.7;0.0;653325.0;avance_efectivo;TRUE
CAND-01780;11/03/24;42;H;1303573.0;4;41051.0;2;0.173;1;TRUE;682.0;0.761;0.772;42.2;0.0;1194297.0;libre_inversion;TRUE
CAND-02424;11/03/24;39;NB;1243117.0;1;63987.0;3;0.288;4;FALSE;;0.987;0.868;37.9;0.0;426627.0;libre_inversion;TRUE
CAND-00770;11/03/24;37;M;437890.0;30;18025.0;17;0.4;2;TRUE;582.0;0.784;0.742;11.7;0.0;384372.0;libre_inversion;TRUE
CAND-00535;11/03/24;28;H;2537879.0;24;74695.0;12;0.327;1;FALSE;;0.9;;53.6;0.0;634782.0;libre_inversion;TRUE
CAND-02018;12/03/24;38;H;1391064.0;3;72953.0;3;0.445;3;FALSE;;0.902;0.639;36.3;0.0;586853.0;libre_inversion;TRUE
CAND-02526;12/03/24;52;H;1089266.0;41;57904.0;17;0.196;1;FALSE;;0.82;0.908;30.8;0.0;712365.0;compra_cartera;TRUE
CAND-02761;12/03/24;36;M;665107.0;3;17950.0;0;0.672;1;FALSE;;0.85;0.904;47.1;0.0;745670.0;libre_inversion;TRUE
CAND-02539;12/03/24;40;H;1339916.0;1;10946.0;1;0.152;3;TRUE;642.0;0.846;0.562;63.8;0.0;980800.0;avance_efectivo;TRUE
CAND-02696;12/03/24;23;H;906991.0;1;35432.0;0;0.462;1;TRUE;648.0;0.578;0.593;50.2;0.0;592862.0;libre_inversion;TRUE
CAND-00512;12/03/24;36;H;2194034.0;36;17983.0;18;0.772;3;TRUE;563.0;0.801;0.617;46.3;0.0;515944.0;avance_efectivo;TRUE
CAND-02194;12/03/24;29;H;749979.0;17;162678.0;13;0.675;1;FALSE;;0.736;;72.2;0.0;1368142.0;avance_efectivo;TRUE
CAND-00232;12/03/24;21;M;595061.0;17;30737.0;9;0.397;3;TRUE;595.0;0.625;0.832;60.1;0.0;571927.0;libre_inversion;TRUE
CAND-00154;12/03/24;38;M;1945288.0;10;57955.0;11;0.704;5;TRUE;666.0;0.73;0.586;54.7;0.0;253744.0;libre_inversion;TRUE
CAND-01661;12/03/24;19;M;1629133.0;9;57997.0;5;0.143;5;TRUE;611.0;0.625;0.563;85.9;21148.0;583387.0;compra_cartera;TRUE
CAND-01408;12/03/24;43;M;1002617.0;19;36266.0;6;0.483;1;FALSE;;0.723;0.516;23.4;0.0;215347.0;libre_inversion;TRUE
CAND-01614;12/03/24;44;H;909474.0;2;35571.0;2;0.099;2;FALSE;;0.654;0.826;50.5;0.0;297299.0;avance_efectivo;TRUE
CAND-02937;12/03/24;43;M;1253982.0;8;46488.0;7;0.299;1;TRUE;516.0;0.783;0.88;47.0;0.0;860157.0;libre_inversion;TRUE
CAND-01638;12/03/24;30;M;1673568.0;17;33029.0;16;0.874;2;FALSE;;0.925;;65.9;0.0;458949.0;compra_cartera;FALSE
CAND-01232;13/03/24;39;H;1659822.0;19;17051.0;12;0.589;4;FALSE;;0.686;0.796;97.9;0.0;543299.0;libre_inversion;TRUE
CAND-02019;13/03/24;34;M;1379188.0;7;82010.0;4;0.301;3;TRUE;570.0;0.682;0.94;45.5;0.0;635559.0;avance_efectivo;TRUE
CAND-01590;13/03/24;25;H;1152430.0;4;20886.0;3;0.154;4;FALSE;;0.758;0.832;35.4;0.0;1400497.0;compra_cartera;TRUE
CAND-01844;13/03/24;30;H;985782.0;14;192921.0;6;0.4;1;TRUE;680.0;0.82;0.793;37.2;0.0;746924.0;libre_inversion;TRUE
CAND-00080;13/03/24;46;M;1859137.0;8;32397.0;4;0.284;3;FALSE;;0.631;0.823;63.9;0.0;152041.0;avance_efectivo;TRUE
CAND-01166;13/03/24;40;M;3457946.0;35;9425.0;15;0.431;3;FALSE;;0.757;0.95;83.0;0.0;904409.0;compra_cartera;TRUE
CAND-02215;13/03/24;33;M;2425595.0;1;35128.0;1;0.711;4;FALSE;;0.949;0.652;51.2;0.0;1666688.0;compra_cartera;TRUE
CAND-01785;13/03/24;47;H;1024332.0;60;91974.0;39;0.382;1;FALSE;;0.878;0.414;57.7;0.0;544424.0;avance_efectivo;TRUE
CAND-01575;13/03/24;38;M;628530.0;7;23491.0;5;0.161;2;TRUE;671.0;0.827;0.901;46.9;0.0;720219.0;libre_inversion;TRUE
CAND-01815;13/03/24;40;M;1229067.0;3;82597.0;1;0.329;2;TRUE;654.0;0.771;0.866;0.0;0.0;504767.0;avance_efectivo;TRUE
CAND-01816;13/03/24;23;H;665097.0;6;19979.0;3;0.27;3;FALSE;;0.831;0.934;64.1;0.0;743247.0;libre_inversion;TRUE
CAND-00177;14/03/24;31;NB;1056638.0;11;53160.0;4;0.666;1;TRUE;615.0;0.792;0.717;66.6;0.0;156599.0;avance_efectivo;TRUE
CAND-02660;14/03/24;22;M;1029426.0;4;53240.0;2;0.42;4;FALSE;;;0.854;58.0;0.0;743637.0;avance_efectivo;TRUE
CAND-00257;14/03/24;45;M;1144008.0;9;18260.0;2;0.682;3;FALSE;;0.865;0.87;31.2;0.0;855414.0;avance_efectivo;TRUE
CAND-01683;14/03/24;31;M;1820512.0;9;67954.0;6;0.412;3;FALSE;;0.847;0.672;80.7;0.0;790634.0;libre_inversion;TRUE
CAND-00388;14/03/24;33;H;1913127.0;7;38809.0;4;0.173;1;FALSE;;0.694;0.741;23.3;0.0;1318292.0;compra_cartera;TRUE
CAND-02958;14/03/24;32;M;1381223.0;34;46555.0;14;0.616;4;TRUE;755.0;0.676;0.687;26.5;0.0;456092.0;compra_cartera;TRUE
CAND-02695;14/03/24;36;H;810398.0;26;24769.0;15;0.568;1;FALSE;;0.821;;53.6;0.0;880444.0;libre_inversion;FALSE
CAND-02932;14/03/24;18;M;1175955.0;32;19901.0;21;0.363;1;TRUE;743.0;0.963;0.858;55.5;0.0;476639.0;avance_efectivo;TRUE
CAND-01850;14/03/24;42;H;2491617.0;25;8740.0;17;0.465;2;FALSE;;0.844;0.908;27.8;0.0;293934.0;avance_efectivo;TRUE
CAND-02559;14/03/24;35;H;2239970.0;8;66404.0;7;0.517;5;FALSE;;0.445;0.587;31.6;0.0;658628.0;avance_efectivo;TRUE
CAND-01049;14/03/24;35;M;2268891.0;21;39881.0;12;0.505;1;TRUE;452.0;0.896;0.753;45.6;0.0;678.0;compra_cartera;TRUE
CAND-01524;14/03/24;44;M;1536011.0;6;70949.0;2;0.376;4;TRUE;728.0;0.876;0.831;50.8;0.0;370987.0;libre_inversion;TRUE
CAND-02525;14/03/24;25;M;1224480.0;2;1442.0;2;0.891;1;FALSE;;0.905;0.922;46.0;0.0;449617.0;libre_inversion;TRUE
CAND-00599;14/03/24;46;M;1818430.0;1;61743.0;0;0.253;5;FALSE;;0.806;0.949;46.1;0.0;474100.0;libre_inversion;TRUE
CAND-00554;15/03/24;36;H;1057568.0;4;7047.0;0;0.362;1;FALSE;;0.951;0.901;38.8;0.0;482464.0;avance_efectivo;TRUE
CAND-00988;15/03/24;22;M;1801873.0;10;49592.0;2;0.201;1;FALSE;;0.631;0.901;51.3;0.0;716793.0;libre_inversion;TRUE
CAND-01980;15/03/24;18;H;1830161.0;25;23501.0;18;0.592;2;FALSE;;0.869;;31.7;0.0;458837.0;libre_inversion;TRUE
CAND-00247;15/03/24;47;M;1299469.0;35;169344.0;21;0.19;1;FALSE;;0.741;0.542;43.7;0.0;577010.0;compra_cartera;TRUE
CAND-00270;15/03/24;47;M;1436354.0;1;94168.0;0;0.596;3;TRUE;703.0;0.66;0.614;74.1;0.0;566214.0;libre_inversion;TRUE
CAND-01188;15/03/24;21;H;1746493.0;4;10828.0;1;0.36;2;TRUE;681.0;0.874;0.918;56.4;0.0;1132881.0;libre_inversion;TRUE
CAND-00495;15/03/24;34;M;1037314.0;4;29964.0;1;0.275;2;TRUE;637.0;0.597;0.671;51.1;0.0;474043.0;libre_inversion;TRUE
CAND-00571;15/03/24;24;M;2459590.0;3;24069.0;3;0.111;3;FALSE;;0.657;0.968;8.9;0.0;857881.0;libre_inversion;TRUE
CAND-02599;15/03/24;40;M;1367966.0;27;83313.0;10;0.554;2;TRUE;740.0;0.916;0.451;35.1;0.0;2486749.0;compra_cartera;TRUE
CAND-02204;15/03/24;28;M;952741.0;1;40795.0;0;0.452;3;FALSE;;0.557;0.821;19.6;0.0;2642799.0;compra_cartera;TRUE
CAND-00289;15/03/24;25;H;1219810.0;34;46679.0;17;0.192;2;FALSE;;0.766;;49.2;0.0;584581.0;compra_cartera;TRUE
CAND-02198;15/03/24;34;M;2477729.0;15;27031.0;8;0.257;2;FALSE;;0.521;0.901;31.3;0.0;882114.0;libre_inversion;TRUE
CAND-02041;15/03/24;33;H;1270915.0;28;53861.0;18;0.582;5;TRUE;591.0;0.785;0.541;74.9;0.0;585689.0;compra_cartera;TRUE
CAND-02101;15/03/24;36;H;752874.0;10;44130.0;5;0.514;1;TRUE;721.0;0.663;0.757;74.9;0.0;322257.0;compra_cartera;TRUE
CAND-01218;15/03/24;36;M;1198620.0;17;18857.0;10;0.226;2;FALSE;;0.567;0.87;76.9;0.0;211645.0;libre_inversion;TRUE
CAND-01111;16/03/24;18;H;1653457.0;1;26451.0;0;0.563;1;TRUE;515.0;0.687;0.654;50.0;0.0;441726.0;compra_cartera;TRUE
CAND-00562;16/03/24;42;H;1461458.0;10;201636.0;4;0.044;4;FALSE;;0.761;0.873;20.3;0.0;1874027.0;avance_efectivo;TRUE
CAND-00333;16/03/24;25;M;1241319.0;6;8559.0;3;0.546;2;FALSE;;0.596;0.744;37.2;0.0;1020622.0;avance_efectivo;TRUE
CAND-00355;16/03/24;21;M;1698249.0;19;33272.0;5;0.672;4;FALSE;;0.736;0.744;57.6;0.0;207356.0;libre_inversion;TRUE
CAND-01930;16/03/24;38;M;1190178.0;18;54166.0;10;0.21;2;TRUE;663.0;;0.526;93.9;0.0;379220.0;libre_inversion;TRUE
CAND-00772;16/03/24;29;M;1909908.0;19;84876.0;13;0.383;1;FALSE;;0.84;;61.1;0.0;908787.0;libre_inversion;TRUE
CAND-02733;16/03/24;28;M;767687.0;9;15375.0;7;0.49;4;TRUE;584.0;0.833;0.873;52.7;0.0;918440.0;avance_efectivo;TRUE
CAND-01879;16/03/24;43;H;878688.0;1;6487.0;0;0.6;2;TRUE;635.0;0.783;0.754;78.1;0.0;728380.0;libre_inversion;TRUE
CAND-01039;16/03/24;43;M;2084309.0;23;29404.0;8;0.519;4;TRUE;572.0;0.789;0.524;42.0;0.0;536999.0;libre_inversion;TRUE
CAND-01724;16/03/24;37;M;1066060.0;8;42110.0;5;0.13;4;TRUE;710.0;0.686;0.811;35.3;0.0;530841.0;libre_inversion;TRUE
CAND-00782;16/03/24;39;M;1271523.0;9;17855.0;4;0.25;5;FALSE;;0.892;;34.9;0.0;750141.0;libre_inversion;TRUE
CAND-00110;16/03/24;36;M;1231436.0;6;23627.0;2;0.206;5;TRUE;707.0;0.957;0.56;55.2;0.0;173023.0;libre_inversion;TRUE
CAND-01751;16/03/24;24;M;1763094.0;8;82607.0;3;0.544;3;TRUE;576.0;0.782;0.627;65.4;0.0;1006312.0;libre_inversion;TRUE
CAND-02741;16/03/24;35;M;1287007.0;8;16276.0;3;0.537;1;FALSE;;0.364;0.3;69.0;0.0;278132.0;libre_inversion;TRUE
CAND-00682;17/03/24;42;H;2895608.0;2;13415.0;2;0.548;1;TRUE;730.0;0.7;0.759;47.0;0.0;511188.0;avance_efectivo;TRUE
CAND-00643;17/03/24;42;H;1160018.0;2;122052.0;2;0.509;1;FALSE;;0.88;0.901;23.1;0.0;827459.0;libre_inversion;TRUE
CAND-01985;17/03/24;54;M;974492.0;10;30497.0;5;0.146;4;FALSE;;0.696;0.679;48.6;0.0;542556.0;libre_inversion;TRUE
CAND-02658;17/03/24;33;M;1226656.0;56;63868.0;15;0.613;5;FALSE;;0.619;0.609;72.0;0.0;4214499.0;compra_cartera;TRUE
CAND-01625;17/03/24;42;M;1003892.0;9;96390.0;8;0.336;3;TRUE;601.0;0.789;0.971;78.6;0.0;616266.0;avance_efectivo;TRUE
CAND-01997;17/03/24;40;H;961.705.411.118.913;20;13627.0;11;0.661;2;TRUE;636.0;0.621;0.938;38.2;0.0;516686.0;libre_inversion;TRUE
CAND-02964;17/03/24;34;H;1566605.0;1;26328.0;0;0.581;1;FALSE;;0.976;0.902;57.1;0.0;542113.0;compra_cartera;TRUE
CAND-01272;17/03/24;18;M;822952.0;11;10226.0;3;0.073;4;FALSE;;0.644;0.689;36.7;0.0;2295633.0;libre_inversion;FALSE
CAND-02972;18/03/24;26;H;2447676.0;3;89467.0;0;0.631;4;TRUE;775.0;0.553;0.679;35.9;0.0;466871.0;libre_inversion;TRUE
CAND-00546;18/03/24;29;M;1232477.0;4;39711.0;1;0.599;1;TRUE;706.0;0.744;0.698;41.3;0.0;350841.0;avance_efectivo;TRUE
CAND-02921;18/03/24;51;H;1737124.0;4;24536.0;2;0.46;5;FALSE;;0.581;0.869;51.5;0.0;129650.0;libre_inversion;TRUE
CAND-02063;18/03/24;47;H;960083.0;6;22749.0;0;0.223;2;FALSE;;0.907;;33.6;0.0;312178.0;libre_inversion;FALSE
CAND-02904;18/03/24;38;M;992042.0;27;75168.0;12;0.449;1;FALSE;;0.496;0.495;34.4;0.0;764537.0;libre_inversion;TRUE
CAND-00798;18/03/24;28;M;1564344.0;7;34853.0;3;0.265;3;TRUE;519.0;0.541;0.522;63.0;0.0;338005.0;libre_inversion;TRUE
CAND-01209;18/03/24;30;M;1447340.0;6;50348.0;2;0.562;1;TRUE;783.0;0.929;0.87;13.6;0.0;207191.0;libre_inversion;TRUE
CAND-02802;18/03/24;32;M;644967.0;1;24276.0;2;0.2;3;FALSE;;0.751;;71.0;0.0;756329.0;libre_inversion;TRUE
CAND-00450;18/03/24;20;H;1425252.0;29;75180.0;14;0.898;2;TRUE;730.0;0.813;0.856;33.6;0.0;738274.0;libre_inversion;TRUE
CAND-01918;19/03/24;30;M;1126699.0;3;39498.0;2;0.917;1;TRUE;679.0;;0.65;20.3;0.0;384638.0;avance_efectivo;FALSE
CAND-02941;19/03/24;38;H;1708940.0;7;8492.0;3;0.447;1;TRUE;689.0;0.676;0.744;61.5;0.0;1543814.0;avance_efectivo;TRUE
CAND-02363;19/03/24;36;H;782935.0;17;69627.0;13;0.341;1;FALSE;;;0.675;52.9;0.0;837807.0;libre_inversion;TRUE
CAND-00434;19/03/24;52;M;1019652.0;15;39235.0;5;0.426;5;FALSE;;0.741;0.816;52.0;0.0;406645.0;libre_inversion;TRUE
CAND-01359;19/03/24;32;H;1501132.0;4;21924.0;2;0.458;2;TRUE;636.0;0.709;0.75;23.8;0.0;696246.0;libre_inversion;TRUE
CAND-02066;19/03/24;32;H;1146848.0;21;19059.0;10;0.148;1;FALSE;;0.597;0.732;22.8;0.0;386408.0;libre_inversion;TRUE
CAND-00345;19/03/24;48;NB;1330609.0;39;43087.0;19;0.24;4;FALSE;;0.548;;60.3;0.0;839379.0;libre_inversion;TRUE
CAND-02564;19/03/24;52;H;2685221.0;21;92614.0;13;0.387;1;TRUE;585.0;0.562;0.637;75.3;0.0;1917977.0;libre_inversion;TRUE
CAND-02228;20/03/24;39;H;1478160.0;3;72985.0;1;0.364;4;TRUE;517.0;0.58;0.663;55.2;0.0;378045.0;avance_efectivo;TRUE
CAND-00032;20/03/24;32;H;4073629.0;20;38855.0;7;0.169;4;TRUE;479.0;0.744;0.966;45.3;0.0;515559.0;compra_cartera;TRUE
CAND-02171;20/03/24;24;M;1109750.0;38;79490.0;12;0.415;1;TRUE;626.0;0.742;0.764;72.7;0.0;1001635.0;libre_inversion;TRUE
CAND-01823;20/03/24;32;H;1855451.0;21;128952.0;9;0.559;3;TRUE;723.0;0.718;0.916;52.7;0.0;515020.0;compra_cartera;TRUE
CAND-01371;20/03/24;29;H;1934881.0;8;74886.0;5;0.415;1;TRUE;734.0;0.716;0.856;39.7;0.0;422099.0;libre_inversion;FALSE
CAND-02510;20/03/24;46;H;1683429.0;8;4180.0;8;0.268;5;FALSE;;0.946;;45.0;0.0;1167088.0;libre_inversion;TRUE
CAND-02880;20/03/24;43;H;1349101.0;1;79629.0;0;0.644;1;TRUE;579.0;0.904;0.691;21.2;0.0;455608.0;avance_efectivo;TRUE
CAND-02673;20/03/24;25;H;1364445.0;13;50983.0;8;0.281;1;TRUE;693.0;0.768;0.563;7.5;0.0;1004770.0;libre_inversion;TRUE
CAND-01437;20/03/24;27;H;721863.0;39;102255.0;17;0.544;2;TRUE;593.0;0.917;0.67;96.3;0.0;237207.0;libre_inversion;TRUE
CAND-02751;20/03/24;46;H;1542419.0;14;19240.0;9;0.455;2;TRUE;635.0;0.744;0.808;23.9;0.0;616503.0;libre_inversion;TRUE
CAND-01735;21/03/24;43;M;1165013.0;10;7783.0;8;0.713;3;FALSE;;0.907;0.616;51.4;0.0;441958.0;libre_inversion;TRUE
CAND-02139;21/03/24;35;H;2845730.0;20;76356.0;15;0.374;3;TRUE;592.0;0.645;;31.5;0.0;479074.0;avance_efectivo;TRUE
CAND-02667;21/03/24;26;H;1210519.0;8;56217.0;5;0.611;1;FALSE;;0.716;0.721;63.7;0.0;690831.0;avance_efectivo;TRUE
CAND-01641;21/03/24;33;M;1329649.0;14;34838.0;4;0.573;5;TRUE;709.0;0.587;0.962;51.2;0.0;1184320.0;libre_inversion;TRUE
CAND-01446;21/03/24;43;M;2712528.0;6;60615.0;2;0.141;4;FALSE;;;0.652;61.0;0.0;894516.0;compra_cartera;TRUE
CAND-00703;21/03/24;52;H;1350322.0;1;42703.0;0;0.312;3;TRUE;656.0;0.78;0.453;51.8;0.0;1297572.0;libre_inversion;TRUE
CAND-01837;21/03/24;27;H;556731.0;11;51179.0;4;0.852;1;FALSE;;0.552;0.938;50.4;0.0;1461993.0;libre_inversion;TRUE
CAND-01469;21/03/24;40;H;1811632.0;6;53690.0;2;0.617;2;TRUE;625.0;;0.513;51.2;0.0;416484.0;avance_efectivo;TRUE
CAND-00644;21/03/24;34;M;1479200.0;1;4707.0;1;0.123;3;FALSE;;0.883;0.707;27.4;0.0;820554.0;libre_inversion;TRUE
CAND-00566;21/03/24;42;M;2287284.0;23;70404.0;13;0.465;1;FALSE;;0.855;0.603;71.5;0.0;1251273.0;avance_efectivo;TRUE
CAND-00627;21/03/24;26;M;2708558.0;19;20106.0;10;0.569;3;TRUE;731.0;0.714;0.881;39.5;0.0;462034.0;libre_inversion;TRUE
CAND-00501;21/03/24;19;M;2000608.0;31;61673.0;15;0.463;1;TRUE;557.0;0.901;0.811;63.1;0.0;832677.0;compra_cartera;TRUE
CAND-02057;21/03/24;44;M;2361371.0;37;108183.0;16;0.394;3;FALSE;;0.804;0.874;80.8;0.0;894766.0;libre_inversion;TRUE
CAND-01549;21/03/24;30;H;1066505.0;20;10398.0;2;0.743;2;TRUE;666.0;0.383;0.83;59.8;0.0;545814.0;libre_inversion;TRUE
CAND-00580;22/03/24;36;M;1667164.0;15;49928.0;5;0.083;2;FALSE;;0.681;0.672;69.3;0.0;803597.0;libre_inversion;TRUE
CAND-01153;22/03/24;51;NB;3220985.0;9;73638.0;1;0.192;4;FALSE;;0.844;0.886;0.0;0.0;862375.0;avance_efectivo;TRUE
CAND-01167;22/03/24;22;H;1857516.0;5;21295.0;2;0.593;1;FALSE;;0.845;0.594;62.5;0.0;440881.0;avance_efectivo;TRUE
CAND-02350;22/03/24;33;H;966711.0;24;5278.0;16;0.464;3;TRUE;566.0;0.956;0.68;58.3;0.0;566969.0;compra_cartera;TRUE
CAND-00449;22/03/24;43;H;912510.0;15;72051.0;8;0.659;1;FALSE;;0.775;0.606;47.8;0.0;556407.0;libre_inversion;TRUE
CAND-01067;22/03/24;20;M;1890973.0;1;92789.0;0;0.299;4;FALSE;;0.689;;36.8;0.0;587545.0;libre_inversion;TRUE
CAND-01822;22/03/24;28;M;986093.0;25;4835.0;10;0.67;2;TRUE;865.0;0.766;0.628;37.5;0.0;1857721.0;avance_efectivo;TRUE
CAND-01999;22/03/24;27;M;597861.0;17;41895.0;4;0.27;1;TRUE;670.0;0.815;0.867;50.0;0.0;408063.0;libre_inversion;TRUE
CAND-01042;22/03/24;38;H;948419.0;23;39884.0;8;0.471;5;FALSE;;0.996;0.832;66.5;0.0;746844.0;avance_efectivo;TRUE
CAND-00356;22/03/24;28;H;367218.0;2;19944.0;0;0.742;3;TRUE;611.0;0.81;0.741;33.8;0.0;352542.0;libre_inversion;TRUE
CAND-02940;22/03/24;39;H;1518886.0;6;71843.0;1;0.564;2;FALSE;;;0.539;43.3;0.0;428891.0;compra_cartera;TRUE
CAND-00379;22/03/24;35;M;1985377.0;1;41341.0;1;0.542;3;FALSE;;0.921;0.706;49.9;0.0;738888.0;libre_inversion;TRUE
CAND-00550;23/03/24;32;M;1045895.0;19;53719.0;11;0.364;5;TRUE;718.0;0.875;0.838;51.9;0.0;1157325.0;avance_efectivo;TRUE
CAND-01550;23/03/24;39;M;878027.0;2;2326.0;1;0.05;1;FALSE;;0.518;0.883;46.9;0.0;677486.0;libre_inversion;TRUE
CAND-02327;23/03/24;24;M;888407.0;31;96165.0;17;0.701;5;TRUE;751.0;0.704;0.943;69.1;0.0;432252.0;libre_inversion;TRUE
CAND-02306;23/03/24;32;H;2004235.0;5;22787.0;4;0.326;2;FALSE;;0.795;0.61;62.4;0.0;829766.0;libre_inversion;TRUE
CAND-02033;23/03/24;19;H;3996502.0;4;13363.0;3;0.431;2;FALSE;;0.873;0.85;83.9;0.0;802413.0;libre_inversion;TRUE
CAND-01569;23/03/24;30;M;1282632.0;18;47976.0;9;0.403;1;TRUE;477.0;0.959;0.77;30.8;0.0;361457.0;avance_efectivo;TRUE
CAND-00200;23/03/24;25;M;1117432.0;3;16664.0;1;0.479;1;FALSE;;0.336;0.808;67.0;0.0;770549.0;libre_inversion;TRUE
CAND-00838;23/03/24;32;H;1138686.0;57;92138.0;36;0.467;2;FALSE;;0.803;0.761;66.6;0.0;528380.0;libre_inversion;TRUE
CAND-00489;23/03/24;38;H;639327.0;10;28786.0;7;0.164;2;FALSE;;0.449;0.881;99.0;7377.0;465316.0;avance_efectivo;TRUE
CAND-01255;23/03/24;40;M;2408004.0;8;130008.0;4;0.52;1;TRUE;735.0;0.898;0.863;0.0;0.0;576426.0;avance_efectivo;TRUE
CAND-01481;23/03/24;38;H;569980.0;23;100264.0;9;0.697;1;TRUE;673.0;0.893;0.781;50.6;0.0;181012.0;libre_inversion;TRUE
CAND-00869;23/03/24;51;M;771940.0;17;23094.0;10;0.213;2;FALSE;;0.843;0.504;46.7;0.0;1425995.0;compra_cartera;TRUE
CAND-01831;23/03/24;34;M;622094.0;11;175602.0;0;0.416;1;FALSE;;0.872;0.689;41.4;0.0;620308.0;libre_inversion;TRUE
CAND-02947;24/03/24;45;H;332722.0;3;52465.0;2;0.366;2;TRUE;635.0;0.653;0.329;73.9;0.0;245177.0;avance_efectivo;TRUE
CAND-00916;24/03/24;36;H;1019079.0;24;33785.0;14;0.711;2;TRUE;697.0;0.906;0.412;58.7;0.0;784970.0;compra_cartera;TRUE
CAND-02771;24/03/24;33;M;9.475.369.019.294.410;2;6314.0;2;0.277;1;TRUE;716.0;0.848;0.72;80.0;0.0;1053886.0;compra_cartera;TRUE
CAND-02034;24/03/24;52;H;1597361.0;4;67829.0;0;0.308;4;FALSE;;0.831;0.899;41.7;0.0;380563.0;libre_inversion;TRUE
CAND-02444;24/03/24;39;M;1057211.0;2;49327.0;3;0.159;1;TRUE;610.0;0.886;0.873;45.2;0.0;1252466.0;avance_efectivo;TRUE
CAND-02072;24/03/24;35;M;478553.0;1;124550.0;0;0.47;2;FALSE;;0.622;0.823;50.2;0.0;303421.0;avance_efectivo;TRUE
CAND-01106;24/03/24;25;M;1054841.0;6;69173.0;5;0.383;5;FALSE;;0.643;0.803;57.9;0.0;500053.0;libre_inversion;TRUE
CAND-00418;24/03/24;21;NB;2855429.0;1;38626.0;1;0.247;1;TRUE;628.0;0.755;0.568;55.3;0.0;202283.0;libre_inversion;TRUE
CAND-02378;24/03/24;39;H;1393117.0;1;14895.0;2;0.496;3;TRUE;575.0;0.835;;54.0;0.0;801614.0;compra_cartera;TRUE
CAND-00178;25/03/24;22;M;783806.0;5;23935.0;3;0.328;3;TRUE;787.0;0.886;0.865;44.0;0.0;1175577.0;libre_inversion;TRUE
CAND-02346;25/03/24;36;H;811329.0;4;37743.0;3;0.421;3;FALSE;;0.666;0.617;30.6;0.0;480770.0;compra_cartera;TRUE
CAND-00642;25/03/24;31;H;774749.0;3;63587.0;1;0.398;1;FALSE;;0.947;;59.8;0.0;234353.0;libre_inversion;TRUE
CAND-02037;25/03/24;45;H;3306194.0;1;62080.0;1;0.241;4;FALSE;;0.744;0.936;46.5;0.0;759179.0;avance_efectivo;TRUE
CAND-02265;25/03/24;31;NB;1529334.0;17;14670.0;8;0.458;3;FALSE;;0.774;0.827;32.3;0.0;1033039.0;compra_cartera;TRUE
CAND-02735;25/03/24;43;H;1302361.0;9;73458.0;5;0.449;3;FALSE;;;0.684;50.7;6708.0;916597.0;libre_inversion;TRUE
CAND-01027;25/03/24;22;H;2579012.0;1;40824.0;1;0.36;2;FALSE;;0.805;0.945;74.2;0.0;515269.0;libre_inversion;TRUE
CAND-00100;25/03/24;27;M;1193929.0;4;218612.0;0;0.198;2;TRUE;678.0;0.782;0.769;77.7;0.0;1916.0;libre_inversion;TRUE
CAND-02389;25/03/24;36;M;2436989.0;11;133105.0;10;0.125;4;FALSE;;0.711;0.806;46.7;0.0;910638.0;libre_inversion;TRUE
CAND-02105;25/03/24;38;H;934688.0;18;85731.0;11;0.094;3;FALSE;;;0.733;39.2;0.0;912863.0;avance_efectivo;TRUE
CAND-00282;25/03/24;27;NB;11.701.606.779.251.900;40;54492.0;30;0.26;3;TRUE;884.0;0.96;0.827;69.9;0.0;215781.0;avance_efectivo;TRUE
CAND-02715;25/03/24;33;M;1785134.0;34;68789.0;11;0.548;3;FALSE;;0.528;0.867;72.8;0.0;642934.0;avance_efectivo;TRUE
CAND-02120;26/03/24;46;M;1998526.0;14;59930.0;6;0.267;2;TRUE;674.0;0.607;0.664;34.1;0.0;127303.0;libre_inversion;TRUE
CAND-01474;26/03/24;25;H;3241406.0;2;29895.0;0;0.168;3;FALSE;;0.907;0.927;70.7;0.0;751812.0;libre_inversion;TRUE
CAND-00215;26/03/24;45;H;806335.0;1;69171.0;2;0.595;3;FALSE;;0.573;0.839;37.8;0.0;538870.0;avance_efectivo;TRUE
CAND-01697;26/03/24;28;M;904773.0;1;73375.0;5;0.459;2;FALSE;;0.783;0.598;42.3;0.0;1765346.0;libre_inversion;TRUE
CAND-02259;26/03/24;21;M;1285940.0;6;29684.0;0;0.508;2;FALSE;;0.949;0.591;78.8;0.0;282147.0;libre_inversion;TRUE
CAND-01984;26/03/24;19;M;29.243.540.708.866.600;12;10257.0;4;0.189;1;TRUE;613.0;0.712;0.657;65.6;0.0;650370.0;avance_efectivo;TRUE
CAND-00153;26/03/24;42;M;719358.0;35;51835.0;28;0.604;1;FALSE;;0.65;0.515;44.6;0.0;2107250.0;libre_inversion;TRUE
CAND-01635;26/03/24;42;H;942279.0;6;104768.0;6;0.601;3;TRUE;722.0;0.782;0.817;43.6;0.0;633082.0;libre_inversion;TRUE
CAND-01369;26/03/24;30;M;1119553.0;16;27894.0;5;0.263;3;FALSE;;0.863;0.617;57.7;0.0;604807.0;libre_inversion;TRUE
CAND-02705;26/03/24;61;H;578154.0;6;1899.0;3;0.322;1;TRUE;661.0;0.723;0.695;44.8;0.0;288471.0;avance_efectivo;TRUE
CAND-02229;26/03/24;33;H;1586946.0;21;10428.0;11;0.829;1;FALSE;;0.914;0.521;12.7;0.0;286725.0;libre_inversion;TRUE
CAND-02861;26/03/24;42;M;1201718.0;6;35390.0;2;0.446;2;FALSE;;0.686;0.745;49.6;0.0;370839.0;libre_inversion;TRUE
CAND-01936;26/03/24;32;M;1195091.0;6;25822.0;4;0.417;3;TRUE;541.0;0.804;0.861;72.3;0.0;849808.0;avance_efectivo;TRUE
CAND-00815;27/03/24;33;M;796524.0;14;109454.0;5;0.475;1;FALSE;;0.757;0.544;17.8;0.0;522359.0;compra_cartera;TRUE
CAND-02131;27/03/24;29;H;923459.0;20;98168.0;5;0.376;2;TRUE;742.0;0.794;0.667;54.3;0.0;381060.0;libre_inversion;TRUE
CAND-00131;27/03/24;34;H;820919.0;1;71796.0;0;0.17;1;FALSE;;0.597;0.985;48.2;0.0;405035.0;avance_efectivo;TRUE
CAND-00030;27/03/24;21;H;593070.0;7;45574.0;5;0.268;2;TRUE;555.0;0.605;0.618;61.4;0.0;663083.0;compra_cartera;TRUE
CAND-02027;27/03/24;18;M;2212554.0;16;51578.0;6;0.093;3;TRUE;628.0;0.884;0.379;91.2;0.0;926866.0;compra_cartera;TRUE
CAND-02473;27/03/24;27;M;1592149.0;11;52990.0;7;0.667;2;TRUE;670.0;0.951;0.903;52.9;0.0;1425700.0;libre_inversion;TRUE
CAND-01854;27/03/24;38;H;868668.0;8;33359.0;6;0.069;4;FALSE;;0.906;0.305;28.3;0.0;2081995.0;libre_inversion;TRUE
CAND-02136;27/03/24;36;M;1204313.0;2;33470.0;1;0.495;1;FALSE;;0.778;0.934;31.3;0.0;881162.0;libre_inversion;TRUE
CAND-00116;27/03/24;22;M;2159728.0;55;62412.0;31;0.298;1;TRUE;667.0;0.392;0.757;60.1;0.0;280006.0;libre_inversion;TRUE
CAND-01475;27/03/24;31;M;2052680.0;3;89538.0;2;0.031;3;TRUE;688.0;0.859;0.744;55.3;0.0;347358.0;libre_inversion;TRUE
CAND-01149;27/03/24;29;H;549325.0;9;30377.0;5;0.837;3;FALSE;;0.783;0.662;58.8;0.0;1416224.0;avance_efectivo;TRUE
CAND-01295;27/03/24;54;M;1928816.0;22;75389.0;11;0.707;4;FALSE;;0.791;0.658;17.1;0.0;594943.0;avance_efectivo;TRUE
CAND-01159;27/03/24;18;M;1764873.0;44;39449.0;22;0.171;1;TRUE;716.0;0.794;0.741;27.0;0.0;824048.0;libre_inversion;TRUE
CAND-00926;27/03/24;44;H;753022.0;5;144209.0;2;0.3;3;FALSE;;0.859;0.683;81.2;0.0;222197.0;compra_cartera;TRUE
CAND-01888;27/03/24;47;M;2047462.0;17;92393.0;15;0.357;5;FALSE;;0.692;;52.0;0.0;341072.0;avance_efectivo;TRUE
CAND-00923;28/03/24;37;M;1942642.0;12;16547.0;7;0.334;1;TRUE;574.0;0.761;0.757;39.7;0.0;1317183.0;libre_inversion;TRUE
CAND-00734;28/03/24;27;M;1003436.0;3;109389.0;1;0.434;2;FALSE;;0.856;0.951;38.1;0.0;683693.0;avance_efectivo;TRUE
CAND-02280;28/03/24;40;M;547879.0;1;31644.0;1;0.582;4;TRUE;562.0;0.858;0.882;100.0;0.0;263333.0;libre_inversion;TRUE
CAND-02167;28/03/24;30;M;1719651.0;24;47528.0;15;0.342;1;TRUE;702.0;0.703;0.555;40.1;0.0;868039.0;compra_cartera;TRUE
CAND-01058;28/03/24;31;H;1301996.0;5;101389.0;5;0.183;4;TRUE;440.0;0.87;0.76;84.2;0.0;246353.0;libre_inversion;TRUE
CAND-00864;28/03/24;45;M;1015493.0;5;98067.0;4;0.793;2;FALSE;;0.795;0.976;54.3;0.0;467910.0;libre_inversion;TRUE
CAND-02925;29/03/24;33;M;972061.0;26;27331.0;19;0.131;2;FALSE;;0.669;0.333;29.7;0.0;744260.0;libre_inversion;TRUE
CAND-01136;29/03/24;48;H;1772487.0;10;64189.0;5;0.277;1;TRUE;698.0;0.625;0.891;47.2;0.0;721877.0;libre_inversion;TRUE
CAND-01886;29/03/24;25;M;1098340.0;9;34828.0;3;0.577;3;TRUE;679.0;0.9;0.884;0.0;0.0;1281138.0;libre_inversion;TRUE
CAND-00208;29/03/24;21;M;1047467.0;60;46973.0;27;0.327;3;FALSE;;0.751;0.407;40.7;14958.0;490159.0;compra_cartera;TRUE
CAND-00065;29/03/24;51;M;980399.0;5;51915.0;3;0.09;5;TRUE;648.0;0.861;0.877;47.6;0.0;525692.0;libre_inversion;TRUE
CAND-01222;29/03/24;52;H;1256305.0;2;45306.0;0;0.729;1;FALSE;;0.799;0.802;37.7;0.0;434178.0;libre_inversion;TRUE
CAND-00398;29/03/24;35;M;1879028.0;12;50965.0;10;0.623;3;FALSE;;0.85;0.757;25.6;0.0;481287.0;libre_inversion;TRUE
CAND-02581;29/03/24;42;M;796806.0;12;11832.0;4;0.456;2;FALSE;;0.815;0.477;31.8;0.0;626965.0;libre_inversion;TRUE
CAND-00584;29/03/24;33;H;1187141.0;6;40346.0;2;0.289;3;TRUE;621.0;0.976;0.541;33.8;0.0;246803.0;avance_efectivo;TRUE
CAND-02710;29/03/24;25;H;1737516.0;60;79783.0;30;0.198;2;FALSE;;0.686;0.817;53.8;0.0;1434000.0;compra_cartera;TRUE
CAND-00124;29/03/24;37;M;644184.0;10;16024.0;6;0.188;1;TRUE;731.0;0.43;0.746;22.8;0.0;913667.0;compra_cartera;TRUE
CAND-01485;30/03/24;29;H;1314503.0;50;57665.0;24;0.59;1;FALSE;;0.897;0.819;65.2;0.0;667666.0;libre_inversion;TRUE
CAND-01157;30/03/24;36;H;936.229.368.834.035;11;28511.0;4;0.445;1;TRUE;653.0;0.626;0.74;51.3;0.0;835492.0;libre_inversion;TRUE
CAND-00570;30/03/24;29;M;1284525.0;11;217348.0;6;0.224;3;TRUE;661.0;0.868;0.63;21.2;0.0;807220.0;libre_inversion;FALSE
CAND-02883;30/03/24;37;M;1494578.0;7;29978.0;4;0.234;2;TRUE;737.0;0.737;0.801;42.0;0.0;1209992.0;avance_efectivo;TRUE
CAND-00340;30/03/24;30;M;572602.0;18;35270.0;13;0.686;3;TRUE;699.0;0.595;0.936;66.8;0.0;988118.0;libre_inversion;TRUE
CAND-01283;30/03/24;39;H;1306338.0;19;7766.0;8;0.745;4;TRUE;686.0;0.791;0.455;37.3;0.0;374425.0;libre_inversion;TRUE
CAND-00329;30/03/24;50;H;931148.0;1;40901.0;0;0.294;3;TRUE;584.0;0.643;0.553;49.7;0.0;530214.0;libre_inversion;FALSE
CAND-01361;30/03/24;34;H;3130988.0;51;64867.0;30;0.136;1;FALSE;;0.561;;89.5;0.0;956326.0;avance_efectivo;TRUE
CAND-00654;30/03/24;18;H;1554512.0;42;82947.0;19;0.761;2;FALSE;;0.69;0.702;36.4;0.0;489458.0;avance_efectivo;TRUE
CAND-02541;30/03/24;21;M;1058922.0;19;3296.0;6;0.298;4;FALSE;;0.785;0.607;52.3;0.0;716529.0;libre_inversion;TRUE
CAND-00731;30/03/24;26;M;866739.0;35;66073.0;19;0.31;5;TRUE;700.0;0.821;0.816;44.3;0.0;706812.0;libre_inversion;TRUE
CAND-02573;30/03/24;30;H;1440351.0;5;26682.0;1;0.169;1;FALSE;;0.897;0.779;26.6;0.0;445931.0;compra_cartera;TRUE
CAND-00977;30/03/24;34;M;813276.0;5;18939.0;3;0.176;2;FALSE;;;0.895;38.9;0.0;370954.0;libre_inversion;TRUE
CAND-02554;31/03/24;47;H;1740650.0;4;13026.0;3;0.341;2;FALSE;;0.77;0.703;41.7;0.0;297470.0;avance_efectivo;TRUE
CAND-02074;31/03/24;45;M;801246.0;49;30548.0;19;0.281;1;FALSE;;0.836;0.698;83.5;0.0;1305598.0;avance_efectivo;TRUE
CAND-02977;31/03/24;37;H;761089.0;40;18672.0;16;0.576;1;FALSE;;0.955;0.735;65.3;0.0;335170.0;libre_inversion;TRUE
CAND-02393;31/03/24;51;M;1091259.0;11;10368.0;2;0.352;2;FALSE;;0.711;;66.5;0.0;647275.0;avance_efectivo;TRUE
CAND-01915;31/03/24;37;M;1359724.0;16;92907.0;7;0.572;2;FALSE;;0.793;0.917;27.0;8429.0;1175364.0;compra_cartera;TRUE
CAND-01916;31/03/24;40;M;1340656.0;9;63759.0;2;0.732;2;TRUE;488.0;0.807;0.616;59.3;0.0;553301.0;avance_efectivo;TRUE
CAND-01411;31/03/24;29;M;828466.0;5;36049.0;2;0.546;3;FALSE;;0.695;0.832;42.6;0.0;451111.0;avance_efectivo;TRUE
CAND-00527;31/03/24;30;H;962716.0;12;49900.0;3;0.717;4;TRUE;833.0;0.957;0.862;44.7;0.0;963261.0;compra_cartera;TRUE
CAND-01391;31/03/24;39;H;595995.0;5;12444.0;7;0.559;4;FALSE;;0.602;0.725;55.1;0.0;759082.0;libre_inversion;TRUE
CAND-00860;31/03/24;39;M;1436535.0;27;24489.0;13;0.106;3;FALSE;;0.932;0.767;43.6;0.0;224108.0;libre_inversion;TRUE
CAND-01986;1/04/24;41;H;1085788.0;14;102031.0;8;0.29;2;FALSE;;0.788;0.682;46.0;0.0;210516.0;avance_efectivo;TRUE
CAND-00011;1/04/24;22;H;1052429.0;3;48431.0;0;0.499;4;FALSE;;0.718;0.75;37.3;0.0;1059625.0;libre_inversion;TRUE
CAND-01198;1/04/24;26;H;3210177.0;12;26546.0;9;0.084;4;TRUE;691.0;0.856;0.488;61.7;0.0;1052240.0;compra_cartera;TRUE
CAND-02192;1/04/24;27;M;522497.0;20;46159.0;9;0.444;1;FALSE;;0.745;0.553;40.6;0.0;1815930.0;libre_inversion;TRUE
CAND-01206;1/04/24;22;H;1416334.0;12;58150.0;6;0.463;5;TRUE;600.0;0.963;0.772;34.1;0.0;225872.0;libre_inversion;TRUE
CAND-01307;1/04/24;60;M;641407.0;40;11819.0;20;0.411;3;FALSE;;0.868;0.733;86.1;0.0;490090.0;libre_inversion;TRUE
CAND-00204;1/04/24;23;H;547584.0;1;28592.0;1;0.68;3;TRUE;664.0;0.92;0.551;44.7;0.0;469769.0;avance_efectivo;TRUE
CAND-00339;1/04/24;53;NB;1340797.0;12;37097.0;1;0.25;1;TRUE;550.0;;0.738;27.9;0.0;445383.0;avance_efectivo;TRUE
CAND-01557;1/04/24;47;H;1727755.0;7;62330.0;5;0.747;3;TRUE;626.0;0.54;0.887;1.2;0.0;628670.0;compra_cartera;TRUE
CAND-01322;1/04/24;30;M;1032340.0;2;34908.0;0;0.577;1;FALSE;;0.816;0.321;32.6;0.0;1160932.0;libre_inversion;TRUE
CAND-00107;1/04/24;39;M;946529.0;1;12187.0;1;0.109;1;FALSE;;0.768;0.664;58.9;0.0;542606.0;compra_cartera;TRUE
CAND-01397;1/04/24;48;H;1536360.0;7;33986.0;4;0.313;2;TRUE;774.0;0.829;0.591;46.6;0.0;1098107.0;libre_inversion;TRUE
CAND-02411;1/04/24;38;M;1044725.0;13;74051.0;10;0.6;1;TRUE;719.0;0.739;0.688;66.7;0.0;1422292.0;libre_inversion;TRUE
CAND-02783;2/04/24;28;M;2603019.0;4;13020.0;3;0.509;5;TRUE;628.0;0.958;0.866;42.7;0.0;271533.0;compra_cartera;TRUE
CAND-01333;2/04/24;47;H;2179849.0;18;26614.0;14;0.511;4;FALSE;;0.768;0.966;64.3;0.0;1348060.0;libre_inversion;TRUE
CAND-01435;2/04/24;41;M;1930889.0;9;70141.0;2;0.331;3;TRUE;560.0;0.833;0.818;63.4;0.0;518623.0;avance_efectivo;TRUE
CAND-01754;2/04/24;32;H;931848.0;10;46797.0;3;0.648;2;FALSE;;0.625;0.76;45.5;0.0;1521554.0;libre_inversion;TRUE
CAND-01663;2/04/24;50;NB;1546974.0;10;31161.0;7;0.369;2;TRUE;602.0;;0.651;33.1;0.0;1611496.0;libre_inversion;TRUE
CAND-00199;2/04/24;32;M;1227805.0;52;22930.0;22;0.385;2;TRUE;645.0;0.49;0.758;34.6;0.0;381337.0;compra_cartera;TRUE
CAND-02499;2/04/24;31;H;779783.0;14;64712.0;7;0.575;1;FALSE;;0.837;0.75;69.2;0.0;377664.0;libre_inversion;TRUE
CAND-02976;2/04/24;47;H;1318057.0;22;76987.0;17;0.608;1;TRUE;831.0;;0.723;45.0;0.0;1100620.0;avance_efectivo;TRUE
CAND-02570;2/04/24;29;H;1546118.0;60;25803.0;26;0.305;2;TRUE;692.0;0.837;0.829;53.5;0.0;163844.0;compra_cartera;TRUE
CAND-02125;3/04/24;18;H;833298.0;21;45339.0;11;0.261;1;FALSE;;0.705;0.676;51.3;0.0;430204.0;libre_inversion;TRUE
CAND-01672;3/04/24;56;H;945605.0;7;9824.0;7;0.225;2;FALSE;;;0.809;62.6;0.0;635947.0;avance_efectivo;TRUE
CAND-02282;3/04/24;33;H;527274.0;17;70181.0;6;0.176;2;FALSE;;0.784;0.529;41.9;0.0;2336940.0;libre_inversion;TRUE
CAND-01394;3/04/24;39;M;839454.0;23;68965.0;15;0.447;1;FALSE;;0.95;;58.5;0.0;607111.0;compra_cartera;TRUE
CAND-00056;3/04/24;24;M;3099376.0;5;31696.0;4;0.129;2;TRUE;582.0;0.861;0.938;35.3;0.0;635294.0;libre_inversion;TRUE
CAND-00477;3/04/24;28;H;2176566.0;23;22150.0;11;0.402;1;FALSE;;0.843;0.437;23.7;12470.0;493568.0;libre_inversion;TRUE
CAND-01559;3/04/24;39;H;1148672.0;15;42502.0;5;0.242;1;TRUE;765.0;0.836;0.835;84.0;0.0;1325812.0;avance_efectivo;TRUE
CAND-00491;3/04/24;32;M;1620129.0;30;33026.0;21;0.332;5;FALSE;;0.787;0.651;22.7;0.0;725869.0;avance_efectivo;TRUE
CAND-01256;3/04/24;40;H;1083873.0;19;16847.0;12;0.46;1;FALSE;;0.88;0.882;75.5;0.0;479539.0;avance_efectivo;TRUE
CAND-02790;3/04/24;37;M;1706520.0;30;18847.0;15;0.677;2;TRUE;704.0;0.68;0.7;46.9;0.0;733918.0;libre_inversion;TRUE
CAND-00764;4/04/24;54;NB;621384.0;11;10474.0;4;0.442;1;FALSE;;0.952;;1.6;0.0;1550540.0;compra_cartera;TRUE
CAND-02679;4/04/24;30;H;2071222.0;23;51977.0;15;0.752;3;FALSE;;0.846;0.914;38.0;0.0;818973.0;compra_cartera;TRUE
CAND-01945;4/04/24;20;H;1485259.0;1;16969.0;1;0.448;3;TRUE;799.0;0.711;0.812;24.0;0.0;466966.0;libre_inversion;TRUE
CAND-02149;4/04/24;21;M;1599166.0;11;89816.0;4;0.202;4;FALSE;;;0.867;39.7;0.0;225466.0;avance_efectivo;TRUE
CAND-00591;4/04/24;28;M;1023082.0;14;29008.0;3;0.236;1;FALSE;;0.639;0.91;76.0;0.0;156737.0;avance_efectivo;TRUE
CAND-00044;4/04/24;51;H;674705.0;13;10394.0;3;0.744;2;FALSE;;0.959;0.929;61.7;0.0;983883.0;avance_efectivo;TRUE
CAND-02641;4/04/24;40;H;1627030.0;17;54074.0;8;0.424;3;FALSE;;0.465;0.438;52.0;0.0;569307.0;avance_efectivo;TRUE
CAND-02663;4/04/24;50;M;1064261.0;2;7457.0;0;0.394;4;FALSE;;0.632;0.628;34.7;0.0;1281757.0;avance_efectivo;TRUE
CAND-01179;5/04/24;53;M;1262279.0;8;52683.0;4;0.604;2;FALSE;;0.626;0.661;21.3;0.0;455581.0;libre_inversion;TRUE
CAND-00659;5/04/24;32;M;844106.0;5;30296.0;2;0.16;1;TRUE;639.0;0.557;0.749;47.5;0.0;742589.0;libre_inversion;TRUE
CAND-01584;5/04/24;40;H;1125777.0;8;29204.0;6;0.326;3;FALSE;;0.803;0.564;32.5;0.0;822206.0;avance_efectivo;TRUE
CAND-00585;5/04/24;39;H;1486203.0;2;7495.0;1;0.119;1;FALSE;;0.81;0.845;43.8;0.0;2427756.0;avance_efectivo;TRUE
CAND-00583;5/04/24;37;M;1098229.0;3;4297.0;3;0.663;1;TRUE;646.0;0.715;0.688;67.6;0.0;867737.0;libre_inversion;TRUE
CAND-02490;5/04/24;27;M;1130147.0;13;72927.0;7;0.262;1;FALSE;;0.745;0.819;64.2;0.0;566449.0;libre_inversion;TRUE
CAND-00885;5/04/24;42;H;1314066.0;40;5710.0;17;0.354;2;TRUE;672.0;0.756;0.685;56.0;0.0;694182.0;libre_inversion;TRUE
CAND-00880;5/04/24;45;M;1317566.0;19;28854.0;8;0.179;2;TRUE;582.0;0.446;0.523;48.4;0.0;2039371.0;libre_inversion;TRUE
CAND-00876;5/04/24;22;M;888611.0;21;21476.0;9;0.25;4;FALSE;;0.834;0.905;53.3;0.0;662633.0;libre_inversion;TRUE
CAND-01141;5/04/24;36;H;563668.0;21;19688.0;12;0.456;4;FALSE;;0.736;0.865;38.5;0.0;223363.0;avance_efectivo;TRUE
CAND-02638;5/04/24;31;H;1032006.0;26;105168.0;12;0.312;1;TRUE;598.0;0.685;0.772;46.7;0.0;380725.0;avance_efectivo;TRUE
CAND-00706;5/04/24;21;H;847080.0;1;20507.0;2;0.517;2;FALSE;;0.927;0.56;50.5;0.0;881740.0;libre_inversion;TRUE
CAND-02090;5/04/24;42;H;1032327.0;47;22519.0;20;0.447;2;FALSE;;0.765;0.635;46.0;0.0;525096.0;avance_efectivo;TRUE
CAND-00922;5/04/24;32;M;1855995.0;1;22324.0;0;0.257;1;TRUE;840.0;0.684;0.9;63.3;0.0;494994.0;avance_efectivo;TRUE
CAND-00997;5/04/24;35;H;1001316.0;11;10580.0;6;0.212;1;TRUE;511.0;0.762;;65.9;0.0;891372.0;avance_efectivo;TRUE
CAND-01484;6/04/24;40;M;833369.0;60;77043.0;41;0.591;4;TRUE;701.0;0.533;0.843;15.7;0.0;411130.0;compra_cartera;TRUE
CAND-02764;6/04/24;41;H;581950.0;9;88818.0;3;0.709;4;FALSE;;0.613;0.585;50.4;0.0;1072830.0;libre_inversion;TRUE
CAND-02997;6/04/24;25;H;1044330.0;15;32432.0;4;0.49;5;TRUE;456.0;0.698;0.879;41.1;0.0;955413.0;compra_cartera;TRUE
CAND-01721;6/04/24;31;M;1292552.0;33;41549.0;25;0.596;1;FALSE;;0.82;0.529;50.6;0.0;396318.0;libre_inversion;TRUE
CAND-00552;6/04/24;33;NB;1270242.0;8;35100.0;2;0.666;1;FALSE;;0.936;0.623;56.1;0.0;1029756.0;libre_inversion;TRUE
CAND-00433;6/04/24;38;M;551888.0;12;41181.0;8;0.755;2;TRUE;727.0;0.887;0.845;81.5;0.0;751101.0;libre_inversion;TRUE
CAND-02118;6/04/24;27;M;919834.0;5;23096.0;5;0.374;3;FALSE;;;0.687;93.9;0.0;4623207.0;avance_efectivo;TRUE
CAND-01210;7/04/24;30;H;1804455.0;17;60407.0;6;0.766;3;TRUE;631.0;0.84;0.968;43.1;0.0;575323.0;avance_efectivo;TRUE
CAND-01839;7/04/24;37;H;1242533.0;4;62732.0;0;0.707;2;FALSE;;0.857;0.531;0.0;0.0;680355.0;libre_inversion;TRUE
CAND-01760;7/04/24;32;H;1335971.0;46;36323.0;26;0.401;2;TRUE;662.0;0.593;0.897;59.0;0.0;534199.0;compra_cartera;TRUE
CAND-01889;7/04/24;34;H;717420.0;1;26808.0;1;0.055;1;FALSE;;0.645;0.693;49.1;0.0;498171.0;libre_inversion;TRUE
CAND-01539;7/04/24;22;M;819266.0;32;17264.0;11;0.487;1;FALSE;;;0.522;26.5;0.0;511620.0;libre_inversion;TRUE
CAND-02011;7/04/24;29;M;892275.0;12;35248.0;1;0.291;2;FALSE;;0.652;0.589;25.3;0.0;2252726.0;libre_inversion;TRUE
CAND-01445;7/04/24;50;H;1215729.0;17;91158.0;5;0.139;2;FALSE;;0.516;0.727;49.3;0.0;678564.0;compra_cartera;FALSE
CAND-02180;7/04/24;28;M;933467.0;7;27636.0;4;0.516;2;TRUE;564.0;0.95;0.643;47.5;0.0;397303.0;libre_inversion;TRUE
CAND-01056;7/04/24;27;H;755600.0;22;26126.0;15;0.321;2;FALSE;;0.864;0.867;41.4;0.0;673736.0;libre_inversion;TRUE
CAND-02156;8/04/24;18;H;781078.0;4;21880.0;0;0.497;2;FALSE;;0.884;0.872;59.5;0.0;188742.0;avance_efectivo;TRUE
CAND-01492;8/04/24;32;M;2356983.0;11;40901.0;7;0.233;2;FALSE;;0.863;0.76;57.4;0.0;730636.0;avance_efectivo;TRUE
CAND-02116;8/04/24;31;M;589494.0;4;47958.0;2;0.37;1;FALSE;;0.895;0.826;38.9;0.0;696147.0;compra_cartera;TRUE
CAND-02248;8/04/24;44;H;797948.0;3;19937.0;1;0.492;1;TRUE;533.0;0.927;0.493;63.4;0.0;1319109.0;libre_inversion;TRUE
CAND-01693;8/04/24;31;M;1484979.0;12;56539.0;7;0.384;3;FALSE;;0.915;0.821;69.2;0.0;1675734.0;libre_inversion;TRUE
CAND-00664;8/04/24;37;H;2511522.0;21;76890.0;11;0.302;1;FALSE;;0.875;0.822;27.6;0.0;650422.0;libre_inversion;TRUE
CAND-02662;8/04/24;18;H;1469913.0;2;51200.0;0;0.265;1;TRUE;855.0;0.811;0.778;44.1;0.0;580424.0;compra_cartera;TRUE
CAND-01234;8/04/24;31;M;670008.0;5;63482.0;3;0.231;3;FALSE;;0.619;0.592;51.8;0.0;338553.0;avance_efectivo;TRUE
CAND-00735;8/04/24;38;M;2198426.0;19;40100.0;7;0.532;4;FALSE;;0.469;0.717;34.8;0.0;1069862.0;compra_cartera;TRUE
CAND-01803;8/04/24;35;H;1714231.0;3;23040.0;1;0.334;5;FALSE;;0.904;0.684;52.9;0.0;251234.0;libre_inversion;TRUE
CAND-01716;8/04/24;30;H;1179749.0;8;22602.0;3;0.287;1;TRUE;684.0;0.856;0.76;20.7;0.0;466288.0;avance_efectivo;TRUE
CAND-01708;8/04/24;30;H;753410.0;1;65895.0;1;0.693;1;TRUE;776.0;0.747;0.769;45.2;0.0;379546.0;libre_inversion;TRUE
CAND-00210;9/04/24;44;M;607652.0;2;59030.0;1;0.576;5;TRUE;776.0;0.884;0.653;28.7;0.0;902886.0;avance_efectivo;TRUE
CAND-01642;9/04/24;44;M;1100866.0;7;31612.0;6;0.431;5;TRUE;583.0;0.678;0.603;45.6;0.0;926700.0;compra_cartera;TRUE
CAND-00847;9/04/24;26;M;1540785.0;1;30007.0;0;0.207;2;FALSE;;0.494;0.778;23.3;0.0;176431.0;avance_efectivo;TRUE
CAND-01623;9/04/24;37;M;1553869.0;2;15229.0;1;0.382;4;TRUE;671.0;0.739;0.797;53.8;0.0;371180.0;libre_inversion;TRUE
CAND-00639;9/04/24;31;H;993072.0;42;32117.0;18;0.103;4;TRUE;598.0;0.888;0.577;93.5;0.0;694003.0;libre_inversion;TRUE
CAND-01701;9/04/24;36;H;1916792.0;47;76390.0;26;0.662;2;FALSE;;0.662;;67.8;0.0;538918.0;libre_inversion;TRUE
CAND-00607;9/04/24;29;H;955986.0;24;17767.0;13;0.482;4;FALSE;;0.876;0.79;67.2;0.0;899666.0;compra_cartera;TRUE
CAND-00768;9/04/24;43;H;2743927.0;51;104386.0;23;0.537;3;FALSE;;0.934;0.889;56.2;0.0;405469.0;compra_cartera;TRUE
CAND-01618;9/04/24;28;M;1771974.0;13;32188.0;6;0.757;4;FALSE;;0.646;0.763;68.9;0.0;323493.0;avance_efectivo;TRUE
CAND-01909;9/04/24;37;H;568667.0;6;56585.0;2;0.287;2;FALSE;;0.848;0.903;37.3;0.0;374371.0;compra_cartera;TRUE
CAND-01631;10/04/24;38;M;1131269.0;30;86747.0;17;0.7;4;FALSE;;0.5;0.779;47.2;0.0;246802.0;libre_inversion;TRUE
CAND-01626;10/04/24;47;M;1065717.0;1;15104.0;0;0.136;2;TRUE;622.0;0.583;0.821;48.7;0.0;336863.0;avance_efectivo;TRUE
CAND-02298;10/04/24;50;M;2113995.0;20;19224.0;11;0.494;2;FALSE;;0.936;0.752;37.0;0.0;289880.0;libre_inversion;TRUE
CAND-00224;10/04/24;18;H;1639242.0;11;53022.0;2;0.022;3;FALSE;;0.476;0.767;47.6;0.0;472385.0;compra_cartera;TRUE
CAND-01184;10/04/24;23;M;1051766.0;16;15311.0;8;0.252;2;FALSE;;0.425;0.505;0.0;0.0;739753.0;libre_inversion;TRUE
CAND-02401;10/04/24;36;NB;1556652.0;34;68584.0;22;0.489;2;FALSE;;0.708;0.696;82.7;0.0;1413962.0;libre_inversion;TRUE
CAND-02482;10/04/24;31;M;1972279.0;8;49485.0;3;0.803;1;TRUE;602.0;0.361;0.603;66.8;0.0;805267.0;libre_inversion;TRUE
CAND-01075;10/04/24;32;H;989713.0;14;13610.0;6;0.324;2;TRUE;586.0;0.68;0.835;22.9;0.0;325875.0;libre_inversion;TRUE
CAND-02148;10/04/24;23;H;1770550.0;1;145406.0;1;0.402;2;TRUE;678.0;0.879;0.606;59.9;0.0;248974.0;compra_cartera;TRUE
CAND-00052;10/04/24;42;M;698900.0;6;58474.0;6;0.356;1;TRUE;610.0;0.715;0.432;0.0;0.0;1136527.0;avance_efectivo;TRUE
CAND-02835;10/04/24;26;H;569610.0;60;65064.0;25;0.451;5;FALSE;;0.477;0.609;73.4;0.0;1027804.0;libre_inversion;TRUE
CAND-01895;10/04/24;32;H;1141027.0;3;33455.0;3;0.333;2;FALSE;;0.928;0.809;49.3;0.0;816693.0;compra_cartera;TRUE
CAND-01109;10/04/24;34;H;2512725.0;12;32543.0;2;0.458;2;FALSE;;0.839;0.62;49.9;0.0;499464.0;compra_cartera;TRUE
CAND-00939;10/04/24;46;M;1221934.0;34;38415.0;19;0.668;2;TRUE;684.0;0.683;0.825;41.8;0.0;293581.0;compra_cartera;TRUE
CAND-00376;10/04/24;35;H;1397167.0;18;94863.0;8;0.531;2;FALSE;;0.63;0.952;14.5;0.0;413336.0;libre_inversion;TRUE
CAND-01200;11/04/24;35;H;1659136.0;1;25277.0;0;0.234;3;TRUE;656.0;0.762;0.773;3.7;0.0;640380.0;libre_inversion;TRUE
CAND-02276;11/04/24;22;M;1745320.0;2;52711.0;2;0.518;2;FALSE;;0.53;0.741;30.0;0.0;1647346.0;avance_efectivo;TRUE
CAND-00628;11/04/24;41;M;1142785.0;1;38712.0;2;0.43;4;TRUE;744.0;0.616;0.915;79.0;0.0;163913.0;compra_cartera;TRUE
CAND-00839;11/04/24;44;H;433668.0;2;34190.0;1;0.324;2;TRUE;611.0;;;49.9;0.0;141754.0;libre_inversion;TRUE
CAND-02655;11/04/24;65;M;698771.0;5;8661.0;2;0.538;1;TRUE;576.0;0.665;0.845;41.3;0.0;742016.0;compra_cartera;TRUE
CAND-02596;11/04/24;28;M;958914.0;19;118327.0;8;0.576;2;TRUE;602.0;0.881;0.612;47.1;0.0;1104499.0;avance_efectivo;TRUE
CAND-01666;11/04/24;38;H;2013716.0;10;27290.0;6;0.38;3;FALSE;;0.376;0.729;37.4;0.0;251037.0;avance_efectivo;TRUE
CAND-00978;11/04/24;42;M;10.546.246.600.826.600;1;54444.0;4;0.286;2;FALSE;;0.852;0.643;59.0;0.0;424785.0;libre_inversion;TRUE
CAND-00822;11/04/24;45;H;1758446.0;5;45935.0;6;0.441;2;FALSE;;;0.674;13.0;0.0;129563.0;compra_cartera;TRUE
CAND-00676;11/04/24;18;H;2985380.0;6;11735.0;3;0.28;4;FALSE;;;0.786;34.0;0.0;254851.0;libre_inversion;TRUE
CAND-00907;11/04/24;42;M;1435155.0;16;51095.0;4;0.308;1;FALSE;;0.773;;64.2;0.0;409375.0;libre_inversion;TRUE
CAND-01958;11/04/24;31;H;436342.0;16;15015.0;12;0.301;4;TRUE;609.0;0.868;0.885;42.2;0.0;402031.0;libre_inversion;TRUE
CAND-02475;11/04/24;39;H;881226.0;21;34563.0;6;0.461;3;FALSE;;0.868;0.666;61.4;0.0;1787981.0;libre_inversion;TRUE
CAND-02527;12/04/24;32;M;877568.0;3;55910.0;3;0.347;1;FALSE;;0.998;0.659;72.2;0.0;304686.0;libre_inversion;TRUE
CAND-02301;12/04/24;39;H;1000108.0;4;8093.0;4;0.596;5;FALSE;;0.333;;51.2;0.0;389274.0;libre_inversion;TRUE
CAND-01465;12/04/24;23;M;1173627.0;8;26545.0;3;0.272;1;TRUE;510.0;0.637;0.812;41.9;0.0;167438.0;libre_inversion;TRUE
CAND-01652;12/04/24;32;M;1580349.0;9;7753.0;6;0.279;3;FALSE;;0.941;0.826;54.0;0.0;1208899.0;libre_inversion;TRUE
CAND-00381;12/04/24;37;H;1094656.0;27;53207.0;15;0.705;1;FALSE;;0.453;0.872;27.2;0.0;306667.0;libre_inversion;FALSE
CAND-00034;12/04/24;54;M;937273.0;4;64157.0;1;0.077;2;FALSE;;0.62;0.497;50.3;0.0;750031.0;avance_efectivo;TRUE
CAND-00151;12/04/24;19;M;1289657.0;4;64268.0;3;0.378;2;TRUE;575.0;0.832;0.737;48.5;0.0;964869.0;libre_inversion;TRUE
CAND-00773;12/04/24;39;M;1249096.0;8;33704.0;3;0.506;4;TRUE;503.0;0.535;0.315;73.9;0.0;1209654.0;libre_inversion;TRUE
CAND-00660;12/04/24;32;M;541014.0;4;40876.0;2;0.12;2;FALSE;;0.81;0.622;32.9;0.0;1257514.0;avance_efectivo;TRUE
CAND-02235;13/04/24;41;H;1107442.0;7;32533.0;3;0.451;3;TRUE;789.0;0.86;0.904;66.8;25636.0;2503296.0;avance_efectivo;TRUE
CAND-00497;13/04/24;59;H;1254924.0;10;123390.0;5;0.342;4;FALSE;;0.862;0.715;41.8;0.0;432497.0;libre_inversion;TRUE
CAND-01885;13/04/24;42;M;1045544.0;44;122614.0;20;0.166;2;TRUE;640.0;0.779;0.733;69.0;0.0;753316.0;avance_efectivo;TRUE
CAND-02674;13/04/24;51;M;2378705.0;6;83211.0;3;0.508;1;FALSE;;0.603;0.925;26.3;0.0;449489.0;libre_inversion;TRUE
CAND-01766;13/04/24;39;H;4116610.0;10;48180.0;3;0.391;2;TRUE;736.0;0.722;0.633;27.0;0.0;946648.0;libre_inversion;TRUE
CAND-01449;13/04/24;37;H;658486.0;15;20787.0;5;0.321;2;FALSE;;0.818;0.879;52.5;0.0;496929.0;libre_inversion;TRUE
CAND-01774;13/04/24;42;M;1186710.0;23;4030.0;12;0.359;2;TRUE;628.0;0.379;0.809;60.0;0.0;531760.0;libre_inversion;TRUE
CAND-00106;13/04/24;39;H;1009286.0;10;78198.0;7;0.094;2;FALSE;;0.594;0.823;21.8;0.0;919342.0;libre_inversion;TRUE
CAND-02712;13/04/24;24;H;1674427.0;11;41951.0;4;0.597;1;FALSE;;0.616;0.953;57.0;0.0;504089.0;libre_inversion;TRUE
CAND-01755;13/04/24;40;M;2103647.0;5;65942.0;1;0.447;5;FALSE;;0.582;0.611;0.0;0.0;555518.0;avance_efectivo;TRUE
CAND-02342;13/04/24;30;H;801082.0;22;104649.0;16;0.006;2;TRUE;611.0;0.897;0.757;49.9;0.0;1535113.0;libre_inversion;TRUE
CAND-00915;13/04/24;20;H;1286474.0;29;58279.0;12;0.315;4;FALSE;;0.754;0.652;22.8;0.0;443994.0;avance_efectivo;TRUE
CAND-01146;13/04/24;44;H;1404864.0;5;76656.0;0;0.211;5;TRUE;648.0;;0.493;57.0;0.0;407196.0;compra_cartera;TRUE
CAND-01161;14/04/24;35;H;1523888.0;14;236455.0;10;0.941;1;FALSE;;;0.867;55.6;0.0;259974.0;compra_cartera;TRUE
CAND-01746;14/04/24;50;M;945808.0;4;75994.0;3;0.359;1;TRUE;828.0;0.62;0.874;66.5;0.0;411089.0;avance_efectivo;TRUE
CAND-01748;14/04/24;53;H;1916826.0;9;21558.0;3;0.112;4;TRUE;649.0;0.933;0.877;47.0;0.0;752840.0;libre_inversion;TRUE
CAND-01846;14/04/24;35;H;1464649.0;20;66344.0;4;0.357;3;TRUE;788.0;0.677;0.844;41.0;0.0;407353.0;libre_inversion;TRUE
CAND-02404;14/04/24;45;M;422257.0;10;23400.0;7;0.268;1;TRUE;678.0;0.963;0.765;22.3;0.0;788400.0;libre_inversion;TRUE
CAND-01516;14/04/24;36;M;913351.0;8;37543.0;3;0.319;1;TRUE;646.0;0.669;;30.2;0.0;100000.0;compra_cartera;TRUE
CAND-00203;14/04/24;46;M;1066894.0;1;24065.0;0;0.324;1;FALSE;;0.526;0.919;59.6;0.0;810968.0;libre_inversion;TRUE
CAND-02726;14/04/24;47;H;5.557.147.908.519.660;27;69000.0;11;0.24;5;TRUE;737.0;;0.527;35.3;0.0;436440.0;libre_inversion;TRUE
CAND-00783;14/04/24;25;M;1527084.0;22;48505.0;10;0.479;1;TRUE;787.0;0.671;0.967;48.6;0.0;786295.0;libre_inversion;TRUE
CAND-01595;14/04/24;38;NB;4125417.0;16;82785.0;7;0.378;4;FALSE;;0.838;0.507;81.1;0.0;221351.0;avance_efectivo;TRUE
CAND-01714;14/04/24;33;H;1345094.0;1;33878.0;2;0.456;5;TRUE;690.0;0.665;;57.2;0.0;294958.0;libre_inversion;TRUE
CAND-01079;14/04/24;37;H;1752661.0;11;23678.0;6;0.304;2;FALSE;;0.663;0.714;45.6;0.0;444157.0;libre_inversion;TRUE
CAND-00073;14/04/24;50;H;2167952.0;6;47938.0;4;0.283;1;TRUE;637.0;0.93;0.857;60.7;0.0;725499.0;libre_inversion;TRUE
CAND-02339;14/04/24;32;M;821177.0;12;37525.0;7;0.67;2;TRUE;670.0;0.684;0.77;33.6;0.0;944054.0;compra_cartera;TRUE
CAND-01805;15/04/24;29;H;2840817.0;25;33174.0;18;0.641;4;TRUE;692.0;0.812;0.79;77.6;0.0;405176.0;libre_inversion;TRUE
CAND-02315;15/04/24;53;H;682108.0;5;164094.0;1;0.429;5;FALSE;;0.536;0.8;42.4;0.0;639073.0;compra_cartera;TRUE
CAND-02323;15/04/24;31;H;1623410.0;60;39884.0;40;0.824;4;TRUE;702.0;0.783;0.618;51.8;0.0;341060.0;avance_efectivo;TRUE
CAND-00397;15/04/24;34;H;1136061.0;18;63968.0;10;0.635;1;TRUE;762.0;0.849;0.866;59.9;0.0;2146716.0;libre_inversion;TRUE
CAND-02361;15/04/24;29;H;516403.0;8;44147.0;3;0.655;3;FALSE;;0.855;0.968;42.9;0.0;737284.0;libre_inversion;TRUE
CAND-00578;15/04/24;28;H;1137365.0;2;45656.0;2;0.308;4;TRUE;545.0;0.49;0.963;56.5;0.0;855023.0;libre_inversion;TRUE
CAND-00191;15/04/24;20;M;1422960.0;2;27720.0;2;0.618;3;TRUE;672.0;0.769;0.931;29.4;0.0;315606.0;libre_inversion;TRUE
CAND-00635;15/04/24;41;H;929474.0;23;22305.0;10;0.702;3;TRUE;571.0;0.756;0.514;62.3;0.0;198128.0;libre_inversion;TRUE
CAND-02239;15/04/24;41;M;631832.0;1;182883.0;1;0.777;2;TRUE;609.0;0.809;0.865;56.2;0.0;253315.0;libre_inversion;TRUE
CAND-01274;15/04/24;46;H;2807921.0;1;21505.0;2;0.123;4;FALSE;;0.483;0.778;34.5;0.0;473450.0;libre_inversion;TRUE
CAND-00159;15/04/24;33;M;1271938.0;1;36453.0;1;0.452;4;FALSE;;0.756;0.831;69.5;0.0;228284.0;avance_efectivo;TRUE
CAND-01669;15/04/24;32;M;801064.0;1;17029.0;0;0.761;3;FALSE;;0.832;0.487;31.2;0.0;331252.0;libre_inversion;TRUE
CAND-00029;15/04/24;22;H;1982923.0;4;10164.0;1;0.496;4;FALSE;;0.773;0.84;55.1;0.0;237047.0;libre_inversion;TRUE
CAND-01674;16/04/24;23;M;1615619.0;45;79271.0;20;0.57;3;TRUE;664.0;0.649;0.825;67.5;0.0;550711.0;compra_cartera;TRUE
CAND-01677;16/04/24;46;H;899064.0;45;62061.0;26;0.387;1;FALSE;;;0.764;64.5;0.0;786308.0;libre_inversion;TRUE
CAND-00774;16/04/24;32;H;1735504.0;7;70599.0;5;0.717;2;FALSE;;0.735;0.892;29.0;0.0;646330.0;avance_efectivo;TRUE
CAND-01508;16/04/24;36;M;1960843.0;1;132143.0;1;0.5;1;FALSE;;0.583;0.812;69.0;0.0;398975.0;libre_inversion;TRUE
CAND-01352;16/04/24;23;H;1130810.0;7;29507.0;2;0.276;3;FALSE;;0.915;0.637;48.6;0.0;810799.0;libre_inversion;TRUE
CAND-00879;16/04/24;25;H;733223.0;9;21090.0;7;0.357;4;TRUE;712.0;0.947;0.863;57.8;0.0;500316.0;libre_inversion;TRUE
CAND-02189;16/04/24;27;M;2259467.0;22;19068.0;14;0.307;3;FALSE;;0.889;0.639;78.9;0.0;271045.0;avance_efectivo;TRUE
CAND-00855;16/04/24;43;M;835119.0;35;116307.0;14;0.456;3;FALSE;;0.463;0.609;72.2;0.0;195679.0;compra_cartera;TRUE
CAND-02677;16/04/24;21;M;1545609.0;8;55842.0;2;0.338;2;FALSE;;0.726;0.785;72.6;0.0;336680.0;libre_inversion;TRUE
CAND-01249;16/04/24;41;M;1210339.0;21;23811.0;9;0.649;1;FALSE;;0.854;0.646;49.0;0.0;1984.0;libre_inversion;TRUE
CAND-02157;16/04/24;49;H;993284.0;1;4006.0;0;0.258;2;FALSE;;0.884;0.851;29.3;0.0;351022.0;compra_cartera;TRUE
CAND-02950;16/04/24;36;H;640455.0;4;35985.0;5;0.362;5;FALSE;;0.682;0.822;82.8;0.0;503597.0;libre_inversion;TRUE
CAND-00436;16/04/24;31;M;754747.0;1;56619.0;1;0.895;1;TRUE;675.0;0.902;0.681;52.5;0.0;203470.0;avance_efectivo;TRUE
CAND-01432;17/04/24;25;M;2156877.0;5;39016.0;3;0.249;3;FALSE;;0.779;0.75;33.7;0.0;1657949.0;libre_inversion;TRUE
CAND-01529;17/04/24;28;H;1019042.0;12;2309.0;8;0.574;3;TRUE;543.0;0.681;0.875;41.9;0.0;561872.0;libre_inversion;TRUE
CAND-01258;17/04/24;43;H;476556.0;4;24707.0;1;0.195;2;FALSE;;0.794;;74.5;0.0;653034.0;libre_inversion;TRUE
CAND-00802;17/04/24;37;H;1860548.0;16;21287.0;9;0.261;2;FALSE;;0.875;;71.5;0.0;218482.0;libre_inversion;TRUE
CAND-00202;17/04/24;23;M;752138.0;8;22984.0;2;0.614;3;TRUE;630.0;0.527;0.634;51.5;0.0;361949.0;libre_inversion;TRUE
CAND-02595;17/04/24;28;NB;2678360.0;2;1997.0;1;0.747;1;TRUE;572.0;0.567;0.854;77.7;0.0;867747.0;libre_inversion;TRUE
CAND-01340;17/04/24;29;H;902446.0;1;64430.0;2;0.252;3;FALSE;;0.841;;23.4;0.0;626360.0;libre_inversion;TRUE
CAND-01503;17/04/24;26;H;492082.0;12;39198.0;10;0.329;3;FALSE;;0.604;0.689;55.0;16457.0;371752.0;libre_inversion;TRUE
CAND-02065;18/04/24;39;H;1052676.0;36;38551.0;13;0.692;3;FALSE;;0.735;0.945;2.1;0.0;791650.0;libre_inversion;TRUE
CAND-02543;18/04/24;35;M;794291.0;4;35414.0;4;0.436;3;FALSE;;0.985;0.79;56.9;0.0;163850.0;compra_cartera;TRUE
CAND-00314;18/04/24;54;M;1841716.0;4;41400.0;2;0.259;3;TRUE;628.0;0.568;0.728;72.4;0.0;1050023.0;libre_inversion;TRUE
CAND-01403;18/04/24;46;M;1621251.0;40;17119.0;21;0.421;3;TRUE;671.0;0.795;0.503;49.4;0.0;1118795.0;compra_cartera;TRUE
CAND-02832;18/04/24;33;M;731062.0;7;59757.0;5;0.192;5;FALSE;;;0.886;60.4;0.0;1441065.0;libre_inversion;TRUE
CAND-00689;18/04/24;44;H;1008831.0;47;33258.0;26;0.611;4;TRUE;773.0;0.823;0.856;17.4;0.0;642409.0;avance_efectivo;TRUE
CAND-01739;18/04/24;38;M;1075637.0;1;167438.0;3;0.478;3;TRUE;600.0;0.909;0.506;54.6;0.0;794793.0;avance_efectivo;TRUE
CAND-02920;18/04/24;37;H;477954.0;11;42844.0;2;0.767;1;TRUE;599.0;0.767;0.657;32.0;0.0;606449.0;libre_inversion;TRUE
CAND-02310;18/04/24;32;H;965543.0;5;12073.0;3;0.287;2;TRUE;716.0;0.937;0.774;59.2;0.0;869871.0;compra_cartera;TRUE
CAND-02485;18/04/24;43;H;872338.0;10;69733.0;4;0.119;3;FALSE;;0.685;0.862;54.7;0.0;781031.0;libre_inversion;TRUE
CAND-01942;19/04/24;36;H;1573757.0;3;14624.0;2;0.228;2;FALSE;;0.735;0.494;35.2;0.0;418790.0;compra_cartera;TRUE
CAND-02024;19/04/24;37;H;1901396.0;2;101929.0;1;0.23;5;FALSE;;0.741;0.782;44.6;0.0;881966.0;libre_inversion;TRUE
CAND-00373;19/04/24;21;M;636910.0;2;80418.0;2;0.811;2;TRUE;676.0;0.428;0.957;93.1;0.0;1331666.0;avance_efectivo;TRUE
CAND-00280;19/04/24;36;H;2167104.0;49;32543.0;22;0.387;2;FALSE;;0.494;0.77;55.5;0.0;1200425.0;libre_inversion;TRUE
CAND-02985;19/04/24;52;H;1967286.0;1;75340.0;2;0.42;3;TRUE;558.0;0.735;0.936;31.3;0.0;499688.0;libre_inversion;TRUE
CAND-02232;19/04/24;21;H;1770703.0;1;67522.0;1;0.555;3;TRUE;640.0;0.828;0.991;83.3;0.0;989648.0;compra_cartera;TRUE
CAND-00972;19/04/24;41;M;1000185.0;1;59668.0;0;0.17;2;TRUE;758.0;0.88;0.754;42.6;0.0;1355990.0;libre_inversion;TRUE
CAND-01732;19/04/24;52;H;504809.0;1;35311.0;1;0.12;4;FALSE;;0.887;0.624;50.5;0.0;630977.0;libre_inversion;TRUE
CAND-00878;20/04/24;31;M;3753585.0;5;33809.0;2;0.131;5;FALSE;;0.635;0.639;29.5;0.0;1177514.0;compra_cartera;TRUE
CAND-01935;20/04/24;36;M;889831.0;60;59149.0;31;0.49;1;FALSE;;0.616;0.675;39.2;0.0;171465.0;libre_inversion;TRUE
CAND-01611;20/04/24;19;M;901278.0;28;43275.0;12;0.74;2;TRUE;622.0;0.784;0.833;51.2;0.0;488707.0;compra_cartera;TRUE
CAND-02068;20/04/24;52;H;886920.0;15;48817.0;10;0.385;3;FALSE;;0.962;0.734;50.9;0.0;277864.0;libre_inversion;TRUE
CAND-02822;20/04/24;28;H;1125618.0;14;45781.0;9;0.463;1;TRUE;771.0;0.877;0.673;56.4;0.0;872907.0;libre_inversion;TRUE
CAND-01890;20/04/24;18;H;736625.0;48;9506.0;22;0.558;1;TRUE;684.0;0.738;0.867;42.3;0.0;677137.0;compra_cartera;TRUE
CAND-02899;20/04/24;25;M;1109155.0;14;36193.0;5;0.856;4;FALSE;;0.685;0.891;56.6;0.0;603907.0;avance_efectivo;TRUE
CAND-02876;20/04/24;29;H;1513711.0;7;58338.0;2;0.175;1;FALSE;;0.656;0.732;37.0;0.0;428119.0;compra_cartera;TRUE
CAND-02261;21/04/24;29;H;928061.0;13;8280.0;3;0.321;1;TRUE;685.0;0.809;0.798;62.2;0.0;348346.0;avance_efectivo;TRUE
CAND-02324;21/04/24;26;H;735277.0;20;35579.0;11;0.186;1;TRUE;557.0;0.895;0.505;77.3;0.0;979717.0;avance_efectivo;TRUE
CAND-00112;21/04/24;24;M;1557557.0;7;117442.0;4;0.302;1;TRUE;700.0;0.535;0.648;58.9;0.0;989520.0;avance_efectivo;TRUE
CAND-01048;21/04/24;31;H;1241457.0;26;90494.0;15;0.262;1;FALSE;;0.675;0.837;66.6;0.0;140312.0;libre_inversion;TRUE
CAND-01564;21/04/24;46;M;911340.0;17;9558.0;9;0.198;3;FALSE;;;0.668;14.4;0.0;1621485.0;avance_efectivo;TRUE
CAND-01390;21/04/24;35;M;791277.0;6;41760.0;3;0.175;4;FALSE;;0.79;;35.5;0.0;347582.0;avance_efectivo;TRUE
CAND-01208;21/04/24;21;M;958052.0;20;16266.0;13;0.1;1;FALSE;;0.874;0.55;61.4;0.0;162641.0;libre_inversion;TRUE
CAND-01784;21/04/24;27;M;14.163.760.474.967.300;20;121281.0;7;0.233;2;TRUE;700.0;0.838;0.738;45.3;0.0;1109633.0;avance_efectivo;TRUE
CAND-00016;21/04/24;28;H;1444327.0;1;108030.0;1;0.648;2;TRUE;625.0;0.557;0.693;16.2;0.0;1290164.0;libre_inversion;TRUE
CAND-02754;21/04/24;43;M;1306009.0;7;126495.0;3;0.48;2;TRUE;813.0;0.461;0.904;63.9;0.0;1104654.0;libre_inversion;TRUE
CAND-00277;22/04/24;51;M;1403692.0;1;17114.0;3;0.109;4;TRUE;579.0;0.87;0.608;59.3;0.0;517562.0;avance_efectivo;TRUE
CAND-01285;22/04/24;37;M;1127438.0;1;11938.0;2;0.401;2;FALSE;;0.691;0.849;53.4;0.0;517588.0;libre_inversion;TRUE
CAND-00522;22/04/24;18;M;1999901.0;9;54027.0;5;0.388;2;TRUE;664.0;0.633;0.802;65.7;0.0;2835230.0;libre_inversion;TRUE
CAND-00725;22/04/24;32;H;1355606.0;2;42843.0;3;0.304;1;TRUE;574.0;0.916;0.948;36.1;0.0;394643.0;libre_inversion;TRUE
CAND-00875;22/04/24;34;H;1577995.0;5;35288.0;5;0.34;4;TRUE;551.0;0.738;0.679;77.4;0.0;372047.0;libre_inversion;TRUE
CAND-01644;22/04/24;31;H;1499584.0;7;61648.0;0;0.648;4;TRUE;738.0;0.592;0.408;53.7;0.0;320140.0;libre_inversion;TRUE
CAND-00324;22/04/24;27;H;568603.0;18;51148.0;10;0.378;3;FALSE;;0.757;;96.2;0.0;348485.0;avance_efectivo;TRUE
CAND-02896;22/04/24;58;M;856749.0;15;29143.0;5;0.712;5;FALSE;;0.677;0.734;58.2;0.0;305595.0;libre_inversion;TRUE
CAND-02426;22/04/24;26;M;1390450.0;7;69247.0;4;0.695;4;FALSE;;0.702;;33.1;0.0;1202811.0;libre_inversion;TRUE
CAND-00739;22/04/24;28;M;1271868.0;20;143895.0;7;0.028;2;FALSE;;;0.536;36.6;0.0;755704.0;libre_inversion;TRUE
CAND-01546;22/04/24;19;M;1446885.0;17;75263.0;8;0.133;3;TRUE;704.0;0.801;0.772;28.3;0.0;533905.0;compra_cartera;TRUE
CAND-02960;22/04/24;40;M;2200200.0;12;50357.0;6;0.293;3;TRUE;643.0;0.466;0.538;57.4;0.0;714272.0;libre_inversion;TRUE
CAND-02251;22/04/24;31;H;812210.0;1;14199.0;3;0.735;2;FALSE;;;0.783;57.9;0.0;837016.0;avance_efectivo;TRUE
CAND-01423;22/04/24;40;M;1528861.0;5;96524.0;2;0.725;4;TRUE;540.0;0.785;0.85;58.5;0.0;540343.0;compra_cartera;TRUE
CAND-01948;22/04/24;39;M;939325.0;9;17550.0;3;0.643;5;FALSE;;0.862;0.802;1.0;0.0;321170.0;avance_efectivo;TRUE
CAND-00528;22/04/24;50;M;1518460.0;5;46700.0;3;0.28;4;TRUE;673.0;0.985;0.701;45.9;0.0;911882.0;libre_inversion;TRUE
CAND-02536;22/04/24;35;M;504091.0;8;17892.0;3;0.162;1;TRUE;704.0;0.63;0.896;24.5;0.0;1145862.0;libre_inversion;TRUE
CAND-01898;23/04/24;27;M;1100068.0;14;74151.0;7;0.153;1;TRUE;657.0;0.887;0.941;33.0;0.0;2034797.0;libre_inversion;TRUE
CAND-00125;23/04/24;25;H;1366262.0;21;22708.0;11;0.23;2;TRUE;586.0;0.904;0.763;24.4;0.0;222985.0;compra_cartera;TRUE
CAND-02214;23/04/24;23;H;786901.0;17;26816.0;10;0.415;2;FALSE;;0.569;;62.7;0.0;942357.0;libre_inversion;TRUE
CAND-01183;23/04/24;41;M;953867.0;10;91971.0;2;0.135;4;TRUE;605.0;0.762;0.769;49.1;0.0;842250.0;libre_inversion;TRUE
CAND-01965;23/04/24;45;H;1526932.0;13;101620.0;8;0.085;1;TRUE;630.0;0.631;0.805;63.1;0.0;720118.0;libre_inversion;FALSE
CAND-02013;23/04/24;39;M;1253348.0;2;51849.0;0;0.542;2;FALSE;;0.881;0.595;52.1;0.0;816337.0;libre_inversion;TRUE
CAND-00446;23/04/24;36;H;2624319.0;2;68020.0;0;0.364;3;TRUE;723.0;0.818;0.883;100.0;0.0;394606.0;libre_inversion;TRUE
CAND-02528;23/04/24;32;M;1489686.0;8;38675.0;2;0.176;4;TRUE;777.0;0.597;0.736;69.3;5617.0;270707.0;libre_inversion;TRUE
CAND-00067;23/04/24;23;H;9.315.563.060.962.870;22;15994.0;10;0.149;2;TRUE;629.0;0.849;0.882;54.0;0.0;491461.0;libre_inversion;TRUE
CAND-01405;23/04/24;50;H;1098460.0;16;34504.0;7;0.235;2;TRUE;667.0;0.647;0.766;71.3;0.0;480229.0;compra_cartera;TRUE
CAND-00651;23/04/24;35;M;689900.0;60;26146.0;34;0.209;3;TRUE;627.0;0.916;0.824;42.1;0.0;819835.0;compra_cartera;TRUE
CAND-01398;24/04/24;44;M;1455499.0;16;69242.0;5;0.544;1;TRUE;769.0;0.717;0.825;74.5;0.0;547429.0;libre_inversion;TRUE
CAND-00372;24/04/24;41;M;707321.0;16;38261.0;13;0.613;4;TRUE;712.0;0.659;0.899;41.6;0.0;595586.0;libre_inversion;TRUE
CAND-02845;24/04/24;39;H;955956.0;12;80230.0;8;0.711;2;FALSE;;0.619;0.508;39.5;0.0;236790.0;compra_cartera;TRUE
CAND-01959;24/04/24;53;H;2527327.0;50;33832.0;24;0.45;1;FALSE;;0.968;0.772;88.9;0.0;251954.0;avance_efectivo;TRUE
CAND-02697;24/04/24;37;M;1362072.0;43;25708.0;24;0.116;1;TRUE;648.0;;0.744;65.9;0.0;960118.0;compra_cartera;TRUE
CAND-02795;24/04/24;28;M;1476351.0;12;75029.0;10;0.449;1;TRUE;582.0;0.87;0.803;80.7;0.0;1375513.0;compra_cartera;TRUE
CAND-00469;24/04/24;35;M;2277226.0;11;39179.0;5;0.185;1;FALSE;;0.83;0.885;59.7;0.0;1382759.0;avance_efectivo;TRUE
CAND-00055;24/04/24;33;M;1739030.0;5;49381.0;2;0.356;1;FALSE;;0.875;0.877;40.6;0.0;259562.0;libre_inversion;TRUE
CAND-02512;24/04/24;22;M;1422101.0;16;128604.0;6;0.466;1;FALSE;;0.762;0.798;53.8;0.0;329583.0;avance_efectivo;TRUE
CAND-00991;24/04/24;18;H;1408926.0;30;44952.0;13;0.363;2;TRUE;608.0;0.895;0.725;95.8;0.0;689019.0;compra_cartera;TRUE
CAND-01487;24/04/24;40;H;374509.0;3;83895.0;2;0.815;2;FALSE;;0.561;0.749;40.7;0.0;237785.0;libre_inversion;TRUE
CAND-01712;24/04/24;23;H;1697528.0;53;15463.0;27;0.494;1;FALSE;;;0.651;33.6;0.0;214138.0;libre_inversion;FALSE
CAND-02890;24/04/24;24;M;644212.0;27;6148.0;7;0.202;1;FALSE;;0.879;0.721;16.7;0.0;1736055.0;libre_inversion;TRUE
CAND-02905;25/04/24;30;M;1816389.0;15;24879.0;5;0.307;1;FALSE;;0.607;0.635;41.4;0.0;786349.0;compra_cartera;TRUE
CAND-01187;25/04/24;24;H;1492179.0;2;36647.0;0;0.128;3;TRUE;766.0;0.564;0.441;69.6;0.0;249144.0;libre_inversion;TRUE
CAND-02360;25/04/24;35;H;1332499.0;18;34360.0;7;0.77;2;TRUE;643.0;0.854;0.877;57.4;0.0;1046395.0;libre_inversion;TRUE
CAND-02250;25/04/24;39;H;1867312.0;14;7082.0;8;0.75;3;TRUE;638.0;0.623;0.602;54.4;0.0;413146.0;libre_inversion;TRUE
CAND-00012;25/04/24;42;M;2260929.0;22;11297.0;14;0.607;1;TRUE;658.0;0.639;0.764;24.7;0.0;1325.0;compra_cartera;TRUE
CAND-00727;25/04/24;45;H;3101451.0;6;82951.0;3;0.069;2;TRUE;713.0;0.909;0.831;46.6;0.0;1943598.0;avance_efectivo;TRUE
CAND-01653;25/04/24;42;M;494890.0;21;96712.0;11;0.66;1;FALSE;;;0.658;41.9;0.0;1426583.0;compra_cartera;TRUE
CAND-00575;25/04/24;40;M;973233.0;4;80527.0;1;0.873;5;TRUE;617.0;0.871;0.341;29.7;0.0;287101.0;libre_inversion;TRUE
CAND-00840;25/04/24;38;H;794995.0;18;26877.0;11;0.308;2;FALSE;;0.91;0.453;41.5;0.0;347206.0;compra_cartera;TRUE
CAND-01259;25/04/24;30;M;1537590.0;39;87407.0;19;0.202;2;FALSE;;0.666;0.812;3.4;0.0;743282.0;libre_inversion;TRUE
CAND-00380;25/04/24;36;M;2254342.0;3;19596.0;0;0.269;4;TRUE;691.0;0.851;0.794;32.0;0.0;975175.0;avance_efectivo;TRUE
CAND-01260;25/04/24;44;H;1256518.0;10;7969.0;6;0.227;4;FALSE;;0.785;0.899;75.7;0.0;2116731.0;libre_inversion;TRUE
CAND-01041;25/04/24;63;M;1184619.0;60;17267.0;23;0.578;5;FALSE;;;0.638;100.0;0.0;413735.0;compra_cartera;TRUE
CAND-01502;26/04/24;24;M;653273.0;9;52506.0;3;0.642;4;FALSE;;0.826;0.897;40.1;0.0;414179.0;libre_inversion;TRUE
CAND-00555;26/04/24;31;H;1351520.0;22;29566.0;12;0.396;3;TRUE;507.0;0.729;0.624;48.4;0.0;519052.0;libre_inversion;TRUE
CAND-00965;26/04/24;31;H;1559619.0;16;24304.0;12;0.109;1;TRUE;690.0;0.682;0.703;43.2;0.0;606438.0;avance_efectivo;TRUE
CAND-00904;26/04/24;19;H;1702743.0;14;21630.0;6;0.216;1;TRUE;671.0;0.812;0.711;46.7;0.0;717667.0;libre_inversion;TRUE
CAND-02406;26/04/24;32;H;1622216.0;6;91878.0;2;0.193;2;TRUE;727.0;0.345;0.966;76.0;0.0;358216.0;avance_efectivo;TRUE
CAND-00309;26/04/24;38;H;2536920.0;10;23417.0;4;0.233;5;FALSE;;0.405;0.77;22.1;0.0;790606.0;avance_efectivo;TRUE
CAND-02076;26/04/24;21;M;1136976.0;2;134856.0;1;0.579;1;TRUE;695.0;0.73;0.835;52.2;0.0;713569.0;libre_inversion;TRUE
CAND-00561;26/04/24;34;NB;898772.0;16;8818.0;7;0.485;2;FALSE;;0.751;;37.3;0.0;405058.0;compra_cartera;TRUE
CAND-00665;26/04/24;26;M;1524735.0;5;30732.0;4;0.638;3;TRUE;494.0;0.675;0.829;58.2;0.0;199029.0;avance_efectivo;TRUE
CAND-02577;26/04/24;20;M;7.747.418.628.280.080;5;34304.0;3;0.432;3;TRUE;698.0;0.755;0.782;40.0;0.0;673565.0;libre_inversion;TRUE
CAND-01168;26/04/24;30;H;1381964.0;60;42941.0;32;0.382;2;FALSE;;0.921;0.691;41.2;0.0;352236.0;avance_efectivo;TRUE
CAND-02193;26/04/24;41;M;938745.0;29;110438.0;15;0.219;4;FALSE;;0.819;0.747;50.9;0.0;368657.0;avance_efectivo;TRUE
CAND-00265;26/04/24;30;M;14.596.965.771.300.400;11;20823.0;2;0.475;1;TRUE;452.0;0.753;0.933;72.5;0.0;332369.0;compra_cartera;TRUE
CAND-02847;27/04/24;18;M;2396653.0;1;36444.0;0;0.415;2;TRUE;608.0;0.863;0.864;55.2;0.0;327194.0;compra_cartera;TRUE
CAND-00132;27/04/24;40;H;987868.0;6;3943.0;1;0.635;3;TRUE;569.0;0.717;0.661;41.2;0.0;545703.0;libre_inversion;TRUE
CAND-01085;27/04/24;18;NB;2086440.0;40;34710.0;26;0.347;4;FALSE;;0.904;0.784;63.4;0.0;310528.0;avance_efectivo;TRUE
CAND-00769;27/04/24;39;M;2417731.0;13;29836.0;4;0.473;3;FALSE;;0.931;0.947;79.2;0.0;881700.0;libre_inversion;TRUE
CAND-02567;27/04/24;56;H;790582.0;4;55484.0;1;0.526;2;FALSE;;0.632;0.61;31.9;0.0;398606.0;compra_cartera;TRUE
CAND-00157;27/04/24;31;M;958916.0;18;92498.0;9;0.423;3;TRUE;676.0;0.589;0.714;45.3;0.0;1144964.0;libre_inversion;TRUE
CAND-02365;27/04/24;49;H;1179009.0;20;96817.0;9;0.344;3;FALSE;;0.9;0.628;39.3;0.0;1237533.0;compra_cartera;TRUE
CAND-00712;27/04/24;34;M;905766.0;7;18229.0;3;0.059;1;TRUE;660.0;0.916;0.657;62.4;0.0;736650.0;libre_inversion;TRUE
CAND-02684;27/04/24;36;H;577223.0;7;47850.0;4;0.487;1;FALSE;;0.764;0.54;64.9;0.0;461389.0;compra_cartera;TRUE
CAND-00406;27/04/24;33;M;1670652.0;7;24083.0;3;0.149;1;FALSE;;0.918;0.712;19.0;0.0;1319663.0;libre_inversion;TRUE
CAND-00015;27/04/24;36;H;1895034.0;9;48417.0;4;0.474;1;TRUE;770.0;0.918;;35.4;0.0;444300.0;compra_cartera;TRUE
CAND-02006;27/04/24;36;H;852649.0;6;20727.0;4;0.402;5;FALSE;;0.905;0.727;38.7;0.0;413096.0;compra_cartera;TRUE
CAND-01076;28/04/24;45;H;706699.0;12;33738.0;7;0.317;5;TRUE;672.0;0.724;0.696;71.9;0.0;160196.0;libre_inversion;TRUE
CAND-02670;28/04/24;18;H;1250649.0;1;60010.0;1;0.363;1;FALSE;;0.698;0.811;44.7;0.0;323865.0;libre_inversion;TRUE
CAND-01699;28/04/24;23;H;2547967.0;38;74646.0;26;0.563;4;TRUE;554.0;0.808;0.966;63.8;0.0;558298.0;avance_efectivo;TRUE
CAND-01582;28/04/24;24;M;962402.0;5;35670.0;2;0.587;2;FALSE;;;0.654;57.7;0.0;322914.0;libre_inversion;TRUE
CAND-00462;28/04/24;25;M;1183542.0;16;62367.0;5;0.606;4;FALSE;;0.886;0.736;61.2;0.0;1105959.0;libre_inversion;TRUE
CAND-00670;28/04/24;39;M;842723.0;8;86805.0;2;0.284;2;TRUE;689.0;0.969;0.89;49.0;0.0;586540.0;compra_cartera;TRUE
CAND-01466;28/04/24;32;H;1263435.0;28;20456.0;14;0.271;2;FALSE;;0.765;0.611;70.4;0.0;478382.0;libre_inversion;TRUE
CAND-00516;28/04/24;18;M;1034367.0;16;59248.0;7;0.33;2;TRUE;750.0;0.742;0.887;55.7;0.0;434741.0;compra_cartera;TRUE
CAND-02372;28/04/24;62;H;1622984.0;24;7888.0;9;0.275;3;FALSE;;0.93;0.684;49.4;0.0;445742.0;libre_inversion;TRUE
CAND-02100;28/04/24;39;H;2119835.0;5;4734.0;3;0.645;3;TRUE;649.0;0.801;0.935;59.6;0.0;562349.0;avance_efectivo;TRUE
CAND-00004;28/04/24;33;M;1160999.0;53;91982.0;26;0.395;2;TRUE;683.0;0.84;0.534;33.5;0.0;553337.0;libre_inversion;TRUE
CAND-02772;28/04/24;42;H;747751.0;7;88998.0;7;0.129;1;FALSE;;0.749;0.911;58.4;0.0;375465.0;libre_inversion;TRUE
CAND-00290;28/04/24;25;H;1459062.0;9;77373.0;8;0.808;1;TRUE;741.0;0.812;0.958;58.4;0.0;1131270.0;libre_inversion;TRUE
CAND-00013;29/04/24;20;M;2080739.0;2;46914.0;1;0.265;1;FALSE;;0.501;0.8;84.6;0.0;661432.0;compra_cartera;TRUE
CAND-00759;29/04/24;33;M;1056691.0;12;17060.0;7;0.555;4;FALSE;;0.857;0.58;44.2;0.0;246768.0;libre_inversion;TRUE
CAND-01946;29/04/24;25;M;2062126.0;2;52448.0;0;0.479;1;FALSE;;0.75;0.756;38.8;0.0;826187.0;libre_inversion;TRUE
CAND-02023;29/04/24;39;M;726150.0;1;57387.0;1;0.087;1;FALSE;;0.872;0.884;8.4;0.0;950548.0;avance_efectivo;TRUE
CAND-02632;29/04/24;29;M;755140.0;17;18121.0;8;0.244;1;TRUE;608.0;0.738;0.688;0.0;0.0;1491128.0;libre_inversion;TRUE
CAND-02479;29/04/24;39;NB;1132544.0;14;63518.0;5;0.725;1;FALSE;;0.92;0.699;53.5;0.0;768904.0;libre_inversion;TRUE
CAND-00974;29/04/24;40;M;1147260.0;24;15932.0;8;0.575;1;TRUE;683.0;0.773;0.854;4.7;0.0;547778.0;avance_efectivo;TRUE
CAND-00903;29/04/24;26;H;630772.0;40;3609.0;19;0.299;3;FALSE;;0.901;0.828;75.6;0.0;402357.0;avance_efectivo;TRUE
CAND-02314;29/04/24;45;NB;579276.0;3;24691.0;0;0.207;3;TRUE;680.0;0.551;0.618;37.6;0.0;253151.0;libre_inversion;TRUE
CAND-01360;29/04/24;34;H;1299030.0;6;7247.0;4;0.088;1;FALSE;;0.689;0.882;44.0;0.0;386091.0;libre_inversion;TRUE
CAND-01464;29/04/24;40;H;2712694.0;31;87089.0;18;0.436;2;FALSE;;0.911;0.676;78.9;0.0;326685.0;libre_inversion;TRUE
CAND-00222;29/04/24;18;M;1380909.0;6;6549.0;1;0.581;2;TRUE;657.0;0.562;0.92;0.0;0.0;1480416.0;avance_efectivo;TRUE
CAND-01770;29/04/24;31;H;1283491.0;7;37589.0;3;0.532;4;TRUE;631.0;0.792;0.81;82.6;0.0;767144.0;libre_inversion;TRUE
CAND-00143;29/04/24;32;M;626239.0;14;29811.0;11;0.379;3;TRUE;637.0;0.963;0.511;61.7;0.0;400930.0;libre_inversion;TRUE
CAND-00424;29/04/24;24;H;1104753.0;10;84404.0;5;0.43;3;TRUE;779.0;0.729;0.799;45.9;0.0;792114.0;avance_efectivo;TRUE
CAND-02403;29/04/24;34;H;1423553.0;5;22097.0;2;0.372;3;TRUE;770.0;0.602;0.824;54.7;0.0;335395.0;libre_inversion;TRUE
CAND-00023;29/04/24;55;M;1024289.0;26;216882.0;15;0.53;2;TRUE;675.0;;0.657;43.2;0.0;277973.0;libre_inversion;TRUE
CAND-00337;29/04/24;32;H;765590.0;3;43689.0;3;0.384;1;TRUE;691.0;0.817;0.94;54.3;0.0;268556.0;libre_inversion;TRUE
CAND-01385;29/04/24;25;M;1518478.0;37;2842.0;20;0.476;2;FALSE;;0.93;0.632;60.1;0.0;176989.0;avance_efectivo;TRUE
CAND-02924;29/04/24;31;H;300000.0;23;20516.0;11;0.147;1;TRUE;767.0;0.645;0.662;57.9;0.0;1781837.0;compra_cartera;TRUE
CAND-02949;30/04/24;26;NB;1679709.0;43;37698.0;27;0.096;1;TRUE;766.0;0.883;0.871;17.7;0.0;255207.0;avance_efectivo;TRUE
CAND-01729;30/04/24;31;H;1356989.0;5;62603.0;2;0.116;1;TRUE;639.0;;0.833;61.2;0.0;485940.0;compra_cartera;TRUE
CAND-00378;30/04/24;50;H;874488.0;6;66713.0;3;0.375;4;FALSE;;0.826;0.697;47.7;0.0;890324.0;libre_inversion;TRUE
CAND-02245;30/04/24;46;M;1249024.0;8;43805.0;2;0.547;2;FALSE;;0.663;0.954;50.7;0.0;1306841.0;compra_cartera;TRUE
CAND-01264;30/04/24;33;H;875386.0;3;27560.0;1;0.142;2;TRUE;657.0;0.794;0.718;42.4;0.0;865044.0;compra_cartera;TRUE
CAND-02736;30/04/24;38;H;1799168.0;5;53528.0;7;0.495;2;FALSE;;0.896;0.953;22.1;0.0;632732.0;libre_inversion;TRUE
CAND-01160;30/04/24;35;H;887979.0;5;26385.0;4;0.444;3;TRUE;806.0;0.726;0.951;74.4;0.0;390254.0;avance_efectivo;TRUE
CAND-01847;30/04/24;40;H;673095.0;3;43352.0;1;0.718;4;TRUE;652.0;0.959;0.653;57.2;0.0;331638.0;libre_inversion;TRUE
CAND-00226;30/04/24;27;H;1360616.0;17;130560.0;7;0.06;4;FALSE;;0.813;0.638;63.6;0.0;1732666.0;libre_inversion;TRUE
CAND-01279;30/04/24;41;M;2166501.0;20;158232.0;14;0.743;1;TRUE;628.0;0.933;0.396;36.4;0.0;333180.0;libre_inversion;TRUE
CAND-01463;30/04/24;25;M;1.055.944.183.637.280;37;93165.0;19;0.616;4;FALSE;;0.885;0.891;43.8;0.0;1423439.0;libre_inversion;TRUE
CAND-02419;30/04/24;31;M;1395927.0;11;40472.0;8;0.485;3;TRUE;648.0;0.901;0.475;75.4;0.0;1348955.0;avance_efectivo;TRUE
CAND-01851;30/04/24;44;M;1977150.0;21;48580.0;20;0.672;2;FALSE;;0.732;0.973;54.4;0.0;1450973.0;libre_inversion;TRUE
CAND-00193;1/05/24;40;M;1577754.0;5;18547.0;6;0.691;5;FALSE;;0.65;0.859;41.3;0.0;1121131.0;compra_cartera;TRUE
CAND-00490;1/05/24;36;H;1141123.0;12;31499.0;2;0.409;2;TRUE;794.0;0.869;0.814;49.6;0.0;100000.0;libre_inversion;TRUE
CAND-01651;1/05/24;30;M;676765.0;5;24705.0;4;0.255;5;FALSE;;0.477;0.506;60.0;0.0;639920.0;compra_cartera;TRUE
CAND-00405;1/05/24;35;M;1553646.0;1;34545.0;1;0.533;5;TRUE;680.0;0.868;0.76;33.6;0.0;451265.0;avance_efectivo;TRUE
CAND-00480;1/05/24;62;H;1024041.0;7;49868.0;3;0.078;1;FALSE;;0.524;0.821;32.8;0.0;948565.0;libre_inversion;TRUE
CAND-00543;1/05/24;29;H;1859229.0;1;51179.0;0;0.666;2;FALSE;;0.707;0.394;26.3;0.0;543861.0;avance_efectivo;TRUE
CAND-02297;1/05/24;52;M;836180.0;36;139218.0;22;0.514;3;TRUE;749.0;0.894;0.64;78.1;0.0;1014547.0;libre_inversion;TRUE
CAND-02383;1/05/24;27;M;867850.0;15;15308.0;2;0.565;3;FALSE;;0.721;0.725;82.8;0.0;203857.0;libre_inversion;TRUE
CAND-01963;1/05/24;27;NB;1532336.0;24;31560.0;13;0.624;3;TRUE;702.0;0.849;0.801;49.3;0.0;756360.0;libre_inversion;TRUE
CAND-00748;1/05/24;34;NB;1019535.0;3;43366.0;0;0.47;3;TRUE;656.0;0.712;0.683;39.4;0.0;1135432.0;libre_inversion;TRUE
CAND-00360;2/05/24;47;M;1173370.0;39;75653.0;21;0.059;2;FALSE;;0.697;0.895;87.1;0.0;781271.0;compra_cartera;TRUE
CAND-02486;2/05/24;34;H;1023991.0;1;1580.0;0;0.385;3;FALSE;;;0.645;60.6;36011.0;639273.0;avance_efectivo;TRUE
CAND-00709;2/05/24;29;H;2028965.0;25;36327.0;11;0.741;1;TRUE;715.0;0.956;0.928;51.6;0.0;461644.0;libre_inversion;TRUE
CAND-02651;2/05/24;27;M;2252102.0;13;8497.0;2;0.37;1;FALSE;;0.84;0.808;41.3;0.0;1367497.0;libre_inversion;TRUE
CAND-01462;2/05/24;55;M;1616448.0;6;4624.0;1;0.126;2;TRUE;661.0;0.889;0.792;20.9;0.0;2066406.0;compra_cartera;TRUE
CAND-00803;2/05/24;28;M;2630856.0;24;33982.0;20;0.163;2;FALSE;;0.683;0.703;35.5;0.0;508332.0;compra_cartera;TRUE
CAND-00087;2/05/24;50;H;1287835.0;11;90749.0;4;0.197;4;TRUE;542.0;0.896;;88.5;0.0;839912.0;libre_inversion;TRUE
CAND-00283;2/05/24;35;M;1588181.0;21;10905.0;13;0.478;2;TRUE;693.0;0.702;0.38;49.9;0.0;259006.0;libre_inversion;TRUE
CAND-01535;2/05/24;31;H;1397635.0;9;14300.0;4;0.147;2;TRUE;686.0;0.702;;100.0;0.0;691769.0;libre_inversion;TRUE
CAND-02633;2/05/24;25;NB;1926934.0;21;51407.0;7;0.226;2;FALSE;;;0.916;59.4;0.0;584943.0;compra_cartera;TRUE
CAND-01140;2/05/24;38;H;1223906.0;16;18710.0;8;0.332;5;FALSE;;0.848;0.84;56.7;0.0;1151309.0;compra_cartera;TRUE
CAND-00857;2/05/24;39;M;586596.0;39;17419.0;23;0.649;1;TRUE;624.0;0.759;;67.1;0.0;244481.0;compra_cartera;TRUE
CAND-01686;2/05/24;18;M;1215822.0;2;56224.0;0;0.37;2;TRUE;571.0;0.803;0.607;77.9;0.0;532290.0;avance_efectivo;TRUE
CAND-02345;2/05/24;40;H;1590696.0;10;154843.0;6;0.407;1;TRUE;657.0;;0.676;56.0;0.0;437644.0;libre_inversion;TRUE
CAND-01628;2/05/24;28;M;809158.0;57;26701.0;26;0.568;3;FALSE;;0.816;0.521;68.2;0.0;790859.0;compra_cartera;TRUE
CAND-00719;3/05/24;18;H;873332.0;30;25367.0;18;0.185;3;TRUE;530.0;0.501;0.915;43.7;0.0;528671.0;libre_inversion;TRUE
CAND-00299;3/05/24;31;H;2145964.0;1;86056.0;1;0.369;2;FALSE;;0.947;0.844;42.5;0.0;787061.0;compra_cartera;TRUE
CAND-00934;3/05/24;38;H;1195385.0;5;44987.0;3;0.623;4;FALSE;;0.842;0.475;58.4;0.0;1428405.0;libre_inversion;TRUE
CAND-01017;3/05/24;26;M;530171.0;11;27948.0;2;0.284;2;TRUE;661.0;0.804;0.741;36.6;0.0;1424127.0;libre_inversion;TRUE
CAND-00893;3/05/24;33;M;997546.0;7;50002.0;4;0.51;1;TRUE;618.0;0.874;0.554;44.5;0.0;1245998.0;avance_efectivo;TRUE
CAND-00704;3/05/24;29;H;361256.0;3;20823.0;2;0.866;1;FALSE;;0.857;0.705;35.4;0.0;1297603.0;libre_inversion;TRUE
CAND-00884;3/05/24;30;H;548725.0;8;30456.0;3;0.342;2;TRUE;783.0;0.71;0.668;61.6;0.0;300814.0;avance_efectivo;TRUE
CAND-01172;4/05/24;49;M;1008306.0;13;18131.0;6;0.173;3;TRUE;556.0;0.891;0.707;58.9;0.0;580755.0;libre_inversion;TRUE
CAND-02860;4/05/24;33;H;1662868.0;4;46662.0;1;0.243;3;FALSE;;0.591;0.573;27.8;0.0;668671.0;libre_inversion;TRUE
CAND-02661;4/05/24;65;M;1784598.0;39;62722.0;18;0.297;1;TRUE;606.0;0.396;0.868;32.6;0.0;1287962.0;libre_inversion;TRUE
CAND-01647;4/05/24;26;H;904909.0;8;40617.0;9;0.627;1;FALSE;;0.951;0.898;42.5;0.0;1268760.0;avance_efectivo;TRUE
CAND-00896;4/05/24;31;H;1799872.0;11;27031.0;5;0.661;1;TRUE;654.0;0.839;0.825;64.3;0.0;1313785.0;compra_cartera;TRUE
CAND-01812;4/05/24;36;M;1347478.0;37;99413.0;17;0.582;1;TRUE;771.0;0.531;0.748;62.4;0.0;905485.0;compra_cartera;TRUE
CAND-02843;4/05/24;43;H;1325980.0;9;6480.0;8;0.197;4;FALSE;;0.661;0.673;59.8;0.0;1334605.0;libre_inversion;TRUE
CAND-01521;4/05/24;32;M;897518.0;14;28436.0;13;0.521;1;TRUE;702.0;0.587;0.805;65.2;0.0;661329.0;libre_inversion;TRUE
CAND-01518;4/05/24;54;H;1865489.0;2;19437.0;0;0.532;1;FALSE;;0.883;0.726;35.2;0.0;428087.0;libre_inversion;TRUE
CAND-00302;4/05/24;49;H;1855954.0;15;26865.0;4;0.404;4;TRUE;621.0;0.653;0.827;50.3;0.0;446979.0;avance_efectivo;TRUE
CAND-02998;5/05/24;41;M;1787399.0;1;4353.0;1;0.319;2;FALSE;;0.692;0.692;76.3;0.0;535061.0;libre_inversion;TRUE
CAND-02168;5/05/24;37;H;561524.0;1;34973.0;1;0.062;1;FALSE;;0.759;0.814;58.7;0.0;772481.0;compra_cartera;TRUE
CAND-00095;5/05/24;42;M;2352010.0;7;21980.0;0;0.584;2;FALSE;;0.901;0.641;32.5;0.0;706187.0;avance_efectivo;TRUE
CAND-00791;5/05/24;20;H;3160818.0;43;57803.0;18;0.338;3;TRUE;744.0;0.754;0.66;31.5;0.0;868846.0;avance_efectivo;TRUE
CAND-01051;5/05/24;39;H;1116410.0;42;63094.0;20;0.189;4;TRUE;567.0;0.957;0.788;53.0;0.0;1106712.0;avance_efectivo;TRUE
CAND-01800;5/05/24;40;H;1059268.0;19;11007.0;13;0.068;5;FALSE;;0.762;0.8;98.8;0.0;1122834.0;avance_efectivo;TRUE
CAND-02281;5/05/24;30;M;1486471.0;3;37604.0;0;0.212;2;FALSE;;0.562;0.954;52.4;0.0;298910.0;libre_inversion;TRUE
CAND-00341;5/05/24;31;H;1103822.0;23;21552.0;8;0.359;2;TRUE;614.0;0.896;0.842;45.0;0.0;575315.0;avance_efectivo;TRUE
CAND-01096;5/05/24;41;M;2407221.0;17;92318.0;11;0.138;2;FALSE;;;0.482;10.9;0.0;307118.0;avance_efectivo;TRUE
CAND-02587;5/05/24;35;H;1287325.0;9;66498.0;3;0.452;2;FALSE;;0.355;0.834;57.9;0.0;1863432.0;compra_cartera;TRUE
CAND-02637;5/05/24;41;H;1100159.0;14;83532.0;6;0.618;4;FALSE;;0.989;0.815;16.3;0.0;1819046.0;libre_inversion;TRUE
CAND-02852;6/05/24;48;M;1151000.0;8;37828.0;3;0.426;4;FALSE;;0.839;0.503;80.5;0.0;381266.0;libre_inversion;TRUE
CAND-01438;6/05/24;32;M;991337.0;17;33690.0;7;0.449;5;TRUE;630.0;0.928;0.877;24.5;0.0;578033.0;libre_inversion;TRUE
CAND-01715;6/05/24;18;M;961929.0;3;71582.0;0;0.284;2;FALSE;;0.952;0.805;45.6;0.0;1216206.0;compra_cartera;TRUE
CAND-00113;7/05/24;38;M;1550629.0;7;21821.0;3;0.549;3;FALSE;;0.901;0.961;66.8;0.0;1420354.0;libre_inversion;TRUE
CAND-01288;7/05/24;45;M;1537230.0;14;83951.0;8;0.24;3;TRUE;631.0;0.713;0.721;13.1;0.0;1736568.0;libre_inversion;TRUE
CAND-01679;7/05/24;25;H;1030721.0;8;64839.0;4;0.16;2;TRUE;593.0;0.656;0.903;64.8;0.0;1005219.0;compra_cartera;TRUE
CAND-02429;7/05/24;37;M;848365.0;9;16659.0;4;0.694;4;FALSE;;;;82.6;0.0;1014073.0;avance_efectivo;TRUE
CAND-02446;7/05/24;21;M;735039.0;1;11271.0;2;0.72;1;TRUE;622.0;;0.703;8.6;0.0;397651.0;libre_inversion;TRUE
CAND-01489;7/05/24;21;M;1283445.0;10;36475.0;3;0.634;5;FALSE;;0.781;0.664;50.9;0.0;3703371.0;avance_efectivo;TRUE
CAND-01706;7/05/24;24;H;1464951.0;2;21644.0;2;0.409;1;FALSE;;0.536;0.775;63.6;0.0;643855.0;libre_inversion;TRUE
CAND-00331;7/05/24;26;M;476291.0;4;32862.0;1;0.19;1;FALSE;;0.612;0.971;33.1;0.0;1197668.0;compra_cartera;TRUE
CAND-02846;7/05/24;23;M;956753.0;20;51225.0;15;0.473;3;FALSE;;0.934;0.955;62.5;0.0;483764.0;avance_efectivo;TRUE
CAND-01243;7/05/24;27;H;1077651.0;10;88774.0;7;0.577;1;FALSE;;0.752;0.631;29.0;0.0;1279196.0;libre_inversion;TRUE
CAND-01509;7/05/24;25;H;1195009.0;3;85827.0;0;0.28;1;FALSE;;;0.909;55.7;0.0;2189516.0;avance_efectivo;TRUE
CAND-01578;7/05/24;32;H;1024716.0;1;53368.0;3;0.299;3;FALSE;;0.675;0.809;26.9;0.0;1934.0;avance_efectivo;TRUE
CAND-01873;7/05/24;52;H;1416066.0;13;65882.0;4;0.255;3;TRUE;591.0;0.828;0.613;67.7;0.0;759185.0;libre_inversion;TRUE
CAND-02151;8/05/24;37;H;2533370.0;37;68451.0;21;0.332;1;TRUE;808.0;0.919;0.713;64.9;0.0;385860.0;avance_efectivo;TRUE
CAND-01738;8/05/24;24;H;1249271.0;12;62155.0;7;0.43;2;TRUE;771.0;0.779;0.958;53.3;0.0;732525.0;compra_cartera;TRUE
CAND-00173;8/05/24;23;M;1847552.0;7;21194.0;4;0.256;2;FALSE;;0.764;0.734;43.6;0.0;661018.0;avance_efectivo;TRUE
CAND-01090;8/05/24;54;M;1326297.0;1;118709.0;1;0.433;1;TRUE;581.0;;0.9;32.6;0.0;484707.0;avance_efectivo;TRUE
CAND-02112;8/05/24;43;NB;1391444.0;22;26352.0;7;0.377;4;FALSE;;0.787;0.575;46.1;0.0;880533.0;compra_cartera;TRUE
CAND-01084;8/05/24;18;M;1016568.0;32;18279.0;11;0.214;1;TRUE;678.0;0.841;0.884;48.3;0.0;357217.0;libre_inversion;TRUE
CAND-00164;8/05/24;30;H;2696056.0;4;60578.0;0;0.776;5;TRUE;703.0;0.875;0.697;27.5;0.0;234431.0;avance_efectivo;TRUE
CAND-00130;8/05/24;31;H;633962.0;3;41295.0;2;0.628;2;TRUE;741.0;0.435;0.586;56.5;0.0;911969.0;libre_inversion;TRUE
CAND-02840;8/05/24;24;M;587721.0;4;65091.0;0;0.118;1;FALSE;;0.708;0.788;48.4;0.0;236142.0;libre_inversion;TRUE
CAND-02375;8/05/24;31;M;1323733.0;33;93412.0;25;0.617;1;TRUE;635.0;0.88;0.567;74.0;9278.0;793942.0;libre_inversion;TRUE
CAND-02544;8/05/24;23;H;1332555.0;10;14995.0;7;0.363;3;FALSE;;0.59;0.631;25.9;0.0;2310414.0;libre_inversion;TRUE
CAND-00590;9/05/24;32;M;1524590.0;26;12007.0;13;0.17;3;FALSE;;;0.877;53.8;0.0;416650.0;libre_inversion;TRUE
CAND-01022;9/05/24;36;H;1162529.0;2;85395.0;1;0.623;2;FALSE;;0.893;0.906;47.2;0.0;1831210.0;libre_inversion;TRUE
CAND-02351;9/05/24;27;M;3173792.0;20;25896.0;12;0.273;3;TRUE;604.0;0.808;0.965;42.7;0.0;1715616.0;avance_efectivo;TRUE
CAND-01477;9/05/24;53;M;2070110.0;10;64314.0;9;0.239;1;FALSE;;0.621;0.643;52.8;0.0;334553.0;avance_efectivo;TRUE
CAND-02576;9/05/24;24;M;1276023.0;22;15919.0;12;0.57;2;FALSE;;0.877;0.862;19.3;0.0;477038.0;libre_inversion;TRUE
CAND-02597;9/05/24;24;M;2261015.0;13;8277.0;4;0.34;3;FALSE;;0.627;0.58;32.2;0.0;618101.0;libre_inversion;TRUE
CAND-01294;9/05/24;40;M;2165049.0;4;52971.0;4;0.806;4;TRUE;778.0;0.893;;10.6;0.0;2128304.0;avance_efectivo;TRUE
CAND-00717;9/05/24;30;H;1639845.0;12;9577.0;3;0.061;1;FALSE;;0.505;0.928;40.6;0.0;464217.0;libre_inversion;TRUE
CAND-01992;9/05/24;39;M;1398867.0;2;36381.0;0;0.247;2;FALSE;;0.839;0.795;41.7;0.0;787643.0;compra_cartera;TRUE
CAND-02179;10/05/24;25;H;1276120.0;6;47927.0;3;0.286;3;TRUE;786.0;0.776;0.605;47.5;0.0;238082.0;libre_inversion;TRUE
CAND-02217;10/05/24;35;H;1411359.0;5;14462.0;5;0.345;1;FALSE;;0.954;0.627;44.2;0.0;681239.0;libre_inversion;TRUE
CAND-00184;10/05/24;41;M;1368490.0;28;27433.0;14;0.2;1;FALSE;;0.768;0.541;62.2;0.0;877292.0;avance_efectivo;TRUE
CAND-01990;10/05/24;37;M;1152212.0;5;17685.0;4;0.684;1;FALSE;;0.705;0.683;19.7;0.0;624381.0;libre_inversion;TRUE
CAND-00287;10/05/24;54;H;1134651.0;2;43070.0;0;0.376;1;TRUE;718.0;0.728;0.71;30.7;0.0;384310.0;libre_inversion;TRUE
CAND-01093;10/05/24;37;H;1492412.0;9;65403.0;8;0.726;4;FALSE;;0.806;0.638;44.0;0.0;643233.0;compra_cartera;TRUE
CAND-02987;10/05/24;30;H;769745.0;8;19905.0;3;0.346;1;TRUE;538.0;0.958;0.679;49.8;0.0;648090.0;libre_inversion;TRUE
CAND-01599;10/05/24;36;H;1722704.0;13;88004.0;8;0.556;1;FALSE;;0.94;0.887;61.3;0.0;644342.0;compra_cartera;TRUE
CAND-02344;10/05/24;52;M;2537852.0;1;73664.0;0;0.435;4;TRUE;815.0;0.952;0.788;54.6;0.0;342388.0;compra_cartera;TRUE
CAND-01171;10/05/24;40;H;783030.0;2;24594.0;1;0.527;3;TRUE;623.0;0.524;0.813;67.9;0.0;218316.0;libre_inversion;TRUE
CAND-00046;11/05/24;36;M;1735482.0;2;61107.0;0;0.378;1;FALSE;;0.779;0.838;33.4;0.0;677731.0;libre_inversion;TRUE
CAND-02203;11/05/24;59;M;854425.0;21;50782.0;9;0.74;3;FALSE;;0.717;0.925;65.5;0.0;510053.0;libre_inversion;TRUE
CAND-00084;11/05/24;18;M;1069304.0;13;101607.0;10;0.223;2;FALSE;;0.73;0.709;65.3;0.0;1405701.0;compra_cartera;TRUE
CAND-01073;11/05/24;30;H;818293.0;44;123961.0;27;0.685;1;FALSE;;0.898;0.507;74.9;0.0;442315.0;libre_inversion;TRUE
CAND-01773;11/05/24;39;M;5060819.0;14;37420.0;9;0.246;4;FALSE;;0.936;0.869;23.5;0.0;142012.0;compra_cartera;TRUE
CAND-01339;11/05/24;37;M;300000.0;9;37041.0;7;0.704;5;FALSE;;0.593;0.791;49.7;0.0;1404647.0;libre_inversion;TRUE
CAND-00008;11/05/24;35;M;1108956.0;2;31347.0;2;0.194;4;FALSE;;0.658;;28.7;0.0;513960.0;compra_cartera;TRUE
CAND-01331;11/05/24;19;M;1656281.0;2;163505.0;1;0.269;2;FALSE;;0.648;0.642;54.1;0.0;709365.0;libre_inversion;TRUE
CAND-02730;11/05/24;41;H;761424.0;4;73117.0;3;0.202;2;FALSE;;;0.822;51.1;0.0;644096.0;libre_inversion;TRUE
CAND-00485;11/05/24;43;H;568912.0;1;31388.0;0;0.354;2;FALSE;;0.789;0.878;77.7;0.0;1302830.0;avance_efectivo;TRUE
CAND-02190;11/05/24;51;H;564474.0;23;14852.0;15;0.152;1;TRUE;559.0;0.836;0.775;78.9;0.0;399916.0;avance_efectivo;FALSE
CAND-00587;11/05/24;30;H;1621170.0;14;4128.0;8;0.48;5;TRUE;590.0;0.83;0.861;62.5;0.0;612653.0;libre_inversion;TRUE
CAND-02813;11/05/24;26;M;627877.0;14;56129.0;5;0.718;2;TRUE;702.0;0.57;0.734;37.1;0.0;663.0;compra_cartera;TRUE
CAND-01098;12/05/24;41;M;12.183.828.596.743.800;3;27651.0;0;0.4;4;TRUE;856.0;0.503;0.899;59.7;0.0;161403.0;avance_efectivo;TRUE
CAND-02336;12/05/24;29;H;1438961.0;14;68307.0;7;0.089;3;TRUE;783.0;0.899;0.853;41.2;0.0;270402.0;libre_inversion;TRUE
CAND-00868;12/05/24;31;M;2535690.0;9;59784.0;5;0.905;1;FALSE;;0.779;0.843;51.0;0.0;123146.0;libre_inversion;TRUE
CAND-00630;12/05/24;39;H;1235947.0;22;193401.0;8;0.21;2;FALSE;;0.864;0.896;49.8;0.0;208651.0;avance_efectivo;TRUE
CAND-01327;12/05/24;20;NB;1969760.0;25;13378.0;17;0.16;1;FALSE;;0.638;;60.0;0.0;160607.0;libre_inversion;TRUE
CAND-02106;12/05/24;45;M;1144773.0;9;102506.0;2;0.275;2;FALSE;;0.672;0.743;36.3;0.0;957942.0;libre_inversion;TRUE
CAND-02607;12/05/24;19;H;1219106.0;13;12860.0;4;0.637;1;FALSE;;0.829;0.748;26.0;0.0;795214.0;libre_inversion;TRUE
CAND-02724;12/05/24;31;H;1295726.0;8;103177.0;4;0.249;3;TRUE;730.0;0.595;0.916;89.6;0.0;632346.0;libre_inversion;TRUE
CAND-01393;12/05/24;30;M;834752.0;49;50017.0;31;0.412;3;TRUE;592.0;0.497;0.899;24.4;0.0;421648.0;compra_cartera;TRUE
CAND-01862;12/05/24;26;H;678464.0;1;10909.0;0;0.331;4;TRUE;631.0;0.545;0.747;64.5;0.0;439301.0;libre_inversion;TRUE
CAND-02939;12/05/24;25;M;2.289.727.569.212.260;17;57232.0;10;0.133;5;FALSE;;0.5;0.837;62.2;0.0;789065.0;libre_inversion;TRUE
CAND-01834;12/05/24;63;M;875920.0;9;11089.0;2;0.495;1;TRUE;523.0;0.786;0.959;52.9;15464.0;1151539.0;avance_efectivo;TRUE
CAND-01887;12/05/24;22;H;1463571.0;12;6784.0;6;0.05;4;TRUE;592.0;0.914;0.966;31.1;0.0;462697.0;libre_inversion;TRUE
CAND-01428;12/05/24;18;H;573394.0;8;82109.0;1;0.6;4;TRUE;759.0;0.56;0.803;49.8;0.0;1396738.0;libre_inversion;TRUE
CAND-01731;13/05/24;30;M;695215.0;6;26658.0;3;0.452;2;FALSE;;0.651;0.876;69.3;0.0;617827.0;libre_inversion;TRUE
CAND-02826;13/05/24;44;M;1862358.0;34;54611.0;17;0.468;2;TRUE;821.0;0.811;;63.0;0.0;221018.0;avance_efectivo;TRUE
CAND-02252;13/05/24;27;M;793956.0;14;18925.0;5;0.909;1;TRUE;609.0;0.93;0.783;60.3;39157.0;380687.0;compra_cartera;TRUE
CAND-01212;13/05/24;41;M;1752411.0;13;86997.0;9;0.352;1;FALSE;;0.631;;55.3;0.0;160831.0;avance_efectivo;TRUE
CAND-02532;13/05/24;33;H;455114.0;4;31129.0;1;0.515;3;FALSE;;0.755;0.452;69.0;0.0;302879.0;libre_inversion;TRUE
CAND-02859;13/05/24;43;NB;1097475.0;12;46631.0;7;0.491;1;FALSE;;0.933;0.879;44.9;0.0;3425041.0;avance_efectivo;TRUE
CAND-00244;13/05/24;37;H;788866.0;8;26020.0;0;0.603;5;FALSE;;0.549;0.931;50.2;0.0;933370.0;compra_cartera;TRUE
CAND-02005;13/05/24;39;H;1334282.0;6;30003.0;2;0.085;2;FALSE;;0.931;0.703;17.0;0.0;481961.0;libre_inversion;TRUE
CAND-01268;13/05/24;28;H;1030000.0;6;43034.0;1;0.341;1;TRUE;768.0;0.636;0.71;70.8;0.0;561883.0;libre_inversion;TRUE
CAND-02954;13/05/24;44;M;1931732.0;15;47908.0;7;0.153;1;TRUE;641.0;0.729;0.837;49.0;0.0;1232831.0;avance_efectivo;TRUE
CAND-02328;13/05/24;40;M;2163123.0;3;68585.0;2;0.518;1;TRUE;567.0;0.755;;81.4;0.0;2493885.0;libre_inversion;TRUE
CAND-00573;13/05/24;20;H;1624125.0;4;61960.0;2;0.059;2;FALSE;;0.598;0.558;57.5;0.0;648587.0;compra_cartera;TRUE
CAND-02060;13/05/24;42;M;646595.0;1;38974.0;2;0.686;3;TRUE;656.0;0.934;0.718;27.8;0.0;1222573.0;libre_inversion;TRUE
CAND-01640;13/05/24;37;M;998501.0;6;53243.0;4;0.633;3;FALSE;;;;43.9;0.0;546324.0;avance_efectivo;TRUE
CAND-00475;13/05/24;49;M;1867608.0;1;109052.0;0;0.352;2;FALSE;;0.698;0.897;30.4;0.0;749770.0;libre_inversion;TRUE
CAND-02721;13/05/24;38;NB;592147.0;8;13693.0;4;0.435;1;FALSE;;0.876;0.715;61.6;0.0;665269.0;avance_efectivo;TRUE
CAND-01152;13/05/24;37;M;1726513.0;9;21109.0;7;0.759;1;FALSE;;0.528;0.943;75.5;0.0;474350.0;libre_inversion;TRUE
CAND-00695;13/05/24;33;H;1291304.0;1;38758.0;0;0.481;2;FALSE;;;0.967;66.1;0.0;1316980.0;avance_efectivo;TRUE
CAND-00594;14/05/24;23;H;1909336.0;24;39307.0;11;0.602;1;FALSE;;0.688;0.917;31.5;0.0;195192.0;libre_inversion;TRUE
CAND-01343;14/05/24;35;H;2237826.0;1;62718.0;0;0.451;2;FALSE;;0.715;0.791;47.5;0.0;494963.0;avance_efectivo;TRUE
CAND-01899;14/05/24;24;H;556576.0;1;42763.0;1;0.406;2;FALSE;;0.79;0.595;16.5;0.0;1346809.0;libre_inversion;TRUE
CAND-01454;14/05/24;51;H;2753718.0;4;36778.0;2;0.461;2;TRUE;541.0;0.718;0.594;16.5;0.0;617657.0;avance_efectivo;TRUE
CAND-01004;14/05/24;28;H;778749.0;2;66142.0;0;0.21;2;TRUE;720.0;0.44;0.506;33.8;0.0;783715.0;libre_inversion;TRUE
CAND-00808;14/05/24;27;M;1125112.0;21;43467.0;15;0.636;4;FALSE;;0.858;0.682;57.2;0.0;1765199.0;libre_inversion;TRUE
CAND-01788;14/05/24;30;H;2184691.0;16;55326.0;10;0.545;2;FALSE;;0.761;0.681;54.2;0.0;672484.0;avance_efectivo;TRUE
CAND-00526;14/05/24;37;M;484427.0;4;44190.0;0;0.622;3;FALSE;;0.853;0.92;62.9;0.0;725266.0;libre_inversion;TRUE
CAND-01299;14/05/24;31;H;1126287.0;10;37518.0;5;0.653;5;TRUE;571.0;0.833;;52.0;0.0;447566.0;libre_inversion;TRUE
CAND-01137;15/05/24;44;H;853538.0;21;20417.0;9;0.834;5;TRUE;612.0;0.625;0.806;82.8;0.0;1137065.0;libre_inversion;TRUE
CAND-02213;15/05/24;35;M;1645733.0;9;28021.0;0;0.451;2;TRUE;582.0;0.838;0.82;34.7;0.0;334861.0;libre_inversion;TRUE
CAND-00328;15/05/24;29;H;826044.0;17;12846.0;5;0.358;1;FALSE;;0.625;0.573;24.6;0.0;148219.0;libre_inversion;TRUE
CAND-02578;15/05/24;23;M;998009.0;1;76785.0;0;0.36;3;TRUE;727.0;0.814;0.789;70.3;0.0;637902.0;libre_inversion;TRUE
CAND-02047;15/05/24;41;H;782651.0;12;10525.0;4;0.434;1;FALSE;;0.639;0.852;32.4;0.0;957580.0;avance_efectivo;TRUE
CAND-00870;15/05/24;30;H;1187084.0;13;32665.0;9;0.415;1;TRUE;568.0;0.521;0.849;40.5;0.0;435513.0;compra_cartera;TRUE
CAND-02951;15/05/24;21;M;1780459.0;17;10238.0;5;0.474;4;TRUE;761.0;0.953;0.797;62.9;0.0;561096.0;compra_cartera;FALSE
CAND-00796;15/05/24;42;M;1752958.0;8;113422.0;2;0.695;2;TRUE;539.0;0.64;0.911;21.3;0.0;324833.0;libre_inversion;TRUE
CAND-01501;15/05/24;24;NB;1396134.0;12;16878.0;3;0.467;2;TRUE;576.0;0.532;0.663;70.0;0.0;535264.0;compra_cartera;TRUE
CAND-02552;15/05/24;27;M;1129236.0;14;55123.0;12;0.136;2;TRUE;676.0;0.761;0.949;57.1;0.0;814398.0;avance_efectivo;TRUE
CAND-01637;15/05/24;27;M;926109.0;2;16730.0;1;0.201;3;FALSE;;0.782;0.809;95.6;0.0;1201016.0;libre_inversion;TRUE
CAND-01607;15/05/24;28;M;1530305.0;1;120994.0;3;0.652;2;FALSE;;0.841;0.749;20.9;0.0;483132.0;avance_efectivo;TRUE
CAND-02113;15/05/24;25;M;669619.0;2;59490.0;0;0.687;3;TRUE;751.0;0.452;0.752;73.4;0.0;745712.0;compra_cartera;TRUE
CAND-02598;15/05/24;38;M;2340951.0;4;32009.0;1;0.347;1;FALSE;;0.768;0.882;71.4;0.0;754126.0;libre_inversion;TRUE
CAND-01317;15/05/24;35;M;2008767.0;2;75913.0;1;0.474;4;FALSE;;0.9;0.505;38.8;0.0;456071.0;avance_efectivo;TRUE
CAND-02862;16/05/24;38;H;962060.0;8;51387.0;3;0.239;1;TRUE;725.0;0.798;0.723;39.7;0.0;477746.0;compra_cartera;TRUE
CAND-00062;16/05/24;26;H;995863.0;33;42498.0;28;0.082;1;TRUE;672.0;0.344;0.556;73.2;0.0;242555.0;libre_inversion;TRUE
CAND-01691;16/05/24;18;M;1072597.0;6;43767.0;1;0.782;3;TRUE;652.0;0.854;;48.1;0.0;1363228.0;avance_efectivo;TRUE
CAND-01038;16/05/24;43;M;1631052.0;24;81997.0;12;0.191;1;TRUE;521.0;0.963;0.682;27.1;0.0;437180.0;compra_cartera;TRUE
CAND-01088;16/05/24;32;H;1323686.0;16;27095.0;12;0.266;1;FALSE;;0.594;0.729;69.4;0.0;751333.0;libre_inversion;TRUE
CAND-01912;16/05/24;39;NB;2814245.0;9;22213.0;1;0.266;1;TRUE;589.0;0.531;0.56;42.8;0.0;433483.0;avance_efectivo;TRUE
CAND-01070;16/05/24;18;M;1068864.0;11;14382.0;7;0.259;2;FALSE;;;0.846;37.3;0.0;599459.0;avance_efectivo;TRUE
CAND-00833;16/05/24;26;NB;2134276.0;47;34516.0;23;0.217;2;TRUE;690.0;0.788;0.82;57.3;0.0;915200.0;libre_inversion;TRUE
CAND-01375;16/05/24;50;M;1563243.0;3;51720.0;3;0.347;1;FALSE;;0.849;0.783;57.2;0.0;344645.0;avance_efectivo;TRUE
CAND-01401;16/05/24;36;H;2827124.0;8;93135.0;4;0.24;3;TRUE;577.0;0.743;0.74;39.4;0.0;575329.0;avance_efectivo;TRUE
CAND-02456;16/05/24;40;NB;1.098.308.832.476.320;2;7466.0;0;0.352;1;TRUE;643.0;0.829;0.549;40.6;0.0;297350.0;avance_efectivo;TRUE
CAND-02907;16/05/24;28;M;534844.0;11;39658.0;3;0.535;1;FALSE;;0.773;0.838;47.3;0.0;542540.0;compra_cartera;TRUE
CAND-02642;17/05/24;34;H;1486196.0;15;69718.0;6;0.463;5;FALSE;;0.708;0.678;22.0;0.0;660203.0;avance_efectivo;TRUE
CAND-02021;17/05/24;46;H;1022600.0;52;31473.0;23;0.255;1;FALSE;;0.9;0.842;55.1;18976.0;521918.0;avance_efectivo;TRUE
CAND-00102;17/05/24;31;H;1622241.0;7;31525.0;1;0.497;2;TRUE;673.0;0.834;0.671;59.7;0.0;231887.0;libre_inversion;TRUE
CAND-02392;17/05/24;50;M;954739.0;8;69724.0;7;0.783;4;TRUE;612.0;0.715;0.689;47.5;0.0;562844.0;libre_inversion;TRUE
CAND-02529;17/05/24;25;H;2093879.0;7;44710.0;3;0.227;4;FALSE;;0.763;0.861;81.0;0.0;433026.0;libre_inversion;TRUE
CAND-00532;17/05/24;38;H;3467182.0;25;92417.0;22;0.369;3;TRUE;727.0;0.86;0.922;36.8;0.0;626169.0;libre_inversion;TRUE
CAND-00349;17/05/24;48;H;1180587.0;1;27000.0;1;0.431;2;FALSE;;0.879;0.655;34.5;0.0;575413.0;libre_inversion;TRUE
CAND-02914;17/05/24;38;H;674280.0;4;78501.0;1;0.704;3;FALSE;;0.771;0.776;57.7;0.0;134800.0;libre_inversion;TRUE
CAND-02334;17/05/24;19;H;724187.0;14;45374.0;7;0.37;1;TRUE;645.0;0.95;0.572;83.1;0.0;1200929.0;compra_cartera;TRUE
CAND-01362;17/05/24;24;M;2469513.0;7;50315.0;3;0.382;4;FALSE;;0.768;0.715;40.4;0.0;1086256.0;avance_efectivo;TRUE
CAND-00593;18/05/24;36;H;664974.0;45;193529.0;22;0.547;3;FALSE;;0.811;0.857;48.9;0.0;548647.0;avance_efectivo;TRUE
CAND-01448;18/05/24;24;M;9.596.551.589.968.810;31;74693.0;20;0.358;3;TRUE;702.0;0.597;0.886;38.1;0.0;476261.0;libre_inversion;TRUE
CAND-02367;18/05/24;19;H;1460999.0;1;90220.0;2;0.432;5;FALSE;;0.481;0.978;35.8;0.0;420047.0;libre_inversion;TRUE
CAND-00887;18/05/24;38;M;1482087.0;17;153010.0;5;0.536;2;FALSE;;0.93;0.901;79.3;0.0;941073.0;avance_efectivo;TRUE
CAND-02218;18/05/24;28;M;1536609.0;25;21384.0;9;0.382;3;TRUE;717.0;0.675;0.871;65.9;0.0;233374.0;libre_inversion;TRUE
CAND-00741;18/05/24;33;H;1676808.0;16;25044.0;8;0.702;1;TRUE;675.0;0.858;0.703;63.9;0.0;363784.0;compra_cartera;TRUE
CAND-00621;18/05/24;46;H;879555.0;58;44221.0;31;0.59;3;FALSE;;0.695;0.79;65.9;0.0;270904.0;libre_inversion;TRUE
CAND-01943;18/05/24;37;H;1100109.0;25;103428.0;10;0.29;1;FALSE;;0.919;;41.1;0.0;1626331.0;avance_efectivo;TRUE
CAND-00820;18/05/24;35;H;2410759.0;14;76277.0;7;0.557;1;FALSE;;0.609;0.877;50.8;0.0;772584.0;libre_inversion;TRUE
CAND-00817;19/05/24;31;M;1010945.0;9;61189.0;3;0.304;3;TRUE;610.0;0.703;0.651;62.7;0.0;395679.0;avance_efectivo;TRUE
CAND-00693;19/05/24;39;H;875749.0;21;39017.0;7;0.187;1;FALSE;;;0.704;59.7;0.0;916751.0;libre_inversion;TRUE
CAND-01336;19/05/24;45;M;1462128.0;15;18301.0;5;0.216;3;TRUE;748.0;0.528;0.8;37.4;0.0;1118189.0;libre_inversion;TRUE
CAND-01133;19/05/24;18;H;730325.0;13;39288.0;6;0.389;4;TRUE;681.0;0.859;0.434;45.9;0.0;530801.0;libre_inversion;TRUE
CAND-01332;19/05/24;22;M;714438.0;2;102520.0;2;0.441;1;TRUE;597.0;0.7;0.86;26.1;0.0;341134.0;avance_efectivo;TRUE
CAND-01821;19/05/24;35;H;2143322.0;1;19587.0;0;0.582;2;TRUE;649.0;0.65;0.631;78.2;0.0;367406.0;avance_efectivo;TRUE
CAND-02417;19/05/24;41;M;979008.0;33;55418.0;14;0.627;1;TRUE;634.0;0.935;0.89;50.4;0.0;1088966.0;libre_inversion;TRUE
CAND-01124;19/05/24;22;M;1949599.0;36;168894.0;11;0.68;1;FALSE;;0.568;0.508;65.8;0.0;701670.0;avance_efectivo;TRUE
CAND-00288;19/05/24;33;M;606477.0;14;29529.0;9;0.706;1;TRUE;620.0;0.231;0.812;48.0;0.0;127774.0;libre_inversion;TRUE
CAND-02755;19/05/24;22;H;679763.0;8;97883.0;2;0.554;1;FALSE;;0.423;0.92;48.0;38097.0;573574.0;libre_inversion;TRUE
CAND-01173;20/05/24;24;H;2913821.0;20;22805.0;11;0.705;1;FALSE;;0.978;0.925;47.6;0.0;474592.0;libre_inversion;TRUE
CAND-02071;20/05/24;33;H;2581783.0;15;27536.0;11;0.149;1;FALSE;;0.637;0.765;56.8;0.0;437801.0;libre_inversion;TRUE
CAND-02093;20/05/24;29;H;999016.0;15;40565.0;9;0.399;2;FALSE;;0.653;0.623;56.1;0.0;945606.0;libre_inversion;TRUE
CAND-00493;20/05/24;44;H;1991314.0;1;83263.0;0;0.441;3;FALSE;;0.627;0.69;63.9;0.0;356944.0;libre_inversion;TRUE
CAND-02531;20/05/24;41;H;1454839.0;25;43939.0;10;0.647;5;FALSE;;0.913;0.901;56.7;0.0;1261423.0;avance_efectivo;TRUE
CAND-01927;20/05/24;36;M;1618037.0;17;53835.0;8;0.484;1;FALSE;;0.792;0.843;54.0;0.0;240360.0;libre_inversion;TRUE
CAND-00492;20/05/24;23;NB;867605.0;1;34872.0;0;0.4;1;FALSE;;0.831;0.615;32.9;0.0;475153.0;compra_cartera;TRUE
CAND-00826;20/05/24;32;M;1203458.0;20;26315.0;9;0.143;4;FALSE;;0.753;0.903;30.0;0.0;817664.0;libre_inversion;TRUE
CAND-01092;20/05/24;36;M;732618.0;3;11031.0;2;0.171;2;FALSE;;0.88;0.929;36.1;0.0;153216.0;libre_inversion;TRUE
CAND-01069;21/05/24;34;H;2723350.0;26;43647.0;13;0.134;1;TRUE;627.0;0.797;0.605;22.7;0.0;747002.0;compra_cartera;TRUE
CAND-00529;21/05/24;44;H;2959461.0;52;29161.0;34;0.275;2;TRUE;755.0;0.906;0.751;26.5;0.0;861409.0;libre_inversion;TRUE
CAND-00123;21/05/24;34;M;1716827.0;18;61079.0;8;0.421;1;FALSE;;0.508;0.741;79.8;0.0;538515.0;compra_cartera;TRUE
CAND-02175;21/05/24;24;M;1171401.0;2;60640.0;0;0.224;2;FALSE;;0.611;0.738;47.6;0.0;1687752.0;libre_inversion;TRUE
CAND-02422;21/05/24;43;H;884342.0;3;16501.0;3;0.292;4;FALSE;;0.739;0.956;10.6;0.0;723233.0;libre_inversion;TRUE
CAND-01907;21/05/24;21;H;867309.0;5;68099.0;0;0.513;4;FALSE;;0.479;0.477;22.5;0.0;635667.0;libre_inversion;TRUE
CAND-01321;21/05/24;52;M;1127781.0;43;14989.0;27;0.68;1;TRUE;632.0;0.933;0.908;19.1;0.0;371102.0;libre_inversion;TRUE
CAND-01019;21/05/24;18;H;1101107.0;31;52476.0;13;0.151;2;TRUE;652.0;0.929;0.803;87.9;0.0;1219794.0;libre_inversion;TRUE
CAND-01971;21/05/24;18;H;1196910.0;2;29200.0;0;0.68;3;FALSE;;0.614;0.523;62.8;0.0;531483.0;libre_inversion;TRUE
CAND-02029;21/05/24;53;H;636008.0;10;118946.0;3;0.207;2;FALSE;;0.774;0.923;42.9;0.0;2316672.0;libre_inversion;TRUE
CAND-02792;21/05/24;20;M;1033197.0;12;42461.0;6;0.398;2;TRUE;643.0;0.819;0.815;47.9;0.0;286919.0;avance_efectivo;TRUE
CAND-02333;21/05/24;39;H;1061768.0;60;51360.0;37;0.275;3;FALSE;;;0.668;38.6;0.0;1156838.0;libre_inversion;TRUE
CAND-01717;21/05/24;34;H;1112178.0;18;22044.0;11;0.842;1;TRUE;641.0;0.751;;31.0;0.0;1019047.0;avance_efectivo;TRUE
CAND-00194;21/05/24;39;M;804427.0;25;35020.0;16;0.504;5;TRUE;750.0;0.598;0.826;71.9;0.0;661380.0;libre_inversion;TRUE
CAND-02080;22/05/24;31;M;731198.0;4;33523.0;3;0.51;2;TRUE;748.0;0.727;0.428;47.1;0.0;829410.0;libre_inversion;TRUE
CAND-01645;22/05/24;34;H;870903.0;4;39131.0;1;0.62;4;FALSE;;0.889;0.968;70.3;0.0;806483.0;libre_inversion;TRUE
CAND-02014;22/05/24;38;M;1238976.0;25;93698.0;16;0.702;2;TRUE;655.0;0.863;0.886;59.2;11021.0;495020.0;compra_cartera;TRUE
CAND-02341;22/05/24;30;M;1082134.0;25;44758.0;14;0.196;1;FALSE;;;0.892;50.4;0.0;333791.0;libre_inversion;TRUE
CAND-02602;22/05/24;28;M;1261055.0;13;32742.0;11;0.654;3;TRUE;739.0;0.933;0.804;25.4;0.0;374132.0;libre_inversion;TRUE
CAND-02296;22/05/24;40;H;1420953.0;1;28294.0;0;0.369;1;FALSE;;0.708;0.703;79.9;0.0;656237.0;libre_inversion;TRUE
CAND-02719;22/05/24;25;H;1050458.0;8;102904.0;6;0.277;1;TRUE;469.0;0.954;0.755;38.6;0.0;441321.0;libre_inversion;TRUE
CAND-00804;22/05/24;58;H;2196651.0;7;60676.0;4;0.125;3;TRUE;743.0;0.72;0.752;42.3;0.0;671613.0;compra_cartera;TRUE
CAND-02431;23/05/24;43;H;1171470.0;2;33571.0;1;0.2;4;FALSE;;0.505;0.938;35.3;0.0;329966.0;libre_inversion;TRUE
CAND-02042;23/05/24;28;NB;1215155.0;54;12054.0;21;0.48;2;FALSE;;0.739;0.462;55.0;0.0;163963.0;libre_inversion;TRUE
CAND-00039;23/05/24;41;M;1409254.0;2;32894.0;0;0.274;1;TRUE;588.0;0.843;0.682;61.8;0.0;549829.0;compra_cartera;TRUE
CAND-02409;23/05/24;30;M;4548794.0;11;81819.0;1;0.154;3;TRUE;504.0;0.756;0.968;76.7;0.0;906241.0;libre_inversion;TRUE
CAND-01830;23/05/24;35;M;917334.0;6;14601.0;2;0.726;3;TRUE;586.0;0.919;0.62;59.9;0.0;141072.0;libre_inversion;TRUE
CAND-00431;23/05/24;37;H;2104447.0;24;11446.0;14;0.511;1;FALSE;;0.767;0.794;25.9;0.0;810275.0;libre_inversion;TRUE
CAND-00515;23/05/24;40;M;578809.0;13;128131.0;5;0.268;1;TRUE;703.0;0.712;0.736;47.3;0.0;523005.0;avance_efectivo;TRUE
CAND-01402;23/05/24;41;H;562726.0;17;7800.0;6;0.507;1;TRUE;716.0;0.906;0.845;50.5;0.0;754182.0;libre_inversion;TRUE
CAND-01132;23/05/24;37;M;2413465.0;14;19828.0;7;0.59;2;TRUE;591.0;0.931;0.946;44.1;0.0;424605.0;compra_cartera;TRUE
CAND-01451;23/05/24;21;M;1176056.0;32;64330.0;15;0.619;2;TRUE;594.0;0.745;0.679;19.9;0.0;1506671.0;avance_efectivo;TRUE
CAND-02574;24/05/24;43;H;915295.0;4;113193.0;3;0.471;4;TRUE;498.0;0.767;0.8;76.5;0.0;2610773.0;avance_efectivo;TRUE
CAND-02635;24/05/24;29;M;1119568.0;25;67671.0;12;0.385;2;TRUE;490.0;0.78;0.653;57.5;18901.0;1101952.0;libre_inversion;TRUE
CAND-01900;24/05/24;46;H;1685795.0;5;27221.0;2;0.112;1;TRUE;667.0;0.734;0.727;19.0;0.0;445980.0;avance_efectivo;TRUE
CAND-02374;24/05/24;18;H;1193978.0;2;101276.0;1;0.969;1;TRUE;605.0;0.781;0.337;93.8;0.0;611416.0;libre_inversion;TRUE
CAND-01962;24/05/24;35;H;458185.0;7;65483.0;0;0.291;1;FALSE;;0.768;0.507;24.9;0.0;1621665.0;avance_efectivo;TRUE
CAND-02693;24/05/24;30;M;457833.0;2;2037.0;3;0.661;1;FALSE;;0.858;0.75;38.6;0.0;638518.0;libre_inversion;TRUE
CAND-00069;24/05/24;40;H;981346.0;5;20351.0;1;0.121;1;TRUE;499.0;0.837;0.965;30.7;0.0;277928.0;compra_cartera;TRUE
CAND-02893;25/05/24;40;NB;1461113.0;2;22160.0;1;0.5;4;FALSE;;0.772;0.628;40.7;0.0;274789.0;compra_cartera;TRUE
CAND-00618;25/05/24;40;M;1556501.0;13;52568.0;4;0.834;3;FALSE;;;0.628;99.0;0.0;623877.0;libre_inversion;TRUE
CAND-01202;25/05/24;27;M;1196503.0;5;30436.0;1;0.133;2;TRUE;585.0;;0.509;43.1;0.0;896129.0;libre_inversion;TRUE
CAND-01400;25/05/24;43;M;988998.0;19;72926.0;14;0.419;2;TRUE;603.0;0.749;0.649;69.1;15889.0;359664.0;compra_cartera;TRUE
CAND-01579;25/05/24;18;H;1226996.0;23;35059.0;14;0.699;2;FALSE;;0.858;0.981;58.3;0.0;200994.0;libre_inversion;TRUE
CAND-02757;25/05/24;41;M;1906106.0;10;168929.0;3;0.498;4;FALSE;;0.934;0.688;36.7;0.0;730432.0;compra_cartera;TRUE
CAND-01950;25/05/24;32;M;767951.0;17;30046.0;6;0.121;1;TRUE;601.0;0.884;0.567;85.5;0.0;691217.0;libre_inversion;TRUE
CAND-02381;25/05/24;18;M;1188314.0;20;19370.0;13;0.152;1;TRUE;645.0;0.897;0.57;16.8;0.0;738963.0;libre_inversion;TRUE
CAND-00267;26/05/24;26;H;1757658.0;27;117252.0;22;0.255;1;TRUE;635.0;0.81;;76.1;0.0;450072.0;libre_inversion;TRUE
CAND-02993;26/05/24;26;H;970848.0;7;66253.0;5;0.339;3;FALSE;;0.423;0.833;58.5;0.0;1370603.0;libre_inversion;FALSE
CAND-01245;26/05/24;30;H;1039624.0;5;68001.0;2;0.702;3;FALSE;;0.304;0.758;76.7;0.0;340553.0;libre_inversion;TRUE
CAND-02628;26/05/24;21;M;639855.0;2;22958.0;0;0.034;1;TRUE;658.0;0.775;0.667;60.2;0.0;260240.0;avance_efectivo;TRUE
CAND-00873;26/05/24;31;H;2426096.0;6;69551.0;3;0.509;1;FALSE;;0.61;0.772;13.9;0.0;228702.0;compra_cartera;TRUE
CAND-01682;26/05/24;32;M;429253.0;2;31096.0;0;0.486;1;TRUE;509.0;0.918;0.751;69.0;0.0;678998.0;compra_cartera;TRUE
CAND-01581;26/05/24;34;H;1743238.0;1;47288.0;1;0.172;1;FALSE;;0.922;0.846;52.0;0.0;487925.0;libre_inversion;TRUE
CAND-02219;26/05/24;55;H;964995.0;36;20948.0;12;0.489;3;FALSE;;;0.876;21.0;0.0;219676.0;compra_cartera;TRUE
CAND-02611;26/05/24;26;H;751726.0;10;29902.0;5;0.313;2;FALSE;;0.465;0.79;73.6;0.0;610267.0;libre_inversion;TRUE
CAND-01659;26/05/24;40;M;594341.0;45;13336.0;20;0.173;1;FALSE;;;0.928;73.4;0.0;256947.0;libre_inversion;TRUE
CAND-01286;26/05/24;42;H;598104.0;4;38792.0;1;0.06;2;FALSE;;0.744;;62.7;0.0;380811.0;avance_efectivo;TRUE
CAND-02856;26/05/24;21;M;2513159.0;1;16073.0;2;0.059;2;TRUE;575.0;0.451;0.873;19.9;0.0;871619.0;avance_efectivo;TRUE
CAND-00673;26/05/24;35;H;955448.0;5;86356.0;3;0.368;1;FALSE;;0.64;0.748;58.2;0.0;1343691.0;libre_inversion;TRUE
CAND-02332;27/05/24;19;H;1505110.0;10;32598.0;10;0.841;1;FALSE;;0.885;0.746;43.5;0.0;1091170.0;libre_inversion;TRUE
CAND-01422;27/05/24;44;H;1085249.0;7;98795.0;9;0.18;4;FALSE;;0.832;0.474;62.6;0.0;764039.0;avance_efectivo;TRUE
CAND-02269;27/05/24;26;H;1047054.0;10;69839.0;3;0.475;4;FALSE;;0.797;0.755;67.3;0.0;708392.0;libre_inversion;TRUE
CAND-01939;27/05/24;26;H;2188519.0;16;60200.0;8;0.237;2;TRUE;638.0;0.818;0.893;52.2;0.0;569020.0;libre_inversion;FALSE
CAND-02187;27/05/24;39;M;1306894.0;37;34932.0;18;0.72;1;TRUE;797.0;0.663;0.916;62.0;0.0;1050786.0;compra_cartera;TRUE
CAND-02268;27/05/24;35;H;982449.0;1;17724.0;0;0.439;1;FALSE;;0.909;0.858;0.0;0.0;647017.0;libre_inversion;TRUE
CAND-00022;27/05/24;28;M;1829214.0;5;42931.0;0;0.751;2;FALSE;;0.941;0.809;11.7;0.0;975091.0;libre_inversion;TRUE
CAND-02452;27/05/24;38;H;2720662.0;30;32818.0;17;0.226;1;TRUE;701.0;0.963;0.903;46.4;0.0;988881.0;libre_inversion;TRUE
CAND-01125;27/05/24;20;M;1191807.0;7;30705.0;2;0.361;3;FALSE;;;0.664;45.1;0.0;1279370.0;libre_inversion;TRUE
CAND-01325;27/05/24;32;M;1260592.0;1;22822.0;1;0.54;1;TRUE;770.0;0.535;0.522;61.8;0.0;587746.0;libre_inversion;TRUE
CAND-02087;28/05/24;40;M;1210554.0;1;13713.0;1;0.252;2;FALSE;;0.809;0.469;99.4;0.0;444615.0;compra_cartera;TRUE
CAND-00074;28/05/24;23;M;921469.0;10;33772.0;3;0.16;1;FALSE;;0.969;0.739;0.0;0.0;479887.0;libre_inversion;TRUE
CAND-02785;28/05/24;46;H;3302420.0;7;22362.0;3;0.691;3;TRUE;690.0;0.578;0.868;67.7;0.0;629422.0;avance_efectivo;TRUE
CAND-02588;28/05/24;43;M;1520961.0;4;162973.0;3;0.573;4;TRUE;596.0;0.972;0.643;21.4;0.0;697911.0;libre_inversion;TRUE
CAND-00846;28/05/24;18;M;1021841.0;51;89529.0;31;0.313;4;FALSE;;0.91;0.689;51.5;0.0;195600.0;avance_efectivo;TRUE
CAND-00466;28/05/24;31;M;748088.0;33;127847.0;22;0.63;2;FALSE;;0.517;;47.7;0.0;762047.0;libre_inversion;TRUE
CAND-00487;28/05/24;57;M;2781961.0;16;48868.0;7;0.586;5;TRUE;635.0;0.502;0.815;39.2;0.0;537017.0;avance_efectivo;TRUE
CAND-00027;28/05/24;29;M;996377.0;53;22521.0;29;0.431;2;TRUE;597.0;0.705;0.729;94.0;0.0;413507.0;libre_inversion;TRUE
CAND-02355;28/05/24;34;M;1082548.0;2;83180.0;0;0.13;3;TRUE;703.0;0.334;0.684;41.0;0.0;2329079.0;libre_inversion;TRUE
CAND-01358;29/05/24;37;H;1404194.0;18;35827.0;8;0.529;4;TRUE;648.0;0.802;0.649;53.1;0.0;672524.0;libre_inversion;TRUE
CAND-01601;29/05/24;34;H;1055474.0;46;4508.0;21;0.5;1;FALSE;;0.925;0.61;41.2;0.0;932980.0;compra_cartera;TRUE
CAND-01392;29/05/24;26;M;553105.0;6;21278.0;1;0.631;3;TRUE;651.0;0.331;0.933;61.6;0.0;1435365.0;libre_inversion;TRUE
CAND-01859;29/05/24;38;H;1199849.0;20;35253.0;11;0.344;2;FALSE;;0.736;;31.6;0.0;432172.0;compra_cartera;TRUE
CAND-00085;29/05/24;33;H;1771590.0;17;16431.0;9;0.365;1;FALSE;;0.736;0.733;41.6;0.0;171644.0;compra_cartera;TRUE
CAND-01620;29/05/24;24;H;1046525.0;22;61892.0;8;0.172;3;TRUE;473.0;;0.719;27.3;0.0;751540.0;libre_inversion;TRUE
CAND-00762;29/05/24;39;M;894553.0;2;12324.0;1;0.354;1;TRUE;572.0;0.548;0.845;40.5;0.0;1493341.0;libre_inversion;TRUE
CAND-00970;29/05/24;18;H;1122864.0;8;19164.0;2;0.585;2;TRUE;617.0;0.65;0.727;33.8;0.0;1150043.0;libre_inversion;TRUE
CAND-00500;29/05/24;52;H;2374467.0;4;3844.0;2;0.264;2;TRUE;791.0;0.71;0.606;91.9;0.0;737459.0;libre_inversion;TRUE
CAND-01759;29/05/24;36;M;1299656.0;7;45023.0;2;0.304;1;FALSE;;0.849;;62.4;0.0;1667039.0;compra_cartera;FALSE
CAND-02737;29/05/24;42;M;1348598.0;12;54501.0;3;0.278;4;FALSE;;0.821;0.653;25.7;0.0;232342.0;compra_cartera;TRUE
CAND-00824;29/05/24;28;H;1932583.0;1;58300.0;0;0.527;1;FALSE;;;0.624;30.1;0.0;866047.0;avance_efectivo;TRUE
CAND-00807;30/05/24;28;M;1305516.0;6;23759.0;2;0.346;1;TRUE;753.0;0.73;0.781;79.2;0.0;1326201.0;avance_efectivo;TRUE
CAND-01602;30/05/24;22;H;801795.0;3;153296.0;2;0.575;4;TRUE;639.0;0.51;0.897;68.5;0.0;1089423.0;libre_inversion;TRUE
CAND-01558;30/05/24;37;H;2039280.0;4;30825.0;1;0.968;1;TRUE;681.0;;0.809;78.2;0.0;829837.0;avance_efectivo;TRUE
CAND-01931;30/05/24;55;H;711123.0;19;21335.0;9;0.629;2;FALSE;;0.568;0.784;33.3;37251.0;232119.0;libre_inversion;TRUE
CAND-00301;30/05/24;35;H;1118394.0;5;14344.0;1;0.779;5;FALSE;;0.398;0.729;12.0;0.0;787072.0;avance_efectivo;TRUE
CAND-00296;30/05/24;44;M;1266802.0;9;14925.0;4;0.345;3;FALSE;;0.688;0.882;74.6;0.0;1382579.0;libre_inversion;TRUE
CAND-02371;30/05/24;18;H;1208591.0;21;21182.0;8;0.341;2;FALSE;;0.742;0.819;59.3;0.0;445739.0;libre_inversion;TRUE
CAND-01380;30/05/24;28;M;1787463.0;3;35254.0;0;0.051;3;FALSE;;0.338;0.847;44.5;0.0;1100833.0;compra_cartera;TRUE
CAND-02471;30/05/24;19;M;1046384.0;5;26390.0;2;0.261;2;FALSE;;0.485;0.869;45.9;0.0;639469.0;libre_inversion;TRUE
CAND-01633;30/05/24;35;M;1482581.0;25;109494.0;6;0.232;1;FALSE;;0.535;0.643;50.9;0.0;1212414.0;compra_cartera;FALSE
CAND-02249;30/05/24;39;H;1395373.0;4;19407.0;3;0.151;1;TRUE;646.0;0.802;0.564;56.6;0.0;677545.0;libre_inversion;TRUE
CAND-00142;31/05/24;18;H;1018355.0;2;74725.0;2;0.786;1;FALSE;;0.933;0.834;60.7;0.0;553012.0;libre_inversion;TRUE
CAND-01298;31/05/24;18;H;1792433.0;1;16861.0;2;0.548;1;FALSE;;;0.928;63.0;0.0;284281.0;libre_inversion;TRUE
CAND-01870;31/05/24;35;M;1767183.0;36;28394.0;14;0.319;3;FALSE;;0.476;0.679;42.4;0.0;854207.0;compra_cartera;TRUE
CAND-02584;31/05/24;35;M;1244668.0;1;85715.0;1;0.575;1;FALSE;;0.319;0.594;14.9;0.0;526352.0;compra_cartera;TRUE
CAND-00882;31/05/24;37;M;3584903.0;11;106127.0;3;0.652;2;TRUE;751.0;0.86;0.916;31.5;0.0;423108.0;avance_efectivo;TRUE
CAND-00213;31/05/24;50;H;1052207.0;14;95290.0;2;0.426;2;FALSE;;0.845;0.555;43.7;8186.0;527530.0;avance_efectivo;TRUE
CAND-02645;31/05/24;20;M;1807461.0;3;88409.0;3;0.517;1;FALSE;;0.877;0.61;52.7;0.0;1173728.0;libre_inversion;TRUE
CAND-00018;31/05/24;41;M;503000.0;4;12377.0;1;0.365;4;FALSE;;0.699;0.693;44.9;0.0;333560.0;avance_efectivo;TRUE
CAND-02299;31/05/24;41;M;2341339.0;17;90004.0;7;0.529;3;FALSE;;0.844;0.743;70.3;0.0;311865.0;compra_cartera;TRUE
CAND-01292;31/05/24;32;M;1326585.0;14;78605.0;5;0.28;2;TRUE;823.0;0.4;0.698;41.3;0.0;1281067.0;compra_cartera;TRUE
CAND-01328;31/05/24;42;M;885062.0;13;62955.0;10;0.474;1;FALSE;;0.815;0.856;43.2;0.0;370226.0;compra_cartera;TRUE
CAND-01536;31/05/24;27;H;1925559.0;1;63755.0;0;0.685;5;FALSE;;0.922;0.637;59.1;0.0;1708470.0;compra_cartera;TRUE
CAND-00959;31/05/24;24;H;760885.0;60;24735.0;37;0.357;2;FALSE;;0.797;0.844;34.5;0.0;675647.0;libre_inversion;TRUE
CAND-00268;1/06/24;31;H;1026877.0;27;29308.0;21;0.056;2;TRUE;725.0;0.794;0.909;45.6;0.0;373641.0;compra_cartera;TRUE
CAND-01981;1/06/24;46;M;1665187.0;13;74344.0;9;0.679;1;TRUE;668.0;0.575;0.768;43.1;0.0;2651153.0;compra_cartera;TRUE
CAND-02648;1/06/24;19;H;1164918.0;39;59818.0;18;0.231;1;FALSE;;0.744;0.628;19.2;22898.0;1085440.0;libre_inversion;TRUE
CAND-00789;1/06/24;18;M;2995093.0;16;28924.0;4;0.314;2;TRUE;705.0;0.905;0.744;71.1;0.0;441215.0;compra_cartera;TRUE
CAND-01904;1/06/24;29;H;1579499.0;15;24491.0;11;0.69;1;TRUE;521.0;0.65;0.687;36.5;35395.0;1062440.0;compra_cartera;TRUE
CAND-01290;2/06/24;48;M;1393520.0;6;92301.0;7;0.281;2;TRUE;713.0;0.749;0.491;65.4;0.0;209098.0;libre_inversion;TRUE
CAND-02974;2/06/24;43;M;621001.0;4;10057.0;3;0.459;3;FALSE;;0.959;0.742;56.0;0.0;1636444.0;avance_efectivo;TRUE
CAND-00394;2/06/24;29;M;2160333.0;13;38915.0;5;0.676;3;FALSE;;0.93;;79.9;0.0;647656.0;libre_inversion;TRUE
CAND-01911;2/06/24;39;M;761837.0;22;41246.0;10;0.17;3;FALSE;;0.717;0.762;74.9;0.0;238714.0;avance_efectivo;TRUE
CAND-00861;2/06/24;45;M;1134509.0;14;75504.0;10;0.437;3;FALSE;;0.82;0.953;49.2;0.0;353387.0;compra_cartera;TRUE
CAND-02099;2/06/24;35;H;949895.0;9;62335.0;10;0.507;5;TRUE;785.0;0.916;0.686;82.8;0.0;524792.0;avance_efectivo;TRUE
CAND-02877;3/06/24;32;M;1715148.0;2;59492.0;2;0.217;1;TRUE;610.0;0.648;0.426;50.3;0.0;1710723.0;avance_efectivo;TRUE
CAND-00645;3/06/24;38;M;1035400.0;53;30098.0;22;0.388;2;FALSE;;0.848;0.424;72.7;0.0;366305.0;libre_inversion;TRUE
CAND-02313;3/06/24;41;H;864064.0;9;41299.0;3;0.311;2;TRUE;575.0;0.768;0.889;34.8;0.0;681349.0;libre_inversion;TRUE
CAND-02916;3/06/24;47;NB;719351.0;11;33507.0;4;0.267;4;TRUE;873.0;0.791;0.807;80.1;0.0;176918.0;avance_efectivo;TRUE
CAND-00634;3/06/24;45;M;905044.0;46;39022.0;16;0.487;3;FALSE;;0.897;0.508;44.4;0.0;634332.0;libre_inversion;TRUE
CAND-00294;3/06/24;21;M;1089102.0;11;17361.0;6;0.043;4;FALSE;;0.811;0.935;33.9;0.0;375390.0;libre_inversion;TRUE
CAND-00503;3/06/24;46;H;648414.0;14;104733.0;8;0.261;1;TRUE;538.0;0.817;0.774;26.1;0.0;771076.0;libre_inversion;TRUE
CAND-00788;3/06/24;43;H;684146.0;15;67837.0;6;0.316;1;FALSE;;0.566;0.65;22.8;0.0;1084877.0;avance_efectivo;TRUE
CAND-00936;3/06/24;42;H;1302938.0;25;140122.0;11;0.583;3;TRUE;623.0;0.83;0.361;70.6;0.0;324927.0;avance_efectivo;TRUE
CAND-00234;4/06/24;24;H;800608.0;23;14241.0;14;0.772;4;FALSE;;0.748;0.6;41.7;0.0;327913.0;libre_inversion;TRUE
CAND-00760;4/06/24;40;H;646203.0;60;14372.0;31;0.173;3;TRUE;634.0;0.72;0.725;63.2;0.0;289759.0;libre_inversion;TRUE
CAND-00908;4/06/24;43;H;777179.0;14;76236.0;7;0.473;3;FALSE;;0.326;0.84;35.2;0.0;477752.0;libre_inversion;TRUE
CAND-01439;4/06/24;31;M;1411089.0;2;94968.0;3;0.339;4;FALSE;;0.852;0.841;32.6;0.0;252345.0;avance_efectivo;TRUE
CAND-02592;4/06/24;51;M;861203.0;4;79860.0;0;0.573;3;TRUE;552.0;0.572;0.508;60.0;0.0;204246.0;libre_inversion;TRUE
CAND-01993;4/06/24;18;H;1999340.0;1;25636.0;2;0.472;4;TRUE;647.0;0.708;0.922;45.0;0.0;1170675.0;compra_cartera;TRUE
CAND-00577;4/06/24;51;H;755650.0;3;73391.0;1;0.361;3;TRUE;690.0;0.331;0.943;34.4;0.0;932776.0;libre_inversion;TRUE
CAND-00183;4/06/24;35;M;1850899.0;8;62455.0;2;0.143;3;FALSE;;0.642;0.914;53.7;0.0;192795.0;compra_cartera;TRUE
CAND-00517;4/06/24;28;H;1129530.0;11;41377.0;6;0.6;3;FALSE;;0.908;0.859;14.1;0.0;406054.0;libre_inversion;TRUE
CAND-02680;4/06/24;25;M;841201.0;34;39544.0;11;0.471;1;FALSE;;0.853;0.855;61.6;0.0;777724.0;libre_inversion;TRUE
CAND-01053;4/06/24;44;H;488782.0;5;818.0;1;0.693;2;FALSE;;0.594;0.914;56.2;0.0;912156.0;compra_cartera;TRUE
CAND-00120;4/06/24;41;H;1050219.0;3;102285.0;2;0.206;1;TRUE;563.0;0.838;0.861;18.4;0.0;597947.0;libre_inversion;TRUE
CAND-01165;4/06/24;28;M;1226990.0;12;13880.0;7;0.745;1;TRUE;559.0;0.96;0.567;35.2;5297.0;533237.0;libre_inversion;TRUE
CAND-02349;4/06/24;29;H;2098144.0;10;33336.0;8;0.892;4;TRUE;677.0;0.915;0.539;60.5;0.0;557541.0;libre_inversion;TRUE
CAND-01741;4/06/24;38;H;1140383.0;20;29594.0;7;0.905;1;FALSE;;0.587;0.31;20.6;0.0;227333.0;compra_cartera;TRUE
CAND-02717;4/06/24;36;H;811718.0;5;49579.0;2;0.396;3;TRUE;453.0;0.736;0.372;56.5;0.0;100000.0;libre_inversion;TRUE
CAND-02279;5/06/24;20;H;1139989.0;7;30862.0;4;0.137;2;TRUE;572.0;0.72;0.83;40.9;0.0;1024218.0;compra_cartera;TRUE
CAND-00742;5/06/24;28;M;1180305.0;11;24027.0;8;0.627;1;TRUE;648.0;0.726;0.852;61.4;0.0;1520275.0;libre_inversion;TRUE
CAND-01250;5/06/24;30;H;1493148.0;4;102061.0;3;0.324;2;FALSE;;0.821;0.749;45.6;0.0;1266558.0;avance_efectivo;TRUE
CAND-02032;5/06/24;42;M;705826.0;1;67215.0;1;0.125;5;TRUE;656.0;0.803;0.803;100.0;0.0;368743.0;libre_inversion;TRUE
CAND-00602;5/06/24;43;M;686087.0;15;52428.0;6;0.239;4;TRUE;658.0;0.874;0.547;69.8;0.0;220590.0;libre_inversion;TRUE
CAND-01197;5/06/24;46;M;1890452.0;19;57287.0;9;0.575;2;TRUE;830.0;0.753;0.571;100.0;0.0;1308269.0;libre_inversion;TRUE
CAND-00700;5/06/24;24;M;1516790.0;14;26645.0;3;0.654;1;FALSE;;0.757;0.644;12.6;0.0;1065474.0;libre_inversion;TRUE
CAND-01082;5/06/24;35;H;4713504.0;1;101859.0;1;0.724;3;FALSE;;0.485;0.956;41.3;0.0;447419.0;compra_cartera;TRUE
CAND-02161;5/06/24;30;H;817685.0;21;24461.0;10;0.242;1;FALSE;;0.927;0.486;39.6;0.0;565928.0;libre_inversion;TRUE
CAND-02521;5/06/24;21;H;1184244.0;48;47958.0;29;0.634;1;TRUE;563.0;0.888;0.976;59.0;0.0;673294.0;avance_efectivo;TRUE
CAND-01921;5/06/24;43;M;2687032.0;3;74790.0;3;0.454;2;TRUE;692.0;0.698;0.789;0.1;0.0;2254472.0;libre_inversion;TRUE
CAND-01719;5/06/24;29;M;784866.0;7;15437.0;5;0.395;1;FALSE;;0.946;;58.4;0.0;785913.0;compra_cartera;TRUE
CAND-01654;5/06/24;46;H;1620133.0;1;51794.0;1;0.647;5;TRUE;517.0;0.703;0.464;33.0;0.0;1293236.0;libre_inversion;TRUE
CAND-00767;5/06/24;26;H;800502.0;1;39872.0;1;0.173;3;FALSE;;0.901;0.696;73.6;0.0;1039457.0;avance_efectivo;TRUE
CAND-00148;5/06/24;38;M;1454357.0;13;25615.0;7;0.33;1;TRUE;595.0;0.696;0.846;45.2;0.0;420356.0;compra_cartera;TRUE
CAND-02799;6/06/24;48;M;2072676.0;7;15963.0;0;0.118;1;FALSE;;0.758;0.959;56.0;0.0;790355.0;libre_inversion;TRUE
CAND-02688;6/06/24;32;M;1430154.0;6;50244.0;0;0.175;4;TRUE;555.0;0.332;0.888;30.4;0.0;808328.0;libre_inversion;TRUE
CAND-00146;6/06/24;24;H;1199857.0;4;45417.0;0;0.831;1;TRUE;495.0;0.704;0.792;58.9;0.0;532536.0;compra_cartera;TRUE
CAND-02902;6/06/24;35;H;1833045.0;29;27851.0;13;0.355;2;TRUE;749.0;0.955;0.854;91.7;0.0;491972.0;avance_efectivo;TRUE
CAND-01656;6/06/24;36;NB;1068996.0;5;64018.0;4;0.435;4;FALSE;;0.744;0.762;62.7;0.0;166462.0;libre_inversion;TRUE
CAND-02745;6/06/24;26;M;1484238.0;13;30734.0;7;0.233;4;TRUE;700.0;0.907;0.917;50.9;0.0;343569.0;libre_inversion;TRUE
CAND-00763;6/06/24;39;H;1307151.0;16;58924.0;8;0.202;3;TRUE;691.0;0.845;0.914;42.6;15203.0;244273.0;compra_cartera;TRUE
CAND-00837;6/06/24;41;H;2043123.0;23;37208.0;13;0.583;3;TRUE;511.0;0.666;0.754;88.4;0.0;166318.0;libre_inversion;TRUE
CAND-01704;6/06/24;46;H;1266732.0;12;87437.0;4;0.315;1;TRUE;581.0;0.964;0.865;81.9;0.0;981060.0;compra_cartera;TRUE
CAND-01684;6/06/24;31;H;1338789.0;23;28148.0;15;0.291;1;TRUE;680.0;0.61;0.623;91.1;0.0;340857.0;avance_efectivo;TRUE
CAND-00365;6/06/24;21;M;831240.0;4;32664.0;3;0.365;3;FALSE;;0.795;0.58;78.0;0.0;655310.0;avance_efectivo;TRUE
CAND-00078;6/06/24;44;H;998718.0;20;24013.0;8;0.411;5;FALSE;;0.474;0.937;64.8;0.0;1118935.0;libre_inversion;TRUE
CAND-00364;6/06/24;29;H;1418423.0;28;49637.0;16;0.305;4;FALSE;;0.698;0.686;62.3;0.0;655020.0;libre_inversion;TRUE
CAND-00794;6/06/24;44;M;2444535.0;17;87791.0;9;0.473;3;FALSE;;0.794;0.814;83.8;0.0;739771.0;compra_cartera;TRUE
CAND-01195;6/06/24;20;M;2886185.0;14;17795.0;10;0.096;1;TRUE;550.0;0.736;0.603;45.6;0.0;697157.0;libre_inversion;TRUE
CAND-01121;7/06/24;34;H;1391470.0;4;61409.0;3;0.25;2;FALSE;;0.831;0.749;40.3;0.0;611284.0;compra_cartera;TRUE
CAND-02447;7/06/24;45;H;1295988.0;53;89213.0;27;0.384;1;FALSE;;0.643;0.665;71.4;0.0;826541.0;avance_efectivo;TRUE
CAND-00962;7/06/24;41;M;899710.0;4;57236.0;2;0.465;2;TRUE;716.0;0.473;0.935;31.5;0.0;987793.0;compra_cartera;TRUE
CAND-01507;7/06/24;33;M;1778137.0;15;25470.0;4;0.737;3;TRUE;572.0;0.516;0.584;45.9;0.0;571502.0;libre_inversion;TRUE
CAND-00856;7/06/24;30;M;1147575.0;2;129152.0;2;0.597;3;TRUE;515.0;;;38.0;0.0;272071.0;libre_inversion;TRUE
CAND-01216;7/06/24;25;H;1174153.0;35;25536.0;19;0.645;4;FALSE;;0.686;0.832;61.8;0.0;455673.0;compra_cartera;TRUE
CAND-00179;7/06/24;40;M;994159.0;5;51485.0;0;0.25;2;TRUE;704.0;0.845;0.449;20.8;0.0;278090.0;libre_inversion;TRUE
CAND-00674;7/06/24;38;H;1379985.0;1;119969.0;1;0.282;3;TRUE;510.0;0.757;0.831;54.1;0.0;302537.0;libre_inversion;TRUE
CAND-00361;7/06/24;38;M;950714.0;5;93542.0;2;0.591;3;TRUE;591.0;0.805;0.839;81.0;0.0;468683.0;libre_inversion;TRUE
CAND-01796;7/06/24;18;M;510858.0;27;23332.0;10;0.723;3;TRUE;715.0;0.871;0.899;38.0;0.0;417614.0;compra_cartera;TRUE
CAND-00730;7/06/24;35;H;1237285.0;6;35402.0;5;0.108;2;TRUE;418.0;;0.733;50.8;0.0;964142.0;compra_cartera;TRUE
CAND-01876;7/06/24;38;M;1801655.0;25;50670.0;5;0.066;1;TRUE;566.0;0.315;0.842;68.7;0.0;227345.0;libre_inversion;TRUE
CAND-01363;7/06/24;29;H;1117434.0;1;77899.0;1;0.436;1;FALSE;;0.956;0.729;66.0;0.0;2154598.0;libre_inversion;TRUE
CAND-02855;7/06/24;39;H;1107304.0;3;4687.0;1;0.232;5;TRUE;611.0;0.679;0.556;63.7;0.0;383539.0;libre_inversion;TRUE
CAND-02868;8/06/24;43;M;705241.0;10;34375.0;2;0.81;5;FALSE;;0.687;0.722;51.1;0.0;1166989.0;avance_efectivo;TRUE
CAND-02625;8/06/24;24;M;953641.0;35;21913.0;20;0.375;1;FALSE;;;0.667;42.2;0.0;451352.0;libre_inversion;TRUE
CAND-01482;8/06/24;26;M;1677042.0;7;34658.0;3;0.283;5;FALSE;;0.838;0.853;82.1;0.0;1293212.0;avance_efectivo;TRUE
CAND-01646;8/06/24;37;M;1442782.0;2;8764.0;3;0.553;1;TRUE;620.0;0.687;0.623;53.5;0.0;969189.0;compra_cartera;TRUE
CAND-01381;8/06/24;31;M;3110796.0;8;11178.0;5;0.164;3;FALSE;;0.709;0.761;67.0;0.0;530187.0;compra_cartera;TRUE
CAND-01354;8/06/24;35;H;1189514.0;1;74870.0;0;0.035;4;TRUE;710.0;0.734;0.585;51.1;0.0;962450.0;libre_inversion;TRUE
CAND-02643;8/06/24;45;H;857381.0;13;62564.0;7;0.512;5;FALSE;;0.887;0.843;57.5;0.0;1186931.0;libre_inversion;TRUE
CAND-01752;8/06/24;33;M;1694294.0;26;81817.0;11;0.089;2;TRUE;681.0;0.872;0.775;53.0;0.0;360395.0;libre_inversion;TRUE
CAND-01772;8/06/24;44;H;1273342.0;6;69058.0;1;0.607;1;TRUE;639.0;0.805;0.678;35.0;0.0;365113.0;libre_inversion;TRUE
CAND-02558;8/06/24;32;NB;845862.0;17;21006.0;6;0.41;3;FALSE;;0.836;0.647;53.9;0.0;256170.0;libre_inversion;TRUE
CAND-02691;8/06/24;18;H;1519098.0;7;47897.0;8;0.551;1;TRUE;755.0;0.905;0.682;77.7;0.0;634381.0;libre_inversion;TRUE
CAND-02656;8/06/24;27;M;1794868.0;16;167487.0;5;0.369;2;TRUE;638.0;0.763;0.573;37.2;0.0;1249391.0;libre_inversion;TRUE
CAND-00245;9/06/24;21;M;679969.0;10;9813.0;4;0.644;5;FALSE;;0.881;0.797;59.9;0.0;545379.0;libre_inversion;TRUE
CAND-00403;9/06/24;29;M;2144280.0;10;98842.0;5;0.463;3;TRUE;669.0;0.668;0.837;74.8;0.0;1037474.0;libre_inversion;TRUE
CAND-02650;9/06/24;29;H;1714950.0;10;10042.0;5;0.462;3;TRUE;678.0;0.456;0.511;40.6;0.0;710576.0;avance_efectivo;TRUE
CAND-02535;9/06/24;43;H;1116794.0;16;29323.0;12;0.221;3;TRUE;703.0;0.64;0.75;19.9;0.0;401063.0;compra_cartera;TRUE
CAND-01214;9/06/24;45;M;543149.0;2;86789.0;1;0.319;4;TRUE;530.0;0.794;0.833;69.7;0.0;1205172.0;libre_inversion;TRUE
CAND-02804;9/06/24;20;M;711992.0;3;65613.0;2;0.429;2;TRUE;736.0;0.888;0.69;55.7;0.0;691114.0;libre_inversion;TRUE
CAND-01011;9/06/24;41;M;2270138.0;16;34931.0;8;0.139;4;FALSE;;0.871;0.599;44.2;0.0;1045048.0;avance_efectivo;TRUE
CAND-00369;9/06/24;35;H;3019813.0;7;49160.0;2;0.252;2;FALSE;;0.567;0.859;97.2;0.0;528488.0;libre_inversion;TRUE
CAND-01690;9/06/24;39;M;1622284.0;43;47761.0;26;0.44;3;FALSE;;0.864;0.86;45.0;0.0;314038.0;avance_efectivo;TRUE
CAND-01797;9/06/24;42;M;854925.0;13;68239.0;8;0.297;4;FALSE;;0.878;;26.4;0.0;858296.0;libre_inversion;TRUE
CAND-01284;10/06/24;22;H;1111526.0;21;50795.0;12;0.851;1;FALSE;;0.706;0.894;69.4;0.0;746060.0;compra_cartera;TRUE
CAND-01829;10/06/24;42;M;743036.0;3;22620.0;4;0.241;3;FALSE;;0.566;0.579;43.6;0.0;485793.0;libre_inversion;TRUE
CAND-00350;10/06/24;37;M;1049789.0;10;118966.0;5;0.13;2;TRUE;563.0;0.635;0.684;64.9;0.0;570646.0;avance_efectivo;TRUE
CAND-01494;10/06/24;35;M;1110038.0;18;66800.0;9;0.227;1;FALSE;;0.529;0.731;17.7;0.0;194246.0;libre_inversion;TRUE
CAND-00753;10/06/24;39;M;894541.0;53;42106.0;30;0.356;4;FALSE;;0.966;0.698;53.3;0.0;2519363.0;compra_cartera;TRUE
CAND-00507;10/06/24;38;H;1132333.0;12;69382.0;6;0.082;1;TRUE;563.0;0.924;0.903;58.5;0.0;377540.0;libre_inversion;TRUE
CAND-01246;10/06/24;30;M;869463.0;38;121005.0;24;0.313;1;TRUE;700.0;0.748;0.89;62.5;0.0;799791.0;libre_inversion;TRUE
CAND-02107;10/06/24;18;M;1143087.0;3;36609.0;1;0.228;5;FALSE;;0.346;0.813;81.2;0.0;1286709.0;avance_efectivo;TRUE
CAND-00318;11/06/24;54;M;769707.0;13;48200.0;8;0.384;1;FALSE;;0.681;0.794;34.3;0.0;728799.0;avance_efectivo;TRUE
CAND-02039;11/06/24;20;H;985181.0;1;37609.0;0;0.705;2;FALSE;;0.908;;25.1;0.0;1243960.0;compra_cartera;TRUE
CAND-02668;11/06/24;38;H;1099608.0;9;28256.0;3;0.394;1;TRUE;747.0;;0.776;27.3;0.0;1001922.0;avance_efectivo;TRUE
CAND-01378;11/06/24;31;H;1002211.0;1;91747.0;1;0.556;3;FALSE;;0.728;0.94;49.2;0.0;588878.0;libre_inversion;TRUE
CAND-01964;11/06/24;38;M;1227124.0;54;70919.0;30;0.55;1;TRUE;742.0;0.64;0.752;59.2;0.0;164496.0;libre_inversion;TRUE
CAND-01866;11/06/24;42;M;1325485.0;7;20511.0;4;0.622;4;TRUE;514.0;0.803;0.74;52.7;0.0;375594.0;libre_inversion;TRUE
CAND-00019;11/06/24;28;M;1736199.0;6;17916.0;6;0.458;3;TRUE;554.0;0.404;0.784;51.5;0.0;481463.0;libre_inversion;TRUE
CAND-00389;11/06/24;38;H;1689458.0;10;119164.0;9;0.59;1;FALSE;;0.928;0.773;65.1;0.0;699590.0;compra_cartera;TRUE
CAND-02448;11/06/24;35;M;3373518.0;60;85900.0;23;0.053;2;FALSE;;0.683;0.875;50.1;12631.0;654982.0;libre_inversion;TRUE
CAND-01270;11/06/24;36;H;618031.0;10;57917.0;3;0.199;2;FALSE;;0.727;0.746;62.1;0.0;868669.0;libre_inversion;TRUE
CAND-02427;11/06/24;43;M;1468736.0;2;20764.0;1;0.34;2;TRUE;487.0;0.846;0.862;55.1;0.0;405816.0;libre_inversion;TRUE
CAND-02317;11/06/24;28;M;503249.0;3;16676.0;0;0.499;3;FALSE;;0.704;0.599;49.5;0.0;944002.0;libre_inversion;TRUE
CAND-01205;11/06/24;26;H;751714.0;15;28586.0;5;0.364;1;TRUE;666.0;0.814;0.653;61.1;0.0;495774.0;compra_cartera;TRUE
CAND-02070;11/06/24;33;M;1128774.0;4;95970.0;2;0.887;1;FALSE;;0.792;0.893;29.5;0.0;733989.0;libre_inversion;TRUE
CAND-00068;11/06/24;28;H;1817153.0;19;78652.0;12;0.203;1;FALSE;;0.89;0.972;39.6;0.0;1156870.0;libre_inversion;TRUE
CAND-00551;11/06/24;22;H;821026.0;3;4298.0;0;0.093;2;FALSE;;0.69;0.755;39.6;0.0;1201873.0;libre_inversion;TRUE
CAND-01296;11/06/24;26;M;1333390.0;20;51496.0;10;0.301;1;FALSE;;0.828;0.786;59.3;0.0;802676.0;libre_inversion;TRUE
CAND-02957;11/06/24;22;H;2659724.0;15;30496.0;11;0.207;4;TRUE;477.0;0.964;0.838;65.0;0.0;1080592.0;libre_inversion;TRUE
CAND-02923;11/06/24;31;H;2471545.0;19;38088.0;12;0.422;1;FALSE;;0.691;0.566;33.8;0.0;689707.0;libre_inversion;TRUE
CAND-02593;12/06/24;32;M;1083517.0;7;38467.0;6;0.183;4;TRUE;425.0;0.893;0.778;60.2;0.0;1356280.0;compra_cartera;TRUE
CAND-00238;12/06/24;38;M;1037651.0;14;24843.0;5;0.267;2;FALSE;;0.522;0.764;45.5;0.0;285793.0;libre_inversion;TRUE
CAND-01434;12/06/24;49;M;706916.0;44;94696.0;18;0.429;1;TRUE;623.0;0.986;0.955;30.0;0.0;184222.0;libre_inversion;FALSE
CAND-00457;12/06/24;39;H;1173252.0;7;79857.0;2;0.292;2;TRUE;558.0;0.971;0.775;28.8;0.0;754338.0;compra_cartera;TRUE
CAND-02143;12/06/24;53;M;894637.0;1;40425.0;1;0.571;3;TRUE;716.0;0.933;0.806;4.4;0.0;1017733.0;libre_inversion;TRUE
CAND-01758;12/06/24;33;H;784941.0;20;6319.0;11;0.581;3;TRUE;592.0;0.668;0.918;65.3;0.0;513551.0;libre_inversion;TRUE
CAND-01511;12/06/24;52;H;832391.0;4;45039.0;4;0.292;1;TRUE;654.0;0.907;0.703;68.0;0.0;391902.0;libre_inversion;TRUE
CAND-00787;12/06/24;21;M;3462562.0;7;25557.0;4;0.768;1;TRUE;665.0;0.996;;58.6;0.0;518901.0;libre_inversion;TRUE
CAND-02016;12/06/24;31;M;996016.0;36;9404.0;21;0.683;1;FALSE;;;0.562;68.4;0.0;363126.0;libre_inversion;TRUE
CAND-00957;12/06/24;42;H;1973286.0;29;71361.0;11;0.203;4;TRUE;625.0;0.922;0.669;34.3;0.0;572898.0;compra_cartera;TRUE
CAND-01043;13/06/24;28;M;493507.0;49;75179.0;28;0.363;3;TRUE;608.0;0.195;0.749;37.3;0.0;500797.0;libre_inversion;TRUE
CAND-00264;13/06/24;37;M;968464.0;29;68780.0;11;0.273;1;TRUE;659.0;0.829;0.882;42.4;0.0;390301.0;compra_cartera;TRUE
CAND-00223;13/06/24;30;M;875343.0;9;33594.0;3;0.114;2;FALSE;;0.751;0.765;50.2;0.0;303977.0;libre_inversion;TRUE
CAND-00463;13/06/24;34;NB;840580.0;1;5197.0;0;0.033;4;FALSE;;0.391;0.823;35.0;0.0;502902.0;avance_efectivo;TRUE
CAND-02600;13/06/24;32;H;729723.0;8;61024.0;4;0.437;2;TRUE;720.0;0.815;0.748;62.6;0.0;290151.0;avance_efectivo;TRUE
CAND-02183;13/06/24;29;M;829498.0;55;22861.0;26;0.139;5;FALSE;;0.566;0.79;65.4;0.0;507184.0;avance_efectivo;TRUE
CAND-01382;13/06/24;18;M;767007.0;25;17608.0;13;0.685;1;FALSE;;0.572;0.803;32.3;0.0;917826.0;compra_cartera;TRUE
CAND-02416;13/06/24;36;H;2473833.0;11;38497.0;7;0.224;5;TRUE;705.0;0.617;0.454;48.3;0.0;2011945.0;libre_inversion;TRUE
CAND-02263;13/06/24;45;M;3196544.0;19;37615.0;13;0.698;1;FALSE;;0.851;0.649;45.4;12492.0;456782.0;compra_cartera;TRUE
CAND-01442;13/06/24;24;H;753891.0;60;118166.0;26;0.257;3;FALSE;;;0.761;66.3;0.0;1049999.0;compra_cartera;TRUE
CAND-02260;13/06/24;59;H;941005.0;3;38963.0;0;0.428;2;FALSE;;0.585;0.827;45.3;0.0;323023.0;libre_inversion;TRUE
CAND-01562;13/06/24;21;M;1685913.0;24;13957.0;8;0.36;2;TRUE;728.0;0.845;0.683;49.7;0.0;1482677.0;libre_inversion;TRUE
CAND-01880;13/06/24;22;H;2605771.0;8;90238.0;3;0.336;3;FALSE;;0.554;0.627;78.8;0.0;742346.0;avance_efectivo;TRUE
CAND-00696;13/06/24;21;M;1910463.0;19;57297.0;8;0.547;2;FALSE;;;0.381;40.2;0.0;511514.0;compra_cartera;TRUE
CAND-02322;14/06/24;22;H;1764233.0;15;3015.0;5;0.743;4;FALSE;;0.677;0.809;60.5;0.0;788463.0;libre_inversion;TRUE
CAND-00979;14/06/24;36;M;1247960.0;14;72419.0;4;0.184;4;FALSE;;0.955;0.533;63.2;0.0;736047.0;libre_inversion;TRUE
CAND-02163;14/06/24;26;M;1201177.0;1;71881.0;1;0.211;3;FALSE;;0.935;0.923;51.0;0.0;1428834.0;compra_cartera;TRUE
CAND-01306;14/06/24;18;H;1203622.0;13;26762.0;4;0.092;1;FALSE;;0.639;0.823;76.5;0.0;724166.0;libre_inversion;TRUE
CAND-02267;14/06/24;29;M;1035885.0;14;134104.0;7;0.234;5;FALSE;;0.611;0.812;90.4;0.0;993993.0;libre_inversion;TRUE
CAND-00994;14/06/24;26;M;1231638.0;5;15432.0;5;0.359;1;TRUE;721.0;0.384;0.456;62.7;0.0;586999.0;compra_cartera;TRUE
CAND-00082;14/06/24;42;H;613387.0;39;41453.0;29;0.451;2;FALSE;;0.907;0.851;51.3;0.0;792683.0;avance_efectivo;TRUE
CAND-02617;14/06/24;51;M;1436576.0;4;20482.0;1;0.339;4;FALSE;;0.72;0.847;88.5;0.0;1549190.0;avance_efectivo;TRUE
CAND-00366;14/06/24;43;M;715435.0;18;63137.0;9;0.269;1;TRUE;681.0;0.888;0.874;34.1;0.0;583430.0;compra_cartera;TRUE
CAND-00269;14/06/24;44;H;1041030.0;2;121674.0;0;0.579;1;TRUE;694.0;0.482;0.813;28.9;0.0;747809.0;libre_inversion;TRUE
CAND-01099;14/06/24;42;M;2468920.0;2;49373.0;0;0.203;3;TRUE;618.0;0.957;0.739;50.8;0.0;850872.0;libre_inversion;TRUE
CAND-00443;15/06/24;28;M;752077.0;5;33731.0;1;0.226;3;FALSE;;0.821;0.842;87.9;0.0;1077473.0;compra_cartera;TRUE
CAND-00565;15/06/24;35;M;1090468.0;18;61642.0;9;0.57;2;FALSE;;0.762;0.991;44.3;0.0;1095418.0;libre_inversion;TRUE
CAND-00236;15/06/24;22;H;929067.0;13;37592.0;9;0.272;4;TRUE;513.0;0.728;0.857;66.7;0.0;1214590.0;libre_inversion;TRUE
CAND-00293;15/06/24;36;H;1878992.0;1;30991.0;2;0.653;4;TRUE;626.0;0.801;0.236;45.8;0.0;530993.0;libre_inversion;TRUE
CAND-02122;15/06/24;32;M;1240112.0;19;71254.0;10;0.514;1;FALSE;;0.732;;53.9;0.0;269942.0;libre_inversion;TRUE
CAND-02437;15/06/24;33;M;1083588.0;12;56078.0;1;0.35;3;FALSE;;0.716;0.562;44.9;0.0;698231.0;libre_inversion;TRUE
CAND-00090;15/06/24;49;M;453017.0;9;35475.0;4;0.645;3;FALSE;;0.694;0.72;52.2;0.0;393150.0;libre_inversion;TRUE
CAND-02555;15/06/24;38;H;758107.0;10;32642.0;4;0.087;2;FALSE;;0.597;0.712;28.2;0.0;1013651.0;libre_inversion;TRUE
CAND-00198;15/06/24;32;M;1099235.0;13;18480.0;3;0.608;1;TRUE;600.0;0.548;0.376;58.6;0.0;793280.0;avance_efectivo;TRUE
CAND-00347;15/06/24;27;H;1883542.0;40;68327.0;21;0.673;2;FALSE;;0.793;0.923;56.8;0.0;392357.0;compra_cartera;TRUE
CAND-02049;15/06/24;18;M;1258502.0;10;32259.0;3;0.466;2;FALSE;;0.814;0.859;28.6;0.0;344335.0;libre_inversion;TRUE
CAND-00812;16/06/24;22;H;1522768.0;1;6661.0;0;0.173;2;TRUE;645.0;;0.806;68.5;0.0;783779.0;compra_cartera;TRUE
CAND-02394;16/06/24;18;M;883360.0;5;67468.0;2;0.218;2;FALSE;;0.568;0.599;57.4;0.0;1804481.0;avance_efectivo;TRUE
CAND-02443;16/06/24;50;M;702231.0;3;58731.0;2;0.618;2;FALSE;;0.615;0.725;46.0;0.0;1185108.0;compra_cartera;TRUE
CAND-01922;16/06/24;33;M;1817935.0;14;76659.0;9;0.264;3;TRUE;581.0;0.766;0.543;76.8;0.0;285842.0;libre_inversion;TRUE
CAND-00681;16/06/24;28;M;956813.0;6;14374.0;5;0.515;2;TRUE;600.0;0.841;0.807;55.3;0.0;282824.0;compra_cartera;TRUE
CAND-01806;16/06/24;30;H;1227277.0;20;19019.0;9;0.177;1;TRUE;491.0;0.942;0.928;46.2;0.0;798595.0;libre_inversion;TRUE
CAND-02258;16/06/24;32;H;1831218.0;1;49255.0;2;0.52;3;FALSE;;0.847;0.526;86.0;0.0;366132.0;compra_cartera;TRUE
CAND-00723;17/06/24;32;H;1736022.0;3;21686.0;1;0.583;1;TRUE;594.0;0.702;0.733;0.0;0.0;363328.0;libre_inversion;TRUE
CAND-00484;17/06/24;25;M;524510.0;24;51061.0;8;0.187;2;TRUE;629.0;0.817;0.825;60.7;0.0;314550.0;libre_inversion;TRUE
CAND-01374;17/06/24;23;H;1343014.0;6;41505.0;2;0.227;1;FALSE;;0.85;0.931;57.1;0.0;364584.0;compra_cartera;TRUE
CAND-01267;17/06/24;47;H;1368919.0;38;8074.0;14;0.374;2;TRUE;707.0;0.89;0.887;41.6;0.0;465632.0;libre_inversion;TRUE
CAND-01867;17/06/24;27;H;707949.0;7;22403.0;1;0.411;1;TRUE;654.0;0.856;0.859;54.9;0.0;760.0;compra_cartera;TRUE
CAND-02962;17/06/24;30;H;1500044.0;2;20275.0;2;0.252;3;TRUE;496.0;0.772;0.782;51.2;0.0;547780.0;compra_cartera;TRUE
CAND-02819;17/06/24;24;H;809513.0;9;42212.0;6;0.564;4;FALSE;;0.823;0.737;72.2;0.0;502610.0;avance_efectivo;TRUE
CAND-01513;17/06/24;40;M;1101293.0;1;17724.0;0;0.52;3;TRUE;714.0;0.693;0.899;51.4;0.0;822112.0;avance_efectivo;TRUE
CAND-02776;17/06/24;23;H;660989.0;10;42999.0;2;0.282;5;FALSE;;0.964;0.699;23.4;0.0;511984.0;libre_inversion;TRUE
CAND-01586;17/06/24;43;M;825223.0;3;45546.0;5;0.254;3;FALSE;;0.948;0.859;71.6;0.0;974843.0;libre_inversion;TRUE
CAND-01832;18/06/24;45;H;1287602.0;1;12183.0;0;0.194;3;TRUE;631.0;0.674;0.923;45.6;0.0;266077.0;avance_efectivo;TRUE
CAND-02133;18/06/24;36;H;682415.0;4;34380.0;3;0.232;1;TRUE;729.0;0.766;0.81;12.3;0.0;247787.0;libre_inversion;TRUE
CAND-02738;18/06/24;30;H;2715198.0;10;16685.0;4;0.133;2;TRUE;675.0;0.923;0.892;43.7;0.0;660175.0;avance_efectivo;TRUE
CAND-01480;18/06/24;21;M;1931463.0;11;21444.0;10;0.332;5;TRUE;702.0;0.832;0.683;50.7;0.0;229369.0;avance_efectivo;TRUE
CAND-00053;18/06/24;40;M;2444319.0;13;14867.0;4;0.494;2;FALSE;;0.898;0.875;34.5;0.0;551225.0;avance_efectivo;TRUE
CAND-00105;18/06/24;38;M;693974.0;9;23263.0;6;0.27;1;FALSE;;0.827;0.773;66.0;0.0;618866.0;libre_inversion;TRUE
CAND-01427;18/06/24;29;H;1850157.0;4;75603.0;3;0.453;1;FALSE;;0.703;0.69;55.8;0.0;566716.0;libre_inversion;TRUE
CAND-02220;18/06/24;21;M;1253497.0;4;125340.0;1;0.653;2;FALSE;;0.61;0.955;36.9;0.0;702638.0;avance_efectivo;TRUE
CAND-00422;18/06/24;26;M;1560117.0;5;50800.0;2;0.161;2;FALSE;;0.864;0.746;41.7;17645.0;314016.0;libre_inversion;TRUE
CAND-00207;18/06/24;37;H;1757581.0;20;177353.0;4;0.232;5;FALSE;;0.941;0.86;67.7;0.0;1912426.0;libre_inversion;TRUE
CAND-01162;18/06/24;29;M;1500383.0;7;47624.0;4;0.545;3;FALSE;;0.773;0.859;52.2;0.0;737139.0;avance_efectivo;TRUE
CAND-02507;19/06/24;18;H;633699.0;32;83541.0;13;0.6;3;TRUE;541.0;0.761;0.826;67.5;0.0;1209695.0;libre_inversion;TRUE
CAND-00474;19/06/24;34;H;1126080.0;13;36782.0;4;0.089;2;FALSE;;0.858;0.89;28.2;0.0;444808.0;libre_inversion;TRUE
CAND-01035;19/06/24;37;M;601497.0;3;59698.0;2;0.132;1;FALSE;;0.886;0.908;16.0;0.0;349568.0;libre_inversion;TRUE
CAND-00454;19/06/24;59;H;1680108.0;10;24928.0;1;0.724;2;FALSE;;0.546;;41.5;0.0;222463.0;avance_efectivo;TRUE
CAND-01525;19/06/24;43;H;1591263.0;7;27170.0;5;0.119;3;TRUE;645.0;0.965;0.672;46.6;0.0;556545.0;avance_efectivo;TRUE
CAND-00428;19/06/24;24;M;1061200.0;8;40761.0;4;0.287;2;FALSE;;0.562;0.814;59.0;0.0;406917.0;avance_efectivo;TRUE
CAND-02915;19/06/24;49;H;1355674.0;1;48526.0;0;0.407;1;TRUE;673.0;0.657;0.586;72.1;0.0;445518.0;libre_inversion;TRUE
CAND-01176;19/06/24;27;M;1371089.0;11;56279.0;6;0.34;2;FALSE;;0.646;0.764;25.3;0.0;417138.0;avance_efectivo;TRUE
CAND-01057;19/06/24;43;H;757808.0;14;50580.0;8;0.582;1;TRUE;576.0;0.904;0.937;83.4;0.0;1168207.0;avance_efectivo;TRUE
CAND-02207;19/06/24;39;H;1483432.0;13;37677.0;2;0.355;1;TRUE;719.0;0.631;0.824;34.2;0.0;625626.0;libre_inversion;TRUE
CAND-00680;19/06/24;61;H;1117301.0;14;44169.0;3;0.301;4;TRUE;614.0;0.718;0.791;52.1;0.0;693105.0;compra_cartera;TRUE
CAND-02095;19/06/24;30;NB;870870.0;10;13820.0;4;0.616;2;FALSE;;;0.687;61.5;11672.0;961497.0;libre_inversion;TRUE
CAND-00163;19/06/24;46;M;797714.0;25;6251.0;16;0.251;2;TRUE;457.0;0.894;0.718;78.9;0.0;840568.0;avance_efectivo;TRUE
CAND-01014;19/06/24;39;M;1873568.0;1;23976.0;0;0.673;1;TRUE;626.0;0.468;0.838;40.0;0.0;906877.0;avance_efectivo;TRUE
CAND-00983;19/06/24;30;NB;2449949.0;1;32110.0;0;0.08;2;FALSE;;0.662;0.701;50.4;0.0;1223101.0;avance_efectivo;TRUE
CAND-01241;20/06/24;29;H;2580196.0;9;59826.0;3;0.71;5;FALSE;;0.745;0.755;40.5;0.0;706332.0;libre_inversion;TRUE
CAND-00358;20/06/24;39;M;1697784.0;21;5594.0;13;0.641;3;TRUE;656.0;0.778;0.821;44.4;0.0;1005829.0;compra_cartera;TRUE
CAND-02272;20/06/24;18;H;562877.0;1;96674.0;0;0.453;2;TRUE;719.0;0.689;0.734;45.2;0.0;1296527.0;libre_inversion;TRUE
CAND-01868;20/06/24;34;M;2110457.0;1;2510.0;0;0.333;1;TRUE;706.0;0.75;0.629;52.1;0.0;438056.0;compra_cartera;TRUE
CAND-02545;20/06/24;33;H;2072705.0;11;60610.0;5;0.166;3;FALSE;;0.777;0.842;72.9;0.0;689483.0;libre_inversion;TRUE
CAND-00912;20/06/24;19;M;838841.0;21;19856.0;7;0.085;3;FALSE;;0.806;0.549;50.6;0.0;365155.0;libre_inversion;TRUE
CAND-02944;20/06/24;39;H;1400905.0;10;23860.0;5;0.557;2;FALSE;;0.616;0.707;27.8;0.0;1745642.0;libre_inversion;TRUE
CAND-00396;20/06/24;30;M;1358249.0;41;25595.0;24;0.398;5;TRUE;671.0;0.681;0.56;24.9;0.0;166067.0;compra_cartera;TRUE
CAND-01768;20/06/24;38;M;1735386.0;3;10943.0;3;0.101;3;FALSE;;0.714;;65.6;0.0;538838.0;libre_inversion;TRUE
CAND-00083;20/06/24;43;H;665109.0;6;37591.0;1;0.536;3;FALSE;;0.488;0.491;83.7;0.0;252390.0;libre_inversion;TRUE
CAND-01135;20/06/24;47;M;2395923.0;28;18620.0;11;0.306;1;TRUE;630.0;0.98;0.682;89.2;0.0;427823.0;avance_efectivo;FALSE
CAND-00520;21/06/24;40;M;1567234.0;15;89547.0;9;0.578;2;TRUE;681.0;0.674;0.829;67.5;0.0;533589.0;compra_cartera;TRUE
CAND-02929;21/06/24;21;H;607794.0;2;42992.0;1;0.242;1;TRUE;648.0;0.65;0.579;52.5;0.0;1224714.0;libre_inversion;TRUE
CAND-01619;21/06/24;48;M;552162.0;9;69129.0;8;0.531;2;FALSE;;0.883;0.159;54.3;0.0;545893.0;avance_efectivo;TRUE
CAND-00531;21/06/24;29;M;517721.0;8;21128.0;5;0.229;4;FALSE;;0.822;0.774;65.7;0.0;632084.0;libre_inversion;TRUE
CAND-00448;21/06/24;22;M;1331727.0;16;16572.0;14;0.491;1;FALSE;;0.797;0.905;60.0;0.0;1085055.0;compra_cartera;TRUE
CAND-00898;21/06/24;34;M;1514840.0;31;16642.0;15;0.194;2;TRUE;670.0;0.931;0.482;49.8;0.0;596060.0;compra_cartera;TRUE
CAND-00675;21/06/24;31;NB;2765151.0;1;29992.0;0;0.448;1;FALSE;;0.778;0.771;48.8;0.0;1140059.0;compra_cartera;TRUE
CAND-01694;21/06/24;38;H;638618.0;15;49158.0;5;0.41;3;FALSE;;0.854;0.7;63.5;0.0;694129.0;libre_inversion;TRUE
CAND-01761;21/06/24;31;H;1126599.0;41;79935.0;22;0.099;3;TRUE;688.0;0.793;0.499;46.2;0.0;1162630.0;libre_inversion;TRUE
CAND-00415;21/06/24;23;H;2627556.0;28;177104.0;7;0.09;3;TRUE;573.0;0.879;;87.7;0.0;983222.0;avance_efectivo;TRUE
CAND-02058;21/06/24;39;H;1773453.0;1;20255.0;6;0.309;3;FALSE;;0.65;0.808;45.9;0.0;314520.0;libre_inversion;TRUE
CAND-01046;21/06/24;36;M;881706.0;22;13595.0;11;0.759;1;FALSE;;0.713;0.804;38.5;0.0;739975.0;libre_inversion;TRUE
CAND-00765;22/06/24;56;M;1419504.0;5;11827.0;2;0.418;3;FALSE;;;0.92;30.3;0.0;663123.0;libre_inversion;TRUE
CAND-02321;22/06/24;34;H;1102235.0;1;13036.0;3;0.668;2;FALSE;;0.633;0.92;42.6;0.0;1390045.0;compra_cartera;TRUE
CAND-02124;22/06/24;21;M;4085268.0;60;28170.0;33;0.763;2;TRUE;585.0;0.553;0.703;91.6;0.0;419494.0;avance_efectivo;TRUE
CAND-02169;22/06/24;33;H;1044221.0;14;32642.0;10;0.771;2;TRUE;589.0;0.678;0.735;27.6;0.0;267169.0;libre_inversion;TRUE
CAND-01005;22/06/24;40;H;1115331.0;10;66538.0;8;0.469;3;FALSE;;0.834;0.807;53.1;0.0;1588407.0;avance_efectivo;TRUE
CAND-02908;22/06/24;29;H;608009.0;1;56977.0;0;0.596;5;TRUE;757.0;0.78;0.659;19.4;0.0;606153.0;libre_inversion;TRUE
CAND-00657;22/06/24;34;H;830023.0;9;17643.0;3;0.27;2;FALSE;;0.778;0.923;67.2;0.0;961766.0;compra_cartera;TRUE
CAND-01000;22/06/24;19;M;824259.0;13;69185.0;5;0.506;1;FALSE;;0.944;0.899;74.0;0.0;324892.0;libre_inversion;FALSE
CAND-01199;22/06/24;46;H;1142402.0;27;49137.0;17;0.084;1;TRUE;653.0;0.695;0.691;55.1;0.0;606569.0;libre_inversion;TRUE
CAND-02111;23/06/24;36;M;15.961.362.706.150.400;19;5249.0;10;0.111;2;TRUE;753.0;0.731;0.845;3.7;0.0;218157.0;libre_inversion;TRUE
CAND-01996;23/06/24;42;H;942182.0;25;15183.0;11;0.272;2;FALSE;;;0.444;34.3;0.0;842298.0;compra_cartera;TRUE
CAND-01504;23/06/24;34;H;867533.0;1;54813.0;2;0.699;2;TRUE;547.0;0.706;0.619;36.5;0.0;495427.0;libre_inversion;TRUE
CAND-02395;23/06/24;22;H;1430103.0;24;6359.0;8;0.352;1;FALSE;;0.83;0.892;7.6;0.0;597518.0;libre_inversion;TRUE
CAND-00447;23/06/24;32;M;1018831.0;11;66949.0;5;0.275;4;TRUE;666.0;0.681;0.696;45.2;0.0;439984.0;libre_inversion;TRUE
CAND-02255;23/06/24;26;M;1308648.0;8;51662.0;6;0.209;2;TRUE;700.0;0.948;0.838;23.1;0.0;582847.0;libre_inversion;TRUE
CAND-02003;23/06/24;27;M;2195375.0;4;35725.0;1;0.61;2;FALSE;;0.739;0.859;50.8;0.0;328590.0;libre_inversion;TRUE
CAND-01798;23/06/24;33;H;1419153.0;5;51218.0;5;0.17;2;FALSE;;0.941;0.82;56.5;0.0;667505.0;avance_efectivo;TRUE
CAND-00304;23/06/24;37;M;1075514.0;19;71152.0;10;0.489;5;TRUE;564.0;;0.493;75.2;0.0;932000.0;libre_inversion;TRUE
CAND-00354;23/06/24;39;H;755814.0;18;11694.0;6;0.494;4;FALSE;;0.962;0.746;90.0;0.0;1473878.0;libre_inversion;TRUE
CAND-00182;23/06/24;36;NB;1724629.0;60;46548.0;33;0.494;2;TRUE;508.0;0.806;0.684;32.2;0.0;554697.0;libre_inversion;TRUE
CAND-00060;23/06/24;32;M;805847.0;52;11226.0;25;0.372;2;TRUE;696.0;0.784;0.698;59.0;0.0;605503.0;avance_efectivo;TRUE
CAND-01412;23/06/24;43;H;1076631.0;28;28673.0;13;0.554;3;FALSE;;;0.864;40.5;0.0;319150.0;libre_inversion;TRUE
CAND-01471;23/06/24;47;NB;1914040.0;35;41310.0;21;0.219;2;FALSE;;0.599;0.746;41.2;0.0;425654.0;libre_inversion;TRUE
CAND-01016;23/06/24;33;NB;864864.0;3;140446.0;0;0.067;1;FALSE;;0.708;0.775;62.1;0.0;538517.0;libre_inversion;TRUE
CAND-00334;24/06/24;34;H;1025558.0;22;51285.0;6;0.226;2;TRUE;522.0;0.455;0.7;65.9;0.0;578281.0;libre_inversion;TRUE
CAND-02172;24/06/24;49;M;738523.0;1;27258.0;2;0.44;3;FALSE;;0.818;0.754;67.4;0.0;450726.0;compra_cartera;TRUE
CAND-01372;24/06/24;42;H;1230853.0;16;35937.0;7;0.246;3;FALSE;;0.902;0.788;44.2;0.0;1710736.0;libre_inversion;TRUE
CAND-02366;24/06/24;39;M;2204073.0;1;12832.0;0;0.25;2;TRUE;607.0;0.617;0.858;88.7;0.0;295238.0;libre_inversion;TRUE
CAND-00145;24/06/24;33;M;924795.0;17;52744.0;8;0.201;2;TRUE;824.0;0.52;0.891;15.5;0.0;1202597.0;compra_cartera;TRUE
CAND-01376;24/06/24;31;H;1109953.0;8;60371.0;2;0.346;1;TRUE;579.0;0.674;0.723;37.5;0.0;232266.0;libre_inversion;TRUE
CAND-01224;24/06/24;31;M;2415056.0;11;77021.0;3;0.192;1;TRUE;747.0;0.754;0.488;43.0;0.0;473812.0;libre_inversion;TRUE
CAND-02088;24/06/24;39;M;697856.0;27;27832.0;13;0.513;5;TRUE;803.0;0.885;0.389;70.1;0.0;1176928.0;compra_cartera;TRUE
CAND-02454;24/06/24;19;H;2663837.0;21;111171.0;9;0.092;3;FALSE;;0.621;0.868;30.3;0.0;676248.0;libre_inversion;TRUE
CAND-00323;24/06/24;39;H;1058974.0;1;50916.0;1;0.24;3;FALSE;;;0.912;44.9;0.0;559664.0;compra_cartera;TRUE
CAND-00057;24/06/24;26;H;856095.0;22;29748.0;14;0.243;2;FALSE;;0.532;0.826;56.7;0.0;529329.0;libre_inversion;TRUE
CAND-00368;25/06/24;22;H;1428401.0;19;26135.0;8;0.374;1;FALSE;;0.751;0.848;91.0;18043.0;268620.0;libre_inversion;TRUE
CAND-02015;25/06/24;47;H;1921624.0;26;4606.0;20;0.179;2;TRUE;602.0;0.743;0.688;46.8;0.0;304080.0;libre_inversion;TRUE
CAND-01567;25/06/24;26;M;897003.0;3;9092.0;2;0.722;1;FALSE;;0.854;0.911;59.8;0.0;295223.0;libre_inversion;TRUE
CAND-00292;25/06/24;39;H;641720.0;8;70811.0;4;0.824;2;TRUE;706.0;0.636;0.852;17.7;0.0;108385.0;compra_cartera;TRUE
CAND-01128;25/06/24;38;M;3761126.0;7;31488.0;3;0.485;2;FALSE;;;0.882;64.9;0.0;860575.0;compra_cartera;TRUE
CAND-02212;25/06/24;41;M;2254700.0;5;90631.0;1;0.203;3;TRUE;874.0;0.617;0.729;38.6;0.0;742197.0;libre_inversion;TRUE
CAND-02775;25/06/24;26;M;593298.0;6;94863.0;2;0.048;1;FALSE;;0.474;0.615;33.8;0.0;856827.0;libre_inversion;TRUE
CAND-00101;25/06/24;49;M;1209754.0;3;49950.0;1;0.22;3;FALSE;;0.797;0.66;50.0;0.0;317487.0;libre_inversion;TRUE
CAND-00455;25/06/24;19;H;9.754.807.611.574.690;1;1998.0;0;0.354;4;FALSE;;0.89;0.714;65.7;0.0;269118.0;libre_inversion;TRUE
CAND-00604;25/06/24;46;H;1042174.0;40;36561.0;13;0.026;1;FALSE;;;0.339;83.7;0.0;274441.0;libre_inversion;TRUE
CAND-02253;25/06/24;35;M;2688594.0;9;14672.0;4;0.562;4;TRUE;575.0;0.64;0.699;89.6;0.0;1125002.0;libre_inversion;TRUE
CAND-01231;25/06/24;42;H;1336778.0;2;11239.0;0;0.473;1;FALSE;;;0.773;0.0;0.0;332231.0;compra_cartera;TRUE
CAND-02963;25/06/24;18;M;2768282.0;11;68181.0;2;0.277;4;FALSE;;;;69.4;0.0;949520.0;libre_inversion;TRUE
CAND-00610;26/06/24;25;H;1302520.0;13;16750.0;5;0.682;5;FALSE;;0.955;0.785;22.6;0.0;293454.0;compra_cartera;TRUE
CAND-02007;26/06/24;26;H;3410072.0;8;18894.0;5;0.17;2;TRUE;729.0;0.66;0.763;58.9;0.0;610799.0;compra_cartera;TRUE
CAND-00825;26/06/24;37;M;1578075.0;5;20373.0;2;0.684;2;TRUE;604.0;0.812;0.716;31.6;0.0;534037.0;libre_inversion;TRUE
CAND-01006;26/06/24;39;H;2079083.0;1;97976.0;1;0.382;2;FALSE;;0.805;0.898;69.6;0.0;924523.0;libre_inversion;TRUE
CAND-00241;26/06/24;28;H;1555603.0;21;92688.0;4;0.168;1;FALSE;;0.786;;35.5;0.0;1534575.0;avance_efectivo;TRUE
CAND-01629;26/06/24;18;M;2806038.0;16;53251.0;7;0.456;5;FALSE;;;0.737;24.2;0.0;233666.0;avance_efectivo;TRUE
CAND-01630;26/06/24;23;H;1371742.0;2;101780.0;4;0.194;1;TRUE;569.0;0.743;0.844;66.9;0.0;321123.0;libre_inversion;TRUE
CAND-02781;26/06/24;38;M;2270781.0;17;20835.0;10;0.444;1;FALSE;;0.914;0.822;37.3;0.0;938515.0;libre_inversion;TRUE
CAND-02619;26/06/24;42;M;1339691.0;27;10319.0;13;0.31;2;TRUE;760.0;0.573;;68.0;0.0;1186535.0;libre_inversion;TRUE
CAND-02271;26/06/24;48;H;14.684.781.255.156.000;36;77307.0;23;0.131;2;TRUE;683.0;0.891;0.957;95.1;0.0;530043.0;libre_inversion;TRUE
CAND-02678;27/06/24;45;M;1472456.0;6;82873.0;3;0.34;4;FALSE;;;0.972;56.4;0.0;477521.0;avance_efectivo;TRUE
CAND-01692;27/06/24;26;M;783019.0;2;31377.0;1;0.395;2;FALSE;;0.756;0.992;21.9;12320.0;1173916.0;libre_inversion;TRUE
CAND-01341;27/06/24;37;M;1233000.0;7;174650.0;2;0.342;2;FALSE;;0.984;0.928;38.2;0.0;298510.0;libre_inversion;TRUE
CAND-01696;27/06/24;25;M;1143585.0;2;11395.0;2;0.424;1;TRUE;645.0;0.425;0.707;11.3;0.0;464410.0;avance_efectivo;TRUE
CAND-00786;27/06/24;34;H;1141521.0;16;8571.0;9;0.517;3;TRUE;646.0;0.845;0.725;35.7;0.0;443547.0;libre_inversion;TRUE
CAND-02224;27/06/24;46;H;793979.0;49;14826.0;25;0.419;1;FALSE;;;0.883;64.7;0.0;819197.0;libre_inversion;TRUE
CAND-01944;27/06/24;30;M;859716.0;60;9398.0;31;0.134;2;FALSE;;0.586;0.861;85.4;0.0;607858.0;libre_inversion;TRUE
CAND-02605;27/06/24;25;H;3138214.0;23;18090.0;7;0.413;4;FALSE;;0.715;0.761;14.6;0.0;356381.0;libre_inversion;TRUE
CAND-02603;27/06/24;30;H;10.825.871.812.540.200;8;15354.0;4;0.322;3;FALSE;;0.497;0.729;68.4;0.0;1243311.0;compra_cartera;TRUE
CAND-01228;27/06/24;42;M;658470.0;21;43090.0;19;0.445;3;FALSE;;0.745;0.928;39.4;0.0;707416.0;libre_inversion;TRUE
CAND-00609;27/06/24;45;M;671214.0;21;55473.0;7;0.278;4;TRUE;629.0;0.33;0.886;68.6;0.0;494504.0;avance_efectivo;TRUE
CAND-01743;27/06/24;44;H;1088093.0;8;18942.0;2;0.207;1;FALSE;;0.493;0.662;52.0;0.0;847580.0;libre_inversion;TRUE
CAND-02400;27/06/24;23;M;796203.0;40;136022.0;17;0.264;2;FALSE;;0.438;0.858;35.8;0.0;1412.0;avance_efectivo;TRUE
CAND-02946;27/06/24;39;M;2764398.0;41;19236.0;26;0.244;1;TRUE;608.0;0.633;0.852;45.1;0.0;269278.0;libre_inversion;TRUE
CAND-02153;27/06/24;46;H;1489301.0;17;23637.0;10;0.584;2;FALSE;;0.81;0.849;56.9;0.0;652248.0;libre_inversion;TRUE
CAND-02830;27/06/24;38;M;1156504.0;8;138830.0;2;0.405;1;FALSE;;0.734;0.643;22.7;0.0;330105.0;libre_inversion;TRUE
CAND-02170;27/06/24;45;H;2883486.0;14;67337.0;10;0.409;2;TRUE;656.0;0.781;0.644;50.0;0.0;1278508.0;libre_inversion;TRUE
CAND-00494;27/06/24;43;H;1031651.0;1;130496.0;0;0.782;5;TRUE;673.0;0.905;0.875;71.8;0.0;3961521.0;compra_cartera;TRUE
CAND-00133;27/06/24;24;H;436532.0;7;56533.0;3;0.469;5;TRUE;621.0;0.644;0.872;58.7;0.0;797039.0;avance_efectivo;TRUE
CAND-00300;27/06/24;36;H;774046.0;31;50835.0;14;0.468;3;FALSE;;0.886;0.929;27.7;0.0;782382.0;libre_inversion;TRUE
CAND-01037;27/06/24;34;H;446985.0;21;62375.0;9;0.494;1;FALSE;;;0.776;50.7;0.0;407030.0;libre_inversion;TRUE
CAND-02402;27/06/24;46;H;1014761.0;6;35555.0;2;0.351;1;FALSE;;0.949;0.636;48.1;0.0;826701.0;compra_cartera;TRUE
CAND-00813;27/06/24;44;M;1500894.0;3;43232.0;2;0.515;2;TRUE;819.0;0.771;0.255;54.8;0.0;879681.0;avance_efectivo;TRUE
CAND-01191;28/06/24;34;H;1225914.0;26;47042.0;14;0.415;3;FALSE;;0.935;0.6;83.7;0.0;1226068.0;avance_efectivo;TRUE
CAND-01097;28/06/24;41;H;1743080.0;1;9454.0;3;0.29;3;FALSE;;0.659;0.833;36.9;0.0;446313.0;libre_inversion;TRUE
CAND-00931;28/06/24;44;H;1017061.0;2;2614.0;2;0.479;4;TRUE;634.0;0.929;0.713;41.2;0.0;687165.0;libre_inversion;TRUE
CAND-02293;28/06/24;27;H;1251771.0;5;85882.0;5;0.424;1;TRUE;801.0;0.55;0.72;43.1;25425.0;1179200.0;libre_inversion;TRUE
CAND-02441;28/06/24;30;H;1649294.0;31;47948.0;16;0.063;5;FALSE;;0.585;0.939;48.3;0.0;1232478.0;compra_cartera;TRUE
CAND-00556;28/06/24;39;M;1299279.0;8;32070.0;2;0.44;1;TRUE;759.0;0.847;0.574;45.3;0.0;235455.0;avance_efectivo;TRUE
CAND-01300;28/06/24;33;H;755396.0;9;93032.0;6;0.312;4;TRUE;460.0;0.892;0.64;73.7;0.0;569634.0;libre_inversion;TRUE
CAND-02292;28/06/24;29;M;946590.0;1;26125.0;0;0.483;3;FALSE;;0.667;0.307;28.5;0.0;1460286.0;libre_inversion;TRUE
CAND-02144;28/06/24;26;M;1632897.0;9;9617.0;9;0.602;1;TRUE;668.0;0.746;0.939;40.9;0.0;309375.0;libre_inversion;TRUE
CAND-02464;28/06/24;38;H;1372105.0;3;42733.0;3;0.297;2;TRUE;740.0;0.776;0.705;68.3;0.0;465943.0;libre_inversion;TRUE
CAND-01954;28/06/24;37;M;932038.0;5;91142.0;1;0.88;2;TRUE;702.0;0.736;0.671;50.9;0.0;342128.0;libre_inversion;TRUE
CAND-02221;29/06/24;44;H;948054.0;12;26699.0;4;0.429;1;FALSE;;0.785;0.941;100.0;0.0;130903.0;avance_efectivo;TRUE
CAND-00472;29/06/24;41;M;1118809.0;39;56427.0;20;0.335;2;FALSE;;0.9;0.954;38.5;0.0;728421.0;compra_cartera;TRUE
CAND-02208;29/06/24;28;M;322992.0;23;103209.0;15;0.317;3;FALSE;;0.885;0.787;63.9;0.0;544301.0;compra_cartera;TRUE
CAND-00692;29/06/24;43;NB;1437716.0;17;68040.0;8;0.407;3;FALSE;;0.475;0.854;29.7;0.0;951081.0;libre_inversion;TRUE
CAND-00312;29/06/24;33;H;939214.0;48;64867.0;25;0.123;4;FALSE;;0.25;0.991;27.4;0.0;1143979.0;libre_inversion;TRUE
CAND-00262;29/06/24;41;H;704334.0;38;71248.0;18;0.531;1;TRUE;572.0;0.555;0.776;61.9;0.0;400143.0;avance_efectivo;TRUE
CAND-00442;29/06/24;47;M;3424801.0;3;107064.0;1;0.273;1;FALSE;;0.642;0.867;53.1;0.0;769723.0;compra_cartera;TRUE
CAND-01561;29/06/24;36;H;961851.0;21;66609.0;5;0.336;3;TRUE;703.0;0.708;0.967;80.6;0.0;860594.0;avance_efectivo;TRUE
CAND-00943;29/06/24;48;H;3164009.0;3;8065.0;2;0.317;1;FALSE;;0.923;0.576;60.8;0.0;375973.0;libre_inversion;TRUE
CAND-00254;29/06/24;33;M;831888.0;23;55122.0;7;0.557;1;FALSE;;0.678;0.735;34.3;0.0;596074.0;compra_cartera;TRUE
CAND-02583;29/06/24;31;M;1209263.0;9;10714.0;5;0.61;4;TRUE;578.0;0.765;0.774;62.2;0.0;331600.0;libre_inversion;TRUE
CAND-01107;29/06/24;38;M;1895718.0;23;11237.0;8;0.292;2;FALSE;;0.757;0.506;33.1;0.0;899280.0;avance_efectivo;TRUE
CAND-01568;29/06/24;37;M;1041517.0;14;50159.0;7;0.539;2;FALSE;;0.666;0.703;53.3;0.0;737621.0;compra_cartera;TRUE
CAND-00816;29/06/24;37;H;1362086.0;18;40177.0;9;0.853;2;FALSE;;0.741;0.838;54.8;0.0;167684.0;avance_efectivo;TRUE
CAND-00729;30/06/24;42;M;1945370.0;34;50220.0;9;0.541;3;FALSE;;0.881;0.924;53.7;0.0;220756.0;libre_inversion;TRUE
CAND-01254;30/06/24;18;H;1817955.0;9;50517.0;3;0.715;3;TRUE;503.0;0.59;;62.1;0.0;803840.0;libre_inversion;TRUE
CAND-01937;30/06/24;37;M;24.082.362.260.420.200;1;38821.0;1;0.902;1;FALSE;;0.694;0.867;60.0;0.0;281138.0;libre_inversion;TRUE
CAND-02468;30/06/24;53;H;523794.0;14;52736.0;5;0.424;3;TRUE;737.0;0.907;0.258;22.5;0.0;204867.0;libre_inversion;TRUE
CAND-02492;30/06/24;32;M;932422.0;32;31667.0;15;0.04;2;TRUE;593.0;0.777;0.888;57.0;0.0;1857594.0;libre_inversion;TRUE
CAND-02800;30/06/24;28;M;1049685.0;17;30335.0;17;0.502;1;FALSE;;0.68;0.96;43.2;0.0;382384.0;avance_efectivo;TRUE
CAND-00467;30/06/24;26;M;1173634.0;44;42245.0;21;0.388;1;FALSE;;0.827;;15.2;0.0;814911.0;libre_inversion;TRUE
CAND-01728;30/06/24;57;M;1674118.0;32;50496.0;13;0.59;3;TRUE;768.0;0.685;0.633;46.8;0.0;833486.0;libre_inversion;TRUE
CAND-02273;30/06/24;18;H;1806179.0;6;116983.0;3;0.802;1;FALSE;;0.478;0.791;57.1;0.0;357135.0;libre_inversion;TRUE
CAND-02017;30/06/24;22;H;1308318.0;10;20302.0;2;0.842;1;TRUE;653.0;0.924;;63.1;0.0;1026512.0;compra_cartera;TRUE
CAND-01967;30/06/24;41;M;2106935.0;10;24200.0;5;0.367;2;FALSE;;0.585;0.83;44.1;0.0;361022.0;libre_inversion;TRUE
CAND-02867;30/06/24;31;M;2554797.0;8;42547.0;3;0.915;4;TRUE;726.0;0.834;0.256;99.3;0.0;611026.0;avance_efectivo;TRUE
CAND-02489;1/07/24;32;M;1645807.0;21;51687.0;10;0.098;1;FALSE;;0.779;0.882;53.7;0.0;383884.0;avance_efectivo;TRUE
CAND-02435;1/07/24;38;M;589565.0;6;12239.0;1;0.444;2;FALSE;;0.505;0.89;37.9;0.0;566638.0;avance_efectivo;TRUE
CAND-00230;1/07/24;20;H;1331816.0;19;38815.0;7;0.318;1;FALSE;;0.93;0.814;35.6;0.0;430163.0;compra_cartera;TRUE
CAND-01671;1/07/24;45;H;792476.0;5;100633.0;1;0.527;1;TRUE;605.0;0.684;0.904;20.3;0.0;258676.0;compra_cartera;TRUE
CAND-01108;1/07/24;49;H;1425405.0;23;18057.0;12;0.642;2;TRUE;466.0;0.905;0.83;44.4;0.0;366896.0;avance_efectivo;TRUE
CAND-02089;1/07/24;18;H;903356.0;10;5383.0;2;0.161;2;TRUE;719.0;0.778;0.686;62.9;0.0;1715280.0;libre_inversion;TRUE
CAND-01102;1/07/24;49;M;1234215.0;45;35349.0;16;0.22;1;FALSE;;0.456;0.59;43.6;0.0;229560.0;avance_efectivo;TRUE
CAND-00439;2/07/24;42;M;1047474.0;12;58991.0;6;0.411;5;FALSE;;0.565;0.627;42.8;0.0;821768.0;libre_inversion;TRUE
CAND-00963;2/07/24;45;H;1507964.0;57;12468.0;29;0.256;2;FALSE;;0.843;0.443;50.5;0.0;749743.0;libre_inversion;TRUE
CAND-02553;2/07/24;18;M;1209646.0;2;55301.0;1;0.31;1;TRUE;533.0;0.644;0.533;45.0;0.0;311041.0;libre_inversion;TRUE
CAND-01627;2/07/24;35;H;976393.0;2;15988.0;1;0.262;1;TRUE;635.0;0.907;0.793;46.1;0.0;510463.0;libre_inversion;TRUE
CAND-01609;2/07/24;32;NB;703236.0;2;70609.0;3;0.42;2;FALSE;;0.975;0.87;48.5;0.0;655876.0;compra_cartera;TRUE
CAND-01271;2/07/24;39;H;328279.0;3;113953.0;2;0.183;4;TRUE;645.0;0.828;0.806;56.1;0.0;107540.0;libre_inversion;TRUE
CAND-02942;2/07/24;46;M;959875.0;30;15212.0;12;0.731;5;FALSE;;0.714;0.826;67.4;0.0;744265.0;avance_efectivo;TRUE
CAND-02496;2/07/24;25;M;1531432.0;1;15867.0;1;0.787;4;FALSE;;0.624;0.911;48.7;0.0;572585.0;libre_inversion;TRUE
CAND-00678;2/07/24;36;M;1531168.0;16;9417.0;12;0.604;1;TRUE;698.0;0.89;0.702;49.4;0.0;496891.0;libre_inversion;TRUE
CAND-01994;2/07/24;43;H;1122197.0;9;34522.0;2;0.558;3;TRUE;755.0;0.709;0.708;53.0;0.0;573415.0;libre_inversion;TRUE
CAND-00663;2/07/24;22;M;1372037.0;25;63199.0;20;0.195;4;TRUE;583.0;0.916;0.566;55.8;0.0;248494.0;libre_inversion;TRUE
CAND-02430;2/07/24;41;H;626041.0;21;28749.0;8;0.408;1;FALSE;;0.675;0.714;56.8;0.0;1392409.0;compra_cartera;TRUE
CAND-02283;3/07/24;50;M;1405473.0;4;25984.0;1;0.397;3;FALSE;;0.944;0.861;60.0;0.0;808519.0;libre_inversion;TRUE
CAND-01523;3/07/24;21;H;746087.0;8;27975.0;7;0.28;2;FALSE;;0.807;0.743;87.9;0.0;639919.0;compra_cartera;TRUE
CAND-00453;3/07/24;23;H;1458280.0;11;49058.0;5;0.482;4;TRUE;757.0;0.631;0.675;64.5;0.0;472875.0;libre_inversion;TRUE
CAND-00949;3/07/24;26;H;628119.0;12;83165.0;6;0.352;2;FALSE;;0.643;0.827;33.2;0.0;739260.0;libre_inversion;TRUE
CAND-00382;4/07/24;49;M;1297362.0;2;37701.0;0;0.269;2;TRUE;699.0;0.73;0.651;33.5;0.0;1485848.0;libre_inversion;TRUE
CAND-02509;4/07/24;29;M;1400991.0;4;3245.0;0;0.17;4;FALSE;;0.55;0.874;53.2;0.0;291566.0;compra_cartera;TRUE
CAND-02513;4/07/24;38;M;1380189.0;19;40538.0;12;0.198;3;FALSE;;0.563;0.66;73.4;0.0;429834.0;avance_efectivo;TRUE
CAND-02961;4/07/24;33;M;1574810.0;20;16017.0;8;0.755;3;TRUE;728.0;0.779;0.85;24.5;0.0;348641.0;avance_efectivo;TRUE
CAND-02823;4/07/24;31;H;1100633.0;37;5870.0;28;0.075;4;FALSE;;0.592;0.604;39.0;0.0;724729.0;avance_efectivo;TRUE
CAND-00881;4/07/24;48;H;518117.0;7;52397.0;2;0.256;1;FALSE;;0.494;0.765;22.8;0.0;165565.0;avance_efectivo;TRUE
CAND-00992;4/07/24;45;M;2528788.0;2;83955.0;1;0.026;1;TRUE;430.0;0.637;0.664;70.4;0.0;506939.0;libre_inversion;TRUE
CAND-02420;4/07/24;36;M;529633.0;6;68986.0;2;0.634;1;FALSE;;0.79;0.841;58.8;0.0;793273.0;libre_inversion;TRUE
CAND-02455;4/07/24;27;H;969537.0;29;25947.0;12;0.185;1;TRUE;698.0;0.977;0.464;16.5;0.0;1640231.0;avance_efectivo;TRUE
CAND-01801;4/07/24;34;H;2022920.0;2;52557.0;0;0.572;5;FALSE;;;0.81;41.4;0.0;762968.0;libre_inversion;TRUE
CAND-01379;4/07/24;46;M;1691813.0;5;107384.0;4;0.487;1;TRUE;687.0;0.792;0.835;26.1;26368.0;825149.0;libre_inversion;TRUE
CAND-01219;5/07/24;21;M;643919.0;3;30852.0;1;0.41;5;FALSE;;0.616;0.775;38.5;0.0;330510.0;compra_cartera;TRUE
CAND-01688;5/07/24;28;H;918002.0;3;20406.0;1;0.249;1;FALSE;;0.708;0.95;67.8;0.0;588977.0;compra_cartera;TRUE
CAND-01031;5/07/24;42;H;3215264.0;13;46437.0;5;0.327;1;FALSE;;0.625;0.653;57.4;0.0;728452.0;libre_inversion;TRUE
CAND-02837;5/07/24;20;M;2399117.0;6;1994.0;5;0.393;3;TRUE;725.0;0.862;0.874;56.3;0.0;618694.0;libre_inversion;FALSE
CAND-01410;5/07/24;21;H;549933.0;38;78443.0;20;0.657;1;TRUE;533.0;0.872;0.683;20.9;0.0;612798.0;avance_efectivo;TRUE
CAND-01961;5/07/24;32;NB;1166630.0;1;66383.0;0;0.102;2;TRUE;538.0;0.746;0.568;28.8;0.0;1203515.0;libre_inversion;TRUE
CAND-01023;5/07/24;24;M;1410736.0;5;73412.0;5;0.195;2;TRUE;610.0;0.418;0.394;1.3;0.0;542995.0;avance_efectivo;FALSE
CAND-01526;5/07/24;45;H;2070052.0;13;14623.0;7;0.303;3;FALSE;;0.566;0.689;47.9;0.0;477218.0;avance_efectivo;TRUE
CAND-00886;5/07/24;26;H;1659944.0;12;49035.0;3;0.408;5;TRUE;679.0;0.703;0.871;31.9;0.0;1087164.0;libre_inversion;TRUE
CAND-01323;5/07/24;58;H;1271114.0;39;30642.0;28;0.604;1;FALSE;;0.931;0.556;63.5;0.0;843328.0;libre_inversion;FALSE
CAND-01951;6/07/24;28;H;10.439.683.349.779.600;14;11742.0;4;0.547;2;FALSE;;0.698;0.705;83.5;0.0;1246695.0;libre_inversion;FALSE
CAND-01615;6/07/24;18;H;1271557.0;4;40633.0;5;0.436;3;FALSE;;0.725;;31.2;0.0;274127.0;libre_inversion;TRUE
CAND-00094;6/07/24;35;H;1344604.0;13;105897.0;7;0.318;3;TRUE;644.0;0.594;0.682;22.9;0.0;739951.0;avance_efectivo;TRUE
CAND-01969;6/07/24;27;M;1472892.0;15;29167.0;5;0.784;1;FALSE;;0.745;;35.3;0.0;298378.0;compra_cartera;TRUE
CAND-01007;6/07/24;21;H;547352.0;41;52372.0;29;0.32;1;FALSE;;0.735;0.744;76.1;0.0;400506.0;libre_inversion;TRUE
CAND-00137;6/07/24;36;H;740974.0;16;27960.0;7;0.57;2;TRUE;705.0;0.909;;40.6;13273.0;263794.0;libre_inversion;TRUE
CAND-00888;6/07/24;18;H;2086302.0;15;34969.0;3;0.339;2;TRUE;759.0;0.82;0.728;47.2;0.0;703451.0;avance_efectivo;TRUE
CAND-02850;6/07/24;39;H;1145532.0;9;124958.0;5;0.229;1;FALSE;;0.9;0.713;20.2;0.0;442048.0;avance_efectivo;TRUE
CAND-01217;6/07/24;36;H;828589.0;9;13082.0;5;0.531;4;FALSE;;0.748;0.882;41.3;0.0;139541.0;libre_inversion;TRUE
CAND-00315;6/07/24;45;H;356684.0;28;50295.0;13;0.399;1;FALSE;;0.698;0.924;35.2;9435.0;279906.0;libre_inversion;TRUE
CAND-01062;7/07/24;34;H;902142.0;9;77868.0;8;0.617;3;TRUE;659.0;0.722;0.547;61.2;0.0;375739.0;avance_efectivo;TRUE
CAND-02945;7/07/24;43;H;886415.0;19;6469.0;10;0.439;2;FALSE;;0.942;0.714;73.9;0.0;245497.0;libre_inversion;TRUE
CAND-02516;7/07/24;36;M;1269035.0;38;16234.0;19;0.361;2;TRUE;599.0;0.476;0.8;66.7;0.0;984171.0;libre_inversion;TRUE
CAND-02326;7/07/24;42;H;1102411.0;16;23502.0;9;0.124;1;TRUE;833.0;0.881;0.739;96.6;0.0;1185538.0;compra_cartera;TRUE
CAND-01987;8/07/24;42;H;995923.0;1;47997.0;1;0.58;2;FALSE;;0.729;0.734;47.1;0.0;1000217.0;libre_inversion;TRUE
CAND-00694;8/07/24;18;M;667364.0;12;67404.0;3;0.49;4;FALSE;;0.822;0.831;13.0;0.0;1901909.0;libre_inversion;TRUE
CAND-02391;8/07/24;47;M;947485.0;20;67714.0;6;0.319;2;TRUE;468.0;0.628;0.736;63.9;0.0;251938.0;avance_efectivo;TRUE
CAND-00933;8/07/24;27;NB;647747.0;2;46534.0;0;0.35;2;TRUE;616.0;0.962;0.416;62.3;0.0;472545.0;libre_inversion;TRUE
CAND-01820;8/07/24;43;NB;1407614.0;9;104023.0;3;0.227;2;TRUE;694.0;0.902;0.782;59.5;0.0;946694.0;libre_inversion;TRUE
CAND-02725;8/07/24;31;H;596978.0;4;89551.0;4;0.187;1;TRUE;528.0;0.49;0.755;21.7;0.0;1026671.0;avance_efectivo;TRUE
CAND-01938;8/07/24;34;M;20.612.962.232.483.400;22;39971.0;11;0.526;1;FALSE;;0.679;0.821;65.5;0.0;140815.0;avance_efectivo;TRUE
CAND-01657;8/07/24;42;H;1430062.0;10;87702.0;3;0.28;1;FALSE;;0.525;0.88;71.5;0.0;1508120.0;compra_cartera;TRUE
CAND-00278;8/07/24;21;H;1403907.0;3;71917.0;1;0.204;2;TRUE;617.0;0.557;0.456;39.3;0.0;631742.0;compra_cartera;TRUE
CAND-00196;9/07/24;26;H;506839.0;3;19929.0;2;0.547;3;TRUE;709.0;;0.574;69.7;0.0;482546.0;libre_inversion;TRUE
CAND-01793;9/07/24;34;M;700382.0;10;62650.0;1;0.089;1;FALSE;;0.856;0.757;9.3;0.0;408869.0;libre_inversion;TRUE
CAND-01337;9/07/24;33;M;1454413.0;8;20623.0;4;0.433;1;TRUE;682.0;0.846;0.521;41.2;0.0;1036354.0;libre_inversion;TRUE
CAND-01367;9/07/24;18;M;2208070.0;60;44408.0;33;0.219;2;FALSE;;0.654;0.726;39.6;0.0;787110.0;avance_efectivo;TRUE
CAND-02760;9/07/24;36;M;776329.0;39;13761.0;21;0.387;1;TRUE;744.0;0.407;0.308;46.9;0.0;1169524.0;libre_inversion;TRUE
CAND-01229;9/07/24;32;H;1031203.0;7;137449.0;5;0.101;2;TRUE;653.0;0.934;0.908;48.1;0.0;271662.0;libre_inversion;TRUE
CAND-02864;9/07/24;55;M;1192831.0;5;13531.0;1;0.271;4;FALSE;;0.775;0.875;70.1;0.0;1726565.0;compra_cartera;TRUE
CAND-01678;9/07/24;32;M;1478266.0;3;39351.0;2;0.286;2;TRUE;679.0;0.709;0.881;49.2;0.0;679456.0;libre_inversion;TRUE
CAND-02970;9/07/24;27;H;344459.0;1;13471.0;0;0.439;4;FALSE;;0.977;0.638;73.6;0.0;1511073.0;libre_inversion;TRUE
CAND-02590;9/07/24;28;NB;1339734.0;6;59896.0;0;0.629;1;FALSE;;0.882;0.929;71.4;0.0;509931.0;compra_cartera;TRUE
CAND-01293;9/07/24;26;M;1198808.0;35;99616.0;19;0.713;3;TRUE;660.0;0.869;0.58;58.5;0.0;656744.0;libre_inversion;TRUE
CAND-02690;10/07/24;28;H;560859.0;19;28368.0;12;0.325;1;TRUE;656.0;0.484;0.801;45.5;0.0;595651.0;libre_inversion;TRUE
CAND-00473;10/07/24;21;H;962661.0;14;41468.0;5;0.228;1;TRUE;682.0;0.71;0.758;38.2;0.0;531980.0;libre_inversion;TRUE
CAND-00081;10/07/24;24;M;1983933.0;3;66001.0;3;0.482;2;TRUE;665.0;0.423;0.927;77.1;0.0;1002810.0;avance_efectivo;TRUE
CAND-02647;10/07/24;29;M;918087.0;10;64944.0;10;0.497;1;FALSE;;;0.844;85.4;0.0;839815.0;compra_cartera;TRUE
CAND-02110;10/07/24;26;H;1975934.0;1;53443.0;1;0.609;1;TRUE;560.0;0.751;0.904;0.0;0.0;965956.0;libre_inversion;TRUE
CAND-02284;10/07/24;36;M;863715.0;40;49645.0;21;0.626;2;FALSE;;0.921;0.802;88.2;0.0;1451519.0;compra_cartera;TRUE
CAND-00537;10/07/24;39;H;1109423.0;23;71688.0;11;0.302;1;TRUE;616.0;0.82;0.8;44.7;0.0;158150.0;compra_cartera;TRUE
CAND-02197;10/07/24;37;M;2249800.0;16;37930.0;9;0.394;4;TRUE;678.0;0.642;0.62;44.8;0.0;599935.0;libre_inversion;TRUE
CAND-02291;11/07/24;23;H;659385.0;26;25967.0;17;0.138;2;FALSE;;0.869;0.663;45.3;0.0;265042.0;avance_efectivo;FALSE
CAND-02817;11/07/24;30;H;1112852.0;12;35051.0;5;0.325;4;FALSE;;;0.695;53.6;0.0;656506.0;compra_cartera;TRUE
CAND-02798;11/07/24;47;H;1614700.0;1;42379.0;1;0.826;3;TRUE;596.0;0.919;0.813;10.0;0.0;755214.0;libre_inversion;TRUE
CAND-01979;11/07/24;42;H;1089354.0;3;129150.0;0;0.493;1;FALSE;;0.972;0.606;77.9;0.0;448725.0;avance_efectivo;TRUE
CAND-00321;11/07/24;20;M;1862622.0;15;199487.0;4;0.103;1;FALSE;;;0.788;66.1;0.0;613912.0;avance_efectivo;TRUE
CAND-00181;11/07/24;32;H;1682333.0;6;26011.0;3;0.357;3;FALSE;;0.879;0.636;49.2;0.0;779406.0;libre_inversion;TRUE
CAND-01648;11/07/24;41;H;1420050.0;21;28136.0;13;0.73;2;FALSE;;0.736;0.785;47.7;0.0;501755.0;libre_inversion;TRUE
CAND-00171;11/07/24;51;H;553673.0;1;86450.0;1;0.331;3;TRUE;676.0;0.855;0.747;67.2;0.0;633496.0;compra_cartera;TRUE
CAND-01792;12/07/24;38;H;2449754.0;2;58342.0;2;0.674;1;FALSE;;0.361;0.749;77.6;0.0;145838.0;libre_inversion;TRUE
CAND-00848;12/07/24;45;M;960731.0;8;60874.0;3;0.146;5;FALSE;;0.637;0.508;48.4;0.0;396003.0;libre_inversion;TRUE
CAND-00408;12/07/24;25;H;906228.0;17;44169.0;3;0.376;1;TRUE;715.0;0.48;0.821;42.8;0.0;440586.0;libre_inversion;TRUE
CAND-02201;12/07/24;43;M;2983344.0;4;41009.0;3;0.174;2;FALSE;;0.798;0.883;56.3;0.0;520766.0;avance_efectivo;TRUE
CAND-02210;12/07/24;57;H;606218.0;1;18101.0;1;0.567;3;FALSE;;0.874;0.696;39.7;0.0;1061673.0;compra_cartera;TRUE
CAND-02312;12/07/24;36;H;896342.0;3;34692.0;3;0.618;3;FALSE;;0.935;0.859;49.2;0.0;1072683.0;libre_inversion;TRUE
CAND-00617;12/07/24;47;H;1144815.0;8;38254.0;3;0.434;3;FALSE;;0.608;0.852;45.6;0.0;970892.0;libre_inversion;TRUE
CAND-01486;12/07/24;38;M;1334465.0;22;84327.0;13;0.635;3;FALSE;;0.851;;28.3;0.0;309022.0;libre_inversion;TRUE
CAND-00897;12/07/24;40;M;1056796.0;4;117717.0;0;0.428;4;TRUE;503.0;0.736;0.679;43.9;0.0;434075.0;libre_inversion;TRUE
CAND-00187;12/07/24;38;M;1177797.0;6;56546.0;6;0.393;2;FALSE;;0.643;0.492;28.2;0.0;818285.0;avance_efectivo;TRUE
CAND-02390;13/07/24;44;M;922355.0;17;81041.0;6;0.414;3;FALSE;;;0.869;58.1;0.0;794069.0;libre_inversion;TRUE
CAND-01499;13/07/24;33;H;804967.0;3;72058.0;1;0.239;3;TRUE;671.0;0.908;0.624;31.9;0.0;443369.0;compra_cartera;TRUE
CAND-00413;13/07/24;33;H;1622428.0;3;32102.0;1;0.825;5;TRUE;711.0;0.97;0.886;45.9;0.0;1326780.0;compra_cartera;TRUE
CAND-02038;13/07/24;23;H;1525169.0;11;20808.0;4;0.34;5;FALSE;;;0.856;54.6;0.0;577436.0;compra_cartera;TRUE
CAND-02687;14/07/24;38;H;758565.0;6;17556.0;4;0.15;3;FALSE;;0.741;0.883;20.9;0.0;445219.0;compra_cartera;TRUE
CAND-01478;14/07/24;23;M;1614727.0;16;13614.0;8;0.259;4;TRUE;720.0;0.709;0.784;62.2;0.0;682656.0;compra_cartera;TRUE
CAND-01901;14/07/24;27;M;1163919.0;14;28988.0;5;0.278;2;FALSE;;0.802;0.505;39.2;0.0;281185.0;libre_inversion;TRUE
CAND-00260;14/07/24;28;H;1367886.0;39;47402.0;17;0.68;3;FALSE;;0.894;0.351;70.4;0.0;363811.0;compra_cartera;TRUE
CAND-01355;14/07/24;37;H;1079460.0;40;17062.0;22;0.189;3;FALSE;;0.692;0.563;73.8;22153.0;484736.0;compra_cartera;TRUE
CAND-00189;14/07/24;22;NB;1136305.0;2;21470.0;1;0.319;1;TRUE;588.0;;0.698;90.0;0.0;455468.0;compra_cartera;TRUE
CAND-01156;14/07/24;49;H;1309166.0;24;16457.0;15;0.324;1;TRUE;735.0;0.772;;46.3;0.0;592777.0;compra_cartera;TRUE
CAND-02158;14/07/24;33;H;1307573.0;29;51040.0;16;0.157;2;FALSE;;0.587;0.911;63.2;0.0;455594.0;avance_efectivo;TRUE
CAND-00567;14/07/24;37;H;594427.0;16;16474.0;10;0.496;1;FALSE;;;0.717;58.6;0.0;479180.0;libre_inversion;TRUE
CAND-01110;14/07/24;18;H;1023726.0;6;53061.0;5;0.634;3;TRUE;566.0;0.745;0.693;37.7;0.0;742284.0;libre_inversion;TRUE
CAND-01273;14/07/24;35;M;1393805.0;1;24145.0;1;0.425;3;FALSE;;0.822;0.967;58.2;0.0;552350.0;avance_efectivo;TRUE
CAND-01756;14/07/24;35;M;484368.0;8;39335.0;5;0.785;3;TRUE;756.0;0.941;0.766;43.5;0.0;574732.0;libre_inversion;TRUE
CAND-01576;15/07/24;29;H;902659.0;30;64751.0;9;0.464;2;TRUE;818.0;0.642;0.543;27.4;0.0;519069.0;libre_inversion;TRUE
CAND-01624;15/07/24;20;H;2042352.0;23;21399.0;10;0.345;4;TRUE;555.0;0.557;0.971;37.2;0.0;566608.0;libre_inversion;TRUE
CAND-01416;15/07/24;41;M;1791095.0;1;11044.0;0;0.564;2;FALSE;;0.834;0.585;32.6;0.0;542038.0;avance_efectivo;TRUE
CAND-02376;15/07/24;47;M;1223080.0;1;105354.0;1;0.166;3;TRUE;682.0;0.654;0.877;75.5;0.0;589989.0;libre_inversion;TRUE
CAND-00121;15/07/24;25;M;1936022.0;7;108664.0;2;0.471;4;TRUE;706.0;0.871;0.782;59.2;0.0;529004.0;libre_inversion;TRUE
CAND-02412;15/07/24;41;M;1195478.0;21;84966.0;10;0.236;1;FALSE;;0.772;0.547;32.6;0.0;693197.0;libre_inversion;TRUE
CAND-01117;15/07/24;33;M;1251404.0;6;18292.0;3;0.232;3;FALSE;;0.71;0.736;41.3;0.0;441633.0;avance_efectivo;TRUE
CAND-00308;15/07/24;29;M;2184222.0;2;35789.0;3;0.148;3;FALSE;;0.75;0.552;89.6;0.0;163946.0;avance_efectivo;FALSE
CAND-01126;15/07/24;32;M;1923003.0;13;36543.0;9;0.293;2;FALSE;;0.691;0.455;28.0;0.0;496068.0;libre_inversion;TRUE
CAND-00089;15/07/24;31;M;1717658.0;15;46881.0;8;0.153;1;TRUE;665.0;0.789;0.922;40.4;0.0;574314.0;libre_inversion;TRUE
CAND-02806;15/07/24;48;H;703683.0;19;86418.0;9;0.675;3;FALSE;;0.887;0.664;68.5;0.0;261140.0;libre_inversion;TRUE
CAND-02657;15/07/24;22;M;405103.0;18;15272.0;9;0.334;2;FALSE;;0.884;0.942;47.9;0.0;223137.0;libre_inversion;TRUE
CAND-02285;15/07/24;39;H;2423672.0;1;50343.0;1;0.264;3;FALSE;;0.935;0.708;44.5;0.0;473489.0;libre_inversion;TRUE
CAND-00343;16/07/24;18;H;1042883.0;1;59836.0;1;0.865;3;TRUE;573.0;0.393;0.935;21.8;0.0;850512.0;libre_inversion;TRUE
CAND-01238;16/07/24;37;H;1119433.0;4;48885.0;0;0.747;3;TRUE;690.0;0.716;0.931;84.9;0.0;1113596.0;libre_inversion;TRUE
CAND-02040;16/07/24;25;H;2081403.0;3;63372.0;0;0.277;1;FALSE;;0.851;0.601;19.2;0.0;513268.0;libre_inversion;TRUE
CAND-02497;16/07/24;50;M;2195003.0;19;60930.0;9;0.398;1;FALSE;;0.859;0.667;32.9;0.0;1275088.0;libre_inversion;TRUE
CAND-00225;16/07/24;23;M;762810.0;1;35506.0;0;0.524;1;TRUE;423.0;0.702;0.724;53.6;0.0;276713.0;avance_efectivo;TRUE
CAND-01213;16/07/24;40;M;890513.0;60;76847.0;30;0.154;1;FALSE;;0.862;;64.2;0.0;728195.0;libre_inversion;TRUE
CAND-00797;16/07/24;33;M;651764.0;17;39709.0;6;0.56;1;TRUE;635.0;0.716;0.902;70.2;0.0;1319284.0;libre_inversion;TRUE
CAND-01592;16/07/24;52;M;878619.0;3;26702.0;1;0.647;1;FALSE;;0.675;;43.5;0.0;412939.0;libre_inversion;TRUE
CAND-00072;16/07/24;28;M;1258889.0;1;70886.0;2;0.262;3;FALSE;;0.84;0.906;54.6;0.0;838783.0;compra_cartera;TRUE
CAND-02043;16/07/24;36;H;2193053.0;21;25203.0;6;0.454;3;TRUE;698.0;0.719;0.458;66.7;0.0;1301009.0;avance_efectivo;TRUE
CAND-00098;16/07/24;34;M;1425838.0;10;60113.0;3;0.219;2;TRUE;585.0;0.685;0.687;64.6;0.0;880899.0;libre_inversion;TRUE
CAND-02379;16/07/24;50;M;1040449.0;60;102059.0;35;0.493;2;FALSE;;0.907;0.55;24.1;0.0;689232.0;compra_cartera;TRUE
CAND-02572;16/07/24;26;H;834285.0;11;145214.0;6;0.343;2;TRUE;789.0;0.749;0.219;55.2;0.0;100000.0;libre_inversion;TRUE
CAND-02331;17/07/24;34;M;1018742.0;9;34316.0;5;0.307;2;FALSE;;0.895;0.519;28.3;0.0;319880.0;compra_cartera;TRUE
CAND-01490;17/07/24;44;NB;1869643.0;23;48217.0;6;0.594;1;TRUE;718.0;0.867;0.819;45.5;0.0;238615.0;avance_efectivo;TRUE
CAND-00411;17/07/24;29;M;708427.0;11;10047.0;3;0.365;3;FALSE;;;0.418;52.1;0.0;649090.0;compra_cartera;TRUE
CAND-02739;17/07/24;33;M;1718474.0;12;108884.0;4;0.244;4;TRUE;651.0;0.63;;77.6;0.0;913726.0;libre_inversion;FALSE
CAND-02246;18/07/24;49;H;878201.0;34;76396.0;9;0.29;1;TRUE;563.0;0.974;0.555;74.0;0.0;340280.0;avance_efectivo;FALSE
CAND-02231;18/07/24;58;M;930031.0;6;124369.0;3;0.253;2;FALSE;;0.849;0.768;53.9;0.0;1332298.0;libre_inversion;TRUE
CAND-01855;18/07/24;43;M;1114112.0;30;35594.0;25;0.302;2;TRUE;857.0;0.542;0.432;70.9;0.0;304326.0;libre_inversion;TRUE
CAND-00421;18/07/24;43;H;1757011.0;5;21292.0;2;0.666;3;FALSE;;0.812;0.851;55.6;0.0;437898.0;compra_cartera;TRUE
CAND-02683;18/07/24;19;M;825706.0;29;55660.0;17;0.605;3;FALSE;;0.809;0.703;23.4;0.0;343287.0;compra_cartera;TRUE
CAND-02177;18/07/24;19;M;1407678.0;58;22193.0;17;0.345;2;TRUE;614.0;0.863;0.93;85.9;15146.0;600488.0;libre_inversion;TRUE
CAND-01078;18/07/24;27;M;685678.0;23;32050.0;14;0.628;2;FALSE;;0.941;0.79;53.0;0.0;1101182.0;libre_inversion;TRUE
CAND-02871;18/07/24;36;NB;652393.0;6;27347.0;4;0.51;1;FALSE;;0.886;0.918;23.5;0.0;296822.0;libre_inversion;TRUE
CAND-00246;18/07/24;39;H;813380.0;19;46359.0;11;0.42;4;TRUE;641.0;0.612;0.686;63.7;0.0;1226784.0;compra_cartera;TRUE
CAND-00077;18/07/24;26;M;1456766.0;22;52260.0;11;0.537;3;FALSE;;0.814;0.636;36.4;0.0;1571406.0;compra_cartera;TRUE
CAND-00402;18/07/24;31;H;1039268.0;9;78730.0;4;0.286;1;FALSE;;0.549;0.811;36.4;0.0;903841.0;avance_efectivo;TRUE
CAND-00843;19/07/24;41;H;2038103.0;7;19426.0;2;0.596;3;TRUE;716.0;0.776;0.754;45.4;0.0;295188.0;libre_inversion;TRUE
CAND-02185;19/07/24;35;H;1185910.0;2;65572.0;0;0.591;3;TRUE;730.0;0.888;0.694;42.1;0.0;347294.0;compra_cartera;TRUE
CAND-02488;19/07/24;29;H;413637.0;2;28882.0;0;0.319;2;FALSE;;0.733;0.808;27.1;0.0;553151.0;compra_cartera;TRUE
CAND-00273;19/07/24;28;H;895578.0;8;37994.0;5;0.358;3;FALSE;;0.771;0.72;43.2;0.0;724063.0;libre_inversion;TRUE
CAND-01791;19/07/24;18;M;2205381.0;1;28416.0;1;0.528;4;TRUE;458.0;0.812;0.731;37.0;0.0;311992.0;compra_cartera;TRUE
CAND-01020;19/07/24;51;M;851360.0;8;85900.0;5;0.316;1;TRUE;628.0;0.883;0.822;43.7;0.0;254900.0;avance_efectivo;TRUE
CAND-00346;19/07/24;18;M;1184261.0;8;123600.0;5;0.604;1;TRUE;658.0;0.531;0.952;33.2;0.0;474918.0;libre_inversion;TRUE
CAND-01591;19/07/24;35;H;1058647.0;28;52012.0;19;0.495;2;FALSE;;0.924;0.563;74.6;0.0;697458.0;avance_efectivo;TRUE
CAND-01835;19/07/24;39;M;1457702.0;2;23492.0;0;0.395;3;FALSE;;0.728;0.983;54.7;0.0;363582.0;libre_inversion;TRUE
CAND-00096;19/07/24;35;M;1591467.0;8;20219.0;2;0.515;3;TRUE;635.0;0.503;0.622;26.5;0.0;810867.0;compra_cartera;TRUE
CAND-02903;19/07/24;40;M;876559.0;16;24874.0;6;0.072;5;FALSE;;0.825;0.649;89.5;0.0;292512.0;libre_inversion;TRUE
CAND-00266;19/07/24;18;H;1677601.0;6;29518.0;3;0.259;2;TRUE;753.0;0.775;0.88;38.6;0.0;571554.0;compra_cartera;TRUE
CAND-01265;19/07/24;43;M;2197941.0;17;23535.0;4;0.256;1;TRUE;629.0;0.869;0.823;68.7;0.0;1253713.0;libre_inversion;TRUE
CAND-02885;20/07/24;43;H;1557805.0;1;13916.0;2;0.296;5;FALSE;;0.895;0.502;64.6;0.0;823142.0;compra_cartera;TRUE
CAND-00968;20/07/24;52;H;1050167.0;4;26986.0;1;0.594;1;TRUE;508.0;0.612;0.493;40.7;16977.0;403512.0;compra_cartera;TRUE
CAND-00683;20/07/24;49;H;1026972.0;7;28228.0;4;0.662;1;TRUE;659.0;0.866;0.72;76.4;0.0;891391.0;compra_cartera;TRUE
CAND-01736;20/07/24;40;H;1108151.0;6;106602.0;2;0.274;1;FALSE;;0.74;0.817;42.3;0.0;602181.0;libre_inversion;TRUE
CAND-02689;20/07/24;49;H;671798.0;8;13016.0;3;0.78;2;TRUE;728.0;0.915;0.522;75.0;0.0;1228242.0;avance_efectivo;TRUE
CAND-00867;20/07/24;31;M;1087545.0;18;61513.0;10;0.296;3;FALSE;;0.817;0.708;55.0;0.0;1241084.0;libre_inversion;TRUE
CAND-00831;20/07/24;48;H;2093864.0;8;88926.0;4;0.185;3;FALSE;;0.748;0.532;49.3;0.0;242681.0;libre_inversion;TRUE
CAND-02891;20/07/24;31;H;2243391.0;2;32246.0;0;0.122;1;FALSE;;0.892;0.523;63.6;0.0;538072.0;libre_inversion;TRUE
CAND-02316;20/07/24;33;M;529226.0;5;71461.0;2;0.48;1;FALSE;;0.713;0.801;35.5;0.0;999.0;libre_inversion;TRUE
CAND-00162;21/07/24;40;H;1194992.0;1;23557.0;0;0.352;5;FALSE;;0.755;0.785;16.5;0.0;2026347.0;avance_efectivo;TRUE
CAND-02988;21/07/24;28;NB;2154844.0;1;16980.0;2;0.23;3;FALSE;;0.946;0.749;40.4;0.0;615608.0;compra_cartera;TRUE
CAND-02919;21/07/24;42;H;824590.0;22;37223.0;11;0.239;4;FALSE;;0.715;0.704;55.4;0.0;812309.0;libre_inversion;TRUE
CAND-02534;21/07/24;36;H;1010956.0;1;122912.0;1;0.789;2;TRUE;631.0;0.85;0.916;64.2;0.0;2399806.0;compra_cartera;TRUE
CAND-01957;21/07/24;34;H;1231239.0;6;8228.0;2;0.503;1;FALSE;;0.914;0.36;63.4;0.0;885805.0;libre_inversion;TRUE
CAND-00031;21/07/24;34;M;1205071.0;15;51190.0;7;0.685;4;FALSE;;0.868;0.7;67.0;0.0;268717.0;avance_efectivo;TRUE
CAND-00217;21/07/24;20;M;899814.0;17;26427.0;2;0.247;2;FALSE;;0.899;0.612;36.2;0.0;633671.0;libre_inversion;TRUE
CAND-02205;21/07/24;26;M;1341742.0;1;36017.0;1;0.348;3;FALSE;;0.675;0.738;53.5;0.0;414283.0;avance_efectivo;TRUE
CAND-00344;21/07/24;21;M;1024940.0;11;162934.0;3;0.172;1;TRUE;717.0;0.947;0.921;38.8;0.0;349524.0;libre_inversion;TRUE
CAND-02493;21/07/24;33;H;1265362.0;10;61173.0;3;0.741;2;FALSE;;0.806;0.586;71.7;0.0;726407.0;libre_inversion;TRUE
CAND-01170;21/07/24;39;H;758475.0;4;22162.0;1;0.287;1;TRUE;639.0;0.926;0.666;70.5;0.0;862883.0;avance_efectivo;TRUE
CAND-01882;21/07/24;41;H;771830.0;54;68091.0;35;0.392;2;TRUE;724.0;0.851;0.928;35.0;0.0;925559.0;compra_cartera;TRUE
CAND-00650;21/07/24;24;M;1399003.0;5;10296.0;3;0.476;1;TRUE;538.0;0.817;0.82;70.6;0.0;1749456.0;compra_cartera;TRUE
CAND-00482;22/07/24;25;H;863756.0;8;16409.0;6;0.553;2;TRUE;739.0;0.586;0.658;35.2;0.0;419610.0;libre_inversion;TRUE
CAND-02833;22/07/24;28;H;781301.0;1;51491.0;0;0.518;1;TRUE;629.0;0.684;0.433;20.0;0.0;103318.0;libre_inversion;TRUE
CAND-00883;22/07/24;21;H;1215757.0;8;9643.0;5;0.307;1;FALSE;;0.782;0.915;71.2;0.0;397233.0;avance_efectivo;TRUE
CAND-00144;22/07/24;20;M;1200568.0;14;17115.0;7;0.274;4;FALSE;;0.782;0.702;57.2;0.0;761810.0;libre_inversion;TRUE
CAND-00852;22/07/24;27;H;595769.0;13;23428.0;11;0.066;1;FALSE;;0.539;0.79;30.5;0.0;481788.0;libre_inversion;TRUE
CAND-00342;22/07/24;21;H;2067719.0;1;9194.0;0;0.104;3;TRUE;703.0;;0.462;43.6;0.0;375531.0;libre_inversion;TRUE
CAND-02343;22/07/24;42;M;884589.0;34;61309.0;23;0.407;2;FALSE;;0.771;0.904;66.2;0.0;602260.0;libre_inversion;TRUE
CAND-02078;22/07/24;36;M;911587.0;8;58482.0;7;0.123;3;TRUE;735.0;;0.884;38.6;0.0;342162.0;avance_efectivo;TRUE
CAND-00281;22/07/24;47;H;1192544.0;4;8745.0;3;0.158;2;FALSE;;0.752;0.922;63.9;0.0;526714.0;libre_inversion;TRUE
CAND-00127;22/07/24;37;H;2224391.0;27;8158.0;6;0.663;4;FALSE;;0.652;0.78;61.3;0.0;511571.0;compra_cartera;TRUE
CAND-02665;22/07/24;41;M;878527.0;7;78317.0;7;0.645;2;FALSE;;0.626;;58.4;0.0;551991.0;avance_efectivo;TRUE
CAND-02377;22/07/24;46;H;1265793.0;14;90925.0;3;0.105;4;FALSE;;0.72;0.598;28.2;0.0;306370.0;libre_inversion;TRUE
CAND-00990;23/07/24;51;M;951697.0;8;43974.0;6;0.105;2;FALSE;;0.646;0.647;100.0;0.0;367367.0;avance_efectivo;TRUE
CAND-00721;23/07/24;31;H;949479.0;19;20170.0;9;0.457;3;TRUE;668.0;0.756;0.491;40.9;0.0;637107.0;libre_inversion;TRUE
CAND-00476;23/07/24;28;M;2286058.0;22;41498.0;10;0.244;2;FALSE;;0.48;0.78;13.1;0.0;899.0;compra_cartera;TRUE
CAND-02380;23/07/24;33;H;1499519.0;14;51144.0;5;0.167;3;FALSE;;0.853;0.31;67.2;0.0;497263.0;libre_inversion;TRUE
CAND-02206;23/07/24;61;M;2176679.0;3;30384.0;1;0.81;4;TRUE;638.0;0.796;0.851;33.7;0.0;462614.0;compra_cartera;TRUE
CAND-02685;23/07/24;44;H;1610254.0;9;51653.0;8;0.404;5;TRUE;720.0;;0.793;58.2;0.0;1377869.0;avance_efectivo;TRUE
CAND-01681;23/07/24;32;H;2195083.0;26;31253.0;14;0.645;3;TRUE;575.0;0.888;0.81;48.8;0.0;346920.0;libre_inversion;FALSE
CAND-02630;23/07/24;35;M;1823866.0;6;30270.0;6;0.684;2;TRUE;633.0;0.805;0.631;42.9;0.0;612588.0;compra_cartera;TRUE
CAND-02386;24/07/24;25;M;3906116.0;19;16400.0;5;0.353;2;FALSE;;0.799;0.547;29.1;0.0;240966.0;avance_efectivo;TRUE
CAND-00598;24/07/24;50;H;1993874.0;14;85802.0;8;0.057;4;FALSE;;0.797;0.68;31.9;0.0;263646.0;libre_inversion;TRUE
CAND-00311;24/07/24;44;M;1273774.0;15;8141.0;9;0.274;4;FALSE;;0.807;0.621;24.7;0.0;905781.0;libre_inversion;TRUE
CAND-02571;24/07/24;37;M;751879.0;2;56446.0;0;0.309;1;TRUE;650.0;0.435;0.529;41.0;0.0;1182864.0;libre_inversion;TRUE
CAND-02747;24/07/24;33;H;380190.0;23;58364.0;11;0.188;3;FALSE;;0.856;0.741;53.5;0.0;950544.0;libre_inversion;TRUE
CAND-02938;24/07/24;27;M;567519.0;12;59072.0;4;0.176;1;FALSE;;0.542;0.826;56.1;0.0;528335.0;libre_inversion;TRUE
CAND-02874;25/07/24;33;H;942335.0;20;31707.0;9;0.123;1;TRUE;624.0;0.902;0.821;85.9;0.0;290535.0;avance_efectivo;TRUE
CAND-00950;25/07/24;29;M;780141.0;8;38868.0;6;0.512;5;TRUE;803.0;0.667;0.855;42.4;0.0;978808.0;libre_inversion;TRUE
CAND-02546;25/07/24;41;M;1394835.0;8;10374.0;4;0.072;2;TRUE;581.0;0.603;;14.0;0.0;315901.0;libre_inversion;TRUE
CAND-01594;25/07/24;35;H;1569051.0;41;104887.0;22;0.494;2;FALSE;;0.845;0.886;73.9;0.0;661619.0;avance_efectivo;TRUE
CAND-00600;25/07/24;18;H;2325943.0;31;37191.0;15;0.348;1;TRUE;724.0;0.964;0.916;40.3;0.0;891397.0;libre_inversion;TRUE
CAND-01431;25/07/24;26;H;1354176.0;18;70545.0;12;0.528;1;TRUE;622.0;0.582;0.893;38.8;0.0;821895.0;avance_efectivo;TRUE
CAND-00780;25/07/24;44;M;1401667.0;16;31892.0;12;0.295;1;TRUE;624.0;0.694;0.641;37.9;0.0;1096262.0;libre_inversion;TRUE
CAND-01373;25/07/24;27;H;1210690.0;4;17662.0;4;0.191;3;FALSE;;0.789;0.858;18.9;0.0;1590037.0;libre_inversion;TRUE
CAND-02699;25/07/24;39;M;13.305.325.225.352.400;4;64937.0;1;0.485;3;FALSE;;0.735;0.698;63.0;0.0;1463291.0;avance_efectivo;TRUE
CAND-00237;26/07/24;42;M;1808035.0;20;14438.0;6;0.369;1;TRUE;612.0;0.43;0.595;67.1;0.0;929163.0;avance_efectivo;TRUE
CAND-00508;26/07/24;25;M;1182794.0;16;130695.0;6;0.119;2;TRUE;598.0;0.86;0.876;23.5;0.0;418734.0;compra_cartera;TRUE
CAND-00025;26/07/24;28;M;1923215.0;17;10563.0;10;0.403;1;TRUE;813.0;0.947;0.52;32.2;0.0;1108113.0;libre_inversion;TRUE
CAND-02879;26/07/24;22;M;1083585.0;19;48917.0;9;0.65;2;TRUE;750.0;0.887;0.832;49.8;0.0;937956.0;libre_inversion;TRUE
CAND-00228;26/07/24;48;H;997538.0;4;74861.0;4;0.645;4;TRUE;777.0;0.657;0.679;40.2;0.0;1065323.0;avance_efectivo;TRUE
CAND-00037;26/07/24;24;H;2355216.0;1;107449.0;2;0.572;1;TRUE;539.0;0.985;;58.2;0.0;228748.0;avance_efectivo;TRUE
CAND-00483;26/07/24;46;H;1208263.0;11;21482.0;3;0.263;1;FALSE;;0.67;0.873;44.0;0.0;389450.0;libre_inversion;TRUE
CAND-00452;26/07/24;22;NB;649707.0;9;39198.0;4;0.151;1;TRUE;520.0;0.78;0.727;40.7;0.0;245313.0;libre_inversion;TRUE
CAND-00835;26/07/24;45;M;1431589.0;3;23639.0;3;0.338;2;TRUE;665.0;0.692;0.812;65.7;0.0;431469.0;compra_cartera;TRUE
CAND-01804;26/07/24;38;NB;963520.0;60;21793.0;26;0.079;3;FALSE;;0.902;;55.2;0.0;973674.0;compra_cartera;TRUE
CAND-02319;26/07/24;28;M;1877813.0;12;26770.0;6;0.484;2;FALSE;;0.813;;9.5;0.0;111344.0;avance_efectivo;TRUE
CAND-00033;26/07/24;29;H;1382251.0;21;42641.0;14;0.781;2;FALSE;;0.833;0.63;33.7;0.0;1955778.0;libre_inversion;TRUE
CAND-00502;26/07/24;35;H;1935491.0;23;67633.0;8;0.376;3;FALSE;;0.416;0.683;42.0;0.0;1403960.0;compra_cartera;TRUE
CAND-00558;26/07/24;51;M;1620186.0;3;51512.0;1;0.732;2;TRUE;609.0;0.736;0.773;8.5;0.0;1024760.0;libre_inversion;TRUE
CAND-01345;26/07/24;41;H;1727986.0;12;8570.0;6;0.447;2;FALSE;;0.864;0.953;67.2;0.0;508242.0;compra_cartera;TRUE
CAND-00649;27/07/24;45;M;1490710.0;1;72916.0;1;0.368;1;FALSE;;0.82;0.915;40.5;0.0;637641.0;libre_inversion;TRUE
CAND-01443;27/07/24;38;H;798818.0;20;65364.0;8;0.862;2;FALSE;;;0.807;80.2;0.0;776012.0;libre_inversion;TRUE
CAND-01143;27/07/24;26;H;1991841.0;20;62244.0;9;0.218;2;FALSE;;0.876;0.769;83.0;0.0;624642.0;libre_inversion;TRUE
CAND-01059;27/07/24;30;M;1231350.0;49;82414.0;19;0.271;1;FALSE;;;;25.3;0.0;318615.0;libre_inversion;TRUE
CAND-02971;27/07/24;42;M;1524959.0;12;59007.0;10;0.282;1;FALSE;;0.507;0.894;30.4;0.0;424030.0;compra_cartera;TRUE
CAND-01050;27/07/24;18;H;928191.0;1;5443.0;2;0.488;2;FALSE;;0.63;;32.8;0.0;482187.0;libre_inversion;TRUE
CAND-01840;27/07/24;36;H;1024220.0;2;104115.0;1;0.249;2;TRUE;686.0;;;63.4;0.0;529795.0;libre_inversion;TRUE
CAND-00928;27/07/24;45;NB;835842.0;6;61196.0;3;0.109;2;FALSE;;0.97;0.869;73.6;0.0;491188.0;compra_cartera;TRUE
CAND-02188;27/07/24;47;H;2097689.0;27;100026.0;12;0.424;2;TRUE;618.0;;0.613;83.3;0.0;625940.0;compra_cartera;TRUE
CAND-02811;27/07/24;31;H;1144958.0;25;44186.0;23;0.32;3;TRUE;693.0;0.914;0.832;31.1;0.0;613801.0;libre_inversion;TRUE
CAND-02839;27/07/24;18;H;711801.0;11;28694.0;5;0.227;1;TRUE;593.0;0.765;0.79;57.8;0.0;1076717.0;avance_efectivo;TRUE
CAND-01461;27/07/24;60;M;750910.0;21;29608.0;15;0.333;3;FALSE;;0.953;0.615;98.9;0.0;1141579.0;avance_efectivo;TRUE
CAND-01924;27/07/24;40;M;1270861.0;16;48998.0;9;0.214;3;TRUE;623.0;0.826;;32.6;0.0;211708.0;compra_cartera;TRUE
CAND-02069;28/07/24;27;M;1739648.0;15;12584.0;12;0.541;4;TRUE;730.0;0.879;0.636;24.0;0.0;435163.0;avance_efectivo;TRUE
CAND-00353;28/07/24;30;M;1213440.0;24;36162.0;18;0.146;3;TRUE;701.0;;0.718;0.7;0.0;474636.0;libre_inversion;TRUE
CAND-00716;28/07/24;36;H;724114.0;12;54052.0;1;0.563;3;FALSE;;0.899;0.708;60.0;0.0;733165.0;compra_cartera;TRUE
CAND-01779;28/07/24;40;H;933944.0;13;72707.0;6;0.369;1;FALSE;;0.703;0.907;70.3;0.0;560322.0;libre_inversion;TRUE
CAND-01065;28/07/24;24;H;1454332.0;14;59890.0;9;0.084;2;FALSE;;0.906;0.705;8.4;0.0;410589.0;avance_efectivo;TRUE
CAND-01457;28/07/24;38;H;1701991.0;1;73429.0;0;0.486;4;FALSE;;0.76;;25.9;0.0;525034.0;libre_inversion;TRUE
CAND-01527;28/07/24;26;M;1401037.0;10;118029.0;7;0.18;2;FALSE;;0.859;0.533;41.5;0.0;593043.0;libre_inversion;TRUE
CAND-01491;28/07/24;29;M;1788644.0;1;242546.0;5;0.522;2;TRUE;630.0;0.925;0.597;31.3;0.0;474264.0;compra_cartera;TRUE
CAND-01142;28/07/24;36;H;1181408.0;2;40677.0;1;0.518;4;TRUE;692.0;0.654;0.857;39.4;0.0;932090.0;libre_inversion;TRUE
CAND-02865;28/07/24;30;NB;1145706.0;15;75153.0;6;0.722;1;FALSE;;;0.82;28.3;0.0;1140718.0;compra_cartera;TRUE
CAND-02275;28/07/24;37;H;1624461.0;8;34184.0;6;0.472;2;TRUE;615.0;0.558;0.841;15.7;23487.0;720081.0;avance_efectivo;TRUE
CAND-01500;28/07/24;28;M;1493118.0;5;26918.0;3;0.463;4;FALSE;;0.472;0.81;55.6;0.0;499833.0;compra_cartera;TRUE
CAND-00981;28/07/24;53;H;2170538.0;14;50611.0;4;0.397;5;FALSE;;;0.873;10.5;0.0;1459348.0;avance_efectivo;TRUE
CAND-02829;29/07/24;30;M;571015.0;3;22006.0;4;0.679;4;FALSE;;0.889;0.859;60.1;0.0;753340.0;avance_efectivo;TRUE
CAND-01510;29/07/24;36;H;3514704.0;1;22667.0;0;0.193;4;FALSE;;0.684;0.475;28.8;0.0;386987.0;libre_inversion;TRUE
CAND-02449;29/07/24;38;M;1626181.0;6;30571.0;4;0.429;2;TRUE;790.0;0.697;0.89;24.9;0.0;499933.0;compra_cartera;TRUE
CAND-02262;29/07/24;34;NB;2392028.0;4;15516.0;0;0.408;1;FALSE;;0.812;0.599;46.0;0.0;616369.0;compra_cartera;TRUE
CAND-02561;30/07/24;42;M;1139660.0;1;191231.0;2;0.686;3;FALSE;;0.571;0.671;38.3;0.0;625760.0;libre_inversion;TRUE
CAND-02820;30/07/24;32;NB;1138896.0;6;5637.0;5;0.44;1;TRUE;802.0;0.796;0.49;62.1;0.0;746545.0;libre_inversion;TRUE
CAND-02714;30/07/24;18;M;842523.0;35;26673.0;22;0.102;2;FALSE;;;0.654;17.7;0.0;396055.0;avance_efectivo;TRUE
CAND-02875;30/07/24;21;M;895976.0;4;28524.0;2;0.216;3;FALSE;;0.562;0.929;18.6;0.0;1090561.0;libre_inversion;TRUE
CAND-02827;30/07/24;31;M;1165180.0;31;92003.0;18;0.739;3;TRUE;775.0;0.797;0.88;56.7;0.0;442735.0;avance_efectivo;TRUE
CAND-00744;30/07/24;19;H;1128064.0;13;7689.0;6;0.571;2;FALSE;;0.883;0.952;66.7;0.0;302653.0;libre_inversion;TRUE
CAND-00850;30/07/24;38;H;1787582.0;4;7304.0;1;0.212;3;FALSE;;0.591;0.902;17.7;0.0;283391.0;compra_cartera;TRUE
CAND-01036;30/07/24;33;H;836242.0;3;52404.0;3;0.279;2;FALSE;;0.751;0.651;40.3;0.0;827116.0;libre_inversion;TRUE
CAND-00544;30/07/24;32;M;892733.0;6;17370.0;6;0.724;2;FALSE;;0.423;0.51;54.2;0.0;799596.0;avance_efectivo;TRUE
CAND-01902;31/07/24;35;H;1064803.0;2;24252.0;0;0.674;3;TRUE;683.0;;0.798;41.7;0.0;1414816.0;libre_inversion;TRUE
CAND-02675;31/07/24;28;M;855225.0;36;7881.0;16;0.403;4;TRUE;688.0;0.633;0.91;44.9;0.0;469276.0;libre_inversion;TRUE
CAND-01417;31/07/24;34;M;2212052.0;7;41785.0;3;0.639;4;TRUE;435.0;0.72;;58.9;0.0;1023727.0;avance_efectivo;TRUE
CAND-00781;31/07/24;30;M;951534.0;22;84983.0;10;0.148;4;FALSE;;0.808;0.879;44.7;0.0;836316.0;libre_inversion;TRUE
CAND-00165;31/07/24;18;H;2098346.0;24;112719.0;9;0.354;1;FALSE;;0.769;0.514;0.0;0.0;789576.0;libre_inversion;FALSE
CAND-00242;31/07/24;50;H;1280924.0;9;55212.0;10;0.875;2;FALSE;;0.739;0.885;42.0;0.0;465083.0;avance_efectivo;TRUE
CAND-01802;31/07/24;38;NB;1413271.0;5;91810.0;1;0.787;3;TRUE;788.0;0.68;0.677;42.4;0.0;1591731.0;compra_cartera;TRUE
CAND-01496;31/07/24;41;M;1682139.0;11;53558.0;6;0.221;5;FALSE;;0.86;0.793;63.5;0.0;1591961.0;compra_cartera;TRUE
CAND-00996;31/07/24;26;H;1936017.0;10;90176.0;3;0.271;1;FALSE;;0.671;0.787;10.5;0.0;595052.0;compra_cartera;TRUE
CAND-00711;31/07/24;29;H;1040105.0;13;13922.0;14;0.286;2;FALSE;;0.737;0.875;26.2;0.0;1380756.0;libre_inversion;TRUE
CAND-00058;31/07/24;40;NB;1713284.0;2;90143.0;1;0.337;2;FALSE;;0.923;0.803;36.9;0.0;895517.0;libre_inversion;TRUE
CAND-01225;31/07/24;38;M;2319904.0;6;56712.0;4;0.351;1;TRUE;671.0;0.864;0.825;36.2;0.0;365481.0;libre_inversion;TRUE
CAND-00155;31/07/24;21;H;1098027.0;13;26650.0;7;0.497;2;FALSE;;;;54.4;0.0;815028.0;libre_inversion;TRUE
CAND-02056;31/07/24;18;M;1923916.0;1;30547.0;0;0.72;3;TRUE;667.0;0.917;0.871;70.1;0.0;176972.0;libre_inversion;TRUE
CAND-02096;31/07/24;46;H;1088092.0;11;61342.0;3;0.041;2;FALSE;;0.707;0.758;63.5;0.0;773489.0;avance_efectivo;TRUE
CAND-02140;31/07/24;57;H;1285430.0;2;37159.0;0;0.685;1;TRUE;818.0;0.906;0.887;14.6;0.0;374273.0;avance_efectivo;TRUE
CAND-01467;31/07/24;31;H;1099464.0;9;56142.0;3;0.498;4;FALSE;;0.903;0.92;35.6;0.0;665597.0;libre_inversion;TRUE
CAND-01515;1/08/24;53;M;850756.0;16;52383.0;8;0.074;4;TRUE;623.0;;0.634;54.9;0.0;792254.0;compra_cartera;TRUE
CAND-01727;1/08/24;41;H;1589321.0;4;47925.0;1;0.425;2;FALSE;;0.862;0.573;60.0;0.0;197907.0;avance_efectivo;TRUE
CAND-01818;1/08/24;41;M;5.305.115.994.747.340;8;41137.0;5;0.266;2;FALSE;;0.687;0.7;36.7;0.0;166498.0;libre_inversion;TRUE
CAND-02848;1/08/24;26;H;2970559.0;7;29784.0;5;0.457;4;TRUE;585.0;0.656;0.631;15.2;0.0;718817.0;compra_cartera;TRUE
CAND-02202;1/08/24;32;H;2423804.0;2;67061.0;0;0.168;1;FALSE;;;0.763;31.9;0.0;384329.0;compra_cartera;TRUE
CAND-02740;1/08/24;28;M;1561748.0;6;56686.0;4;0.266;1;FALSE;;0.728;0.629;67.1;0.0;324106.0;avance_efectivo;TRUE
CAND-00726;1/08/24;30;H;1565791.0;13;12958.0;7;0.773;2;TRUE;578.0;0.91;0.629;52.3;0.0;515904.0;libre_inversion;TRUE
CAND-00172;2/08/24;27;M;1983279.0;9;35979.0;3;0.358;2;FALSE;;0.798;;66.5;0.0;1345768.0;libre_inversion;TRUE
CAND-02898;2/08/24;31;NB;1027883.0;9;10234.0;7;0.288;5;TRUE;555.0;0.823;0.61;60.8;0.0;499903.0;compra_cartera;FALSE
CAND-01452;2/08/24;23;M;2194305.0;9;51410.0;5;0.238;2;TRUE;594.0;;0.85;46.1;0.0;300442.0;avance_efectivo;TRUE
CAND-01324;2/08/24;19;M;1457974.0;6;51756.0;4;0.45;1;FALSE;;0.807;0.584;32.3;0.0;204140.0;compra_cartera;TRUE
CAND-02035;2/08/24;39;H;1105864.0;15;39232.0;9;0.257;2;FALSE;;0.648;0.36;89.4;0.0;354645.0;compra_cartera;TRUE
CAND-02129;2/08/24;43;M;1608165.0;10;32628.0;5;0.342;4;TRUE;717.0;0.757;0.317;58.7;0.0;295479.0;libre_inversion;TRUE
CAND-00375;2/08/24;42;H;1022087.0;9;49663.0;2;0.35;5;TRUE;586.0;0.673;0.654;3.2;0.0;957134.0;compra_cartera;TRUE
CAND-02211;2/08/24;32;M;776946.0;15;46801.0;14;0.433;2;FALSE;;;0.826;35.7;0.0;352815.0;avance_efectivo;TRUE
CAND-01861;2/08/24;34;H;1416158.0;22;66395.0;8;0.424;1;FALSE;;0.897;0.607;51.9;0.0;1257575.0;libre_inversion;TRUE
CAND-00391;2/08/24;34;H;846523.0;12;25858.0;4;0.292;2;FALSE;;0.871;0.635;44.4;0.0;870083.0;avance_efectivo;TRUE
CAND-02320;2/08/24;36;M;864569.0;5;10980.0;0;0.307;2;FALSE;;0.72;0.901;60.1;0.0;275919.0;libre_inversion;TRUE
CAND-01757;2/08/24;34;H;781125.0;6;321154.0;1;0.638;1;FALSE;;0.935;0.952;1.5;0.0;271018.0;compra_cartera;TRUE
CAND-01776;2/08/24;30;H;3653367.0;32;20551.0;15;0.221;3;FALSE;;0.889;0.77;52.2;0.0;962462.0;compra_cartera;TRUE
CAND-02844;2/08/24;44;M;742165.0;4;29905.0;2;0.511;1;TRUE;789.0;0.978;0.794;34.2;0.0;529811.0;libre_inversion;TRUE
CAND-01033;2/08/24;28;M;1139366.0;4;69078.0;1;0.374;4;FALSE;;0.668;0.767;66.2;0.0;813197.0;avance_efectivo;TRUE
CAND-02091;3/08/24;20;H;1573059.0;4;4475.0;3;0.539;1;FALSE;;0.879;0.852;43.6;0.0;204565.0;libre_inversion;TRUE
CAND-02123;3/08/24;39;H;880776.0;11;72754.0;6;0.49;4;TRUE;650.0;0.834;;35.3;0.0;896335.0;compra_cartera;TRUE
CAND-01182;3/08/24;39;M;576149.0;6;108015.0;4;0.575;1;TRUE;508.0;0.843;0.898;77.5;0.0;896119.0;libre_inversion;TRUE
CAND-02626;3/08/24;29;M;1208005.0;14;29007.0;3;0.23;4;TRUE;637.0;0.72;0.352;40.4;0.0;580760.0;avance_efectivo;TRUE
CAND-02762;3/08/24;25;M;476337.0;16;49073.0;7;0.486;3;TRUE;893.0;0.512;0.686;51.3;0.0;416587.0;compra_cartera;TRUE
CAND-00619;3/08/24;40;H;916756.0;1;51463.0;0;0.318;4;FALSE;;0.847;0.814;25.3;0.0;215580.0;libre_inversion;TRUE
CAND-02515;3/08/24;36;H;2080094.0;2;4075.0;0;0.427;1;FALSE;;0.564;0.813;40.0;0.0;1699172.0;compra_cartera;TRUE
CAND-01896;3/08/24;34;M;1258079.0;3;47447.0;1;0.485;1;FALSE;;0.692;0.762;22.1;0.0;2142392.0;libre_inversion;TRUE
CAND-01450;3/08/24;18;H;1657801.0;13;20487.0;6;0.103;2;FALSE;;0.667;0.857;77.0;0.0;684963.0;libre_inversion;TRUE
CAND-02857;3/08/24;34;M;1338480.0;4;45640.0;1;0.106;1;FALSE;;0.966;0.6;51.6;0.0;286855.0;avance_efectivo;TRUE
CAND-03000;4/08/24;24;M;3128279.0;3;39523.0;3;0.461;1;TRUE;637.0;0.433;0.501;54.1;0.0;1484311.0;libre_inversion;TRUE
CAND-02061;4/08/24;18;H;1812272.0;3;73541.0;8;0.35;3;TRUE;633.0;0.918;0.697;66.7;0.0;258592.0;compra_cartera;TRUE
CAND-00295;4/08/24;27;H;1575226.0;7;34028.0;8;0.387;3;TRUE;643.0;0.458;;72.9;12064.0;740289.0;avance_efectivo;TRUE
CAND-00332;4/08/24;43;H;728922.0;11;16491.0;3;0.371;3;TRUE;656.0;0.92;0.82;62.9;0.0;752794.0;libre_inversion;TRUE
CAND-02338;4/08/24;45;M;2617901.0;5;36187.0;2;0.624;2;FALSE;;0.709;0.908;81.4;0.0;718499.0;compra_cartera;TRUE
CAND-00186;4/08/24;34;H;815686.0;6;23996.0;7;0.275;3;FALSE;;0.711;0.7;47.1;0.0;376657.0;avance_efectivo;TRUE
CAND-02900;4/08/24;43;M;861113.0;4;6728.0;2;0.32;1;TRUE;642.0;0.811;0.774;62.5;0.0;745592.0;avance_efectivo;TRUE
CAND-01407;4/08/24;30;M;905781.0;23;28132.0;16;0.579;2;FALSE;;0.618;0.964;50.9;0.0;214310.0;libre_inversion;TRUE
CAND-02982;4/08/24;35;H;1513827.0;15;57865.0;4;0.448;1;FALSE;;0.839;0.653;37.3;0.0;452579.0;libre_inversion;TRUE
CAND-02731;4/08/24;36;H;2363695.0;3;18814.0;1;0.211;4;FALSE;;0.744;0.661;62.8;0.0;604420.0;libre_inversion;TRUE
CAND-00038;5/08/24;41;H;577695.0;4;32209.0;2;0.093;1;FALSE;;0.78;0.744;36.0;0.0;152288.0;libre_inversion;TRUE
CAND-02414;5/08/24;28;M;1616723.0;1;55667.0;0;0.422;3;FALSE;;0.6;0.884;17.4;0.0;1264695.0;libre_inversion;TRUE
CAND-01301;5/08/24;34;M;2070850.0;29;32209.0;18;0.219;4;TRUE;628.0;0.758;0.709;75.2;0.0;661500.0;libre_inversion;TRUE
CAND-02639;5/08/24;50;M;730698.0;44;87072.0;20;0.429;5;FALSE;;0.652;0.662;36.5;0.0;539618.0;libre_inversion;FALSE
CAND-00960;5/08/24;43;M;999596.0;60;33412.0;26;0.372;1;TRUE;707.0;0.846;0.47;47.3;0.0;180699.0;compra_cartera;TRUE
CAND-00064;5/08/24;35;M;900535.0;13;29956.0;5;0.512;1;TRUE;631.0;0.42;0.864;56.1;0.0;289968.0;compra_cartera;TRUE
CAND-00192;5/08/24;29;H;1795251.0;3;106948.0;3;0.371;2;FALSE;;0.837;0.76;28.2;0.0;474603.0;libre_inversion;TRUE
CAND-00141;5/08/24;18;H;1598758.0;5;97471.0;4;0.164;1;TRUE;692.0;0.654;0.481;34.6;0.0;542833.0;libre_inversion;TRUE
CAND-01440;6/08/24;32;H;894715.0;1;37661.0;1;0.353;1;FALSE;;0.807;0.955;75.7;0.0;271075.0;compra_cartera;TRUE
CAND-01311;6/08/24;32;M;839747.0;9;13504.0;5;0.178;2;TRUE;498.0;0.643;0.486;42.8;0.0;396605.0;libre_inversion;TRUE
CAND-02930;6/08/24;23;M;1003618.0;11;54427.0;6;0.468;2;FALSE;;0.826;0.888;48.5;8568.0;1433197.0;libre_inversion;TRUE
CAND-02025;6/08/24;28;H;786836.0;8;17299.0;3;0.654;2;FALSE;;0.694;0.785;100.0;0.0;563569.0;avance_efectivo;TRUE
CAND-02622;6/08/24;27;H;1212472.0;13;37834.0;6;0.563;3;FALSE;;0.853;0.853;50.8;0.0;497514.0;avance_efectivo;TRUE
CAND-00185;6/08/24;32;H;1366776.0;17;101534.0;7;0.138;2;FALSE;;0.954;0.578;51.0;0.0;500469.0;libre_inversion;TRUE
CAND-00169;6/08/24;44;M;1003047.0;55;104447.0;29;0.467;4;FALSE;;0.849;0.733;92.6;13303.0;778785.0;libre_inversion;TRUE
CAND-00775;6/08/24;31;M;2004249.0;16;9259.0;9;0.448;1;TRUE;736.0;0.749;0.507;29.6;0.0;949187.0;libre_inversion;TRUE
CAND-02453;6/08/24;18;H;2945943.0;6;33613.0;1;0.322;1;TRUE;684.0;0.68;0.698;40.8;0.0;628461.0;avance_efectivo;TRUE
CAND-00626;6/08/24;33;H;551261.0;3;103570.0;2;0.408;3;FALSE;;0.878;0.752;19.7;0.0;947729.0;avance_efectivo;TRUE
CAND-00253;6/08/24;25;H;1500126.0;1;37452.0;2;0.488;1;FALSE;;0.686;0.907;48.7;0.0;639551.0;libre_inversion;TRUE
CAND-02604;7/08/24;45;H;1588419.0;52;64229.0;26;0.162;2;TRUE;538.0;0.885;0.693;58.2;0.0;782689.0;avance_efectivo;TRUE
CAND-00910;7/08/24;41;H;1714708.0;4;62305.0;2;0.793;4;FALSE;;0.861;0.799;63.5;0.0;791575.0;compra_cartera;TRUE
CAND-01316;7/08/24;34;NB;917064.0;8;89893.0;2;0.182;1;FALSE;;0.809;0.768;51.8;0.0;293820.0;avance_efectivo;TRUE
CAND-02159;7/08/24;24;H;768772.0;14;35720.0;7;0.184;5;FALSE;;0.76;0.838;66.0;0.0;351305.0;avance_efectivo;TRUE
CAND-01281;7/08/24;18;H;1043596.0;4;111731.0;3;0.394;1;FALSE;;0.839;;28.3;0.0;555415.0;avance_efectivo;TRUE
CAND-00002;7/08/24;37;M;1248206.0;21;15294.0;12;0.697;2;TRUE;716.0;0.915;0.96;65.7;0.0;371196.0;avance_efectivo;TRUE
CAND-02789;7/08/24;35;H;1099126.0;9;91741.0;3;0.522;2;TRUE;636.0;0.636;0.795;39.3;0.0;401105.0;avance_efectivo;TRUE
CAND-01247;7/08/24;39;M;852640.0;2;19531.0;1;0.949;4;FALSE;;0.783;0.747;60.6;0.0;776988.0;avance_efectivo;TRUE
CAND-01242;7/08/24;24;H;1564622.0;1;32621.0;1;0.31;2;TRUE;675.0;0.675;0.871;49.2;0.0;579969.0;avance_efectivo;TRUE
CAND-01668;8/08/24;19;H;1541802.0;5;21666.0;5;0.592;1;TRUE;769.0;0.89;0.556;9.7;0.0;359839.0;avance_efectivo;TRUE
CAND-00458;8/08/24;39;H;1394447.0;7;77750.0;2;0.491;1;FALSE;;0.518;0.724;43.9;0.0;309822.0;avance_efectivo;TRUE
CAND-00009;8/08/24;44;H;1858649.0;12;14003.0;5;0.791;2;FALSE;;0.948;0.911;37.7;0.0;409852.0;compra_cartera;TRUE
CAND-01174;8/08/24;21;M;1476886.0;18;31018.0;9;0.352;1;TRUE;783.0;0.882;0.625;59.9;0.0;394559.0;avance_efectivo;TRUE
CAND-02196;8/08/24;38;H;1344718.0;5;105540.0;2;0.275;1;FALSE;;0.919;0.908;80.2;0.0;435174.0;libre_inversion;TRUE
CAND-00592;8/08/24;26;H;1112496.0;3;13916.0;2;0.572;1;FALSE;;0.637;0.884;59.9;0.0;100000.0;libre_inversion;TRUE
CAND-00229;8/08/24;47;H;2149902.0;11;77861.0;6;0.249;1;FALSE;;0.561;0.816;39.4;0.0;607440.0;libre_inversion;TRUE
CAND-02729;8/08/24;24;M;873943.0;15;32234.0;9;0.548;3;TRUE;648.0;0.691;0.838;58.3;0.0;602677.0;libre_inversion;TRUE
CAND-00986;8/08/24;31;H;550396.0;18;79784.0;11;0.426;2;FALSE;;0.52;0.988;30.0;0.0;787414.0;avance_efectivo;TRUE
CAND-01266;8/08/24;37;M;1445989.0;18;9766.0;9;0.157;5;FALSE;;0.592;;62.0;0.0;667434.0;avance_efectivo;TRUE
CAND-01032;8/08/24;19;M;1265451.0;8;18287.0;6;0.467;1;TRUE;595.0;0.826;0.95;24.0;0.0;896587.0;libre_inversion;TRUE
CAND-01597;8/08/24;40;H;850101.0;2;8993.0;1;0.419;1;TRUE;536.0;0.835;0.414;39.5;0.0;1371074.0;avance_efectivo;TRUE
CAND-00574;8/08/24;35;H;791348.0;3;26500.0;3;0.467;1;FALSE;;0.825;0.83;57.4;0.0;260587.0;libre_inversion;TRUE
CAND-02108;9/08/24;32;M;815762.0;12;28826.0;8;0.212;2;FALSE;;0.614;0.754;30.1;0.0;1142684.0;libre_inversion;TRUE
CAND-01548;9/08/24;33;M;1666016.0;7;59452.0;6;0.639;3;FALSE;;0.8;0.791;44.8;0.0;680719.0;avance_efectivo;TRUE
CAND-00429;9/08/24;38;M;1269966.0;3;18432.0;0;0.388;3;FALSE;;0.849;0.838;31.8;0.0;393977.0;avance_efectivo;TRUE
CAND-01995;9/08/24;28;H;2481508.0;4;3855.0;3;0.796;2;TRUE;627.0;0.68;0.661;39.3;0.0;718671.0;libre_inversion;TRUE
CAND-02841;9/08/24;42;H;2041311.0;30;35186.0;14;0.447;1;FALSE;;;0.837;48.0;0.0;285515.0;avance_efectivo;TRUE
CAND-02591;9/08/24;19;H;849267.0;1;77278.0;1;0.302;1;TRUE;845.0;0.872;0.724;30.2;0.0;769653.0;libre_inversion;TRUE
CAND-00547;9/08/24;30;H;960740.0;1;117373.0;0;0.482;5;TRUE;544.0;0.958;0.678;70.2;0.0;541762.0;compra_cartera;TRUE
CAND-02763;9/08/24;56;H;973593.0;1;21370.0;1;0.133;4;FALSE;;0.678;0.65;75.5;0.0;791974.0;compra_cartera;TRUE
CAND-02141;9/08/24;37;M;865299.0;37;15257.0;20;0.602;1;FALSE;;0.68;0.582;58.6;0.0;932219.0;libre_inversion;TRUE
CAND-00326;9/08/24;37;M;696332.0;22;33066.0;14;0.223;2;FALSE;;0.596;0.793;59.6;0.0;667732.0;libre_inversion;TRUE
CAND-01424;9/08/24;45;H;1077277.0;20;43516.0;5;0.349;4;TRUE;807.0;0.719;0.89;33.5;0.0;568238.0;avance_efectivo;TRUE
CAND-00720;9/08/24;23;M;1266831.0;13;78930.0;6;0.226;3;TRUE;671.0;0.82;0.751;79.5;0.0;505797.0;libre_inversion;TRUE
CAND-01104;9/08/24;41;M;644316.0;5;48201.0;1;0.388;2;FALSE;;0.798;0.735;71.5;0.0;1268893.0;compra_cartera;TRUE
CAND-01956;10/08/24;37;M;833999.0;25;29378.0;13;0.697;1;FALSE;;0.876;0.803;67.1;0.0;760787.0;libre_inversion;TRUE
CAND-01934;10/08/24;36;M;1329945.0;5;81886.0;3;0.507;2;FALSE;;0.737;0.909;43.2;0.0;631354.0;libre_inversion;TRUE
CAND-01554;10/08/24;33;M;1713109.0;38;17799.0;17;0.151;1;TRUE;576.0;0.816;0.812;91.3;0.0;332155.0;avance_efectivo;TRUE
CAND-02986;10/08/24;20;M;1260749.0;4;21329.0;0;0.183;1;FALSE;;0.949;;69.9;0.0;758596.0;libre_inversion;TRUE
CAND-00335;10/08/24;34;M;971407.0;38;85900.0;15;0.721;5;TRUE;838.0;0.962;0.642;59.3;0.0;222849.0;libre_inversion;TRUE
CAND-01278;10/08/24;35;H;821827.0;36;24843.0;20;0.593;2;FALSE;;0.808;0.663;89.3;0.0;428958.0;compra_cartera;TRUE
CAND-02556;10/08/24;42;M;1252648.0;30;8115.0;19;0.452;1;FALSE;;0.637;0.604;52.0;0.0;809900.0;libre_inversion;TRUE
CAND-00425;10/08/24;22;M;1115584.0;1;37221.0;1;0.629;5;TRUE;744.0;0.843;0.334;45.8;0.0;788185.0;compra_cartera;TRUE
CAND-01196;10/08/24;41;M;1824365.0;25;29420.0;11;0.644;3;TRUE;590.0;0.67;0.801;57.6;0.0;1103849.0;avance_efectivo;TRUE
CAND-02931;10/08/24;48;M;1058236.0;12;6050.0;4;0.198;2;TRUE;464.0;0.945;0.941;42.9;0.0;571070.0;avance_efectivo;TRUE
CAND-02359;10/08/24;58;H;1393974.0;12;64284.0;5;0.6;1;FALSE;;0.945;;53.4;0.0;767089.0;libre_inversion;TRUE
CAND-01600;11/08/24;20;M;1234969.0;12;39401.0;8;0.11;3;FALSE;;0.755;0.79;69.1;0.0;1680723.0;avance_efectivo;TRUE
CAND-00218;11/08/24;30;H;860258.0;22;84090.0;12;0.761;3;TRUE;584.0;0.79;0.513;74.2;0.0;346090.0;libre_inversion;TRUE
CAND-00652;11/08/24;41;H;629808.0;8;73758.0;5;0.451;3;FALSE;;0.724;0.698;35.5;0.0;566259.0;avance_efectivo;TRUE
CAND-01357;11/08/24;38;M;468512.0;1;122965.0;0;0.52;1;TRUE;386.0;0.822;0.894;37.8;0.0;931065.0;libre_inversion;TRUE
CAND-00386;11/08/24;18;M;662302.0;16;133259.0;7;0.366;5;FALSE;;0.828;;65.8;0.0;524767.0;libre_inversion;TRUE
CAND-01280;11/08/24;26;M;1196830.0;4;38813.0;2;0.504;4;TRUE;544.0;0.962;0.897;46.3;0.0;240985.0;libre_inversion;TRUE
CAND-02718;11/08/24;34;H;1077470.0;8;32282.0;5;0.077;2;FALSE;;0.638;0.966;18.5;0.0;2359195.0;libre_inversion;TRUE
CAND-00149;11/08/24;34;M;1697643.0;3;21702.0;2;0.801;3;FALSE;;0.819;0.879;37.9;0.0;829169.0;avance_efectivo;TRUE
CAND-01483;11/08/24;40;H;1446761.0;48;41925.0;22;0.092;2;TRUE;575.0;0.673;0.583;58.5;0.0;994755.0;libre_inversion;TRUE
CAND-00479;11/08/24;34;H;1565165.0;4;63372.0;2;0.381;1;FALSE;;0.71;0.803;22.7;0.0;2586910.0;libre_inversion;TRUE
CAND-01155;11/08/24;36;H;633101.0;4;32725.0;4;0.883;1;TRUE;635.0;0.724;0.566;45.8;0.0;258053.0;compra_cartera;TRUE
CAND-02709;11/08/24;42;H;743708.0;2;82867.0;0;0.4;4;FALSE;;0.655;0.963;68.8;0.0;668994.0;libre_inversion;TRUE
CAND-01455;12/08/24;24;H;1143347.0;8;10825.0;2;0.712;2;FALSE;;0.806;0.708;32.1;0.0;416997.0;libre_inversion;TRUE
CAND-02079;12/08/24;32;H;2354917.0;23;56762.0;13;0.213;5;TRUE;827.0;0.685;0.604;64.3;0.0;255211.0;compra_cartera;TRUE
CAND-02669;12/08/24;25;H;892280.0;2;39908.0;2;0.324;3;TRUE;618.0;0.924;0.741;43.5;0.0;572652.0;libre_inversion;TRUE
CAND-02181;12/08/24;37;M;1040279.0;17;12649.0;9;0.452;4;TRUE;562.0;0.86;0.594;63.1;0.0;3134381.0;libre_inversion;TRUE
CAND-02465;12/08/24;32;H;1947874.0;23;42287.0;12;0.358;1;TRUE;708.0;0.842;;59.6;0.0;298166.0;libre_inversion;TRUE
CAND-00419;12/08/24;30;H;1301193.0;10;21130.0;4;0.111;1;TRUE;495.0;0.81;0.744;65.3;0.0;407681.0;libre_inversion;TRUE
CAND-01409;12/08/24;30;H;1200607.0;60;71798.0;30;0.334;2;TRUE;698.0;0.814;;51.6;0.0;366822.0;compra_cartera;TRUE
CAND-00160;12/08/24;43;M;1217919.0;5;53524.0;3;0.489;1;TRUE;655.0;0.933;0.866;87.3;0.0;522009.0;libre_inversion;TRUE
CAND-00596;12/08/24;36;M;1652639.0;33;26709.0;13;0.364;2;FALSE;;0.666;0.534;43.2;0.0;337721.0;libre_inversion;TRUE
CAND-01150;12/08/24;38;M;1039020.0;6;34634.0;3;0.418;1;TRUE;683.0;0.796;0.871;56.1;0.0;599302.0;compra_cartera;TRUE
CAND-01429;12/08/24;18;H;1568839.0;6;13882.0;3;0.707;1;FALSE;;0.726;0.924;12.2;0.0;795748.0;libre_inversion;TRUE
CAND-01302;12/08/24;36;M;932713.0;28;56555.0;17;0.577;1;FALSE;;0.911;0.836;17.6;0.0;969488.0;compra_cartera;TRUE
CAND-00589;12/08/24;32;H;916945.0;20;56098.0;10;0.429;2;FALSE;;0.83;0.918;17.1;0.0;663834.0;compra_cartera;TRUE
CAND-01473;12/08/24;40;H;617412.0;24;16811.0;13;0.126;4;TRUE;685.0;0.928;0.583;25.2;0.0;617291.0;compra_cartera;TRUE
CAND-00958;13/08/24;41;H;1261956.0;32;41877.0;18;0.34;1;TRUE;712.0;0.779;0.825;65.8;0.0;299097.0;avance_efectivo;TRUE
CAND-00504;13/08/24;44;H;1167027.0;8;110887.0;7;0.47;1;FALSE;;0.881;0.864;42.4;0.0;910895.0;libre_inversion;TRUE
CAND-01498;13/08/24;35;M;1009692.0;26;77632.0;17;0.448;1;TRUE;598.0;;0.736;43.6;0.0;2667817.0;compra_cartera;TRUE
CAND-01819;13/08/24;37;H;812840.0;23;53784.0;9;0.655;3;TRUE;546.0;0.903;0.563;45.3;0.0;659647.0;compra_cartera;TRUE
CAND-02147;13/08/24;46;H;1634800.0;31;32684.0;16;0.077;4;FALSE;;0.852;0.492;57.5;0.0;308260.0;compra_cartera;TRUE
CAND-01366;13/08/24;22;M;1198090.0;5;86249.0;3;0.228;3;TRUE;732.0;0.656;0.923;72.3;0.0;1058482.0;libre_inversion;TRUE
CAND-00987;13/08/24;19;H;1248090.0;8;122956.0;4;0.197;1;TRUE;507.0;0.905;0.774;69.2;0.0;717100.0;avance_efectivo;TRUE
CAND-01459;13/08/24;47;M;1209014.0;13;96712.0;10;0.337;1;TRUE;770.0;0.771;0.694;28.5;0.0;863197.0;compra_cartera;TRUE
CAND-01389;13/08/24;46;H;1523149.0;18;89790.0;9;0.147;4;FALSE;;0.813;0.936;44.0;0.0;1165967.0;libre_inversion;TRUE
CAND-01787;13/08/24;31;M;834322.0;2;50103.0;0;0.641;4;FALSE;;0.763;0.85;40.4;0.0;382696.0;avance_efectivo;TRUE
CAND-00964;13/08/24;53;M;1808849.0;12;61354.0;7;0.48;2;FALSE;;0.888;0.934;45.4;0.0;734920.0;libre_inversion;TRUE
CAND-01080;14/08/24;18;H;875843.0;3;48293.0;0;0.23;4;FALSE;;0.874;0.682;75.5;0.0;381378.0;compra_cartera;TRUE
CAND-01370;14/08/24;18;M;1126865.0;10;30764.0;3;0.188;2;FALSE;;0.676;0.762;56.3;0.0;1020090.0;compra_cartera;TRUE
CAND-00989;14/08/24;30;M;856028.0;18;46654.0;5;0.409;4;TRUE;755.0;0.858;0.489;94.5;0.0;431499.0;libre_inversion;TRUE
CAND-02241;14/08/24;42;H;2156273.0;13;53134.0;5;0.755;1;FALSE;;0.658;;20.5;0.0;1165936.0;compra_cartera;TRUE
CAND-01878;14/08/24;51;H;1609877.0;20;19211.0;7;0.438;1;TRUE;748.0;0.776;0.635;65.4;0.0;458535.0;libre_inversion;TRUE
CAND-00778;14/08/24;35;H;1778105.0;8;82847.0;2;0.286;1;TRUE;617.0;0.398;0.836;79.1;0.0;1300740.0;libre_inversion;TRUE
CAND-00285;14/08/24;25;H;1006326.0;1;20536.0;1;0.63;4;FALSE;;0.806;0.999;65.3;0.0;597176.0;compra_cartera;TRUE
CAND-01685;14/08/24;18;M;1510685.0;14;40892.0;4;0.506;3;FALSE;;0.7;0.37;61.7;0.0;306059.0;compra_cartera;TRUE
CAND-02433;14/08/24;39;M;2597391.0;5;18889.0;2;0.546;2;FALSE;;0.619;0.737;74.2;0.0;1716467.0;libre_inversion;TRUE
CAND-00819;14/08/24;48;M;943659.0;32;52246.0;13;0.156;1;TRUE;622.0;0.537;0.579;84.2;0.0;632427.0;avance_efectivo;TRUE
CAND-01596;14/08/24;54;NB;2312505.0;17;18946.0;12;0.187;4;TRUE;671.0;0.791;0.573;52.3;0.0;444678.0;avance_efectivo;TRUE
CAND-00792;14/08/24;28;H;935015.0;6;85242.0;2;0.532;2;FALSE;;0.763;0.563;44.1;0.0;478505.0;libre_inversion;TRUE
CAND-02613;15/08/24;30;M;1453108.0;5;34454.0;4;0.168;1;FALSE;;0.936;0.713;23.7;0.0;1319.0;compra_cartera;TRUE
CAND-01814;15/08/24;32;H;735171.0;18;21147.0;9;0.762;1;FALSE;;0.77;0.681;59.3;0.0;519816.0;avance_efectivo;FALSE
CAND-00243;15/08/24;37;H;649416.0;11;24674.0;8;0.505;2;FALSE;;0.833;0.788;32.7;0.0;864271.0;libre_inversion;TRUE
CAND-00156;15/08/24;24;M;1244565.0;1;78048.0;0;0.537;5;FALSE;;0.656;0.739;56.3;0.0;514602.0;avance_efectivo;TRUE
CAND-02396;15/08/24;18;M;1682064.0;14;85779.0;2;0.327;1;TRUE;691.0;0.735;0.651;31.9;0.0;397516.0;compra_cartera;TRUE
CAND-02759;15/08/24;51;H;2394804.0;9;41180.0;6;0.247;3;FALSE;;0.831;0.734;59.3;0.0;652884.0;compra_cartera;TRUE
CAND-01275;15/08/24;22;M;903625.0;28;13643.0;14;0.77;2;TRUE;537.0;0.802;0.81;50.1;0.0;2332029.0;libre_inversion;TRUE
CAND-01240;15/08/24;48;H;1287984.0;14;38252.0;8;0.636;4;TRUE;709.0;0.852;0.751;28.2;0.0;304997.0;libre_inversion;TRUE
CAND-00338;15/08/24;44;M;2330926.0;1;8440.0;1;0.306;1;TRUE;580.0;0.601;0.894;39.1;0.0;708915.0;avance_efectivo;TRUE
CAND-00549;15/08/24;26;H;1202994.0;19;110359.0;8;0.266;2;FALSE;;0.812;0.544;34.0;0.0;1077947.0;libre_inversion;TRUE
CAND-00370;15/08/24;42;H;2809167.0;20;88338.0;11;0.304;1;TRUE;665.0;0.919;0.921;81.3;0.0;175086.0;libre_inversion;TRUE
CAND-00444;16/08/24;25;H;1327544.0;6;24040.0;4;0.443;3;TRUE;678.0;0.737;0.686;72.1;0.0;952120.0;libre_inversion;TRUE
CAND-02797;16/08/24;31;H;998777.0;5;90713.0;4;0.456;2;FALSE;;0.864;0.537;49.0;0.0;715297.0;libre_inversion;TRUE
CAND-00539;16/08/24;50;M;1614284.0;4;46367.0;1;0.134;2;TRUE;638.0;0.783;0.835;47.2;0.0;703573.0;libre_inversion;TRUE
CAND-01782;16/08/24;23;M;1217029.0;11;7411.0;4;0.086;2;TRUE;691.0;0.526;0.504;63.8;0.0;1817501.0;libre_inversion;TRUE
CAND-00892;16/08/24;56;H;1140608.0;5;21105.0;2;0.143;1;FALSE;;0.483;0.629;25.1;0.0;503797.0;libre_inversion;TRUE
CAND-00686;16/08/24;34;M;858116.0;23;103067.0;19;0.167;1;FALSE;;0.944;0.356;58.8;0.0;190295.0;avance_efectivo;TRUE
CAND-00995;16/08/24;50;M;860624.0;9;39210.0;4;0.386;4;FALSE;;0.865;0.78;59.8;0.0;1153352.0;compra_cartera;TRUE
CAND-01585;16/08/24;45;M;2207133.0;2;42245.0;1;0.485;2;FALSE;;0.783;;56.8;0.0;709792.0;avance_efectivo;TRUE
CAND-01905;17/08/24;23;H;2560740.0;21;11653.0;12;0.523;2;TRUE;709.0;0.754;0.781;62.9;0.0;693591.0;libre_inversion;TRUE
CAND-02756;17/08/24;33;H;1161841.0;45;48742.0;22;0.272;3;TRUE;695.0;0.743;0.948;84.0;0.0;883607.0;avance_efectivo;TRUE
CAND-00201;17/08/24;29;M;1387741.0;6;22583.0;5;0.249;1;FALSE;;0.819;;44.3;0.0;143065.0;libre_inversion;TRUE
CAND-02352;17/08/24;34;H;1424709.0;15;5407.0;7;0.917;4;FALSE;;0.751;0.783;76.7;0.0;1602376.0;libre_inversion;TRUE
CAND-01305;17/08/24;42;H;2026791.0;5;12947.0;1;0.755;1;TRUE;670.0;0.946;0.546;15.0;0.0;162345.0;avance_efectivo;TRUE
CAND-00545;17/08/24;36;H;1409038.0;18;59803.0;5;0.666;3;TRUE;606.0;;0.657;77.0;0.0;1784644.0;avance_efectivo;TRUE
CAND-01734;17/08/24;38;M;795571.0;18;49186.0;9;0.316;1;FALSE;;0.695;;54.2;0.0;493772.0;libre_inversion;TRUE
CAND-01118;17/08/24;50;H;1474002.0;42;24256.0;23;0.301;3;FALSE;;0.916;0.932;61.8;0.0;333003.0;libre_inversion;TRUE
CAND-01603;17/08/24;46;M;854847.0;10;55246.0;3;0.188;4;TRUE;629.0;0.55;0.925;54.5;0.0;472447.0;avance_efectivo;TRUE
CAND-01158;17/08/24;34;M;2054455.0;16;52856.0;13;0.285;1;TRUE;600.0;0.65;0.575;50.2;0.0;583144.0;avance_efectivo;TRUE
CAND-02533;17/08/24;48;M;1617239.0;17;90531.0;10;0.691;1;FALSE;;0.683;0.786;50.6;0.0;1501615.0;compra_cartera;TRUE
CAND-02894;18/08/24;59;H;1314617.0;25;38636.0;11;0.375;1;TRUE;711.0;0.719;0.878;80.9;0.0;885988.0;libre_inversion;TRUE
CAND-01537;18/08/24;19;M;1165970.0;11;113568.0;4;0.106;5;TRUE;713.0;0.523;0.728;62.3;0.0;620404.0;avance_efectivo;TRUE
CAND-01164;18/08/24;50;H;3640660.0;15;66501.0;6;0.583;4;FALSE;;0.713;0.786;65.0;0.0;1003988.0;avance_efectivo;TRUE
CAND-01533;18/08/24;34;H;2297845.0;20;20217.0;10;0.412;2;FALSE;;0.923;0.58;26.6;0.0;471766.0;avance_efectivo;TRUE
CAND-02708;18/08/24;23;H;2493620.0;1;16922.0;0;0.725;2;TRUE;682.0;0.656;0.8;62.5;0.0;509107.0;libre_inversion;TRUE
CAND-02264;18/08/24;41;NB;803648.0;1;4796.0;0;0.627;3;TRUE;649.0;0.915;0.538;52.4;0.0;588592.0;compra_cartera;TRUE
CAND-02511;18/08/24;18;H;816644.0;2;45698.0;1;0.229;3;TRUE;504.0;0.878;0.677;63.1;0.0;629603.0;avance_efectivo;TRUE
CAND-00935;19/08/24;45;M;1981615.0;30;87183.0;13;0.135;2;FALSE;;0.776;0.686;77.5;0.0;363632.0;libre_inversion;TRUE
CAND-00895;19/08/24;30;H;1083167.0;14;77761.0;9;0.447;2;FALSE;;0.767;0.842;34.8;0.0;744385.0;avance_efectivo;TRUE
CAND-01129;19/08/24;25;H;1429302.0;10;38194.0;7;0.263;5;FALSE;;0.799;0.67;44.4;0.0;684727.0;compra_cartera;TRUE
CAND-01430;19/08/24;31;H;945038.0;6;79719.0;1;0.441;2;FALSE;;0.976;0.763;100.0;0.0;589595.0;compra_cartera;TRUE
CAND-00961;19/08/24;30;M;5.208.971.380.127.890;6;71332.0;3;0.392;4;FALSE;;0.502;0.928;61.2;0.0;282544.0;compra_cartera;TRUE
CAND-01573;19/08/24;35;H;736928.0;18;30224.0;7;0.061;1;FALSE;;0.56;0.565;44.9;0.0;328812.0;avance_efectivo;TRUE
CAND-00851;19/08/24;43;H;1210740.0;1;90325.0;1;0.109;2;FALSE;;;0.857;19.2;0.0;372452.0;libre_inversion;TRUE
CAND-02494;19/08/24;30;H;1291954.0;2;59973.0;1;0.655;4;FALSE;;0.849;0.694;4.8;0.0;558931.0;libre_inversion;TRUE
CAND-01543;20/08/24;39;H;1476669.0;17;49830.0;11;0.383;2;TRUE;676.0;0.592;0.853;32.0;0.0;725053.0;libre_inversion;TRUE
CAND-02610;20/08/24;20;H;1063904.0;3;126025.0;2;0.559;2;TRUE;672.0;0.716;0.798;54.6;0.0;184871.0;compra_cartera;TRUE
CAND-00390;20/08/24;48;M;860750.0;4;35249.0;2;0.265;5;TRUE;672.0;0.838;0.845;68.4;0.0;514058.0;libre_inversion;TRUE
CAND-00779;20/08/24;39;H;1189540.0;4;178017.0;4;0.362;2;TRUE;439.0;0.883;0.72;59.5;0.0;124275.0;avance_efectivo;TRUE
CAND-00971;20/08/24;39;H;1106115.0;1;42314.0;0;0.352;3;TRUE;604.0;0.855;;55.6;0.0;435448.0;compra_cartera;TRUE
CAND-00929;20/08/24;49;M;1191684.0;6;39625.0;1;0.387;3;TRUE;729.0;0.779;0.886;15.1;0.0;1357132.0;compra_cartera;TRUE
CAND-01335;20/08/24;21;H;1053186.0;10;19803.0;5;0.217;4;TRUE;734.0;0.964;0.881;80.2;0.0;399127.0;compra_cartera;TRUE
CAND-02959;20/08/24;58;H;897169.0;8;60080.0;6;0.104;2;FALSE;;0.575;0.598;71.6;0.0;613141.0;avance_efectivo;TRUE
CAND-00036;20/08/24;36;H;1127214.0;16;13581.0;4;0.547;4;FALSE;;0.777;0.683;44.6;0.0;562359.0;avance_efectivo;TRUE
CAND-02480;20/08/24;27;M;1195524.0;22;68346.0;11;0.461;2;FALSE;;0.534;;45.7;0.0;1196690.0;libre_inversion;TRUE
CAND-01764;20/08/24;46;H;967612.0;7;95386.0;2;0.563;1;TRUE;699.0;0.867;0.534;31.7;0.0;1881928.0;libre_inversion;TRUE
CAND-01386;20/08/24;42;M;1190593.0;6;72282.0;0;0.274;2;TRUE;631.0;0.811;;11.6;0.0;416671.0;libre_inversion;TRUE
CAND-02750;20/08/24;24;M;1762894.0;33;75610.0;21;0.083;2;FALSE;;0.928;0.514;29.2;0.0;448779.0;libre_inversion;TRUE
CAND-02720;20/08/24;34;M;844106.0;2;96310.0;1;0.784;2;TRUE;723.0;;0.669;48.8;0.0;246296.0;compra_cartera;TRUE
CAND-02769;20/08/24;20;M;874729.0;2;34575.0;1;0.396;5;TRUE;578.0;0.85;;56.5;0.0;267562.0;avance_efectivo;TRUE
CAND-01460;20/08/24;40;H;2115622.0;1;77216.0;1;0.503;3;TRUE;747.0;0.85;0.727;38.8;0.0;660607.0;compra_cartera;TRUE
CAND-01810;20/08/24;43;H;563955.0;12;40073.0;6;0.363;1;FALSE;;0.703;0.829;57.4;12306.0;645733.0;libre_inversion;TRUE
CAND-01571;20/08/24;36;H;1117235.0;17;23719.0;10;0.348;1;TRUE;719.0;0.811;0.694;70.6;0.0;454680.0;libre_inversion;TRUE
CAND-00629;20/08/24;46;H;1201639.0;17;113542.0;17;0.662;2;FALSE;;0.617;0.538;66.6;0.0;263597.0;compra_cartera;TRUE
CAND-01418;21/08/24;58;H;725706.0;6;42128.0;4;0.251;1;TRUE;642.0;0.849;0.795;56.6;0.0;400096.0;libre_inversion;TRUE
CAND-02238;21/08/24;28;M;1513178.0;29;94523.0;12;0.282;2;TRUE;721.0;0.862;0.735;25.8;0.0;523929.0;libre_inversion;TRUE
CAND-01695;21/08/24;46;M;993405.0;36;12533.0;27;0.259;1;FALSE;;0.885;0.76;62.3;0.0;334900.0;libre_inversion;TRUE
CAND-02887;21/08/24;22;M;1125060.0;1;120194.0;0;0.105;1;FALSE;;0.862;0.698;33.0;0.0;1080251.0;avance_efectivo;TRUE
CAND-01291;21/08/24;32;M;765160.0;19;24185.0;10;0.514;1;TRUE;649.0;0.711;0.738;49.5;15765.0;727264.0;avance_efectivo;TRUE
CAND-00902;21/08/24;44;NB;1091971.0;1;12346.0;0;0.129;2;TRUE;661.0;0.688;0.967;8.4;0.0;2411575.0;libre_inversion;TRUE
CAND-02335;21/08/24;30;H;1476904.0;16;48552.0;5;0.444;1;TRUE;661.0;0.951;0.92;23.3;0.0;210487.0;avance_efectivo;TRUE
CAND-01021;21/08/24;24;M;2184359.0;9;29409.0;2;0.234;1;FALSE;;0.479;0.553;36.3;0.0;995709.0;avance_efectivo;TRUE
CAND-01444;22/08/24;41;H;2241886.0;12;83742.0;8;0.32;3;TRUE;575.0;0.67;0.627;61.7;0.0;657309.0;compra_cartera;TRUE
CAND-00471;22/08/24;41;H;1541156.0;1;12133.0;1;0.788;4;TRUE;634.0;0.492;0.757;34.8;0.0;979793.0;libre_inversion;TRUE
CAND-02067;22/08/24;24;H;810537.0;24;123158.0;14;0.769;2;TRUE;682.0;0.902;;37.1;0.0;970018.0;libre_inversion;TRUE
CAND-01342;22/08/24;28;M;2093738.0;1;87894.0;0;0.532;1;FALSE;;0.849;0.666;31.9;0.0;423283.0;libre_inversion;TRUE
CAND-00221;22/08/24;37;H;1963437.0;1;106587.0;1;0.038;2;FALSE;;;0.76;34.2;0.0;759162.0;compra_cartera;TRUE
CAND-02796;22/08/24;49;M;2445680.0;17;15074.0;9;0.379;1;FALSE;;0.399;0.915;22.5;0.0;368464.0;libre_inversion;TRUE
CAND-00534;22/08/24;45;H;2107388.0;5;134812.0;4;0.317;4;TRUE;694.0;0.961;0.749;27.9;0.0;234968.0;libre_inversion;TRUE
CAND-00274;22/08/24;34;H;1597971.0;19;48031.0;8;0.259;5;FALSE;;0.904;0.637;47.8;0.0;665542.0;libre_inversion;TRUE
CAND-02805;22/08/24;46;H;1540906.0;60;32657.0;30;0.601;3;FALSE;;0.609;0.499;69.3;0.0;272919.0;libre_inversion;TRUE
CAND-00048;22/08/24;25;M;1375898.0;3;50658.0;3;0.499;1;FALSE;;0.709;0.784;33.5;0.0;277316.0;libre_inversion;TRUE
CAND-00944;23/08/24;55;M;3001992.0;18;14373.0;9;0.488;1;FALSE;;0.77;0.772;60.7;7295.0;206669.0;libre_inversion;FALSE
CAND-01892;23/08/24;38;H;1030820.0;9;9191.0;9;0.192;2;FALSE;;0.881;0.681;45.1;0.0;878014.0;avance_efectivo;TRUE
CAND-02178;23/08/24;45;H;931098.0;13;41451.0;5;0.193;2;FALSE;;0.902;0.821;64.1;0.0;711144.0;avance_efectivo;TRUE
CAND-02585;23/08/24;48;M;1179622.0;8;128670.0;3;0.201;5;TRUE;692.0;0.64;0.703;46.3;0.0;293885.0;compra_cartera;TRUE
CAND-02646;23/08/24;35;M;1061995.0;10;136792.0;4;0.335;4;FALSE;;0.893;0.69;53.1;0.0;1016768.0;libre_inversion;TRUE
CAND-01838;23/08/24;44;M;1910204.0;36;60131.0;19;0.409;5;FALSE;;0.91;0.527;68.4;0.0;428585.0;libre_inversion;TRUE
CAND-01580;23/08/24;34;H;1302037.0;7;88461.0;4;0.407;3;TRUE;658.0;0.901;0.972;61.3;0.0;614632.0;libre_inversion;TRUE
CAND-00367;24/08/24;44;M;793524.0;39;46771.0;13;0.142;3;TRUE;734.0;0.813;0.931;30.1;0.0;1333664.0;libre_inversion;TRUE
CAND-02981;24/08/24;19;H;791080.0;15;97144.0;13;0.208;4;FALSE;;0.455;0.846;59.9;0.0;327125.0;compra_cartera;TRUE
CAND-00363;24/08/24;36;H;721767.0;15;58610.0;8;0.48;3;TRUE;742.0;0.763;0.751;43.2;0.0;1285905.0;libre_inversion;TRUE
CAND-01670;24/08/24;51;M;1641266.0;5;72491.0;1;0.359;2;TRUE;624.0;0.518;0.876;69.2;0.0;446111.0;libre_inversion;TRUE
CAND-02801;24/08/24;27;H;1477094.0;23;67502.0;13;0.553;3;FALSE;;0.796;0.769;75.3;0.0;555208.0;compra_cartera;TRUE
CAND-02466;24/08/24;31;H;703496.0;5;85114.0;3;0.652;3;TRUE;644.0;;0.683;42.8;0.0;543.0;avance_efectivo;TRUE
CAND-00919;24/08/24;32;M;684376.0;5;41549.0;3;0.353;1;TRUE;635.0;;0.821;29.0;0.0;459740.0;libre_inversion;TRUE
CAND-02615;24/08/24;26;H;1673524.0;1;90992.0;1;0.059;1;TRUE;691.0;0.876;0.633;49.1;0.0;720415.0;libre_inversion;TRUE
CAND-00188;24/08/24;34;M;1084452.0;3;103724.0;2;0.23;3;FALSE;;0.917;0.876;26.1;0.0;432762.0;libre_inversion;TRUE
CAND-01120;24/08/24;32;H;821694.0;1;44661.0;1;0.098;3;FALSE;;0.829;;39.7;0.0;189493.0;libre_inversion;TRUE
CAND-01865;25/08/24;30;M;1252159.0;23;45807.0;13;0.506;1;FALSE;;0.799;0.864;35.7;0.0;638546.0;libre_inversion;TRUE
CAND-02814;25/08/24;41;M;1036172.0;2;43189.0;2;0.829;4;FALSE;;0.737;0.826;76.1;0.0;826258.0;avance_efectivo;TRUE
CAND-02495;25/08/24;45;H;1027319.0;8;76354.0;5;0.21;3;TRUE;629.0;0.638;;90.0;0.0;305868.0;libre_inversion;TRUE
CAND-00050;25/08/24;49;M;1123640.0;10;37231.0;7;0.616;4;FALSE;;0.592;0.713;51.8;0.0;1089403.0;avance_efectivo;TRUE
CAND-00525;25/08/24;34;H;906172.0;3;63718.0;1;0.17;4;FALSE;;0.928;0.482;36.8;0.0;1015082.0;libre_inversion;TRUE
CAND-02288;25/08/24;45;M;879561.0;19;25161.0;12;0.297;1;TRUE;600.0;0.939;;28.7;0.0;1536607.0;libre_inversion;TRUE
CAND-01406;25/08/24;41;H;1564652.0;1;76262.0;1;0.238;1;FALSE;;0.693;0.914;49.9;0.0;2002855.0;libre_inversion;TRUE
CAND-02809;25/08/24;30;M;1518088.0;13;45779.0;11;0.435;4;FALSE;;0.821;0.479;41.4;0.0;941897.0;libre_inversion;TRUE
CAND-00672;25/08/24;21;H;907281.0;3;39626.0;4;0.568;3;FALSE;;0.74;0.702;66.4;0.0;660729.0;libre_inversion;TRUE
CAND-02199;26/08/24;47;H;1178173.0;46;39712.0;22;0.388;3;TRUE;533.0;0.752;0.767;71.5;0.0;268380.0;libre_inversion;TRUE
CAND-01112;26/08/24;41;H;711139.0;14;50262.0;10;0.318;1;TRUE;683.0;0.671;0.753;62.2;0.0;1521925.0;avance_efectivo;TRUE
CAND-00524;26/08/24;57;M;571502.0;36;32744.0;13;0.217;3;TRUE;582.0;0.855;0.815;56.2;0.0;2096289.0;libre_inversion;TRUE
CAND-01127;26/08/24;50;H;474919.0;22;21693.0;10;0.423;1;FALSE;;0.848;0.83;53.2;0.0;908741.0;compra_cartera;TRUE
CAND-01134;26/08/24;40;H;1096142.0;9;91154.0;5;0.67;4;FALSE;;0.759;0.8;73.6;0.0;550585.0;libre_inversion;TRUE
CAND-01506;26/08/24;46;M;1106216.0;13;97611.0;7;0.447;4;FALSE;;0.419;0.918;40.3;0.0;1361191.0;avance_efectivo;TRUE
CAND-00776;26/08/24;48;H;1688241.0;51;134556.0;17;0.151;1;FALSE;;0.869;0.791;49.5;0.0;821960.0;avance_efectivo;TRUE
CAND-01144;26/08/24;37;M;1066557.0;7;50991.0;0;0.487;3;TRUE;851.0;0.916;0.649;48.0;0.0;404861.0;compra_cartera;TRUE
CAND-02989;26/08/24;44;H;757076.0;19;35460.0;10;0.31;1;FALSE;;0.777;0.536;19.0;0.0;1018486.0;libre_inversion;TRUE
CAND-00437;26/08/24;29;H;1793450.0;1;98764.0;0;0.477;3;TRUE;739.0;0.685;0.724;28.9;0.0;407307.0;libre_inversion;TRUE
CAND-01612;26/08/24;25;M;1043613.0;28;49438.0;16;0.617;1;TRUE;643.0;0.787;0.801;51.9;0.0;374303.0;libre_inversion;TRUE
CAND-02121;26/08/24;33;M;813413.0;21;28684.0;11;0.245;2;TRUE;665.0;0.811;0.834;55.3;0.0;2143532.0;avance_efectivo;TRUE
CAND-02413;26/08/24;19;H;2304524.0;6;59908.0;1;0.384;2;FALSE;;0.585;;68.5;0.0;570014.0;libre_inversion;TRUE
CAND-01769;26/08/24;35;M;2856578.0;2;12008.0;1;0.677;2;TRUE;607.0;0.758;0.85;52.7;0.0;887902.0;libre_inversion;TRUE
CAND-01673;26/08/24;37;M;2043712.0;17;40797.0;13;0.475;1;TRUE;585.0;0.845;0.814;39.6;0.0;100000.0;libre_inversion;FALSE
CAND-01100;27/08/24;19;H;1184537.0;12;68670.0;3;0.153;3;FALSE;;0.681;0.905;23.7;0.0;2113066.0;libre_inversion;TRUE
CAND-01047;27/08/24;40;M;1070851.0;11;145766.0;8;0.341;1;FALSE;;0.824;0.955;69.8;0.0;700262.0;compra_cartera;TRUE
CAND-00705;27/08/24;40;H;755309.0;5;148025.0;1;0.524;3;FALSE;;0.872;0.847;84.8;0.0;522037.0;libre_inversion;TRUE
CAND-02508;27/08/24;37;M;1741351.0;1;42279.0;0;0.173;4;FALSE;;0.741;0.65;62.4;0.0;702824.0;libre_inversion;TRUE
CAND-01230;27/08/24;35;M;1223717.0;14;54831.0;6;0.167;1;FALSE;;0.646;0.971;43.0;0.0;1094749.0;compra_cartera;TRUE
CAND-02520;27/08/24;18;H;2019693.0;11;137529.0;4;0.042;2;TRUE;704.0;0.767;0.898;54.5;0.0;293968.0;libre_inversion;TRUE
CAND-02257;27/08/24;44;H;1368098.0;14;51040.0;10;0.442;2;TRUE;502.0;0.649;0.966;73.5;0.0;889775.0;libre_inversion;TRUE
CAND-00320;27/08/24;18;M;1407874.0;6;114349.0;1;0.338;3;FALSE;;0.661;0.341;15.6;0.0;999586.0;libre_inversion;TRUE
CAND-02557;27/08/24;29;M;1006784.0;2;24027.0;1;0.178;1;FALSE;;0.677;;13.4;0.0;233903.0;avance_efectivo;TRUE
CAND-00114;28/08/24;31;M;1218062.0;1;35941.0;1;0.069;2;TRUE;572.0;0.833;0.89;61.9;0.0;627729.0;libre_inversion;TRUE
CAND-02537;28/08/24;38;M;1549080.0;24;93561.0;11;0.479;1;FALSE;;0.762;0.739;61.4;0.0;527079.0;libre_inversion;TRUE
CAND-00967;28/08/24;44;H;2528963.0;10;96016.0;9;0.638;4;TRUE;550.0;0.698;0.82;32.3;0.0;728484.0;compra_cartera;TRUE
CAND-00688;28/08/24;26;NB;1496542.0;2;59463.0;1;0.521;5;FALSE;;0.633;0.624;58.3;0.0;847532.0;avance_efectivo;TRUE
CAND-02703;28/08/24;42;M;598794.0;9;35203.0;7;0.182;1;FALSE;;0.899;0.826;18.9;0.0;714309.0;libre_inversion;TRUE
CAND-02549;28/08/24;32;H;1943740.0;21;49776.0;10;0.2;1;TRUE;571.0;0.758;0.87;15.0;0.0;429197.0;compra_cartera;TRUE
CAND-02569;28/08/24;38;H;2165524.0;34;36830.0;18;0.266;2;FALSE;;0.722;0.684;56.9;0.0;425426.0;libre_inversion;TRUE
CAND-02086;28/08/24;31;M;1543984.0;6;119264.0;7;0.34;2;FALSE;;0.633;;36.6;0.0;1178362.0;compra_cartera;TRUE
CAND-02138;28/08/24;33;M;1815021.0;4;14225.0;0;0.15;4;FALSE;;0.671;0.616;90.6;0.0;504371.0;compra_cartera;TRUE
CAND-01852;28/08/24;36;H;1387523.0;53;68542.0;26;0.366;3;FALSE;;0.589;0.566;65.6;0.0;614043.0;libre_inversion;TRUE
CAND-02450;28/08/24;45;H;990627.0;3;23436.0;1;0.04;5;FALSE;;0.781;0.755;59.6;0.0;599743.0;avance_efectivo;TRUE
CAND-01383;29/08/24;25;H;1828910.0;5;11372.0;2;0.741;4;TRUE;590.0;0.787;0.599;33.5;0.0;489066.0;libre_inversion;TRUE
CAND-02888;29/08/24;41;M;1383842.0;3;63400.0;1;0.205;3;FALSE;;0.523;0.945;41.9;0.0;580585.0;compra_cartera;TRUE
CAND-02307;29/08/24;38;H;1233495.0;6;52785.0;5;0.143;3;TRUE;695.0;0.932;0.645;64.8;0.0;1558565.0;libre_inversion;TRUE
CAND-02348;29/08/24;35;H;1919115.0;5;100134.0;4;0.626;4;TRUE;638.0;0.737;0.37;39.0;0.0;666344.0;avance_efectivo;TRUE
CAND-00021;29/08/24;18;M;1254321.0;5;64728.0;3;0.394;5;FALSE;;0.962;0.479;31.9;0.0;1765732.0;libre_inversion;TRUE
CAND-02984;29/08/24;37;H;1060179.0;7;60152.0;1;0.396;1;FALSE;;0.886;0.702;18.4;0.0;1181471.0;libre_inversion;TRUE
CAND-01190;29/08/24;49;M;923784.0;60;24010.0;33;0.516;3;FALSE;;0.817;0.673;47.6;0.0;851029.0;libre_inversion;TRUE
CAND-00858;29/08/24;36;H;1646028.0;6;9116.0;5;0.156;1;TRUE;651.0;0.853;0.799;58.7;0.0;216465.0;avance_efectivo;TRUE
CAND-01223;29/08/24;41;M;1409337.0;24;15745.0;6;0.223;2;FALSE;;0.668;0.67;36.8;0.0;676929.0;avance_efectivo;TRUE
CAND-00690;29/08/24;43;H;833113.0;20;33871.0;11;0.173;5;FALSE;;0.786;0.962;60.1;0.0;161715.0;compra_cartera;TRUE
CAND-02222;29/08/24;36;M;1436016.0;1;45359.0;0;0.291;4;FALSE;;0.598;0.821;67.7;0.0;1426610.0;libre_inversion;TRUE
CAND-01169;29/08/24;27;H;535114.0;33;31019.0;12;0.459;1;FALSE;;0.887;0.749;53.0;0.0;628441.0;libre_inversion;TRUE
CAND-02428;29/08/24;18;H;1109754.0;2;43995.0;0;0.327;1;FALSE;;;0.849;29.4;0.0;396904.0;libre_inversion;FALSE
CAND-00724;30/08/24;42;H;963730.0;8;17725.0;3;0.459;3;TRUE;571.0;0.752;0.917;77.6;0.0;1008003.0;avance_efectivo;TRUE
CAND-00400;30/08/24;30;H;628716.0;5;22909.0;3;0.289;1;FALSE;;0.832;0.732;50.8;0.0;633179.0;libre_inversion;TRUE
CAND-00853;30/08/24;29;H;1569160.0;10;82956.0;5;0.269;2;TRUE;774.0;0.809;0.538;37.0;0.0;829.0;avance_efectivo;TRUE
CAND-00097;30/08/24;36;M;1256631.0;49;22715.0;24;0.257;4;FALSE;;0.863;0.529;51.5;0.0;318910.0;libre_inversion;TRUE
CAND-01676;30/08/24;35;M;2252853.0;10;198944.0;10;0.105;1;TRUE;684.0;0.963;0.972;62.2;0.0;1077326.0;avance_efectivo;TRUE
CAND-02627;30/08/24;34;H;976570.0;31;26511.0;17;0.68;1;TRUE;657.0;0.828;0.602;10.1;0.0;1003346.0;avance_efectivo;TRUE
CAND-01488;30/08/24;45;H;516040.0;5;23877.0;6;0.35;5;FALSE;;0.928;0.8;77.6;0.0;536075.0;avance_efectivo;TRUE
CAND-00622;30/08/24;32;H;1194254.0;29;56118.0;17;0.061;2;TRUE;646.0;0.686;0.914;56.7;0.0;693935.0;libre_inversion;TRUE
CAND-01338;30/08/24;29;M;968585.0;2;5774.0;1;0.795;3;FALSE;;0.682;0.911;54.8;19879.0;269078.0;compra_cartera;TRUE
CAND-01928;30/08/24;23;M;778449.0;27;35156.0;18;0.266;2;TRUE;635.0;0.693;0.952;63.4;0.0;1648746.0;libre_inversion;TRUE
CAND-02878;30/08/24;47;M;767053.0;31;20342.0;17;0.243;1;FALSE;;0.712;0.823;68.2;0.0;594612.0;libre_inversion;TRUE
CAND-01263;30/08/24;18;H;2530011.0;1;143064.0;1;0.582;3;TRUE;592.0;0.785;0.57;79.8;0.0;215721.0;compra_cartera;TRUE
CAND-02075;30/08/24;18;NB;1265521.0;12;54107.0;5;0.046;5;FALSE;;0.57;0.815;46.3;0.0;356961.0;libre_inversion;TRUE
CAND-00747;30/08/24;37;M;1180213.0;25;77053.0;15;0.723;2;TRUE;647.0;0.452;0.862;65.4;0.0;448622.0;libre_inversion;TRUE
CAND-01329;31/08/24;34;H;1417386.0;28;54958.0;10;0.203;2;TRUE;730.0;0.619;0.794;21.0;0.0;1575587.0;compra_cartera;TRUE
CAND-00486;31/08/24;26;M;748726.0;23;73035.0;7;0.353;2;FALSE;;;0.389;81.8;0.0;503436.0;libre_inversion;TRUE
CAND-00417;31/08/24;20;M;3009089.0;3;93343.0;0;0.74;2;TRUE;535.0;0.906;0.952;41.4;0.0;500323.0;compra_cartera;TRUE
CAND-01556;31/08/24;20;M;728536.0;8;59372.0;2;0.065;2;TRUE;635.0;0.547;0.945;62.9;0.0;403247.0;libre_inversion;TRUE
CAND-00313;31/08/24;53;M;1124631.0;10;19461.0;5;0.456;3;FALSE;;0.826;0.82;30.3;0.0;481170.0;libre_inversion;TRUE
CAND-02608;31/08/24;53;M;2216090.0;5;40440.0;4;0.52;4;FALSE;;0.791;0.842;36.8;0.0;600835.0;libre_inversion;TRUE
CAND-00075;31/08/24;42;H;1528576.0;9;42850.0;3;0.325;4;TRUE;678.0;0.655;0.787;46.8;0.0;100000.0;libre_inversion;TRUE
CAND-00438;31/08/24;43;M;1362604.0;6;24823.0;3;0.545;2;FALSE;;0.914;;36.5;0.0;362630.0;libre_inversion;TRUE
CAND-02548;31/08/24;49;M;1427428.0;46;66236.0;19;0.225;1;TRUE;639.0;0.81;0.849;17.7;0.0;345404.0;libre_inversion;TRUE
CAND-01813;31/08/24;21;H;924508.0;42;63911.0;24;0.178;4;FALSE;;;0.849;45.7;0.0;549714.0;avance_efectivo;TRUE
CAND-01103;31/08/24;29;H;792622.0;3;75485.0;1;0.08;4;TRUE;633.0;0.553;;23.1;0.0;383754.0;libre_inversion;TRUE
CAND-00206;1/09/24;40;M;2907348.0;3;32589.0;1;0.129;3;TRUE;591.0;;0.787;22.4;0.0;853555.0;libre_inversion;TRUE
CAND-01319;1/09/24;40;H;1042593.0;21;18302.0;8;0.23;1;FALSE;;0.645;;12.9;0.0;256633.0;libre_inversion;TRUE
CAND-01192;1/09/24;18;H;1857482.0;2;18516.0;2;0.26;3;FALSE;;0.841;0.886;58.5;0.0;317972.0;libre_inversion;TRUE
CAND-02746;1/09/24;43;M;990618.0;15;41666.0;9;0.405;1;FALSE;;0.704;0.556;67.2;0.0;783333.0;compra_cartera;TRUE
CAND-02973;1/09/24;47;M;1642007.0;19;17980.0;5;0.17;5;FALSE;;0.823;0.686;43.1;0.0;2210127.0;compra_cartera;TRUE
CAND-01610;1/09/24;44;H;1123666.0;7;64790.0;1;0.261;1;FALSE;;0.834;0.93;42.5;0.0;310877.0;libre_inversion;TRUE
CAND-01024;1/09/24;38;H;1039818.0;7;15916.0;3;0.463;1;FALSE;;0.728;0.88;37.1;0.0;708567.0;libre_inversion;TRUE
CAND-01404;1/09/24;38;H;835596.0;9;45738.0;4;0.55;5;FALSE;;;0.56;41.4;0.0;1097581.0;avance_efectivo;TRUE
CAND-02225;1/09/24;30;M;889269.0;6;15390.0;3;0.034;2;FALSE;;0.838;0.431;48.5;0.0;364419.0;compra_cartera;TRUE
CAND-00790;1/09/24;35;H;1247615.0;11;52896.0;4;0.123;2;TRUE;706.0;0.644;0.632;64.7;0.0;432945.0;avance_efectivo;TRUE
CAND-00070;2/09/24;33;NB;1534778.0;3;49466.0;2;0.649;5;FALSE;;0.696;0.816;52.5;0.0;292551.0;libre_inversion;TRUE
CAND-01239;2/09/24;31;H;1800239.0;22;9615.0;10;0.495;4;TRUE;553.0;0.679;0.515;64.0;0.0;694663.0;avance_efectivo;TRUE
CAND-01667;2/09/24;36;M;817766.0;5;64371.0;4;0.441;1;FALSE;;0.703;0.91;48.0;0.0;499758.0;libre_inversion;TRUE
CAND-00648;2/09/24;40;M;853828.0;10;26204.0;9;0.531;1;TRUE;654.0;0.756;0.751;12.8;0.0;184066.0;libre_inversion;TRUE
CAND-00582;2/09/24;51;M;536456.0;5;104146.0;3;0.36;5;TRUE;735.0;0.786;0.83;62.1;0.0;705521.0;libre_inversion;TRUE
CAND-01326;2/09/24;19;H;2576420.0;7;90528.0;2;0.145;2;TRUE;443.0;0.97;0.805;26.3;0.0;189701.0;avance_efectivo;TRUE
CAND-00412;3/09/24;29;M;543414.0;20;148713.0;7;0.438;3;TRUE;527.0;0.892;0.954;70.6;0.0;363097.0;libre_inversion;TRUE
CAND-01817;3/09/24;36;M;1365257.0;1;14870.0;0;0.168;2;TRUE;598.0;0.618;;36.7;0.0;167976.0;compra_cartera;TRUE
CAND-02994;3/09/24;41;M;1545994.0;11;36116.0;7;0.54;3;TRUE;685.0;0.952;0.554;24.7;0.0;440158.0;avance_efectivo;TRUE
CAND-01528;3/09/24;18;H;12.096.977.974.043.500;2;40085.0;1;0.483;4;TRUE;758.0;0.819;0.781;54.4;0.0;1027180.0;libre_inversion;TRUE
CAND-00322;3/09/24;41;NB;2638796.0;9;3498.0;7;0.474;1;TRUE;621.0;0.939;0.776;29.9;0.0;721331.0;libre_inversion;TRUE
CAND-00859;3/09/24;21;M;1128127.0;7;134126.0;3;0.256;1;TRUE;782.0;0.832;0.926;40.5;0.0;297910.0;libre_inversion;TRUE
CAND-01368;3/09/24;44;M;604451.0;13;69352.0;2;0.213;2;TRUE;601.0;0.664;0.922;64.5;0.0;460346.0;libre_inversion;TRUE
CAND-01977;3/09/24;37;H;1284252.0;2;20317.0;2;0.348;2;TRUE;728.0;0.862;0.73;50.4;0.0;1050047.0;libre_inversion;TRUE
CAND-01436;3/09/24;30;M;918304.0;15;24769.0;7;0.511;4;TRUE;791.0;0.757;0.538;39.2;0.0;789934.0;avance_efectivo;TRUE
CAND-01147;3/09/24;36;H;1384564.0;23;5522.0;11;0.18;1;TRUE;765.0;0.366;0.482;68.9;0.0;1833659.0;libre_inversion;TRUE
CAND-00540;3/09/24;21;H;1479729.0;32;55212.0;12;0.124;2;FALSE;;0.737;0.827;33.1;0.0;243487.0;avance_efectivo;TRUE
CAND-02127;4/09/24;43;H;1000751.0;21;129982.0;6;0.105;1;TRUE;680.0;0.962;0.797;61.9;0.0;386389.0;libre_inversion;TRUE
CAND-00917;4/09/24;19;H;1068122.0;9;38562.0;3;0.32;3;FALSE;;0.7;0.72;65.0;0.0;767319.0;libre_inversion;TRUE
CAND-02008;4/09/24;55;H;2451027.0;3;28708.0;0;0.31;1;TRUE;680.0;0.872;0.685;29.3;0.0;346820.0;libre_inversion;TRUE
CAND-00563;4/09/24;37;H;1339902.0;3;90013.0;2;0.734;3;FALSE;;0.627;0.944;68.2;0.0;639295.0;libre_inversion;TRUE
CAND-01066;4/09/24;30;M;2.053.301.623.865.460;4;36483.0;1;0.27;1;FALSE;;0.754;0.923;29.4;0.0;760498.0;compra_cartera;TRUE
CAND-02397;4/09/24;35;NB;1022584.0;8;28405.0;7;0.687;4;TRUE;751.0;0.696;0.671;64.0;0.0;465625.0;avance_efectivo;TRUE
CAND-02935;4/09/24;49;H;488729.0;21;69288.0;8;0.313;4;FALSE;;0.612;0.711;48.0;0.0;684087.0;libre_inversion;TRUE
CAND-01613;4/09/24;28;H;535015.0;30;76684.0;17;0.404;4;FALSE;;0.701;0.683;18.0;0.0;673362.0;libre_inversion;TRUE
CAND-02191;4/09/24;26;H;496637.0;5;75016.0;2;0.232;2;TRUE;716.0;;0.579;30.4;0.0;672010.0;avance_efectivo;TRUE
CAND-01015;4/09/24;40;H;1386276.0;14;35381.0;7;0.256;4;TRUE;590.0;0.593;0.864;33.6;0.0;599488.0;libre_inversion;TRUE
CAND-01113;4/09/24;40;M;1008599.0;9;23334.0;4;0.153;1;TRUE;622.0;0.882;0.687;64.3;0.0;339693.0;libre_inversion;TRUE
CAND-01660;4/09/24;44;M;1688659.0;12;15197.0;7;0.326;2;TRUE;689.0;0.846;0.825;46.7;0.0;698602.0;libre_inversion;TRUE
CAND-01154;5/09/24;25;H;703765.0;9;25995.0;7;0.195;3;TRUE;554.0;0.872;0.891;55.3;0.0;267747.0;libre_inversion;TRUE
CAND-02022;5/09/24;38;M;1021201.0;7;7273.0;3;0.409;4;FALSE;;0.83;0.89;71.1;0.0;759317.0;libre_inversion;TRUE
CAND-02104;5/09/24;35;H;20.285.915.926.611.200;28;36803.0;14;0.74;3;FALSE;;;0.487;27.2;0.0;517322.0;avance_efectivo;TRUE
CAND-02200;5/09/24;48;H;1117309.0;37;25658.0;23;0.677;4;TRUE;658.0;0.85;0.801;60.0;0.0;465776.0;compra_cartera;TRUE
CAND-00588;5/09/24;21;H;1590903.0;15;156572.0;13;0.684;3;TRUE;571.0;0.74;0.925;64.2;0.0;389446.0;libre_inversion;TRUE
CAND-01520;5/09/24;41;H;1012352.0;6;15298.0;1;0.438;1;FALSE;;0.818;0.697;79.5;0.0;383729.0;avance_efectivo;TRUE
CAND-02242;5/09/24;47;H;568893.0;12;44562.0;4;0.362;2;TRUE;646.0;0.95;0.962;73.4;0.0;451421.0;compra_cartera;TRUE
CAND-00985;6/09/24;40;M;1257232.0;24;176812.0;14;0.734;1;TRUE;615.0;0.878;0.858;64.5;0.0;516552.0;compra_cartera;TRUE
CAND-02779;6/09/24;45;M;3406934.0;1;42957.0;1;0.268;3;FALSE;;0.824;0.593;65.4;0.0;926052.0;avance_efectivo;TRUE
CAND-00953;6/09/24;20;H;2059785.0;2;11858.0;1;0.141;2;TRUE;765.0;0.706;0.356;51.3;0.0;638.0;libre_inversion;TRUE
CAND-02943;6/09/24;40;M;1060441.0;6;8653.0;3;0.45;1;FALSE;;;0.922;47.3;0.0;363544.0;libre_inversion;TRUE
CAND-01040;6/09/24;39;M;756061.0;12;31393.0;2;0.741;1;FALSE;;0.605;0.894;76.4;0.0;683442.0;libre_inversion;TRUE
CAND-02369;6/09/24;39;H;1918911.0;5;28453.0;3;0.32;3;FALSE;;0.906;0.916;28.1;0.0;415163.0;libre_inversion;TRUE
CAND-01052;6/09/24;47;NB;2119680.0;20;28865.0;8;0.272;3;FALSE;;0.676;;41.3;0.0;279340.0;libre_inversion;TRUE
CAND-01396;6/09/24;43;M;2178849.0;1;62907.0;3;0.5;1;TRUE;712.0;0.353;0.869;33.1;0.0;465705.0;libre_inversion;TRUE
CAND-00093;6/09/24;45;H;1123173.0;19;28098.0;8;0.452;3;FALSE;;0.893;0.553;74.9;0.0;219074.0;avance_efectivo;TRUE
CAND-01799;7/09/24;37;H;3099881.0;11;118718.0;4;0.22;4;FALSE;;0.765;0.687;79.1;0.0;580360.0;libre_inversion;TRUE
CAND-02816;7/09/24;38;M;1378560.0;3;31132.0;1;0.079;1;FALSE;;0.9;0.761;44.7;0.0;405418.0;compra_cartera;TRUE
CAND-00161;7/09/24;39;H;890013.0;28;33232.0;13;0.163;1;FALSE;;0.563;0.759;69.3;0.0;339851.0;libre_inversion;TRUE
CAND-01151;7/09/24;40;H;2100840.0;5;103247.0;1;0.39;2;FALSE;;0.861;0.55;39.1;0.0;1226463.0;libre_inversion;TRUE
CAND-02524;7/09/24;34;M;1427300.0;4;83503.0;4;0.39;1;TRUE;509.0;0.751;0.587;63.4;0.0;590221.0;avance_efectivo;TRUE
CAND-01952;7/09/24;38;M;1071498.0;2;42166.0;1;0.052;4;FALSE;;0.775;0.851;47.8;0.0;462595.0;compra_cartera;TRUE
CAND-00595;7/09/24;34;H;977697.0;26;60364.0;12;0.427;1;FALSE;;0.94;;36.5;0.0;1981067.0;avance_efectivo;TRUE
CAND-01497;7/09/24;56;H;2054354.0;1;76016.0;1;0.409;2;FALSE;;0.837;0.901;43.2;0.0;830665.0;compra_cartera;TRUE
CAND-01029;7/09/24;35;H;1382368.0;16;39748.0;13;0.304;1;TRUE;624.0;0.592;0.775;16.9;0.0;604623.0;compra_cartera;TRUE
CAND-01148;7/09/24;38;H;716381.0;13;58786.0;10;0.387;5;TRUE;627.0;0.961;0.827;44.3;0.0;725426.0;avance_efectivo;TRUE
CAND-00667;7/09/24;50;M;1142208.0;11;20775.0;11;0.146;3;FALSE;;0.681;0.975;43.8;0.0;122773.0;libre_inversion;TRUE
CAND-00732;8/09/24;40;M;2668755.0;28;17149.0;16;0.309;2;TRUE;699.0;0.696;0.676;34.4;0.0;263383.0;libre_inversion;TRUE
CAND-01122;8/09/24;23;M;1067152.0;37;80709.0;16;0.336;2;FALSE;;0.79;0.929;78.3;0.0;143952.0;libre_inversion;TRUE
CAND-02882;8/09/24;45;H;1287578.0;2;8566.0;1;0.167;2;FALSE;;;0.797;71.7;0.0;646932.0;libre_inversion;TRUE
CAND-02309;8/09/24;19;M;1541637.0;4;84201.0;3;0.829;1;FALSE;;0.67;0.687;52.4;0.0;404007.0;avance_efectivo;TRUE
CAND-01003;8/09/24;32;H;1609720.0;27;37154.0;12;0.401;3;TRUE;594.0;0.886;0.924;40.8;0.0;858931.0;libre_inversion;TRUE
CAND-02337;8/09/24;38;NB;1705168.0;5;74391.0;2;0.534;1;FALSE;;0.59;;34.4;0.0;383828.0;compra_cartera;TRUE
CAND-00086;8/09/24;18;H;990103.0;31;103089.0;8;0.716;4;TRUE;638.0;0.916;0.756;61.1;0.0;262937.0;libre_inversion;TRUE
CAND-02732;8/09/24;42;M;647286.0;3;44080.0;3;0.61;4;FALSE;;0.911;0.948;55.4;0.0;620706.0;compra_cartera;TRUE
CAND-01315;8/09/24;31;M;2305995.0;4;42958.0;1;0.245;5;FALSE;;0.971;0.814;38.1;0.0;833032.0;libre_inversion;TRUE
CAND-00109;8/09/24;46;H;1208402.0;3;89094.0;1;0.218;2;FALSE;;0.758;0.615;49.1;0.0;758612.0;libre_inversion;TRUE
CAND-02476;8/09/24;37;M;1379894.0;17;76376.0;11;0.496;3;FALSE;;0.488;0.918;36.5;0.0;337797.0;libre_inversion;TRUE
CAND-00488;8/09/24;35;H;2275703.0;39;30011.0;11;0.321;2;FALSE;;0.848;0.745;64.9;0.0;242610.0;libre_inversion;TRUE
CAND-00845;8/09/24;29;NB;2306781.0;18;42001.0;14;0.468;4;FALSE;;0.626;0.826;52.7;0.0;275075.0;avance_efectivo;TRUE
CAND-01551;8/09/24;55;M;1947108.0;23;24513.0;5;0.648;4;TRUE;681.0;0.665;0.776;44.0;0.0;358552.0;avance_efectivo;TRUE
CAND-01589;8/09/24;39;H;708863.0;20;38177.0;9;0.604;1;FALSE;;0.597;0.893;82.1;0.0;490733.0;libre_inversion;TRUE
CAND-01723;8/09/24;46;NB;1219006.0;3;11911.0;3;0.167;1;FALSE;;0.849;0.748;49.5;0.0;534260.0;avance_efectivo;TRUE
CAND-02612;8/09/24;39;H;1337023.0;1;26677.0;2;0.517;2;FALSE;;0.913;0.872;33.9;0.0;585373.0;compra_cartera;TRUE
CAND-02134;9/09/24;28;M;1466905.0;21;134173.0;11;0.425;1;FALSE;;0.705;0.469;62.4;0.0;273000.0;compra_cartera;TRUE
CAND-00966;9/09/24;50;H;1027166.0;9;77586.0;2;0.211;1;TRUE;522.0;0.539;0.657;56.7;0.0;909727.0;avance_efectivo;TRUE
CAND-01877;9/09/24;54;H;1297944.0;5;99861.0;5;0.6;2;FALSE;;0.672;0.794;52.1;0.0;1309054.0;libre_inversion;TRUE
CAND-02694;9/09/24;31;H;1075401.0;1;96675.0;1;0.272;3;FALSE;;0.695;0.96;54.4;0.0;880541.0;avance_efectivo;TRUE
CAND-00470;9/09/24;49;M;740231.0;3;17587.0;1;0.486;4;TRUE;530.0;0.665;0.885;44.8;0.0;1038162.0;libre_inversion;TRUE
CAND-01947;9/09/24;42;M;1373436.0;12;115541.0;6;0.31;4;FALSE;;0.9;0.68;34.4;0.0;316249.0;compra_cartera;TRUE
CAND-00423;9/09/24;30;M;1107703.0;23;49199.0;8;0.592;3;FALSE;;0.944;0.869;50.9;0.0;501156.0;libre_inversion;TRUE
CAND-02354;9/09/24;46;H;604439.0;8;47911.0;2;0.38;4;FALSE;;0.778;0.83;65.5;0.0;324786.0;avance_efectivo;TRUE
CAND-02051;9/09/24;58;NB;897090.0;1;45823.0;3;0.242;2;TRUE;752.0;0.789;0.634;70.9;0.0;2255225.0;compra_cartera;TRUE
CAND-00785;9/09/24;39;M;970966.0;6;43289.0;1;0.138;2;TRUE;618.0;0.726;0.533;72.7;0.0;933978.0;libre_inversion;TRUE
CAND-02786;9/09/24;26;M;1382437.0;1;88039.0;1;0.281;2;TRUE;621.0;0.445;0.48;25.6;0.0;1205926.0;libre_inversion;TRUE
CAND-00440;10/09/24;34;M;737946.0;4;72858.0;2;0.683;3;FALSE;;0.587;0.553;39.9;0.0;1056155.0;compra_cartera;TRUE
CAND-02048;10/09/24;36;M;752228.0;40;21864.0;21;0.674;3;FALSE;;0.701;0.691;48.5;0.0;313251.0;libre_inversion;TRUE
CAND-01940;10/09/24;30;M;625527.0;7;108872.0;2;0.661;1;TRUE;591.0;0.815;0.697;29.3;0.0;1102715.0;libre_inversion;FALSE
CAND-02547;10/09/24;18;M;1165211.0;19;36044.0;6;0.236;2;FALSE;;;0.719;60.0;0.0;209391.0;avance_efectivo;TRUE
CAND-01650;10/09/24;36;H;2659312.0;2;84685.0;2;0.231;2;FALSE;;0.526;0.585;22.8;0.0;538509.0;libre_inversion;TRUE
CAND-01074;10/09/24;58;M;2467342.0;2;25629.0;2;0.13;1;TRUE;690.0;0.787;0.89;55.3;0.0;2288011.0;avance_efectivo;TRUE
CAND-02442;11/09/24;18;M;2874605.0;13;118268.0;7;0.573;2;TRUE;624.0;0.871;0.591;49.3;0.0;872365.0;avance_efectivo;TRUE
CAND-00511;11/09/24;42;M;3000786.0;60;25574.0;31;0.477;2;FALSE;;;0.741;42.4;0.0;448647.0;avance_efectivo;TRUE
CAND-00079;11/09/24;43;H;1315283.0;25;43216.0;15;0.119;3;FALSE;;0.489;0.935;71.8;0.0;718559.0;libre_inversion;TRUE
CAND-02478;11/09/24;28;M;594509.0;25;98423.0;13;0.459;1;TRUE;762.0;0.929;0.877;66.4;0.0;644792.0;libre_inversion;TRUE
CAND-00399;11/09/24;18;M;2146871.0;11;23127.0;6;0.518;1;FALSE;;0.697;0.68;77.3;0.0;1070071.0;avance_efectivo;TRUE
CAND-01975;11/09/24;35;M;2008124.0;8;77318.0;5;0.19;3;TRUE;667.0;0.834;0.694;44.9;0.0;2130781.0;libre_inversion;TRUE
CAND-01116;11/09/24;18;H;3721293.0;60;40445.0;26;0.339;2;FALSE;;0.607;0.813;90.5;0.0;305788.0;avance_efectivo;TRUE
CAND-00088;11/09/24;51;H;2124464.0;12;47881.0;6;0.548;2;FALSE;;0.84;0.748;34.5;0.0;498206.0;libre_inversion;TRUE
CAND-00211;11/09/24;22;H;2126460.0;14;10609.0;6;0.522;4;TRUE;659.0;0.739;0.731;46.1;0.0;497805.0;libre_inversion;TRUE
CAND-02542;11/09/24;30;H;860205.0;20;29370.0;16;0.087;3;FALSE;;0.875;0.708;71.7;0.0;788469.0;avance_efectivo;TRUE
CAND-00714;11/09/24;46;M;809435.0;8;76726.0;6;0.724;2;FALSE;;0.866;;26.2;0.0;756137.0;avance_efectivo;TRUE
CAND-00761;11/09/24;43;M;775105.0;42;30405.0;22;0.645;1;FALSE;;0.657;0.326;67.0;0.0;894623.0;libre_inversion;TRUE
CAND-01617;11/09/24;39;H;947596.0;4;96340.0;2;0.657;1;FALSE;;0.817;0.913;60.0;0.0;545892.0;libre_inversion;TRUE
CAND-01781;11/09/24;43;M;3072651.0;43;15491.0;24;0.127;3;FALSE;;0.872;0.643;69.6;0.0;383393.0;avance_efectivo;TRUE
CAND-02439;12/09/24;22;M;716980.0;1;61092.0;1;0.421;2;FALSE;;0.78;0.628;72.7;0.0;369817.0;libre_inversion;TRUE
CAND-01081;12/09/24;52;H;1413139.0;4;98555.0;2;0.448;3;TRUE;501.0;0.806;;37.5;0.0;1311041.0;libre_inversion;TRUE
CAND-00005;12/09/24;18;M;1013597.0;4;55256.0;1;0.109;1;TRUE;589.0;0.662;0.781;74.4;0.0;678620.0;avance_efectivo;TRUE
CAND-01194;12/09/24;48;M;1187018.0;6;17854.0;5;0.396;2;TRUE;625.0;0.811;0.873;33.0;0.0;771465.0;libre_inversion;TRUE
CAND-01833;12/09/24;52;M;2735956.0;6;14685.0;5;0.809;1;TRUE;642.0;0.875;0.657;85.8;0.0;1297904.0;libre_inversion;TRUE
CAND-00134;12/09/24;38;H;628590.0;30;63808.0;19;0.283;1;TRUE;614.0;0.757;0.573;60.5;0.0;1198051.0;libre_inversion;TRUE
CAND-02995;12/09/24;37;M;701636.0;15;93869.0;12;0.399;1;FALSE;;0.757;0.811;26.1;0.0;555569.0;compra_cartera;TRUE
CAND-00749;12/09/24;45;M;1721464.0;19;40263.0;8;0.338;4;TRUE;660.0;0.799;0.849;68.4;0.0;699065.0;libre_inversion;TRUE
CAND-00579;12/09/24;45;H;1304706.0;9;51947.0;8;0.399;1;FALSE;;0.81;0.619;75.6;0.0;425804.0;libre_inversion;TRUE
CAND-01570;13/09/24;21;NB;1122346.0;3;44872.0;2;0.376;3;FALSE;;0.776;0.787;62.6;0.0;998792.0;avance_efectivo;TRUE
CAND-01824;13/09/24;27;M;1200678.0;1;118383.0;0;0.264;1;FALSE;;0.876;0.913;38.5;0.0;1238143.0;avance_efectivo;TRUE
CAND-00122;13/09/24;21;M;908465.0;11;106485.0;6;0.435;3;TRUE;619.0;0.924;0.888;40.3;0.0;1209894.0;libre_inversion;TRUE
CAND-02654;13/09/24;29;M;601203.0;32;78633.0;8;0.732;2;FALSE;;0.809;;71.2;0.0;612244.0;compra_cartera;TRUE
CAND-00801;13/09/24;44;H;1620052.0;1;22830.0;3;0.225;3;TRUE;752.0;0.792;0.851;54.8;0.0;252291.0;libre_inversion;TRUE
CAND-00035;13/09/24;21;M;1350277.0;8;29239.0;3;0.706;4;FALSE;;0.694;0.758;83.7;0.0;118017.0;libre_inversion;TRUE
CAND-00671;13/09/24;36;H;1791086.0;13;52779.0;7;0.393;2;FALSE;;0.906;0.828;45.6;0.0;336881.0;compra_cartera;TRUE
CAND-00914;13/09/24;20;M;1037390.0;9;19191.0;4;0.206;1;FALSE;;0.668;0.708;42.9;19348.0;643997.0;libre_inversion;TRUE
CAND-01914;13/09/24;40;M;1122287.0;28;39919.0;20;0.097;2;TRUE;621.0;0.63;0.525;64.4;0.0;936322.0;avance_efectivo;TRUE
CAND-00946;13/09/24;29;H;911423.0;4;44332.0;3;0.376;3;FALSE;;0.619;0.736;20.7;0.0;616924.0;compra_cartera;TRUE
CAND-00043;14/09/24;50;NB;1549563.0;14;31412.0;11;0.223;4;FALSE;;0.573;0.929;70.1;0.0;1277640.0;compra_cartera;TRUE
CAND-02137;14/09/24;28;M;1939191.0;28;47400.0;14;0.318;2;FALSE;;;0.901;53.6;0.0;1388879.0;avance_efectivo;TRUE
CAND-01713;14/09/24;43;H;940317.0;2;67633.0;0;0.229;1;FALSE;;0.646;0.923;51.0;0.0;375402.0;compra_cartera;TRUE
CAND-01745;14/09/24;42;M;2385509.0;15;3916.0;14;0.357;2;FALSE;;0.702;0.816;37.3;0.0;537198.0;compra_cartera;TRUE
CAND-01227;14/09/24;43;H;751036.0;9;77743.0;3;0.551;3;TRUE;712.0;0.589;0.684;35.3;0.0;378284.0;libre_inversion;TRUE
CAND-00175;14/09/24;30;M;860827.0;1;12106.0;1;0.558;1;FALSE;;0.798;0.742;39.4;0.0;1470937.0;libre_inversion;TRUE
CAND-00937;14/09/24;34;M;735329.0;24;40909.0;14;0.196;2;FALSE;;0.689;0.965;68.1;0.0;1224138.0;libre_inversion;TRUE
CAND-00569;14/09/24;28;M;1898164.0;8;9489.0;4;0.419;2;FALSE;;0.462;0.554;28.4;0.0;602917.0;libre_inversion;TRUE
CAND-02182;14/09/24;33;M;1764679.0;7;24901.0;6;0.082;2;FALSE;;0.727;0.729;66.3;0.0;367999.0;avance_efectivo;TRUE
CAND-00810;14/09/24;38;H;814166.0;11;8429.0;11;0.418;1;TRUE;549.0;0.55;0.494;26.5;0.0;200309.0;libre_inversion;TRUE
CAND-02362;15/09/24;44;M;870916.0;6;47963.0;5;0.796;4;FALSE;;0.744;0.864;80.8;0.0;443007.0;libre_inversion;TRUE
CAND-00212;15/09/24;32;H;1503435.0;6;3060.0;3;0.602;3;TRUE;786.0;0.92;0.822;97.0;0.0;861115.0;avance_efectivo;TRUE
CAND-02030;15/09/24;36;M;735724.0;1;26064.0;0;0.131;4;TRUE;615.0;0.677;0.511;84.2;0.0;1285241.0;libre_inversion;TRUE
CAND-01705;15/09/24;36;M;1750646.0;13;126080.0;6;0.369;2;FALSE;;0.836;0.88;59.5;0.0;654336.0;libre_inversion;TRUE
CAND-00136;15/09/24;49;H;679294.0;5;36845.0;3;0.292;2;TRUE;615.0;;0.989;23.2;0.0;1264788.0;avance_efectivo;TRUE
CAND-00351;15/09/24;50;M;1408083.0;2;2305.0;1;0.355;3;FALSE;;0.759;0.622;29.0;0.0;318342.0;compra_cartera;TRUE
CAND-00668;15/09/24;27;M;1514040.0;9;59246.0;2;0.081;4;FALSE;;0.812;0.71;87.9;0.0;433639.0;libre_inversion;TRUE
CAND-01163;15/09/24;35;M;1005388.0;15;76005.0;4;0.395;3;FALSE;;0.844;0.687;50.6;0.0;612220.0;libre_inversion;TRUE
CAND-01310;15/09/24;23;H;952789.0;11;45273.0;1;0.73;1;FALSE;;0.715;0.79;21.8;16131.0;1460442.0;avance_efectivo;TRUE
CAND-01314;15/09/24;31;H;651848.0;24;55500.0;9;0.203;1;FALSE;;;0.814;27.2;0.0;289166.0;libre_inversion;TRUE
CAND-00612;15/09/24;35;M;1476332.0;23;66294.0;8;0.293;3;FALSE;;0.915;0.759;31.3;0.0;1102946.0;compra_cartera;TRUE
CAND-00040;15/09/24;58;M;1187642.0;2;52518.0;2;0.336;1;FALSE;;0.845;0.98;84.5;0.0;396242.0;libre_inversion;TRUE
CAND-00605;15/09/24;18;M;445456.0;11;43853.0;5;0.754;2;FALSE;;0.657;0.525;51.1;0.0;826011.0;libre_inversion;TRUE
CAND-00092;16/09/24;30;H;794393.0;16;81562.0;6;0.271;3;TRUE;718.0;0.794;0.931;83.9;7934.0;225951.0;libre_inversion;TRUE
CAND-01308;16/09/24;18;M;1858329.0;15;41432.0;9;0.458;1;FALSE;;0.638;0.898;62.8;0.0;339326.0;compra_cartera;TRUE
CAND-00468;16/09/24;44;H;864725.0;14;7181.0;9;0.871;2;TRUE;529.0;0.953;0.85;55.9;0.0;729041.0;avance_efectivo;TRUE
CAND-02484;16/09/24;35;H;2346886.0;3;19731.0;1;0.387;2;FALSE;;;0.882;41.1;0.0;336575.0;libre_inversion;TRUE
CAND-01849;16/09/24;21;H;1144310.0;35;168735.0;18;0.513;2;FALSE;;0.813;0.742;44.4;0.0;348093.0;avance_efectivo;TRUE
CAND-02681;16/09/24;31;H;2513534.0;17;128175.0;12;0.296;4;TRUE;649.0;0.825;0.5;19.9;0.0;567845.0;libre_inversion;TRUE
CAND-00889;16/09/24;31;M;2985920.0;4;38230.0;3;0.523;3;TRUE;582.0;0.847;0.85;69.2;0.0;1064032.0;libre_inversion;TRUE
CAND-02325;16/09/24;29;M;935974.0;6;35381.0;2;0.206;3;TRUE;576.0;0.642;;54.0;0.0;926223.0;compra_cartera;TRUE
CAND-01425;16/09/24;39;H;896767.0;14;25247.0;4;0.436;5;TRUE;780.0;0.825;0.713;82.1;0.0;2903240.0;avance_efectivo;TRUE
CAND-01282;17/09/24;24;H;873601.0;2;16472.0;1;0.184;1;TRUE;623.0;0.915;0.837;30.9;0.0;770924.0;libre_inversion;TRUE
CAND-01598;17/09/24;29;H;1435895.0;11;19077.0;4;0.144;1;FALSE;;0.868;0.758;75.3;0.0;414806.0;libre_inversion;TRUE
CAND-00982;17/09/24;25;NB;991999.0;11;66026.0;7;0.649;3;TRUE;628.0;0.811;0.534;25.7;0.0;601004.0;libre_inversion;TRUE
CAND-02934;17/09/24;18;H;439377.0;1;77950.0;1;0.247;3;FALSE;;0.885;0.761;16.5;0.0;323617.0;compra_cartera;TRUE
CAND-00603;17/09/24;38;H;449169.0;11;37121.0;0;0.316;1;TRUE;692.0;0.914;0.776;47.7;0.0;459811.0;libre_inversion;TRUE
CAND-01968;17/09/24;42;M;866723.0;1;12757.0;1;0.392;4;TRUE;592.0;0.904;0.804;53.6;0.0;890245.0;libre_inversion;TRUE
CAND-01145;17/09/24;57;H;1508892.0;17;110862.0;6;0.528;1;TRUE;702.0;0.779;0.743;72.7;0.0;963135.0;avance_efectivo;TRUE
CAND-02436;17/09/24;31;NB;1104420.0;1;22763.0;2;0.127;1;FALSE;;0.824;0.977;44.2;0.0;761251.0;compra_cartera;TRUE
CAND-00214;17/09/24;32;H;1701365.0;46;39422.0;28;0.828;1;TRUE;541.0;0.449;0.808;83.3;0.0;530284.0;libre_inversion;TRUE
CAND-02884;18/09/24;47;M;2371270.0;1;88434.0;1;0.059;5;FALSE;;0.716;0.83;19.7;0.0;649236.0;avance_efectivo;TRUE
CAND-01733;18/09/24;33;M;1253369.0;5;107860.0;1;0.171;4;TRUE;648.0;0.887;0.71;59.8;0.0;477946.0;compra_cartera;TRUE
CAND-00248;18/09/24;38;M;798155.0;4;77353.0;0;0.33;1;TRUE;717.0;0.73;0.494;77.7;0.0;1399485.0;libre_inversion;TRUE
CAND-01083;18/09/24;28;H;660504.0;6;63184.0;3;0.424;3;TRUE;665.0;0.567;0.802;31.9;0.0;470665.0;libre_inversion;TRUE
CAND-01226;18/09/24;39;M;16.405.337.964.716.600;15;82914.0;10;0.561;5;FALSE;;0.761;0.456;24.7;0.0;1244329.0;libre_inversion;TRUE
CAND-02659;18/09/24;35;M;1589396.0;3;60990.0;1;0.633;1;TRUE;713.0;0.829;0.703;48.1;0.0;654830.0;avance_efectivo;TRUE
CAND-02152;18/09/24;26;H;1095155.0;33;7318.0;13;0.384;2;FALSE;;0.985;0.687;37.1;0.0;2054848.0;compra_cartera;TRUE
CAND-02081;18/09/24;43;M;942573.0;3;47096.0;0;0.114;2;FALSE;;0.604;0.521;37.3;0.0;300859.0;avance_efectivo;TRUE
CAND-01365;18/09/24;35;M;1242252.0;5;69460.0;5;0.697;1;TRUE;806.0;0.76;0.708;66.0;10552.0;910704.0;libre_inversion;TRUE
CAND-01621;18/09/24;40;H;1256526.0;3;20403.0;2;0.151;3;FALSE;;0.806;0.95;10.3;0.0;188439.0;avance_efectivo;TRUE
CAND-02481;18/09/24;32;H;1417214.0;1;33109.0;1;0.401;2;TRUE;536.0;0.696;0.724;50.9;0.0;514556.0;libre_inversion;TRUE
CAND-02445;19/09/24;34;M;1051066.0;13;46878.0;5;0.302;2;TRUE;611.0;0.857;0.832;62.1;0.0;2780549.0;avance_efectivo;TRUE
CAND-00297;19/09/24;30;M;1598625.0;5;54757.0;3;0.369;1;TRUE;633.0;0.974;0.784;37.2;0.0;1236041.0;libre_inversion;TRUE
CAND-01588;19/09/24;39;H;985597.0;31;99196.0;10;0.217;2;TRUE;573.0;0.366;0.969;42.6;0.0;953076.0;libre_inversion;TRUE
CAND-01131;19/09/24;53;M;396255.0;20;81414.0;16;0.363;2;FALSE;;0.679;0.538;93.6;0.0;488246.0;compra_cartera;TRUE
CAND-01933;20/09/24;34;M;1075302.0;2;48758.0;3;0.744;1;FALSE;;0.499;0.617;42.8;0.0;333901.0;libre_inversion;TRUE
CAND-01616;20/09/24;42;H;1114046.0;12;40692.0;5;0.677;1;TRUE;649.0;0.921;0.781;51.4;0.0;569292.0;compra_cartera;TRUE
CAND-02223;20/09/24;24;M;1256935.0;60;50509.0;33;0.458;1;FALSE;;0.52;0.634;59.0;0.0;1023039.0;libre_inversion;TRUE
CAND-00316;20/09/24;47;M;665740.0;5;18506.0;1;0.421;4;TRUE;749.0;0.657;0.698;37.7;0.0;432171.0;avance_efectivo;TRUE
CAND-01063;20/09/24;22;M;830543.0;2;34309.0;0;0.178;2;TRUE;654.0;0.705;0.802;84.0;23447.0;1337057.0;libre_inversion;FALSE
CAND-00834;20/09/24;22;H;1484399.0;5;36701.0;2;0.615;1;TRUE;627.0;0.59;0.482;27.8;0.0;909527.0;compra_cartera;TRUE
CAND-00006;20/09/24;20;H;1642875.0;18;37876.0;6;0.31;2;TRUE;610.0;0.979;0.707;32.3;0.0;1419748.0;libre_inversion;TRUE
CAND-00952;20/09/24;41;H;968467.0;49;16917.0;22;0.099;3;FALSE;;0.876;0.496;27.9;0.0;344476.0;libre_inversion;TRUE
CAND-01565;20/09/24;54;H;319553.0;1;102635.0;0;0.131;4;FALSE;;0.647;0.762;70.2;0.0;1630354.0;avance_efectivo;TRUE
CAND-02788;21/09/24;37;H;995711.0;18;17890.0;14;0.268;2;FALSE;;0.793;0.723;43.9;0.0;2170769.0;libre_inversion;TRUE
CAND-00441;21/09/24;41;M;1233649.0;6;101279.0;2;0.257;3;FALSE;;0.935;0.844;40.7;0.0;210152.0;avance_efectivo;TRUE
CAND-02237;21/09/24;42;H;736465.0;33;125424.0;20;0.175;2;TRUE;704.0;0.705;0.761;43.2;0.0;775265.0;libre_inversion;TRUE
CAND-02050;21/09/24;29;M;1235057.0;18;5607.0;7;0.423;5;FALSE;;0.559;0.768;44.2;0.0;863632.0;avance_efectivo;TRUE
CAND-01030;21/09/24;18;H;1073044.0;38;22771.0;21;0.401;2;FALSE;;0.871;0.71;29.5;0.0;216062.0;libre_inversion;TRUE
CAND-00348;21/09/24;53;M;891753.0;9;40114.0;4;0.058;3;TRUE;578.0;0.889;;52.4;0.0;274013.0;libre_inversion;FALSE
CAND-01786;21/09/24;25;H;864873.0;40;11118.0;19;0.055;2;TRUE;675.0;;0.615;55.2;0.0;726633.0;avance_efectivo;TRUE
CAND-00513;22/09/24;40;H;1508011.0;7;9034.0;5;0.489;3;FALSE;;0.886;0.817;22.9;0.0;905064.0;compra_cartera;TRUE
CAND-00586;22/09/24;35;M;832773.0;20;40355.0;10;0.167;1;FALSE;;0.959;0.889;37.4;0.0;167955.0;compra_cartera;TRUE
CAND-01532;22/09/24;48;M;1228700.0;1;56805.0;1;0.147;3;FALSE;;0.474;0.812;33.6;0.0;660855.0;libre_inversion;TRUE
CAND-00945;22/09/24;43;M;1868597.0;2;47016.0;0;0.188;2;TRUE;573.0;0.842;0.663;47.3;0.0;295035.0;compra_cartera;TRUE
CAND-00135;22/09/24;29;H;755757.0;18;4108.0;6;0.49;3;TRUE;681.0;0.709;0.958;39.4;0.0;733166.0;libre_inversion;TRUE
CAND-02953;22/09/24;18;H;792497.0;5;7715.0;1;0.491;1;FALSE;;0.741;0.753;39.7;0.0;836242.0;libre_inversion;TRUE
CAND-02895;22/09/24;27;H;1010553.0;25;38374.0;12;0.394;2;FALSE;;0.62;0.893;78.0;0.0;558414.0;avance_efectivo;TRUE
CAND-02749;22/09/24;23;M;1454795.0;2;41413.0;2;0.089;1;TRUE;509.0;0.876;0.954;51.6;0.0;312575.0;libre_inversion;TRUE
CAND-00624;22/09/24;45;M;479988.0;29;38832.0;17;0.386;2;TRUE;552.0;0.741;0.452;58.9;0.0;577215.0;avance_efectivo;TRUE
CAND-01044;22/09/24;27;H;1067506.0;17;44267.0;11;0.425;5;FALSE;;0.648;0.71;64.4;0.0;414668.0;avance_efectivo;TRUE
CAND-02459;22/09/24;25;H;986527.0;43;24492.0;25;0.058;3;FALSE;;0.571;0.655;55.6;0.0;382477.0;avance_efectivo;FALSE
CAND-00460;22/09/24;37;H;1541148.0;13;78609.0;5;0.303;3;FALSE;;0.906;0.718;15.3;0.0;779653.0;avance_efectivo;TRUE
CAND-00091;22/09/24;25;H;1312580.0;27;25204.0;9;0.356;1;FALSE;;0.828;0.478;47.9;0.0;578732.0;libre_inversion;TRUE
CAND-00849;23/09/24;46;M;2334952.0;38;48785.0;25;0.606;1;FALSE;;0.66;0.896;39.3;0.0;372525.0;libre_inversion;TRUE
CAND-01989;23/09/24;40;H;605690.0;3;84348.0;1;0.173;1;TRUE;574.0;0.696;0.645;68.6;0.0;1065875.0;compra_cartera;TRUE
CAND-00757;23/09/24;19;H;793908.0;23;79992.0;15;0.422;2;FALSE;;0.884;0.517;47.5;0.0;449949.0;libre_inversion;TRUE
CAND-01297;23/09/24;29;H;1104408.0;6;87608.0;3;0.58;1;FALSE;;0.689;0.785;38.3;0.0;1222995.0;libre_inversion;TRUE
CAND-01826;23/09/24;26;M;835761.0;15;129109.0;6;0.205;1;FALSE;;0.919;0.812;62.9;0.0;300846.0;compra_cartera;TRUE
CAND-01026;23/09/24;57;M;1400274.0;34;79442.0;14;0.138;1;TRUE;692.0;0.877;0.714;72.0;0.0;341293.0;compra_cartera;FALSE
CAND-00445;24/09/24;18;M;678108.0;22;9357.0;6;0.346;2;FALSE;;;;60.4;0.0;534612.0;avance_efectivo;TRUE
CAND-00190;24/09/24;45;M;697782.0;1;43651.0;2;0.126;5;FALSE;;0.73;;54.0;0.0;633990.0;avance_efectivo;TRUE
CAND-02992;24/09/24;32;H;491872.0;12;103075.0;4;0.372;2;TRUE;640.0;0.712;0.983;19.2;0.0;182454.0;libre_inversion;TRUE
CAND-02174;24/09/24;39;H;742283.0;31;14553.0;16;0.288;3;FALSE;;0.875;0.974;60.8;0.0;823726.0;avance_efectivo;TRUE
CAND-02917;24/09/24;39;H;1583231.0;13;20374.0;6;0.805;1;TRUE;613.0;0.885;0.636;63.2;0.0;459151.0;libre_inversion;TRUE
CAND-00538;24/09/24;37;H;901897.0;2;8846.0;1;0.085;3;TRUE;682.0;0.865;0.902;55.9;0.0;655793.0;libre_inversion;TRUE
CAND-00530;24/09/24;46;H;831710.0;2;132941.0;1;0.682;1;FALSE;;0.758;0.648;54.1;0.0;344026.0;libre_inversion;TRUE
CAND-02936;24/09/24;26;H;1638349.0;12;39366.0;5;0.169;3;TRUE;745.0;0.833;0.87;43.8;0.0;1475639.0;compra_cartera;TRUE
CAND-02582;25/09/24;36;H;1312094.0;10;27142.0;7;0.831;2;FALSE;;0.845;0.833;40.4;0.0;984551.0;libre_inversion;TRUE
CAND-01130;25/09/24;41;H;1317794.0;13;9924.0;5;0.374;5;FALSE;;0.81;;22.4;0.0;261109.0;libre_inversion;TRUE
CAND-01795;25/09/24;44;H;1136949.0;15;45572.0;11;0.124;1;TRUE;625.0;0.835;0.788;37.6;0.0;586173.0;libre_inversion;TRUE
CAND-02500;25/09/24;33;M;1678515.0;1;72523.0;1;0.39;3;FALSE;;0.968;0.864;63.2;0.0;716638.0;avance_efectivo;TRUE
CAND-01101;25/09/24;42;M;552331.0;1;69876.0;0;0.2;3;TRUE;655.0;0.873;0.841;19.7;0.0;997584.0;compra_cartera;TRUE
CAND-01747;25/09/24;22;H;1064820.0;1;24316.0;0;0.391;2;FALSE;;0.579;0.777;34.3;0.0;568292.0;avance_efectivo;TRUE
CAND-00771;25/09/24;52;H;1091049.0;10;51938.0;5;0.402;5;FALSE;;0.583;0.956;28.7;0.0;474842.0;compra_cartera;TRUE
CAND-02044;25/09/24;40;H;1845687.0;15;56338.0;6;0.166;3;FALSE;;0.739;0.954;78.3;0.0;369967.0;avance_efectivo;TRUE
CAND-02085;25/09/24;35;M;2217629.0;13;51520.0;7;0.176;5;FALSE;;0.854;0.723;32.2;0.0;765380.0;libre_inversion;TRUE
CAND-02295;25/09/24;48;M;732598.0;8;52437.0;4;0.337;4;TRUE;842.0;0.806;0.919;74.6;0.0;322995.0;libre_inversion;TRUE
CAND-00745;25/09/24;24;H;1330799.0;12;55536.0;6;0.575;4;TRUE;489.0;0.869;0.742;75.7;0.0;683678.0;libre_inversion;TRUE
CAND-02778;25/09/24;33;M;361149.0;36;17101.0;10;0.439;2;TRUE;584.0;0.876;0.877;52.3;0.0;366451.0;libre_inversion;TRUE
CAND-02672;25/09/24;38;H;935696.0;8;36086.0;5;0.346;2;FALSE;;0.864;0.92;52.5;0.0;1309822.0;libre_inversion;TRUE
CAND-02329;26/09/24;32;H;2536164.0;3;99028.0;1;0.664;2;TRUE;610.0;0.891;0.486;55.8;0.0;804304.0;avance_efectivo;TRUE
CAND-00842;26/09/24;48;H;1603496.0;5;101498.0;3;0.37;4;FALSE;;0.582;0.649;69.2;0.0;508208.0;avance_efectivo;TRUE
CAND-01753;26/09/24;38;H;4048058.0;11;29445.0;2;0.298;3;FALSE;;0.545;0.663;53.0;0.0;425208.0;libre_inversion;TRUE
CAND-02616;26/09/24;58;M;475013.0;1;12522.0;0;0.527;1;FALSE;;0.811;0.876;50.6;0.0;266053.0;libre_inversion;TRUE
CAND-00799;26/09/24;22;M;1451512.0;11;52670.0;7;0.64;2;FALSE;;0.701;0.971;48.5;0.0;1631.0;libre_inversion;TRUE
CAND-02370;26/09/24;35;M;1527689.0;1;61804.0;1;0.145;1;TRUE;607.0;0.703;0.783;55.1;0.0;726943.0;libre_inversion;TRUE
CAND-01545;26/09/24;40;M;696378.0;4;21254.0;0;0.736;2;FALSE;;0.821;0.669;52.8;0.0;263786.0;avance_efectivo;TRUE
CAND-02990;26/09/24;41;H;510413.0;2;132234.0;0;0.329;3;FALSE;;0.858;0.697;21.3;0.0;1259197.0;libre_inversion;TRUE
CAND-02084;26/09/24;18;M;1126845.0;27;44221.0;13;0.12;2;FALSE;;0.588;0.426;92.5;0.0;601811.0;avance_efectivo;FALSE
CAND-02230;27/09/24;29;H;1304251.0;18;33007.0;3;0.355;1;FALSE;;0.815;0.639;39.5;0.0;850337.0;libre_inversion;TRUE
CAND-02838;27/09/24;30;H;1558420.0;19;43025.0;11;0.144;2;FALSE;;0.805;;72.9;0.0;232652.0;libre_inversion;TRUE
CAND-02164;27/09/24;45;M;1353344.0;16;179471.0;8;0.214;4;FALSE;;0.976;;14.9;0.0;770971.0;libre_inversion;TRUE
CAND-01025;27/09/24;42;H;2532285.0;3;7433.0;0;0.052;2;FALSE;;0.961;0.788;31.7;0.0;930996.0;libre_inversion;TRUE
CAND-01010;27/09/24;33;H;878101.0;10;14217.0;10;0.563;2;FALSE;;0.89;0.533;46.8;0.0;592776.0;libre_inversion;TRUE
CAND-00374;27/09/24;42;H;829292.0;24;102602.0;12;0.546;1;FALSE;;0.889;0.652;64.4;0.0;962350.0;avance_efectivo;TRUE
CAND-01261;27/09/24;27;M;1452291.0;11;44269.0;7;0.696;2;FALSE;;0.747;0.581;47.2;0.0;608013.0;compra_cartera;TRUE
CAND-02784;27/09/24;40;H;1239664.0;16;69589.0;11;0.542;3;FALSE;;0.731;0.809;43.3;0.0;511207.0;libre_inversion;TRUE
CAND-00901;27/09/24;38;M;882740.0;9;50508.0;7;0.802;4;TRUE;843.0;0.579;0.479;34.3;0.0;553976.0;avance_efectivo;TRUE
CAND-01468;27/09/24;36;H;1249139.0;26;56430.0;11;0.103;3;TRUE;522.0;0.912;0.643;67.2;0.0;1442537.0;avance_efectivo;TRUE
CAND-02653;27/09/24;21;H;1417392.0;8;10286.0;8;0.212;5;FALSE;;0.784;0.9;41.4;0.0;1147951.0;avance_efectivo;TRUE
CAND-00920;28/09/24;27;H;1346898.0;4;93211.0;2;0.366;4;TRUE;766.0;0.868;0.828;5.2;13392.0;665187.0;libre_inversion;TRUE
CAND-02948;28/09/24;18;M;875217.0;5;78366.0;1;0.361;3;TRUE;678.0;0.629;0.779;51.5;0.0;957248.0;libre_inversion;TRUE
CAND-01563;28/09/24;28;M;834828.0;13;5899.0;6;0.401;3;TRUE;619.0;0.791;0.962;59.8;0.0;556924.0;libre_inversion;TRUE
CAND-00180;28/09/24;24;H;863915.0;8;46066.0;3;0.844;5;TRUE;546.0;0.953;0.637;39.8;0.0;222006.0;libre_inversion;TRUE
CAND-02054;28/09/24;31;H;1555029.0;17;39785.0;4;0.413;5;FALSE;;0.837;0.88;49.1;0.0;307432.0;libre_inversion;TRUE
CAND-02517;28/09/24;18;M;2616534.0;13;133979.0;6;0.608;3;TRUE;785.0;0.812;0.904;21.6;0.0;396518.0;libre_inversion;TRUE
CAND-02664;28/09/24;34;H;864544.0;18;77409.0;9;0.671;2;FALSE;;0.619;0.726;18.4;0.0;928237.0;compra_cartera;TRUE
CAND-00662;28/09/24;40;H;1097920.0;28;118430.0;15;0.234;3;FALSE;;;0.908;52.6;0.0;1406299.0;libre_inversion;TRUE
CAND-00722;28/09/24;40;H;1526154.0;3;70069.0;1;0.346;4;FALSE;;0.913;0.87;83.2;0.0;437251.0;libre_inversion;TRUE
CAND-01251;28/09/24;28;H;17.182.195.981.951.700;11;76012.0;4;0.419;2;FALSE;;;0.858;56.5;0.0;612312.0;compra_cartera;TRUE
CAND-01605;28/09/24;18;M;963523.0;7;46011.0;8;0.083;4;FALSE;;0.785;0.427;52.6;0.0;1567905.0;libre_inversion;TRUE
CAND-00646;28/09/24;29;H;2245277.0;1;53849.0;3;0.18;3;FALSE;;0.811;0.803;23.3;0.0;772146.0;libre_inversion;TRUE
CAND-02773;28/09/24;19;H;1352889.0;14;19566.0;10;0.095;1;FALSE;;0.827;0.582;28.4;0.0;688924.0;libre_inversion;TRUE
CAND-01414;29/09/24;39;M;1663218.0;6;29538.0;5;0.632;4;TRUE;590.0;0.703;0.844;39.4;0.0;1285897.0;libre_inversion;TRUE
CAND-00111;29/09/24;27;H;1098600.0;1;35414.0;1;0.493;1;TRUE;612.0;0.71;0.839;60.9;0.0;496822.0;libre_inversion;TRUE
CAND-00384;29/09/24;34;H;758196.0;6;48162.0;4;0.189;4;TRUE;725.0;0.781;0.909;68.1;0.0;376045.0;avance_efectivo;TRUE
CAND-02311;29/09/24;44;H;1385332.0;18;2970.0;10;0.79;2;FALSE;;0.415;0.594;46.5;0.0;520759.0;libre_inversion;TRUE
CAND-00973;29/09/24;52;H;2006978.0;33;76113.0;14;0.404;4;FALSE;;0.49;0.86;57.6;0.0;1179969.0;compra_cartera;TRUE
CAND-00568;29/09/24;22;H;1158923.0;10;30644.0;5;0.372;2;FALSE;;0.819;0.846;43.5;0.0;197225.0;avance_efectivo;TRUE
CAND-00249;30/09/24;40;H;1255372.0;2;141679.0;0;0.445;2;FALSE;;0.416;0.827;49.6;0.0;1358004.0;avance_efectivo;TRUE
CAND-01276;30/09/24;45;NB;1091681.0;3;31704.0;1;0.661;3;TRUE;640.0;0.675;0.722;84.7;0.0;228573.0;libre_inversion;TRUE
CAND-00708;30/09/24;45;H;2101316.0;3;44294.0;2;0.016;3;FALSE;;0.582;;62.3;0.0;1352596.0;libre_inversion;TRUE
CAND-01320;30/09/24;32;H;3033813.0;47;13687.0;19;0.455;2;FALSE;;0.776;;29.6;0.0;1084617.0;libre_inversion;TRUE
CAND-02723;30/09/24;18;NB;1151361.0;18;23811.0;12;0.17;2;TRUE;717.0;0.739;0.94;45.9;0.0;793583.0;libre_inversion;TRUE
CAND-02266;30/09/24;33;H;647903.0;14;64741.0;6;0.157;4;TRUE;751.0;0.877;0.513;68.3;0.0;379979.0;avance_efectivo;TRUE
CAND-02834;30/09/24;44;H;1958797.0;1;33813.0;1;0.306;2;FALSE;;;0.862;53.7;16095.0;895866.0;libre_inversion;TRUE
CAND-00899;30/09/24;47;NB;971847.0;4;114988.0;0;0.329;1;FALSE;;0.74;0.797;73.7;0.0;338663.0;libre_inversion;TRUE
CAND-02128;30/09/24;43;M;1000279.0;28;74250.0;12;0.328;5;FALSE;;0.691;0.791;61.4;0.0;828620.0;avance_efectivo;TRUE
CAND-02423;30/09/24;32;H;1878338.0;19;51871.0;9;0.487;2;FALSE;;0.376;0.746;42.4;0.0;718810.0;libre_inversion;TRUE
CAND-01707;30/09/24;39;H;1374133.0;7;39928.0;4;0.295;1;FALSE;;0.628;0.631;66.9;0.0;100000.0;avance_efectivo;TRUE
CAND-02853;30/09/24;21;H;930541.0;7;2401.0;4;0.67;1;TRUE;699.0;0.886;0.65;47.3;0.0;933664.0;libre_inversion;TRUE
CAND-02634;30/09/24;54;M;1445296.0;1;13129.0;0;0.175;1;FALSE;;0.737;0.855;60.8;0.0;1286667.0;compra_cartera;TRUE
CAND-00478;30/09/24;37;H;1634966.0;7;52107.0;3;0.398;1;FALSE;;0.896;0.711;50.4;0.0;615156.0;avance_efectivo;TRUE
CAND-02704;30/09/24;36;M;1073612.0;1;79905.0;1;0.806;1;FALSE;;;0.33;79.4;0.0;601591.0;libre_inversion;FALSE
CAND-01189;30/09/24;41;M;1652816.0;20;11386.0;15;0.234;1;FALSE;;0.828;0.741;79.3;0.0;397730.0;compra_cartera;TRUE
CAND-03713;1/10/24;37;H;1367158.0;6;122510.0;3;0.297;5;TRUE;737.0;0.87;0.65;16.6;0.0;474234.0;libre_inversion;TRUE
CAND-03706;1/10/24;34;M;1648236.0;3;32504.0;0;0.598;2;FALSE;;0.471;0.579;28.5;0.0;428111.0;avance_efectivo;TRUE
CAND-03632;1/10/24;24;M;744996.0;7;20094.0;3;0.624;1;FALSE;;0.488;0.752;66.4;0.0;422783.0;libre_inversion;TRUE
CAND-03577;1/10/24;33;NB;1632246.0;8;33495.0;5;0.084;1;FALSE;;0.695;0.52;28.6;0.0;1366344.0;avance_efectivo;TRUE
CAND-03932;1/10/24;45;H;568444.0;1;72345.0;0;0.265;1;TRUE;552.0;0.658;0.659;15.0;0.0;298790.0;avance_efectivo;TRUE
CAND-03451;1/10/24;51;H;1131021.0;7;209712.0;1;0.054;5;FALSE;;0.911;0.471;70.0;0.0;197447.0;avance_efectivo;TRUE
CAND-03859;1/10/24;57;M;3456301.0;1;18463.0;1;0.566;1;TRUE;578.0;0.521;0.806;36.0;0.0;296918.0;libre_inversion;TRUE
CAND-03998;1/10/24;21;H;2765587.0;6;96107.0;5;0.785;1;FALSE;;0.555;0.469;18.4;0.0;811851.0;libre_inversion;TRUE
CAND-03492;2/10/24;25;M;1219695.0;4;19522.0;1;0.379;3;FALSE;;0.55;0.712;22.1;0.0;269991.0;libre_inversion;TRUE
CAND-03968;2/10/24;36;H;1281636.0;1;47929.0;2;0.571;3;FALSE;;0.577;0.858;73.9;0.0;753738.0;avance_efectivo;TRUE
CAND-03958;2/10/24;38;M;946735.0;10;21432.0;7;0.131;2;FALSE;;0.863;0.671;65.0;0.0;438083.0;libre_inversion;TRUE
CAND-03214;2/10/24;23;H;1177500.0;3;25753.0;0;0.643;5;TRUE;724.0;0.826;0.771;16.5;0.0;763272.0;compra_cartera;TRUE
CAND-03465;2/10/24;26;M;616432.0;15;79453.0;5;0.397;2;FALSE;;0.743;0.648;38.7;0.0;1756488.0;libre_inversion;TRUE
CAND-03557;2/10/24;31;M;1138163.0;23;126661.0;6;0.411;1;FALSE;;0.648;0.591;48.3;0.0;418642.0;compra_cartera;TRUE
CAND-03551;2/10/24;30;M;2108629.0;35;101543.0;12;0.464;4;TRUE;630.0;0.727;0.675;44.3;0.0;297198.0;compra_cartera;TRUE
CAND-03491;2/10/24;35;NB;1208582.0;5;61794.0;3;0.324;3;FALSE;;0.781;0.705;84.1;0.0;408653.0;avance_efectivo;TRUE
CAND-03187;2/10/24;40;H;936877.0;21;75689.0;7;0.039;1;TRUE;578.0;0.64;0.784;65.3;0.0;643798.0;avance_efectivo;TRUE
CAND-03062;3/10/24;33;H;754449.0;17;29154.0;9;0.452;2;FALSE;;0.701;0.521;85.5;0.0;238333.0;avance_efectivo;TRUE
CAND-03872;3/10/24;36;M;1218702.0;9;14219.0;0;0.366;3;FALSE;;0.691;0.626;49.0;0.0;804264.0;avance_efectivo;TRUE
CAND-03895;3/10/24;19;H;895528.0;1;24768.0;2;0.348;5;FALSE;;0.478;0.896;39.5;0.0;330043.0;libre_inversion;TRUE
CAND-03898;3/10/24;18;M;614223.0;8;71496.0;6;0.04;2;TRUE;671.0;0.838;;66.9;0.0;385919.0;libre_inversion;TRUE
CAND-03312;3/10/24;33;H;1191737.0;11;95136.0;1;0.41;2;FALSE;;0.435;0.525;39.2;0.0;227716.0;libre_inversion;TRUE
CAND-03014;3/10/24;18;H;1358184.0;12;10960.0;6;0.171;1;FALSE;;0.87;0.609;75.6;0.0;530316.0;libre_inversion;TRUE
CAND-03208;3/10/24;43;H;1195142.0;16;11232.0;10;0.13;4;FALSE;;0.632;0.47;41.2;0.0;626717.0;libre_inversion;TRUE
CAND-03170;3/10/24;34;M;1412588.0;21;31466.0;15;0.189;3;FALSE;;0.759;0.842;25.4;0.0;1123841.0;avance_efectivo;TRUE
CAND-03928;3/10/24;29;M;676150.0;3;111721.0;1;0.217;1;FALSE;;0.635;0.548;35.0;0.0;840549.0;libre_inversion;TRUE
CAND-03466;4/10/24;33;M;1312781.0;13;15729.0;5;0.494;3;TRUE;673.0;0.608;0.541;12.9;0.0;942262.0;avance_efectivo;TRUE
CAND-03322;4/10/24;35;M;1230465.0;20;74101.0;15;0.476;2;TRUE;748.0;0.862;0.746;23.5;19151.0;439077.0;libre_inversion;TRUE
CAND-03593;4/10/24;27;H;772788.0;3;57086.0;1;0.147;3;FALSE;;0.593;0.677;58.2;11657.0;763073.0;compra_cartera;TRUE
CAND-03329;4/10/24;36;H;2218810.0;13;25497.0;6;0.444;5;TRUE;635.0;0.721;0.538;49.9;0.0;773846.0;libre_inversion;TRUE
CAND-03093;4/10/24;42;H;1325173.0;2;65712.0;0;0.422;3;FALSE;;;0.506;39.4;0.0;977623.0;avance_efectivo;TRUE
CAND-03427;4/10/24;35;H;1170608.0;2;54039.0;2;0.506;4;FALSE;;0.314;0.753;14.1;0.0;506933.0;libre_inversion;TRUE
CAND-03230;4/10/24;34;H;1584034.0;3;34953.0;0;0.155;2;FALSE;;0.599;0.491;12.5;18941.0;237162.0;libre_inversion;TRUE
CAND-03198;4/10/24;37;H;969664.0;9;100655.0;5;0.474;3;TRUE;576.0;0.758;0.499;45.1;0.0;555441.0;libre_inversion;TRUE
CAND-03174;4/10/24;40;M;1631230.0;11;46765.0;6;0.415;1;TRUE;567.0;0.757;0.635;34.4;0.0;284743.0;libre_inversion;FALSE
CAND-03391;4/10/24;57;H;2834797.0;8;87596.0;6;0.157;1;TRUE;527.0;0.593;0.248;54.3;0.0;191312.0;avance_efectivo;TRUE
CAND-03233;4/10/24;46;H;1461558.0;21;65163.0;14;0.184;2;TRUE;512.0;0.64;0.355;82.6;0.0;313872.0;libre_inversion;TRUE
CAND-03015;4/10/24;35;H;1235090.0;4;26034.0;2;0.136;2;FALSE;;0.317;0.552;96.7;0.0;732032.0;libre_inversion;TRUE
CAND-03066;5/10/24;51;H;1244541.0;9;31576.0;3;0.735;2;FALSE;;0.659;0.811;55.4;0.0;991042.0;libre_inversion;TRUE
CAND-03105;5/10/24;41;M;2051294.0;6;89455.0;1;0.276;2;FALSE;;0.784;0.811;46.3;0.0;1172924.0;libre_inversion;TRUE
CAND-03584;5/10/24;42;M;1415524.0;27;75196.0;12;0.682;2;TRUE;683.0;0.618;0.516;17.7;0.0;1527054.0;libre_inversion;TRUE
CAND-03078;5/10/24;39;H;1624010.0;7;16918.0;4;0.403;2;TRUE;661.0;;;58.2;0.0;1649833.0;avance_efectivo;TRUE
CAND-03119;5/10/24;44;M;1135918.0;10;10843.0;5;0.79;3;FALSE;;0.642;0.593;69.8;0.0;262072.0;libre_inversion;TRUE
CAND-03120;5/10/24;32;M;681993.0;10;9112.0;9;0.473;4;FALSE;;0.845;0.537;62.4;0.0;667230.0;compra_cartera;TRUE
CAND-03555;5/10/24;47;H;771549.0;15;22939.0;2;0.395;1;TRUE;714.0;0.752;;34.3;0.0;228043.0;avance_efectivo;TRUE
CAND-03519;5/10/24;61;H;588266.0;3;41646.0;1;0.593;3;FALSE;;0.294;0.763;36.1;0.0;300739.0;avance_efectivo;TRUE
CAND-03482;5/10/24;29;H;4130102.0;20;67562.0;6;0.297;1;TRUE;835.0;0.798;0.793;54.9;0.0;1450898.0;libre_inversion;TRUE
CAND-03643;5/10/24;40;M;839050.0;28;136384.0;10;0.124;2;TRUE;827.0;0.765;0.749;54.1;0.0;593788.0;libre_inversion;TRUE
CAND-03433;5/10/24;33;M;1429322.0;6;19936.0;2;0.512;4;FALSE;;0.617;0.421;80.4;0.0;176592.0;libre_inversion;TRUE
CAND-03405;5/10/24;25;M;2418939.0;15;21603.0;4;0.588;2;TRUE;667.0;0.899;0.653;73.9;0.0;421497.0;compra_cartera;TRUE
CAND-03976;5/10/24;40;H;1780730.0;11;38798.0;7;0.617;1;TRUE;636.0;0.401;0.772;71.1;0.0;955506.0;libre_inversion;TRUE
CAND-03442;5/10/24;45;H;480549.0;1;58650.0;0;0.49;3;TRUE;590.0;0.481;0.38;25.0;0.0;283576.0;libre_inversion;TRUE
CAND-03991;5/10/24;38;H;2543543.0;5;36362.0;3;0.255;2;TRUE;607.0;0.428;0.696;86.1;0.0;1161574.0;libre_inversion;TRUE
CAND-03359;5/10/24;35;M;890810.0;33;91581.0;19;0.351;2;FALSE;;0.868;0.709;39.3;0.0;577391.0;libre_inversion;TRUE
CAND-03988;6/10/24;37;H;1848915.0;6;73508.0;5;0.64;2;FALSE;;0.449;0.542;15.3;0.0;771061.0;avance_efectivo;TRUE
CAND-03335;6/10/24;28;M;1707101.0;1;51716.0;2;0.744;1;FALSE;;0.732;0.876;38.5;0.0;273016.0;libre_inversion;TRUE
CAND-03150;6/10/24;33;H;2916059.0;6;5165.0;3;0.331;3;FALSE;;0.634;0.649;57.8;0.0;783156.0;compra_cartera;TRUE
CAND-03771;6/10/24;18;M;1400855.0;28;52771.0;11;0.403;4;FALSE;;0.503;0.762;75.7;0.0;946191.0;avance_efectivo;TRUE
CAND-03152;6/10/24;53;M;1031794.0;19;63584.0;6;0.045;2;FALSE;;0.436;0.775;28.5;0.0;847799.0;compra_cartera;TRUE
CAND-03463;6/10/24;38;M;995224.0;7;190861.0;2;0.387;3;FALSE;;0.407;0.562;16.2;0.0;724048.0;libre_inversion;TRUE
CAND-03779;6/10/24;40;M;1959024.0;2;69425.0;1;0.493;5;TRUE;575.0;0.347;;35.1;0.0;1081259.0;libre_inversion;TRUE
CAND-03051;6/10/24;20;M;1447761.0;4;42760.0;4;0.8;3;FALSE;;;0.761;77.8;0.0;203714.0;avance_efectivo;TRUE
CAND-03110;6/10/24;38;H;1787281.0;8;54367.0;6;0.308;1;TRUE;693.0;0.846;0.7;41.8;0.0;654545.0;compra_cartera;TRUE
CAND-03059;6/10/24;36;M;1498175.0;7;18694.0;1;0.781;3;FALSE;;0.737;0.849;60.9;0.0;298865.0;libre_inversion;TRUE
CAND-03604;6/10/24;31;H;640048.0;60;64355.0;38;0.303;3;FALSE;;0.717;0.907;69.7;0.0;448841.0;libre_inversion;TRUE
CAND-03351;6/10/24;37;H;888988.0;3;69643.0;1;0.327;2;FALSE;;0.708;0.436;53.1;0.0;705091.0;libre_inversion;TRUE
CAND-03378;6/10/24;45;M;1987314.0;25;70331.0;9;0.474;1;FALSE;;0.854;0.856;36.4;0.0;514521.0;avance_efectivo;TRUE
CAND-03158;6/10/24;50;H;1767279.0;11;115696.0;9;0.522;2;TRUE;540.0;0.646;0.603;23.6;0.0;285851.0;libre_inversion;TRUE
CAND-03722;6/10/24;36;M;1236833.0;3;28835.0;1;0.576;1;TRUE;406.0;0.795;0.768;50.0;0.0;381565.0;libre_inversion;TRUE
CAND-03002;7/10/24;27;H;761654.0;4;10918.0;3;0.594;3;FALSE;;0.897;0.621;59.1;0.0;1866078.0;libre_inversion;TRUE
CAND-03715;7/10/24;24;H;1328402.0;11;16185.0;7;0.306;2;TRUE;626.0;0.774;0.826;19.3;0.0;729376.0;avance_efectivo;TRUE
CAND-03270;7/10/24;55;H;1322032.0;12;48497.0;8;0.765;2;FALSE;;0.394;0.573;38.0;0.0;1256423.0;libre_inversion;TRUE
CAND-03699;7/10/24;35;H;1244896.0;2;84042.0;0;0.742;1;TRUE;542.0;0.741;0.621;23.8;0.0;285770.0;compra_cartera;TRUE
CAND-03273;7/10/24;36;H;1274324.0;11;12943.0;5;0.651;1;FALSE;;0.527;;60.1;0.0;930093.0;compra_cartera;TRUE
CAND-03921;7/10/24;33;H;2239108.0;9;3636.0;8;0.473;1;TRUE;719.0;0.798;0.855;100.0;0.0;1497247.0;compra_cartera;TRUE
CAND-03552;7/10/24;36;NB;1750906.0;3;163242.0;0;0.119;3;TRUE;644.0;0.793;0.741;35.4;0.0;1071273.0;avance_efectivo;TRUE
CAND-03382;7/10/24;43;H;1864273.0;49;98227.0;30;0.191;2;TRUE;710.0;0.881;0.612;53.2;0.0;335494.0;libre_inversion;TRUE
CAND-03061;7/10/24;19;H;1620703.0;9;11919.0;5;0.231;1;TRUE;818.0;0.559;0.778;54.8;0.0;318783.0;avance_efectivo;TRUE
CAND-03436;7/10/24;18;H;459357.0;3;12069.0;0;0.741;3;TRUE;900.0;0.85;0.887;31.0;0.0;312267.0;libre_inversion;TRUE
CAND-03791;7/10/24;21;M;1369319.0;26;73630.0;9;0.469;2;FALSE;;0.804;0.507;34.2;0.0;926613.0;libre_inversion;TRUE
CAND-03054;7/10/24;37;H;760124.0;16;24594.0;11;0.611;4;TRUE;614.0;0.841;0.831;44.1;0.0;647026.0;avance_efectivo;TRUE
CAND-03562;7/10/24;28;M;845037.0;13;111975.0;7;0.454;4;TRUE;598.0;0.766;0.652;11.6;0.0;288251.0;compra_cartera;TRUE
CAND-03024;8/10/24;39;H;2061482.0;8;61893.0;3;0.385;2;FALSE;;0.574;0.59;16.8;11288.0;315028.0;libre_inversion;TRUE
CAND-03210;8/10/24;31;M;822534.0;5;87474.0;5;0.439;3;TRUE;687.0;0.668;0.546;22.2;0.0;2169717.0;libre_inversion;TRUE
CAND-03341;8/10/24;41;H;1503143.0;12;2814.0;5;0.366;4;TRUE;629.0;0.622;0.673;55.9;0.0;380704.0;libre_inversion;TRUE
CAND-03255;8/10/24;42;M;1738093.0;4;26143.0;2;0.53;4;FALSE;;0.861;0.449;0.0;0.0;425158.0;avance_efectivo;TRUE
CAND-03901;8/10/24;29;M;2220096.0;7;64028.0;3;0.538;3;FALSE;;0.751;0.568;61.3;0.0;671449.0;avance_efectivo;TRUE
CAND-03655;8/10/24;30;H;792254.0;5;46861.0;4;0.617;1;TRUE;625.0;0.688;0.668;35.6;0.0;375451.0;libre_inversion;TRUE
CAND-03038;8/10/24;27;H;873011.0;8;61422.0;6;0.486;1;FALSE;;0.758;0.403;31.3;0.0;707658.0;compra_cartera;TRUE
CAND-03740;8/10/24;44;H;762915.0;16;79757.0;7;0.336;3;TRUE;559.0;0.889;0.477;46.6;0.0;952861.0;libre_inversion;TRUE
CAND-03773;8/10/24;37;H;1167280.0;6;65937.0;4;0.12;1;FALSE;;0.656;0.78;70.7;0.0;510360.0;libre_inversion;TRUE
CAND-03852;8/10/24;55;H;1149141.0;1;72416.0;0;0.513;4;TRUE;667.0;0.875;0.695;61.2;0.0;262910.0;avance_efectivo;TRUE
CAND-03036;8/10/24;51;M;1343514.0;19;25090.0;8;0.446;5;FALSE;;0.278;0.527;26.5;0.0;799718.0;libre_inversion;TRUE
CAND-03822;8/10/24;47;H;659717.0;1;64774.0;1;0.754;1;TRUE;584.0;0.733;0.651;64.5;0.0;1362124.0;compra_cartera;TRUE
CAND-03435;9/10/24;34;H;672691.0;13;32146.0;5;0.632;2;TRUE;622.0;0.793;0.453;89.9;0.0;477578.0;libre_inversion;TRUE
CAND-03298;9/10/24;33;M;541223.0;28;10936.0;18;0.201;4;FALSE;;0.798;0.816;78.5;0.0;620169.0;libre_inversion;TRUE
CAND-03798;9/10/24;25;M;2325061.0;15;78073.0;8;0.582;1;TRUE;525.0;0.702;0.782;96.6;0.0;215821.0;avance_efectivo;TRUE
CAND-03805;9/10/24;26;H;1541788.0;24;40725.0;12;0.33;2;FALSE;;0.7;;49.7;0.0;784884.0;avance_efectivo;TRUE
CAND-03888;9/10/24;32;H;1252499.0;37;9599.0;19;0.329;2;FALSE;;0.874;0.494;80.5;0.0;1341721.0;avance_efectivo;TRUE
CAND-03602;9/10/24;30;H;1247079.0;15;45666.0;7;0.304;4;FALSE;;0.344;0.42;63.1;0.0;1213654.0;avance_efectivo;TRUE
CAND-03204;10/10/24;18;H;2901671.0;9;79361.0;5;0.784;1;FALSE;;0.845;0.738;28.9;0.0;687875.0;libre_inversion;TRUE
CAND-03940;10/10/24;38;M;1631995.0;5;19757.0;2;0.183;3;FALSE;;0.427;0.804;48.2;0.0;1101078.0;libre_inversion;TRUE
CAND-03434;10/10/24;44;M;1542796.0;13;12450.0;9;0.242;1;FALSE;;0.377;0.568;62.9;0.0;699680.0;libre_inversion;TRUE
CAND-03566;10/10/24;34;M;883472.0;35;50134.0;16;0.523;2;FALSE;;0.833;0.628;37.2;0.0;282662.0;avance_efectivo;TRUE
CAND-03978;10/10/24;46;H;1936646.0;33;41529.0;12;0.194;1;FALSE;;0.836;0.693;80.6;0.0;948737.0;compra_cartera;TRUE
CAND-03146;10/10/24;44;M;2294627.0;43;57680.0;23;0.428;1;TRUE;637.0;0.62;0.816;64.1;0.0;351680.0;compra_cartera;TRUE
CAND-03642;10/10/24;33;M;1652936.0;17;98927.0;13;0.695;5;FALSE;;0.386;0.793;60.8;0.0;974445.0;libre_inversion;TRUE
CAND-03893;10/10/24;22;H;1158713.0;2;63299.0;0;0.749;4;FALSE;;0.807;0.692;39.1;0.0;485675.0;avance_efectivo;TRUE
CAND-03194;10/10/24;38;H;1308014.0;7;89134.0;4;0.359;1;FALSE;;0.802;0.41;21.8;0.0;1060822.0;libre_inversion;TRUE
CAND-03795;11/10/24;37;M;1562875.0;3;192894.0;1;0.39;4;FALSE;;0.591;0.832;53.8;0.0;463432.0;compra_cartera;TRUE
CAND-03428;11/10/24;50;H;1832497.0;13;125317.0;5;0.326;2;TRUE;558.0;0.634;0.81;73.4;0.0;618449.0;avance_efectivo;TRUE
CAND-03118;11/10/24;48;M;2417896.0;32;133254.0;11;0.579;1;FALSE;;0.547;0.438;60.3;0.0;1192920.0;libre_inversion;TRUE
CAND-03455;11/10/24;33;H;865294.0;10;97085.0;4;0.686;1;TRUE;730.0;0.696;0.717;56.1;0.0;1251999.0;libre_inversion;TRUE
CAND-03663;11/10/24;24;H;821370.0;4;27722.0;1;0.287;2;FALSE;;;0.493;53.2;0.0;417402.0;libre_inversion;TRUE
CAND-03708;11/10/24;44;M;1415721.0;48;65766.0;17;0.677;3;TRUE;883.0;0.555;0.815;48.1;0.0;709329.0;compra_cartera;TRUE
CAND-03296;11/10/24;24;M;533379.0;16;19585.0;8;0.267;3;FALSE;;;0.35;59.8;0.0;751479.0;avance_efectivo;TRUE
CAND-03904;11/10/24;31;H;1695652.0;20;39902.0;8;0.432;1;TRUE;675.0;0.685;0.654;63.5;0.0;1044218.0;avance_efectivo;TRUE
CAND-03357;12/10/24;32;H;543069.0;12;35292.0;7;0.516;4;FALSE;;0.459;0.711;67.3;0.0;1150594.0;libre_inversion;TRUE
CAND-03418;12/10/24;42;H;1915937.0;18;25013.0;7;0.457;1;FALSE;;0.83;0.82;67.8;0.0;304398.0;compra_cartera;TRUE
CAND-03644;12/10/24;45;H;576321.0;23;71356.0;13;0.225;1;TRUE;531.0;0.652;;69.9;0.0;840927.0;libre_inversion;TRUE
CAND-03694;12/10/24;24;H;667722.0;5;33708.0;7;0.425;1;FALSE;;0.657;0.834;48.1;0.0;746005.0;compra_cartera;TRUE
CAND-03396;12/10/24;18;H;530938.0;4;167030.0;1;0.431;2;TRUE;845.0;0.724;0.798;41.2;0.0;1060677.0;avance_efectivo;TRUE
CAND-03944;12/10/24;25;H;622168.0;1;23475.0;0;0.114;3;FALSE;;0.828;0.738;58.0;0.0;1968271.0;compra_cartera;TRUE
CAND-03041;12/10/24;18;H;2218070.0;3;28269.0;0;0.652;1;TRUE;751.0;0.628;0.475;26.4;0.0;2693186.0;libre_inversion;TRUE
CAND-03864;12/10/24;37;H;947654.0;33;10187.0;11;0.048;2;FALSE;;0.733;0.526;49.2;0.0;698531.0;avance_efectivo;TRUE
CAND-03983;12/10/24;31;H;686785.0;6;108598.0;4;0.417;4;TRUE;715.0;0.443;0.741;62.1;0.0;747223.0;compra_cartera;TRUE
CAND-03992;12/10/24;31;M;1860288.0;1;57630.0;0;0.562;4;FALSE;;0.576;0.793;44.1;0.0;1048130.0;avance_efectivo;TRUE
CAND-03581;12/10/24;44;M;556775.0;10;33197.0;3;0.301;1;FALSE;;0.46;0.358;54.2;0.0;268125.0;avance_efectivo;TRUE
CAND-03669;12/10/24;38;M;1835877.0;4;11553.0;1;0.507;1;TRUE;619.0;0.82;0.885;77.5;0.0;652349.0;compra_cartera;TRUE
CAND-03109;12/10/24;25;H;2104693.0;1;27466.0;1;0.45;3;FALSE;;0.829;0.842;77.3;0.0;654650.0;libre_inversion;TRUE
CAND-03565;12/10/24;35;H;1280732.0;23;27923.0;9;0.571;1;FALSE;;0.907;0.789;22.4;0.0;100000.0;avance_efectivo;TRUE
CAND-03497;13/10/24;29;M;12.269.286.186.483.300;23;14983.0;12;0.499;4;FALSE;;0.662;0.851;53.5;0.0;322354.0;avance_efectivo;TRUE
CAND-03162;13/10/24;25;M;1750845.0;3;73930.0;1;0.311;2;TRUE;662.0;0.65;0.602;67.8;0.0;253472.0;libre_inversion;TRUE
CAND-03856;13/10/24;45;H;1553191.0;9;31173.0;6;0.648;4;FALSE;;0.41;0.694;100.0;0.0;923369.0;avance_efectivo;TRUE
CAND-03107;13/10/24;27;H;1114137.0;1;32109.0;1;0.626;2;TRUE;630.0;0.661;0.742;84.9;0.0;429222.0;libre_inversion;TRUE
CAND-03749;13/10/24;33;M;1652577.0;10;147418.0;4;0.29;1;FALSE;;0.539;0.682;64.3;0.0;288280.0;libre_inversion;TRUE
CAND-03005;13/10/24;27;H;1610259.0;2;19238.0;1;0.262;5;TRUE;683.0;0.732;0.557;40.0;0.0;845088.0;avance_efectivo;TRUE
CAND-03074;13/10/24;38;H;836230.0;30;34094.0;17;0.428;1;FALSE;;0.653;0.555;65.7;0.0;513046.0;libre_inversion;TRUE
CAND-03195;13/10/24;47;H;1153767.0;24;41653.0;11;0.232;2;FALSE;;;0.741;69.4;0.0;552146.0;libre_inversion;TRUE
CAND-03265;13/10/24;45;H;1400346.0;3;36363.0;0;0.79;4;TRUE;798.0;0.758;0.654;52.0;0.0;283788.0;libre_inversion;TRUE
CAND-03381;13/10/24;29;H;985198.0;5;12667.0;1;0.35;4;FALSE;;0.697;0.446;37.1;0.0;1175385.0;libre_inversion;TRUE
CAND-03603;13/10/24;50;M;655240.0;3;33381.0;2;0.1;2;FALSE;;0.279;0.809;55.8;0.0;1147036.0;compra_cartera;FALSE
CAND-03693;13/10/24;52;H;1679155.0;3;65783.0;0;0.543;1;FALSE;;0.883;0.699;42.4;0.0;468498.0;libre_inversion;TRUE
CAND-03471;13/10/24;22;M;1237005.0;2;29557.0;1;0.113;4;TRUE;688.0;0.569;0.821;65.3;0.0;602822.0;libre_inversion;TRUE
CAND-03419;14/10/24;19;H;718264.0;11;54732.0;3;0.389;1;FALSE;;0.56;0.833;66.8;0.0;661768.0;libre_inversion;TRUE
CAND-03837;14/10/24;37;M;587232.0;1;39224.0;1;0.192;2;TRUE;663.0;0.519;0.82;43.2;0.0;153242.0;libre_inversion;TRUE
CAND-03813;14/10/24;56;NB;1479110.0;8;45675.0;7;0.546;1;TRUE;792.0;0.804;0.562;43.2;0.0;1075855.0;avance_efectivo;TRUE
CAND-03814;14/10/24;32;H;1743448.0;9;23773.0;8;0.351;2;FALSE;;0.52;0.336;61.7;0.0;1524890.0;libre_inversion;TRUE
CAND-03827;14/10/24;47;M;1617136.0;15;12566.0;4;0.636;2;TRUE;652.0;0.47;0.799;51.6;0.0;324276.0;compra_cartera;TRUE
CAND-03046;14/10/24;46;H;2334285.0;1;35027.0;2;0.247;2;FALSE;;0.85;0.589;11.3;0.0;599087.0;libre_inversion;TRUE
CAND-03659;14/10/24;31;M;436382.0;16;33137.0;11;0.297;4;TRUE;713.0;0.536;;64.5;0.0;484470.0;compra_cartera;TRUE
CAND-03757;14/10/24;31;H;1812211.0;5;49508.0;5;0.487;1;TRUE;660.0;0.853;0.588;78.6;0.0;787936.0;libre_inversion;TRUE
CAND-03247;14/10/24;29;M;2851980.0;30;82229.0;18;0.506;2;TRUE;505.0;0.691;0.77;85.0;0.0;616227.0;libre_inversion;TRUE
CAND-03070;14/10/24;19;M;1497390.0;14;30203.0;7;0.472;3;FALSE;;0.366;0.707;69.1;0.0;686108.0;libre_inversion;TRUE
CAND-03254;14/10/24;52;M;1379062.0;14;59631.0;11;0.203;2;TRUE;699.0;0.525;0.747;77.9;0.0;917788.0;libre_inversion;TRUE
CAND-03094;14/10/24;34;H;787294.0;16;125404.0;3;0.279;2;FALSE;;0.796;0.835;60.1;0.0;1335062.0;libre_inversion;TRUE
CAND-03629;15/10/24;44;M;2617542.0;25;10483.0;17;0.824;3;FALSE;;0.702;0.672;67.2;0.0;555565.0;avance_efectivo;TRUE
CAND-03408;15/10/24;18;H;1299072.0;5;40393.0;3;0.657;2;FALSE;;0.831;0.836;69.0;0.0;355544.0;avance_efectivo;TRUE
CAND-03952;15/10/24;32;M;911185.0;12;121634.0;5;0.445;4;FALSE;;;0.585;47.2;0.0;244722.0;libre_inversion;TRUE
CAND-03358;15/10/24;40;H;1044435.0;7;52341.0;5;0.048;3;FALSE;;0.701;0.913;75.7;0.0;644509.0;libre_inversion;TRUE
CAND-03328;15/10/24;30;M;810567.0;27;53270.0;11;0.252;4;TRUE;682.0;0.567;0.607;52.4;0.0;410523.0;avance_efectivo;TRUE
CAND-03880;15/10/24;31;M;1818233.0;49;17640.0;25;0.662;3;FALSE;;0.385;;73.8;0.0;1338988.0;libre_inversion;TRUE
CAND-03860;15/10/24;20;H;683444.0;8;32088.0;6;0.559;2;FALSE;;;0.708;77.6;0.0;594975.0;libre_inversion;TRUE
CAND-03907;15/10/24;53;M;1394356.0;7;22327.0;4;0.136;2;TRUE;636.0;0.792;0.539;32.6;0.0;1097235.0;libre_inversion;TRUE
CAND-03770;15/10/24;48;M;1493569.0;1;43103.0;0;0.493;4;TRUE;644.0;0.417;0.542;50.6;0.0;283999.0;avance_efectivo;TRUE
CAND-03806;15/10/24;31;H;717167.0;17;52368.0;4;0.355;2;TRUE;663.0;0.661;0.9;14.9;0.0;761039.0;avance_efectivo;TRUE
CAND-03332;15/10/24;19;H;1626274.0;2;71972.0;3;0.591;4;FALSE;;;0.817;40.8;0.0;1248607.0;libre_inversion;TRUE
CAND-03261;16/10/24;28;H;1042542.0;3;27846.0;3;0.636;1;FALSE;;0.734;0.904;66.7;0.0;398174.0;libre_inversion;TRUE
CAND-03752;16/10/24;34;M;672213.0;1;2028.0;0;0.161;4;FALSE;;0.348;0.871;52.3;0.0;407229.0;libre_inversion;TRUE
CAND-03518;16/10/24;34;M;1937427.0;4;60732.0;2;0.111;1;FALSE;;0.821;0.759;23.4;0.0;623830.0;libre_inversion;TRUE
CAND-03630;16/10/24;36;H;2490882.0;6;14102.0;3;0.103;2;TRUE;545.0;0.705;0.794;40.3;0.0;1403551.0;compra_cartera;TRUE
CAND-03789;16/10/24;39;M;848182.0;15;48769.0;8;0.113;2;FALSE;;0.573;0.793;42.9;0.0;665714.0;libre_inversion;TRUE
CAND-03304;16/10/24;38;H;5.551.217.989.357.690;3;36717.0;1;0.466;3;FALSE;;0.528;0.446;56.0;0.0;892656.0;compra_cartera;TRUE
CAND-03353;16/10/24;28;M;1875083.0;3;76385.0;2;0.385;1;FALSE;;0.686;0.607;62.6;0.0;433606.0;libre_inversion;TRUE
CAND-03941;16/10/24;45;M;799487.0;11;43631.0;5;0.506;5;TRUE;675.0;0.402;0.724;58.8;0.0;654897.0;compra_cartera;TRUE
CAND-03343;16/10/24;51;H;1239793.0;38;37055.0;19;0.548;1;FALSE;;0.641;0.658;50.2;0.0;469372.0;compra_cartera;TRUE
CAND-03147;16/10/24;59;M;433905.0;27;96541.0;8;0.194;3;TRUE;564.0;0.588;0.707;48.4;0.0;936699.0;libre_inversion;TRUE
CAND-03360;16/10/24;32;H;634658.0;3;59495.0;3;0.236;1;FALSE;;0.881;0.651;55.1;0.0;277204.0;avance_efectivo;TRUE
CAND-03140;16/10/24;41;H;857320.0;7;52418.0;3;0.564;4;FALSE;;;0.82;14.8;0.0;737694.0;libre_inversion;TRUE
CAND-03679;17/10/24;33;M;491720.0;28;72909.0;12;0.357;3;FALSE;;0.63;0.648;52.8;0.0;995650.0;compra_cartera;TRUE
CAND-03285;17/10/24;46;M;1154343.0;19;38255.0;10;0.053;4;TRUE;623.0;;0.804;69.9;0.0;835082.0;libre_inversion;TRUE
CAND-03321;17/10/24;28;M;1627761.0;12;47805.0;8;0.635;2;FALSE;;0.791;0.386;62.6;0.0;273333.0;avance_efectivo;TRUE
CAND-03144;17/10/24;35;NB;1353059.0;37;117557.0;26;0.372;3;FALSE;;0.716;0.925;47.4;0.0;462034.0;avance_efectivo;TRUE
CAND-03781;17/10/24;32;M;883291.0;10;18736.0;7;0.266;3;FALSE;;0.638;0.798;51.9;0.0;442545.0;compra_cartera;TRUE
CAND-03549;17/10/24;21;H;2049485.0;5;98082.0;3;0.217;3;FALSE;;0.835;0.621;69.4;0.0;806302.0;libre_inversion;TRUE
CAND-03160;17/10/24;27;M;1050432.0;26;75336.0;14;0.841;4;FALSE;;0.362;0.671;36.5;0.0;269364.0;compra_cartera;TRUE
CAND-03689;17/10/24;25;M;495259.0;6;41946.0;2;0.242;2;TRUE;620.0;0.738;0.614;71.3;0.0;505773.0;compra_cartera;TRUE
CAND-03541;17/10/24;29;M;754801.0;11;19243.0;7;0.021;2;TRUE;605.0;0.82;;28.4;0.0;1035468.0;avance_efectivo;TRUE
CAND-03485;18/10/24;18;M;543278.0;2;80796.0;1;0.617;1;FALSE;;0.729;0.712;24.6;0.0;1307666.0;compra_cartera;TRUE
CAND-03441;18/10/24;50;M;863045.0;23;7135.0;13;0.568;5;FALSE;;;0.802;41.7;0.0;239608.0;libre_inversion;TRUE
CAND-03499;18/10/24;35;H;660163.0;22;17465.0;14;0.608;3;TRUE;491.0;0.64;0.585;26.1;0.0;516337.0;libre_inversion;TRUE
CAND-03430;18/10/24;37;M;1315565.0;22;57594.0;14;0.22;1;FALSE;;0.687;0.485;28.1;0.0;1928539.0;libre_inversion;TRUE
CAND-03279;18/10/24;32;M;1220491.0;3;33353.0;0;0.374;4;TRUE;633.0;0.814;0.846;80.0;0.0;1437646.0;compra_cartera;TRUE
CAND-03554;18/10/24;44;H;1240233.0;3;64843.0;2;0.409;2;TRUE;610.0;0.327;0.476;14.5;0.0;2382527.0;compra_cartera;TRUE
CAND-03297;18/10/24;28;M;1973613.0;22;51893.0;9;0.416;2;TRUE;706.0;0.527;0.421;48.5;0.0;483060.0;libre_inversion;TRUE
CAND-03426;18/10/24;31;H;310644.0;34;63770.0;16;0.593;5;TRUE;734.0;0.483;;63.8;0.0;1642334.0;libre_inversion;TRUE
CAND-03379;18/10/24;18;M;863666.0;18;13403.0;10;0.354;1;FALSE;;0.406;;43.0;0.0;782344.0;libre_inversion;TRUE
CAND-03422;18/10/24;29;H;667651.0;20;58730.0;11;0.301;1;TRUE;672.0;0.461;0.412;55.7;0.0;502109.0;compra_cartera;TRUE
CAND-03745;18/10/24;43;H;1212735.0;2;20448.0;0;0.193;4;TRUE;706.0;0.386;0.501;31.4;0.0;858371.0;avance_efectivo;TRUE
CAND-03129;18/10/24;18;M;2161365.0;6;78761.0;5;0.19;1;TRUE;685.0;0.781;0.825;84.6;0.0;1658756.0;avance_efectivo;TRUE
CAND-03239;18/10/24;18;H;3966881.0;1;18645.0;1;0.55;1;TRUE;623.0;0.612;0.503;34.4;0.0;785675.0;avance_efectivo;FALSE
CAND-03841;19/10/24;18;M;2464377.0;4;26162.0;6;0.393;3;TRUE;608.0;0.747;0.79;41.3;0.0;361116.0;libre_inversion;TRUE
CAND-03215;19/10/24;31;H;1220005.0;39;28475.0;14;0.207;1;FALSE;;0.683;0.583;44.0;0.0;956651.0;avance_efectivo;TRUE
CAND-03438;19/10/24;29;H;814624.0;7;32946.0;2;0.274;4;FALSE;;0.649;0.844;39.1;0.0;1238617.0;libre_inversion;TRUE
CAND-03136;19/10/24;38;H;1391959.0;2;55585.0;1;0.385;2;FALSE;;0.481;0.596;65.6;0.0;683281.0;compra_cartera;TRUE
CAND-03369;19/10/24;18;M;600573.0;14;61431.0;8;0.25;5;FALSE;;0.802;0.748;42.2;0.0;520811.0;libre_inversion;TRUE
CAND-03376;19/10/24;25;M;3149311.0;27;118781.0;15;0.697;3;TRUE;843.0;0.683;0.682;77.6;0.0;1041728.0;libre_inversion;TRUE
CAND-03390;19/10/24;36;M;1402333.0;6;30442.0;3;0.208;3;FALSE;;0.576;0.92;54.3;0.0;415866.0;libre_inversion;TRUE
CAND-03425;19/10/24;32;H;2681588.0;1;169244.0;2;0.521;3;FALSE;;0.56;0.425;13.9;0.0;941474.0;libre_inversion;TRUE
CAND-03009;19/10/24;27;M;988192.0;16;4666.0;7;0.454;2;FALSE;;;0.679;68.6;0.0;342998.0;libre_inversion;TRUE
CAND-03033;19/10/24;47;M;2229197.0;16;59174.0;6;0.696;2;TRUE;606.0;0.807;0.852;62.3;0.0;864068.0;libre_inversion;TRUE
CAND-03479;19/10/24;36;M;657182.0;51;19318.0;26;0.264;3;FALSE;;0.792;0.573;27.3;0.0;771267.0;avance_efectivo;TRUE
CAND-03579;19/10/24;42;M;1488629.0;1;52519.0;1;0.674;3;FALSE;;0.81;;44.4;0.0;426001.0;libre_inversion;TRUE
CAND-03834;19/10/24;50;H;932718.0;14;56458.0;6;0.241;2;TRUE;728.0;0.504;0.475;51.7;0.0;773653.0;libre_inversion;TRUE
CAND-03914;19/10/24;44;H;1772415.0;24;48747.0;12;0.405;1;FALSE;;0.575;0.721;47.4;0.0;735005.0;avance_efectivo;TRUE
CAND-03619;20/10/24;47;M;2081164.0;14;19260.0;6;0.436;3;FALSE;;;0.6;58.9;0.0;810474.0;avance_efectivo;TRUE
CAND-03885;20/10/24;58;M;1425733.0;4;20389.0;2;0.63;2;TRUE;650.0;0.836;0.803;43.4;0.0;1159909.0;avance_efectivo;TRUE
CAND-03113;20/10/24;27;H;1327088.0;20;33220.0;10;0.512;3;TRUE;689.0;;0.496;77.1;0.0;421960.0;libre_inversion;TRUE
CAND-03570;20/10/24;43;M;589040.0;1;13439.0;0;0.301;3;TRUE;627.0;0.815;0.91;38.3;0.0;348368.0;avance_efectivo;TRUE
CAND-03746;20/10/24;34;H;1165143.0;1;29852.0;0;0.462;1;TRUE;604.0;0.645;0.657;56.6;0.0;1123304.0;libre_inversion;TRUE
CAND-03684;20/10/24;36;NB;2471602.0;2;27828.0;1;0.569;1;TRUE;714.0;0.826;0.779;55.7;0.0;1311180.0;avance_efectivo;TRUE
CAND-03919;20/10/24;29;H;1089899.0;1;18778.0;0;0.35;3;FALSE;;0.767;0.872;50.7;0.0;491477.0;libre_inversion;TRUE
CAND-03489;20/10/24;48;H;1554583.0;3;41535.0;0;0.448;5;FALSE;;0.479;;50.2;0.0;375355.0;libre_inversion;TRUE
CAND-03429;20/10/24;46;M;1127169.0;7;126463.0;6;0.503;3;TRUE;756.0;0.817;0.592;67.0;0.0;370611.0;compra_cartera;TRUE
CAND-03220;20/10/24;31;NB;863639.0;39;34512.0;16;0.527;3;FALSE;;0.725;0.657;26.8;0.0;598788.0;libre_inversion;TRUE
CAND-03532;21/10/24;35;H;1538403.0;21;8570.0;4;0.765;3;FALSE;;0.866;0.565;53.5;0.0;606317.0;libre_inversion;TRUE
CAND-03741;21/10/24;38;M;1243270.0;8;27851.0;4;0.84;1;FALSE;;0.704;0.806;53.3;0.0;808700.0;avance_efectivo;TRUE
CAND-03735;21/10/24;35;M;1068069.0;17;51584.0;5;0.616;3;FALSE;;0.717;0.23;54.7;0.0;863112.0;libre_inversion;TRUE
CAND-03930;21/10/24;28;M;590589.0;13;26810.0;5;0.022;3;FALSE;;0.523;0.805;71.9;0.0;526522.0;avance_efectivo;TRUE
CAND-03714;21/10/24;35;H;2934231.0;3;203627.0;1;0.27;1;FALSE;;0.558;0.639;48.0;0.0;582942.0;libre_inversion;TRUE
CAND-03407;21/10/24;35;NB;1307751.0;4;10158.0;1;0.489;4;FALSE;;0.794;0.564;47.3;0.0;613183.0;compra_cartera;TRUE
CAND-03333;21/10/24;32;H;1259828.0;4;51995.0;1;0.798;5;TRUE;706.0;0.828;0.85;44.4;0.0;566730.0;libre_inversion;TRUE
CAND-03172;21/10/24;45;M;1925941.0;33;55950.0;18;0.216;1;TRUE;635.0;0.564;0.5;65.8;0.0;646019.0;libre_inversion;TRUE
CAND-03134;21/10/24;32;M;1246426.0;25;86320.0;18;0.285;2;TRUE;568.0;0.728;0.688;21.3;0.0;534452.0;compra_cartera;TRUE
CAND-03099;21/10/24;23;H;689311.0;7;119130.0;1;0.589;2;TRUE;787.0;0.781;0.783;24.0;0.0;194240.0;libre_inversion;TRUE
CAND-03117;21/10/24;34;H;1211675.0;7;57369.0;2;0.242;4;TRUE;549.0;0.907;0.384;57.4;0.0;391367.0;libre_inversion;TRUE
CAND-03563;22/10/24;38;M;575883.0;10;39323.0;4;0.034;1;TRUE;543.0;0.711;0.738;38.5;0.0;428462.0;compra_cartera;TRUE
CAND-03871;22/10/24;50;M;1342731.0;3;21561.0;1;0.328;4;TRUE;682.0;0.869;0.627;96.0;0.0;421563.0;avance_efectivo;TRUE
CAND-03681;22/10/24;32;M;1461867.0;49;76822.0;27;0.312;1;TRUE;641.0;0.772;0.82;61.0;0.0;143774.0;libre_inversion;TRUE
CAND-03156;22/10/24;49;M;1595708.0;34;35518.0;14;0.539;1;TRUE;608.0;0.622;0.859;14.6;0.0;278756.0;avance_efectivo;TRUE
CAND-03922;22/10/24;41;H;2423309.0;8;19739.0;2;0.591;3;FALSE;;0.423;0.689;62.1;0.0;369624.0;libre_inversion;TRUE
CAND-03398;22/10/24;29;H;1419934.0;3;19132.0;1;0.107;1;TRUE;689.0;0.477;0.458;38.2;0.0;429095.0;libre_inversion;TRUE
CAND-03660;22/10/24;25;H;542139.0;14;67951.0;12;0.407;2;FALSE;;0.479;0.554;14.1;0.0;1156289.0;compra_cartera;TRUE
CAND-03262;22/10/24;33;H;1039067.0;13;71609.0;2;0.194;1;FALSE;;0.59;0.772;90.4;0.0;1259096.0;avance_efectivo;TRUE
CAND-03889;22/10/24;38;M;1510168.0;12;73390.0;11;0.437;1;TRUE;530.0;0.563;0.72;42.5;0.0;1299030.0;libre_inversion;TRUE
CAND-03567;22/10/24;39;M;977372.0;1;17747.0;1;0.71;1;FALSE;;0.824;0.827;48.3;0.0;710663.0;libre_inversion;TRUE
CAND-03380;23/10/24;29;M;2079603.0;41;63149.0;24;0.656;1;FALSE;;0.768;0.922;66.2;0.0;482064.0;avance_efectivo;TRUE
CAND-03294;23/10/24;30;M;2173791.0;2;44463.0;0;0.157;1;TRUE;723.0;0.626;0.719;54.7;0.0;505716.0;libre_inversion;TRUE
CAND-03026;23/10/24;36;H;3105499.0;7;51503.0;3;0.362;1;TRUE;684.0;0.656;0.475;23.9;0.0;1657879.0;libre_inversion;TRUE
CAND-03384;23/10/24;39;H;1792902.0;20;68601.0;11;0.341;4;FALSE;;0.546;0.647;86.4;0.0;199540.0;avance_efectivo;TRUE
CAND-03743;23/10/24;30;M;1816990.0;13;30707.0;6;0.143;2;FALSE;;0.723;0.877;50.8;0.0;884146.0;libre_inversion;TRUE
CAND-03636;23/10/24;39;H;1597936.0;1;8306.0;2;0.508;5;TRUE;781.0;0.458;0.759;48.7;0.0;2268196.0;libre_inversion;TRUE
CAND-03853;23/10/24;32;M;1079876.0;2;138474.0;0;0.123;4;TRUE;688.0;0.805;0.775;94.9;0.0;550556.0;libre_inversion;TRUE
CAND-03690;23/10/24;47;H;1029517.0;17;40747.0;11;0.282;3;FALSE;;0.788;;61.8;0.0;285726.0;compra_cartera;TRUE
CAND-03590;23/10/24;24;H;639822.0;1;91485.0;1;0.416;2;TRUE;715.0;0.795;;40.6;0.0;501037.0;avance_efectivo;TRUE
CAND-03320;23/10/24;51;H;804141.0;2;13347.0;2;0.312;1;FALSE;;0.57;0.705;27.5;0.0;588808.0;libre_inversion;TRUE
CAND-03231;23/10/24;31;M;865408.0;8;18019.0;5;0.265;3;TRUE;685.0;0.813;0.862;14.5;0.0;538798.0;avance_efectivo;TRUE
CAND-03106;23/10/24;38;H;1351923.0;23;39712.0;11;0.328;4;TRUE;678.0;0.714;0.914;63.2;0.0;541312.0;libre_inversion;TRUE
CAND-03420;23/10/24;20;M;718361.0;11;50199.0;3;0.694;1;FALSE;;0.688;;49.6;0.0;359363.0;libre_inversion;TRUE
CAND-03839;23/10/24;44;M;844338.0;19;53663.0;8;0.246;1;FALSE;;0.754;0.695;61.6;0.0;223393.0;libre_inversion;FALSE
CAND-03019;23/10/24;21;H;800573.0;33;57723.0;21;0.634;2;FALSE;;0.585;0.875;75.3;0.0;238220.0;libre_inversion;TRUE
CAND-03704;23/10/24;31;M;1436242.0;38;11877.0;26;0.196;3;TRUE;737.0;0.751;0.917;66.3;0.0;911342.0;libre_inversion;TRUE
CAND-03493;24/10/24;33;H;541479.0;13;45693.0;3;0.112;5;FALSE;;0.619;0.814;85.8;0.0;515312.0;compra_cartera;TRUE
CAND-03508;24/10/24;18;M;1782504.0;4;7832.0;1;0.069;1;TRUE;612.0;0.764;0.686;57.8;0.0;307380.0;avance_efectivo;FALSE
CAND-03224;24/10/24;24;M;1782645.0;13;9557.0;8;0.528;4;TRUE;687.0;0.88;0.851;55.6;0.0;1207691.0;avance_efectivo;TRUE
CAND-03280;24/10/24;23;H;1414416.0;6;21297.0;3;0.201;3;TRUE;687.0;0.666;0.821;32.0;0.0;537364.0;libre_inversion;TRUE
CAND-03031;24/10/24;50;M;1200034.0;19;72993.0;10;0.669;1;TRUE;793.0;0.424;0.552;72.1;0.0;577699.0;libre_inversion;TRUE
CAND-03300;24/10/24;42;H;912381.0;10;79996.0;4;0.266;2;TRUE;625.0;0.486;0.84;47.5;0.0;419762.0;libre_inversion;TRUE
CAND-03640;24/10/24;57;M;3059668.0;5;30643.0;0;0.461;4;TRUE;586.0;0.804;0.474;13.7;0.0;671071.0;libre_inversion;TRUE
CAND-03462;24/10/24;32;H;1073890.0;7;39662.0;2;0.517;2;FALSE;;0.549;0.604;41.9;0.0;519762.0;compra_cartera;TRUE
CAND-03635;24/10/24;39;M;2590959.0;15;114569.0;4;0.727;3;FALSE;;0.344;0.524;35.9;0.0;769214.0;compra_cartera;TRUE
CAND-03290;24/10/24;24;H;594430.0;8;86720.0;4;0.263;4;FALSE;;0.553;;69.3;0.0;813343.0;avance_efectivo;FALSE
CAND-03742;25/10/24;28;H;1093383.0;1;14913.0;1;0.01;1;FALSE;;0.355;0.422;3.8;0.0;810.0;avance_efectivo;TRUE
CAND-03507;25/10/24;33;M;1540181.0;1;71645.0;0;0.214;2;FALSE;;0.679;0.879;45.0;0.0;728829.0;avance_efectivo;TRUE
CAND-03727;25/10/24;21;H;1225140.0;39;17551.0;31;0.271;2;FALSE;;0.426;0.932;71.2;0.0;566279.0;libre_inversion;TRUE
CAND-03076;25/10/24;33;M;1288056.0;28;8302.0;14;0.388;2;TRUE;617.0;0.817;0.691;59.6;0.0;783896.0;avance_efectivo;TRUE
CAND-03792;25/10/24;28;NB;753046.0;22;72696.0;9;0.072;1;FALSE;;;0.52;74.3;0.0;419522.0;libre_inversion;TRUE
CAND-03167;25/10/24;42;NB;2698145.0;1;99165.0;1;0.34;3;TRUE;524.0;0.72;0.247;68.3;0.0;275302.0;compra_cartera;TRUE
CAND-03819;25/10/24;28;M;1041346.0;13;2532.0;11;0.208;1;TRUE;705.0;0.575;0.827;78.7;0.0;398780.0;libre_inversion;TRUE
CAND-03943;25/10/24;18;H;615886.0;6;13264.0;2;0.498;1;FALSE;;0.297;0.77;24.3;0.0;666082.0;compra_cartera;TRUE
CAND-03133;26/10/24;33;H;1633494.0;1;66521.0;0;0.243;4;FALSE;;0.664;0.786;62.8;0.0;794017.0;avance_efectivo;TRUE
CAND-03883;26/10/24;36;M;1854905.0;1;91880.0;0;0.284;2;FALSE;;0.574;0.833;26.3;0.0;484838.0;libre_inversion;TRUE
CAND-03917;26/10/24;29;H;712263.0;5;41457.0;2;0.701;1;FALSE;;0.692;0.672;15.5;0.0;619881.0;avance_efectivo;TRUE
CAND-03734;26/10/24;30;M;1581394.0;4;40463.0;1;0.772;1;TRUE;671.0;0.735;0.707;57.4;0.0;2252688.0;avance_efectivo;TRUE
CAND-03776;26/10/24;36;NB;687797.0;1;30442.0;0;0.328;1;TRUE;647.0;0.725;0.732;50.8;0.0;702670.0;libre_inversion;FALSE
CAND-03894;26/10/24;29;M;1020922.0;19;22829.0;13;0.731;3;TRUE;611.0;0.588;0.736;50.8;0.0;671116.0;avance_efectivo;TRUE
CAND-03878;26/10/24;34;M;772445.0;5;25622.0;4;0.335;2;FALSE;;0.778;0.695;55.0;0.0;617919.0;libre_inversion;TRUE
CAND-03918;26/10/24;39;H;727565.0;3;57739.0;2;0.161;3;TRUE;711.0;0.83;0.491;69.0;0.0;345967.0;libre_inversion;TRUE
CAND-03802;26/10/24;19;H;1.535.046.355.904.670;3;28116.0;1;0.242;5;TRUE;723.0;0.795;0.77;76.9;0.0;361087.0;compra_cartera;TRUE
CAND-03641;26/10/24;33;M;2646464.0;2;12561.0;1;0.017;1;FALSE;;0.772;0.565;24.5;0.0;537741.0;libre_inversion;TRUE
CAND-03097;26/10/24;40;M;538244.0;4;32812.0;2;0.361;1;FALSE;;0.789;0.579;59.1;0.0;1136060.0;libre_inversion;TRUE
CAND-03432;27/10/24;53;M;688018.0;19;21630.0;4;0.316;1;TRUE;746.0;0.749;0.71;69.5;0.0;545617.0;libre_inversion;TRUE
CAND-03539;27/10/24;44;M;785360.0;1;48893.0;1;0.346;3;TRUE;633.0;0.823;0.831;41.4;0.0;437399.0;avance_efectivo;TRUE
CAND-03897;27/10/24;25;M;2235170.0;9;47329.0;4;0.249;1;FALSE;;0.81;0.864;22.0;0.0;378253.0;libre_inversion;TRUE
CAND-03711;27/10/24;37;M;1004246.0;17;65485.0;7;0.397;4;FALSE;;0.684;0.891;48.1;0.0;385043.0;libre_inversion;TRUE
CAND-03416;27/10/24;34;M;2056727.0;1;21395.0;1;0.356;2;FALSE;;0.546;0.574;39.0;0.0;543264.0;avance_efectivo;TRUE
CAND-03671;27/10/24;50;H;608608.0;4;95526.0;1;0.427;1;FALSE;;0.717;0.695;79.7;0.0;529128.0;libre_inversion;TRUE
CAND-03480;27/10/24;31;M;858948.0;28;38383.0;19;0.256;3;TRUE;603.0;;0.702;76.7;0.0;981687.0;libre_inversion;TRUE
CAND-03142;27/10/24;32;M;471894.0;33;34750.0;13;0.569;5;FALSE;;0.666;0.754;48.1;0.0;1005778.0;compra_cartera;TRUE
CAND-03063;27/10/24;45;H;712195.0;1;36480.0;1;0.386;4;FALSE;;0.582;0.502;36.4;0.0;680455.0;libre_inversion;TRUE
CAND-03088;28/10/24;52;NB;2372926.0;14;38967.0;8;0.279;3;FALSE;;0.674;0.75;19.3;0.0;967874.0;libre_inversion;TRUE
CAND-03753;28/10/24;39;H;1475190.0;17;71274.0;7;0.442;3;FALSE;;0.724;0.565;26.9;0.0;443968.0;libre_inversion;TRUE
CAND-03111;28/10/24;36;H;1072789.0;20;36829.0;6;0.322;2;FALSE;;0.655;0.715;37.9;0.0;714068.0;libre_inversion;TRUE
CAND-03011;28/10/24;20;H;936491.0;1;49192.0;1;0.673;3;TRUE;740.0;;0.7;53.2;0.0;947682.0;avance_efectivo;TRUE
CAND-03067;28/10/24;39;M;1355542.0;1;47710.0;1;0.191;3;FALSE;;;0.351;83.4;0.0;365431.0;libre_inversion;TRUE
CAND-03060;28/10/24;36;M;559418.0;13;46979.0;5;0.742;3;TRUE;804.0;0.715;0.729;52.4;0.0;125799.0;libre_inversion;TRUE
CAND-03973;28/10/24;49;M;1397854.0;1;21950.0;0;0.478;2;FALSE;;0.747;0.529;15.7;0.0;302676.0;libre_inversion;TRUE
CAND-03568;28/10/24;28;M;1517093.0;7;58154.0;4;0.394;3;TRUE;645.0;0.802;0.635;27.4;0.0;484281.0;libre_inversion;FALSE
CAND-03354;28/10/24;27;H;1361559.0;2;28494.0;0;0.113;2;FALSE;;0.692;;52.8;0.0;450883.0;libre_inversion;TRUE
CAND-03496;28/10/24;33;M;1998531.0;2;55257.0;1;0.161;3;FALSE;;0.504;0.669;30.5;0.0;454718.0;libre_inversion;TRUE
CAND-03218;28/10/24;20;H;2203534.0;32;127915.0;18;0.124;1;TRUE;716.0;0.846;0.505;57.2;0.0;753973.0;libre_inversion;TRUE
CAND-03645;29/10/24;25;H;533635.0;3;54880.0;3;0.235;1;FALSE;;0.802;0.85;52.6;0.0;595895.0;libre_inversion;TRUE
CAND-03017;29/10/24;25;NB;997209.0;24;97489.0;15;0.315;2;FALSE;;0.68;0.313;35.1;0.0;312296.0;libre_inversion;TRUE
CAND-03050;29/10/24;33;M;1093993.0;22;20805.0;11;0.528;1;TRUE;736.0;0.808;0.408;64.8;0.0;590829.0;avance_efectivo;TRUE
CAND-03571;29/10/24;34;H;657432.0;2;26582.0;1;0.368;1;TRUE;618.0;0.655;0.929;69.9;0.0;759670.0;compra_cartera;TRUE
CAND-03823;29/10/24;37;M;1457049.0;1;87341.0;0;0.416;1;TRUE;680.0;0.421;0.743;37.6;0.0;515332.0;compra_cartera;TRUE
CAND-03269;29/10/24;19;H;1000642.0;6;23294.0;2;0.482;5;FALSE;;0.728;0.726;46.8;0.0;732008.0;avance_efectivo;TRUE
CAND-03388;29/10/24;21;M;1142907.0;15;15739.0;6;0.452;1;FALSE;;0.645;0.692;70.4;0.0;117661.0;libre_inversion;TRUE
CAND-03249;29/10/24;26;H;1009763.0;13;32126.0;7;0.165;1;TRUE;640.0;0.784;0.861;61.6;0.0;285865.0;libre_inversion;TRUE
CAND-03906;29/10/24;28;H;1762985.0;5;44613.0;2;0.655;3;TRUE;744.0;0.735;0.8;28.4;0.0;312209.0;libre_inversion;TRUE
CAND-03364;29/10/24;21;H;1264662.0;7;44142.0;7;0.176;2;FALSE;;0.777;0.721;63.6;0.0;633477.0;libre_inversion;TRUE
CAND-03564;29/10/24;32;H;1449361.0;1;124175.0;0;0.23;5;FALSE;;0.847;0.748;35.1;0.0;1688397.0;compra_cartera;TRUE
CAND-03196;29/10/24;25;H;998422.0;13;19898.0;6;0.067;3;TRUE;640.0;0.389;0.775;100.0;0.0;1361938.0;compra_cartera;TRUE
CAND-03596;30/10/24;27;H;807232.0;28;27687.0;14;0.145;2;TRUE;673.0;0.793;0.597;56.8;0.0;510729.0;libre_inversion;TRUE
CAND-03397;30/10/24;51;H;1083857.0;7;3788.0;4;0.4;1;TRUE;610.0;;0.855;82.9;0.0;372979.0;libre_inversion;TRUE
CAND-03202;30/10/24;47;H;1862142.0;1;58919.0;0;0.665;1;FALSE;;0.811;0.736;37.5;0.0;926629.0;libre_inversion;TRUE
CAND-03517;30/10/24;28;H;735354.0;14;52185.0;8;0.457;2;TRUE;743.0;0.857;0.668;88.2;0.0;492015.0;libre_inversion;TRUE
CAND-03457;30/10/24;29;M;1156454.0;3;4529.0;2;0.771;1;FALSE;;;0.802;51.3;0.0;794534.0;compra_cartera;TRUE
CAND-03168;30/10/24;20;M;1947388.0;11;23425.0;4;0.383;2;FALSE;;0.535;0.775;55.2;0.0;300589.0;libre_inversion;TRUE
CAND-03470;30/10/24;39;M;717365.0;5;35399.0;1;0.345;2;FALSE;;0.804;0.739;29.3;0.0;318258.0;libre_inversion;TRUE
CAND-03190;30/10/24;46;M;1944226.0;13;39673.0;9;0.16;4;TRUE;508.0;0.751;0.674;50.1;0.0;1879.0;libre_inversion;TRUE
CAND-03189;30/10/24;39;M;615364.0;2;90661.0;0;0.345;1;TRUE;534.0;0.788;0.75;80.2;0.0;462879.0;avance_efectivo;TRUE
CAND-03414;30/10/24;45;M;1290438.0;6;36487.0;2;0.31;1;TRUE;686.0;0.273;0.81;57.9;0.0;564911.0;libre_inversion;TRUE
CAND-03700;30/10/24;24;H;1002448.0;2;59422.0;0;0.46;3;FALSE;;0.465;0.6;47.2;0.0;533125.0;avance_efectivo;TRUE
CAND-03731;30/10/24;25;H;1221178.0;1;23455.0;3;0.955;3;FALSE;;0.745;;73.1;0.0;1108006.0;libre_inversion;TRUE
CAND-03665;30/10/24;38;M;698019.0;17;115553.0;7;0.491;4;FALSE;;0.743;0.748;39.7;0.0;272629.0;libre_inversion;TRUE
CAND-03929;31/10/24;34;H;1552104.0;4;41660.0;0;0.355;1;FALSE;;0.736;0.904;66.8;0.0;523397.0;libre_inversion;TRUE
CAND-03245;31/10/24;46;H;3308465.0;8;35890.0;2;0.37;3;FALSE;;0.838;0.861;42.8;0.0;157416.0;avance_efectivo;TRUE
CAND-03244;31/10/24;60;M;1664202.0;1;49226.0;0;0.389;4;FALSE;;0.796;0.84;71.9;0.0;329407.0;avance_efectivo;TRUE
CAND-03012;31/10/24;48;M;1916538.0;4;200647.0;0;0.448;2;FALSE;;0.586;0.646;38.0;0.0;435618.0;libre_inversion;TRUE
CAND-03400;31/10/24;33;H;768027.0;60;57596.0;28;0.484;4;TRUE;752.0;0.298;0.583;59.4;0.0;736247.0;avance_efectivo;TRUE
CAND-03143;31/10/24;34;M;949944.0;24;86795.0;20;0.555;2;FALSE;;0.538;0.833;69.3;0.0;673308.0;libre_inversion;TRUE
CAND-03424;31/10/24;45;M;450299.0;41;66864.0;21;0.47;3;TRUE;722.0;;;73.8;0.0;314203.0;avance_efectivo;TRUE
CAND-03421;31/10/24;50;H;598487.0;1;15821.0;1;0.735;4;FALSE;;;0.803;43.3;0.0;915721.0;compra_cartera;TRUE
CAND-03881;31/10/24;48;H;870301.0;5;29602.0;4;0.244;2;FALSE;;0.437;0.611;50.7;0.0;1618461.0;libre_inversion;TRUE
CAND-03149;31/10/24;43;H;2309209.0;16;33264.0;6;0.712;3;TRUE;761.0;0.31;0.396;53.6;0.0;267914.0;compra_cartera;TRUE
CAND-03477;1/11/24;40;H;1061681.0;2;36198.0;0;0.169;2;TRUE;731.0;0.47;0.631;73.9;0.0;384553.0;compra_cartera;TRUE
CAND-03547;1/11/24;40;H;1371743.0;32;51698.0;13;0.429;2;FALSE;;;0.791;34.2;0.0;636683.0;compra_cartera;TRUE
CAND-03737;1/11/24;27;M;1148037.0;9;86359.0;4;0.408;2;FALSE;;0.33;;90.0;0.0;992144.0;compra_cartera;TRUE
CAND-03299;1/11/24;42;M;486596.0;15;128220.0;6;0.524;3;FALSE;;0.777;0.738;42.4;0.0;698936.0;libre_inversion;TRUE
CAND-03281;1/11/24;32;H;1710720.0;21;85721.0;12;0.584;1;TRUE;641.0;0.641;0.739;55.3;0.0;1176113.0;compra_cartera;TRUE
CAND-03064;1/11/24;34;H;1179318.0;2;69020.0;0;0.269;3;FALSE;;0.894;0.726;34.4;0.0;788752.0;compra_cartera;TRUE
CAND-03761;1/11/24;27;M;1049448.0;10;21830.0;9;0.314;4;FALSE;;0.831;0.804;47.5;0.0;479025.0;libre_inversion;TRUE
CAND-03521;1/11/24;37;H;575242.0;3;31610.0;4;0.719;5;TRUE;765.0;0.567;0.848;55.1;0.0;531305.0;libre_inversion;TRUE
CAND-03610;1/11/24;21;H;975839.0;1;42937.0;1;0.484;1;FALSE;;0.626;0.603;16.6;0.0;456044.0;avance_efectivo;TRUE
CAND-03953;1/11/24;24;H;744274.0;8;35147.0;3;0.153;2;FALSE;;0.475;0.893;26.1;0.0;1759474.0;libre_inversion;TRUE
CAND-03672;1/11/24;26;M;3967978.0;18;51415.0;12;0.456;1;FALSE;;0.697;0.807;73.7;0.0;483077.0;avance_efectivo;TRUE
CAND-03956;1/11/24;58;H;2712172.0;3;193807.0;2;0.588;4;FALSE;;0.248;0.803;73.5;0.0;617521.0;libre_inversion;TRUE
CAND-03100;1/11/24;22;M;1623984.0;2;64688.0;0;0.109;3;FALSE;;0.695;0.729;84.6;0.0;689454.0;compra_cartera;TRUE
CAND-03303;2/11/24;37;H;1048759.0;13;25132.0;6;0.721;3;TRUE;556.0;0.824;0.473;63.1;0.0;1266958.0;libre_inversion;TRUE
CAND-03890;2/11/24;43;H;3838573.0;4;33802.0;2;0.624;3;TRUE;748.0;0.753;0.773;43.3;0.0;784469.0;avance_efectivo;TRUE
CAND-03108;2/11/24;34;M;1376279.0;2;65892.0;0;0.306;1;FALSE;;0.659;0.651;56.1;0.0;812521.0;avance_efectivo;TRUE
CAND-03173;2/11/24;32;H;917144.0;4;67164.0;2;0.373;1;TRUE;635.0;0.738;0.842;46.1;0.0;755008.0;libre_inversion;TRUE
CAND-03608;2/11/24;21;M;1017410.0;9;57932.0;1;0.632;3;TRUE;555.0;0.65;0.815;39.6;0.0;279533.0;avance_efectivo;TRUE
CAND-03969;2/11/24;49;H;988487.0;18;20967.0;12;0.394;2;FALSE;;0.612;0.698;36.4;0.0;310012.0;compra_cartera;TRUE
CAND-03259;3/11/24;18;H;838061.0;20;48362.0;9;0.591;3;FALSE;;0.165;0.415;55.7;0.0;329390.0;compra_cartera;TRUE
CAND-03854;3/11/24;37;M;1493137.0;5;96607.0;0;0.699;1;TRUE;778.0;0.544;0.79;72.4;0.0;462910.0;avance_efectivo;TRUE
CAND-03392;3/11/24;22;M;3373640.0;1;66696.0;0;0.249;2;TRUE;832.0;0.429;0.765;32.5;0.0;375756.0;libre_inversion;TRUE
CAND-03512;3/11/24;25;M;1079545.0;6;18518.0;0;0.467;2;TRUE;515.0;0.596;0.788;60.8;0.0;761004.0;avance_efectivo;TRUE
CAND-03483;3/11/24;36;H;2270765.0;34;13024.0;17;0.629;1;FALSE;;0.781;0.72;33.0;0.0;523647.0;libre_inversion;TRUE
CAND-03101;3/11/24;43;M;602404.0;18;12898.0;5;0.577;2;FALSE;;0.696;0.361;32.9;0.0;510574.0;compra_cartera;TRUE
CAND-03609;3/11/24;30;M;2543514.0;22;21995.0;11;0.326;5;TRUE;671.0;0.74;0.756;68.4;0.0;873242.0;libre_inversion;TRUE
CAND-03647;3/11/24;38;H;1016706.0;31;27431.0;18;0.236;1;FALSE;;0.498;0.779;16.7;0.0;395677.0;libre_inversion;TRUE
CAND-03365;3/11/24;33;H;990873.0;42;50100.0;25;0.646;1;TRUE;650.0;0.484;0.782;30.7;0.0;1071775.0;avance_efectivo;TRUE
CAND-03723;3/11/24;39;M;1063412.0;40;40774.0;9;0.091;3;TRUE;669.0;0.379;0.78;99.8;0.0;281791.0;avance_efectivo;TRUE
CAND-03514;4/11/24;28;H;9.153.316.398.616.890;28;3537.0;15;0.456;1;FALSE;;0.81;0.665;52.6;0.0;1329632.0;avance_efectivo;TRUE
CAND-03626;4/11/24;38;NB;316785.0;10;80529.0;4;0.64;1;TRUE;739.0;0.873;0.53;41.8;0.0;546370.0;avance_efectivo;TRUE
CAND-03938;4/11/24;55;M;1143441.0;8;82483.0;4;0.539;1;FALSE;;0.482;0.825;63.5;0.0;797869.0;libre_inversion;TRUE
CAND-03052;4/11/24;44;M;3267127.0;12;27184.0;4;0.46;1;TRUE;600.0;0.635;0.514;61.3;0.0;1207777.0;libre_inversion;TRUE
CAND-03960;4/11/24;34;H;988638.0;15;26025.0;8;0.145;5;FALSE;;0.721;0.707;74.1;0.0;1040477.0;avance_efectivo;TRUE
CAND-03651;4/11/24;27;M;667248.0;15;26269.0;9;0.152;1;TRUE;726.0;0.529;0.74;38.5;0.0;322711.0;libre_inversion;TRUE
CAND-03561;4/11/24;18;M;1675626.0;4;52583.0;2;0.149;1;TRUE;613.0;0.612;0.721;60.5;0.0;801271.0;libre_inversion;TRUE
CAND-03159;4/11/24;60;H;777160.0;4;6488.0;1;0.62;2;TRUE;649.0;;0.459;100.0;0.0;361946.0;libre_inversion;TRUE
CAND-03226;4/11/24;33;M;1724456.0;12;24272.0;5;0.173;1;FALSE;;0.731;0.849;56.6;0.0;355127.0;compra_cartera;TRUE
CAND-03201;4/11/24;37;M;750014.0;7;25242.0;6;0.427;5;TRUE;657.0;0.814;0.532;33.0;0.0;883568.0;libre_inversion;TRUE
CAND-03200;5/11/24;44;M;884709.0;26;143708.0;16;0.055;1;FALSE;;0.673;0.693;42.8;0.0;581408.0;libre_inversion;TRUE
CAND-03949;5/11/24;27;M;1378916.0;23;14967.0;10;0.321;1;FALSE;;0.852;0.87;65.6;0.0;100000.0;libre_inversion;TRUE
CAND-03726;5/11/24;41;M;1597036.0;20;135326.0;10;0.251;1;FALSE;;0.51;0.842;20.8;0.0;710013.0;libre_inversion;TRUE
CAND-03573;5/11/24;28;M;2603783.0;31;22947.0;20;0.742;4;TRUE;516.0;0.64;0.623;43.9;0.0;564718.0;libre_inversion;TRUE
CAND-03286;5/11/24;43;H;1530256.0;14;137380.0;7;0.24;2;TRUE;513.0;0.792;0.821;55.3;0.0;653547.0;compra_cartera;TRUE
CAND-03744;5/11/24;38;H;750300.0;4;61855.0;1;0.496;2;FALSE;;0.461;0.632;44.3;0.0;358446.0;libre_inversion;TRUE
CAND-03705;5/11/24;24;M;1331297.0;26;1330.0;17;0.482;1;TRUE;682.0;0.791;0.787;58.1;0.0;138703.0;libre_inversion;TRUE
CAND-03452;5/11/24;18;M;2702283.0;4;7487.0;4;0.072;3;FALSE;;0.731;0.844;52.4;0.0;436932.0;libre_inversion;TRUE
CAND-03592;6/11/24;39;H;1125125.0;1;68883.0;0;0.108;3;FALSE;;0.747;0.643;41.7;0.0;661278.0;compra_cartera;TRUE
CAND-03617;6/11/24;30;H;1248265.0;2;31859.0;0;0.709;1;FALSE;;0.871;0.661;90.7;0.0;709459.0;libre_inversion;TRUE
CAND-03131;6/11/24;40;M;1274903.0;5;15153.0;2;0.514;1;TRUE;582.0;;;55.4;0.0;686837.0;libre_inversion;TRUE
CAND-03817;6/11/24;22;M;1157593.0;23;138897.0;12;0.451;2;TRUE;559.0;0.689;0.857;13.0;0.0;215866.0;libre_inversion;TRUE
CAND-03538;6/11/24;49;H;2040114.0;25;36764.0;18;0.298;2;FALSE;;0.902;0.914;74.2;0.0;636863.0;libre_inversion;TRUE
CAND-03367;6/11/24;37;H;1168772.0;4;45643.0;2;0.528;3;FALSE;;0.677;0.769;45.5;0.0;1108965.0;compra_cartera;TRUE
CAND-03760;7/11/24;31;H;567307.0;60;61744.0;38;0.396;2;TRUE;597.0;0.593;0.466;61.8;0.0;362891.0;compra_cartera;TRUE
CAND-03572;7/11/24;38;H;1263637.0;29;12112.0;13;0.667;2;TRUE;642.0;0.888;0.819;32.6;0.0;1000320.0;libre_inversion;TRUE
CAND-03675;7/11/24;23;NB;1077499.0;34;84133.0;13;0.126;2;TRUE;631.0;0.51;0.874;74.9;0.0;468513.0;libre_inversion;TRUE
CAND-03163;7/11/24;25;M;1397365.0;1;26781.0;1;0.614;3;TRUE;675.0;0.287;0.759;61.3;0.0;354989.0;libre_inversion;TRUE
CAND-03082;7/11/24;40;H;1125085.0;11;37760.0;7;0.694;3;FALSE;;0.406;;57.6;0.0;1230480.0;libre_inversion;TRUE
CAND-03721;7/11/24;51;H;1809731.0;15;6554.0;10;0.141;3;TRUE;570.0;0.408;0.627;65.2;0.0;973877.0;libre_inversion;TRUE
CAND-03876;7/11/24;18;H;1253976.0;19;37620.0;9;0.612;3;FALSE;;0.603;0.882;15.7;0.0;361124.0;compra_cartera;FALSE
CAND-03627;7/11/24;31;M;822356.0;11;54724.0;6;0.169;5;TRUE;699.0;0.604;0.919;44.3;0.0;828741.0;compra_cartera;TRUE
CAND-03588;7/11/24;31;M;1166700.0;16;19190.0;4;0.058;1;FALSE;;0.614;0.655;56.8;0.0;787894.0;libre_inversion;TRUE
CAND-03468;7/11/24;43;H;1060140.0;8;47838.0;1;0.344;2;TRUE;766.0;0.9;0.506;44.1;0.0;1314724.0;avance_efectivo;TRUE
CAND-03234;7/11/24;20;M;733615.0;1;27804.0;1;0.192;2;FALSE;;0.889;0.474;57.5;0.0;465857.0;libre_inversion;TRUE
CAND-03712;8/11/24;28;H;1037041.0;23;28251.0;13;0.564;1;FALSE;;0.489;;54.7;0.0;571107.0;avance_efectivo;TRUE
CAND-03238;8/11/24;33;H;1090796.0;6;66336.0;1;0.597;4;TRUE;801.0;0.788;0.736;37.7;0.0;185268.0;libre_inversion;TRUE
CAND-03004;8/11/24;40;M;1284443.0;9;67132.0;4;0.128;1;FALSE;;0.773;0.625;77.1;0.0;382492.0;libre_inversion;TRUE
CAND-03687;8/11/24;36;H;1053000.0;9;55661.0;3;0.436;3;TRUE;599.0;0.477;0.814;59.4;0.0;1724643.0;avance_efectivo;TRUE
CAND-03910;8/11/24;47;M;482215.0;1;70976.0;1;0.454;3;FALSE;;0.594;0.631;37.9;0.0;513350.0;libre_inversion;TRUE
CAND-03065;8/11/24;22;H;1767216.0;10;16434.0;8;0.825;1;FALSE;;;0.473;29.3;0.0;724316.0;compra_cartera;TRUE
CAND-03192;8/11/24;24;M;1227254.0;41;30119.0;20;0.179;4;FALSE;;0.493;0.793;26.5;0.0;218757.0;avance_efectivo;TRUE
CAND-03460;8/11/24;31;H;724418.0;12;56635.0;7;0.175;2;TRUE;717.0;0.446;0.708;34.1;0.0;915467.0;libre_inversion;TRUE
CAND-03165;8/11/24;18;M;4117383.0;5;54004.0;4;0.714;4;FALSE;;0.853;0.584;33.2;0.0;288920.0;avance_efectivo;TRUE
CAND-03072;8/11/24;18;M;1169777.0;5;28101.0;1;0.685;1;FALSE;;0.592;0.887;61.6;0.0;692014.0;libre_inversion;TRUE
CAND-03613;8/11/24;35;H;1339675.0;37;12722.0;18;0.129;2;FALSE;;0.393;0.62;31.9;0.0;381776.0;libre_inversion;TRUE
CAND-03810;9/11/24;26;H;1070194.0;22;13946.0;10;0.5;4;FALSE;;0.707;0.731;4.1;0.0;550667.0;libre_inversion;TRUE
CAND-03440;9/11/24;25;M;309002.0;4;14788.0;2;0.515;3;FALSE;;0.597;0.586;77.8;0.0;417206.0;libre_inversion;TRUE
CAND-03618;9/11/24;48;H;698805.0;11;6513.0;6;0.257;2;FALSE;;0.754;0.728;42.3;0.0;487863.0;libre_inversion;TRUE
CAND-03611;9/11/24;55;H;942620.0;2;17315.0;1;0.676;1;FALSE;;0.704;0.566;44.3;0.0;439442.0;avance_efectivo;TRUE
CAND-03606;9/11/24;37;M;559211.0;25;47576.0;12;0.422;1;FALSE;;0.477;0.766;53.1;0.0;518.0;avance_efectivo;TRUE
CAND-03010;9/11/24;34;M;1320617.0;17;41170.0;6;0.409;3;TRUE;626.0;0.655;0.569;48.1;0.0;661734.0;libre_inversion;TRUE
CAND-03951;9/11/24;18;NB;2354880.0;57;33206.0;27;0.081;2;FALSE;;0.617;0.424;100.0;0.0;1839016.0;compra_cartera;TRUE
CAND-03957;9/11/24;24;M;1229424.0;60;22237.0;29;0.732;1;FALSE;;0.667;0.462;5.6;0.0;513135.0;avance_efectivo;TRUE
CAND-03615;9/11/24;36;M;3708342.0;4;38941.0;1;0.454;1;TRUE;699.0;0.681;0.522;44.7;0.0;537079.0;libre_inversion;TRUE
CAND-03008;9/11/24;21;H;1127866.0;6;6479.0;1;0.428;2;FALSE;;0.855;0.602;62.0;0.0;144814.0;compra_cartera;TRUE
CAND-03484;9/11/24;43;H;967565.0;1;24538.0;0;0.272;2;TRUE;656.0;0.829;0.638;76.4;0.0;1421383.0;libre_inversion;TRUE
CAND-03001;9/11/24;56;H;1047463.0;3;8905.0;0;0.447;1;TRUE;640.0;0.768;0.697;51.8;0.0;681043.0;avance_efectivo;TRUE
CAND-03787;9/11/24;38;H;776278.0;39;47118.0;10;0.423;3;FALSE;;0.645;0.787;55.4;0.0;1088176.0;avance_efectivo;TRUE
CAND-03413;9/11/24;46;H;1051563.0;1;103718.0;0;0.85;2;TRUE;702.0;0.684;0.819;40.6;0.0;2588282.0;avance_efectivo;TRUE
CAND-03739;9/11/24;23;H;11.642.890.837.044.700;1;28661.0;2;0.166;1;TRUE;643.0;0.797;0.843;34.2;0.0;181114.0;avance_efectivo;TRUE
CAND-03799;9/11/24;52;H;875755.0;18;15631.0;15;0.268;1;TRUE;728.0;0.729;0.936;22.8;0.0;1534085.0;avance_efectivo;TRUE
CAND-03069;9/11/24;37;H;2094313.0;13;7385.0;8;0.171;2;FALSE;;0.725;0.727;37.0;0.0;280792.0;avance_efectivo;TRUE
CAND-03755;9/11/24;43;M;1675807.0;13;74590.0;15;0.543;5;TRUE;746.0;0.536;0.767;45.4;0.0;469868.0;compra_cartera;TRUE
CAND-03356;10/11/24;39;M;1344302.0;4;74879.0;6;0.538;1;FALSE;;0.731;0.758;0.0;0.0;506185.0;libre_inversion;TRUE
CAND-03362;10/11/24;42;M;707199.0;35;156021.0;25;0.382;2;FALSE;;;0.635;65.1;0.0;936896.0;libre_inversion;TRUE
CAND-03461;10/11/24;47;H;1560249.0;16;120568.0;4;0.04;4;TRUE;611.0;0.816;0.842;11.0;0.0;310147.0;avance_efectivo;TRUE
CAND-03179;10/11/24;28;H;674400.0;20;20716.0;14;0.203;1;FALSE;;0.652;0.632;50.0;0.0;255059.0;avance_efectivo;TRUE
CAND-03595;10/11/24;18;M;1050521.0;12;66282.0;3;0.179;3;FALSE;;0.557;0.731;49.9;0.0;694763.0;avance_efectivo;TRUE
CAND-03252;10/11/24;48;M;1736771.0;5;31138.0;1;0.215;1;FALSE;;0.662;0.793;70.0;0.0;806539.0;compra_cartera;TRUE
CAND-03981;10/11/24;50;M;1084914.0;9;41901.0;3;0.429;4;FALSE;;0.819;0.809;28.2;0.0;816070.0;avance_efectivo;TRUE
CAND-03282;10/11/24;18;H;1903190.0;15;25302.0;6;0.268;2;FALSE;;0.847;0.667;42.0;0.0;1263141.0;libre_inversion;TRUE
CAND-03909;10/11/24;34;H;1035984.0;6;61015.0;6;0.306;1;FALSE;;0.397;0.364;60.4;0.0;799710.0;libre_inversion;TRUE
CAND-03037;10/11/24;33;M;2503863.0;2;58638.0;1;0.286;5;TRUE;716.0;0.742;0.846;70.1;0.0;650692.0;libre_inversion;TRUE
CAND-03999;10/11/24;31;H;1602129.0;4;62655.0;1;0.27;2;FALSE;;0.585;0.833;57.2;0.0;605015.0;libre_inversion;TRUE
CAND-03091;10/11/24;28;H;1751324.0;9;29369.0;3;0.158;2;FALSE;;0.736;0.536;42.6;0.0;472222.0;avance_efectivo;TRUE
CAND-03818;10/11/24;37;M;1531526.0;9;36585.0;4;0.166;1;FALSE;;0.598;0.144;59.2;0.0;602127.0;libre_inversion;TRUE
CAND-03685;10/11/24;35;H;2564251.0;19;25619.0;9;0.725;5;TRUE;658.0;0.721;0.633;13.3;0.0;706014.0;libre_inversion;TRUE
CAND-03227;11/11/24;38;H;1812903.0;5;32296.0;1;0.145;1;TRUE;586.0;0.72;0.705;0.3;0.0;235639.0;avance_efectivo;TRUE
CAND-03751;11/11/24;28;M;734023.0;6;152147.0;4;0.507;2;FALSE;;0.877;0.802;51.1;0.0;638518.0;avance_efectivo;TRUE
CAND-03020;11/11/24;33;M;936334.0;4;45889.0;2;0.082;2;FALSE;;0.672;0.442;72.4;0.0;857821.0;avance_efectivo;TRUE
CAND-03861;11/11/24;36;M;1310768.0;10;52013.0;6;0.53;3;TRUE;709.0;0.444;0.795;55.9;0.0;465996.0;libre_inversion;TRUE
CAND-03325;11/11/24;31;M;959996.0;6;10145.0;3;0.508;1;FALSE;;0.367;0.643;52.3;0.0;595556.0;libre_inversion;TRUE
CAND-03758;11/11/24;24;M;1655838.0;34;155772.0;11;0.394;1;FALSE;;0.545;0.895;80.0;0.0;499170.0;compra_cartera;TRUE
CAND-03911;11/11/24;24;M;650168.0;1;36473.0;0;0.368;1;TRUE;605.0;0.733;0.901;61.7;0.0;469173.0;compra_cartera;TRUE
CAND-03784;11/11/24;29;H;2572875.0;23;30783.0;18;0.236;1;FALSE;;0.768;0.695;45.6;0.0;100000.0;libre_inversion;TRUE
CAND-03467;12/11/24;29;H;2261947.0;31;31012.0;15;0.392;3;FALSE;;0.68;0.927;61.8;0.0;791323.0;compra_cartera;TRUE
CAND-03765;12/11/24;26;H;1253972.0;9;47712.0;4;0.16;2;TRUE;594.0;0.462;0.833;43.0;0.0;618624.0;avance_efectivo;TRUE
CAND-03023;12/11/24;18;H;1371493.0;9;7769.0;4;0.75;1;FALSE;;0.704;0.67;23.1;0.0;391722.0;compra_cartera;TRUE
CAND-03772;12/11/24;34;H;883917.0;36;91101.0;17;0.426;2;FALSE;;0.565;0.423;57.8;0.0;907458.0;compra_cartera;TRUE
CAND-03240;12/11/24;28;H;491699.0;48;14402.0;27;0.423;2;FALSE;;;0.716;71.5;0.0;581712.0;libre_inversion;TRUE
CAND-03884;12/11/24;41;H;25.955.865.051.818.500;35;51578.0;15;0.383;1;FALSE;;0.3;0.648;94.5;0.0;1249534.0;libre_inversion;TRUE
CAND-03995;12/11/24;29;H;810525.0;21;14829.0;7;0.286;1;TRUE;576.0;0.804;;37.9;0.0;861875.0;libre_inversion;TRUE
CAND-03337;12/11/24;48;H;2.007.747.577.690.800;6;40770.0;2;0.513;1;FALSE;;0.765;;51.9;0.0;1146029.0;avance_efectivo;TRUE
CAND-03007;12/11/24;20;H;1587729.0;2;9840.0;0;0.119;3;TRUE;418.0;0.645;0.544;100.0;0.0;472399.0;libre_inversion;TRUE
CAND-03447;12/11/24;29;M;931894.0;25;7234.0;19;0.273;4;TRUE;761.0;0.916;0.661;41.2;0.0;152572.0;libre_inversion;TRUE
CAND-03211;12/11/24;55;H;911431.0;8;83300.0;5;0.207;2;FALSE;;0.736;0.59;45.7;0.0;899229.0;libre_inversion;TRUE
CAND-03284;12/11/24;18;H;440669.0;1;86310.0;0;0.1;5;FALSE;;0.525;0.653;45.5;0.0;586412.0;compra_cartera;TRUE
CAND-03569;13/11/24;39;M;734790.0;4;112178.0;2;0.138;2;FALSE;;0.74;0.625;12.5;0.0;983064.0;libre_inversion;TRUE
CAND-03769;13/11/24;32;H;621267.0;2;18709.0;1;0.03;4;FALSE;;0.864;0.783;76.8;0.0;146215.0;libre_inversion;TRUE
CAND-03225;13/11/24;44;NB;630914.0;29;22803.0;14;0.465;2;FALSE;;0.757;0.656;57.6;0.0;1001581.0;libre_inversion;TRUE
CAND-03961;13/11/24;47;H;1015793.0;3;8216.0;0;0.132;4;TRUE;641.0;0.851;;30.5;0.0;399240.0;libre_inversion;TRUE
CAND-03377;13/11/24;45;M;1158431.0;17;16724.0;8;0.226;2;TRUE;560.0;0.833;0.626;37.8;0.0;480734.0;avance_efectivo;TRUE
CAND-03216;13/11/24;57;H;1050009.0;11;45424.0;3;0.089;3;FALSE;;0.662;0.782;29.6;0.0;604435.0;libre_inversion;TRUE
CAND-03292;13/11/24;27;H;870489.0;16;38928.0;9;0.312;5;FALSE;;;0.783;38.2;0.0;416821.0;libre_inversion;TRUE
CAND-03213;13/11/24;36;M;544239.0;2;60879.0;1;0.248;3;TRUE;622.0;0.555;0.803;50.8;0.0;309902.0;libre_inversion;TRUE
CAND-03264;13/11/24;45;M;807648.0;14;60949.0;8;0.195;4;TRUE;550.0;0.806;0.806;35.6;0.0;1843158.0;libre_inversion;TRUE
CAND-03994;13/11/24;36;M;1109565.0;43;39471.0;23;0.14;1;FALSE;;0.789;0.838;25.1;0.0;732134.0;libre_inversion;TRUE
CAND-03768;14/11/24;18;M;641746.0;13;23950.0;7;0.373;3;FALSE;;0.535;0.713;47.8;0.0;484606.0;libre_inversion;TRUE
CAND-03935;14/11/24;42;M;604458.0;5;10064.0;3;0.407;4;FALSE;;0.81;0.886;63.1;0.0;369821.0;avance_efectivo;TRUE
CAND-03044;14/11/24;18;M;2308769.0;10;54020.0;11;0.599;1;TRUE;568.0;0.799;0.776;66.3;0.0;821623.0;avance_efectivo;TRUE
CAND-03153;14/11/24;39;H;1085900.0;1;48133.0;2;0.753;2;TRUE;727.0;0.784;0.749;29.4;0.0;1040768.0;libre_inversion;TRUE
CAND-03084;14/11/24;30;H;916195.0;24;26533.0;13;0.789;3;TRUE;462.0;0.705;0.374;72.9;0.0;184907.0;libre_inversion;TRUE
CAND-03402;14/11/24;28;M;1677703.0;30;47873.0;7;0.196;3;FALSE;;0.504;0.644;28.6;0.0;842273.0;avance_efectivo;TRUE
CAND-03543;14/11/24;31;M;1968231.0;15;34961.0;7;0.177;4;FALSE;;0.561;0.481;79.9;0.0;279905.0;libre_inversion;TRUE
CAND-03488;14/11/24;49;M;2162130.0;1;9646.0;2;0.507;4;FALSE;;0.695;0.781;49.3;0.0;182422.0;libre_inversion;TRUE
CAND-03959;14/11/24;35;M;1016880.0;15;12367.0;9;0.281;3;TRUE;658.0;0.501;0.78;48.0;0.0;1175479.0;avance_efectivo;TRUE
CAND-03293;14/11/24;31;M;2189631.0;37;53584.0;22;0.086;3;FALSE;;0.912;0.693;71.5;0.0;1629350.0;avance_efectivo;TRUE
CAND-03501;15/11/24;27;M;1296602.0;41;16900.0;20;0.235;4;FALSE;;0.769;0.593;56.4;0.0;1824785.0;avance_efectivo;TRUE
CAND-03271;15/11/24;49;H;1051220.0;40;27052.0;15;0.415;5;FALSE;;0.884;0.801;44.2;0.0;348944.0;avance_efectivo;TRUE
CAND-03913;15/11/24;39;NB;1134426.0;3;59199.0;3;0.439;1;FALSE;;0.717;0.833;65.0;0.0;787651.0;avance_efectivo;TRUE
CAND-03926;15/11/24;30;H;1156194.0;26;107039.0;16;0.148;5;FALSE;;0.694;0.663;40.5;0.0;486551.0;libre_inversion;TRUE
CAND-03607;15/11/24;31;M;1288708.0;1;9235.0;1;0.451;5;FALSE;;0.699;0.536;52.1;0.0;383788.0;avance_efectivo;TRUE
CAND-03748;15/11/24;26;H;2121908.0;17;65509.0;8;0.192;3;TRUE;825.0;0.787;0.584;63.5;0.0;596282.0;libre_inversion;TRUE
CAND-03631;15/11/24;30;H;1624323.0;12;18643.0;5;0.456;2;FALSE;;0.781;0.794;34.9;0.0;2265667.0;compra_cartera;TRUE
CAND-03628;15/11/24;41;H;1954676.0;27;116491.0;15;0.666;1;TRUE;596.0;0.559;0.595;0.0;0.0;532492.0;compra_cartera;TRUE
CAND-03439;15/11/24;40;H;586642.0;18;25345.0;7;0.431;3;TRUE;687.0;0.693;0.725;32.3;0.0;236993.0;compra_cartera;TRUE
CAND-03476;15/11/24;20;M;1358254.0;27;78677.0;14;0.159;1;FALSE;;0.802;0.839;46.2;0.0;104554.0;libre_inversion;TRUE
CAND-03138;15/11/24;33;H;725596.0;2;54400.0;2;0.296;2;FALSE;;0.288;0.771;65.0;0.0;1039680.0;avance_efectivo;TRUE
CAND-03417;15/11/24;53;H;789969.0;16;46365.0;6;0.58;4;TRUE;582.0;0.819;0.906;75.4;0.0;478037.0;compra_cartera;TRUE
CAND-03456;15/11/24;18;H;514999.0;7;18324.0;2;0.174;4;TRUE;709.0;0.846;0.585;53.7;0.0;558823.0;avance_efectivo;TRUE
CAND-03266;16/11/24;51;M;1237379.0;7;32022.0;3;0.458;5;TRUE;644.0;;0.568;8.5;0.0;1508439.0;compra_cartera;TRUE
CAND-03348;16/11/24;56;M;1265684.0;20;85620.0;16;0.517;5;TRUE;595.0;0.769;0.592;25.1;0.0;582654.0;compra_cartera;TRUE
CAND-03236;16/11/24;27;M;3394095.0;6;27921.0;3;0.634;1;FALSE;;0.584;0.885;34.5;0.0;940227.0;avance_efectivo;TRUE
CAND-03583;16/11/24;37;M;1059621.0;18;11061.0;12;0.368;4;FALSE;;0.769;0.509;66.3;0.0;190021.0;compra_cartera;TRUE
CAND-03075;16/11/24;18;M;1568121.0;21;69420.0;12;0.835;4;FALSE;;0.811;0.599;13.5;0.0;763455.0;libre_inversion;TRUE
CAND-03848;16/11/24;38;H;2292621.0;16;41604.0;13;0.589;4;TRUE;696.0;0.844;0.586;40.8;13365.0;500243.0;libre_inversion;FALSE
CAND-03866;16/11/24;25;H;741872.0;44;60913.0;24;0.436;1;TRUE;432.0;0.56;0.857;83.2;0.0;2434285.0;libre_inversion;TRUE
CAND-03985;16/11/24;25;M;1127376.0;17;16656.0;8;0.379;1;FALSE;;0.865;0.715;72.9;0.0;825887.0;compra_cartera;TRUE
CAND-03469;16/11/24;46;M;1188961.0;12;9561.0;5;0.615;2;FALSE;;0.434;0.385;56.5;0.0;498846.0;compra_cartera;TRUE
CAND-03821;16/11/24;38;M;684542.0;4;80139.0;1;0.736;3;FALSE;;0.778;0.786;46.7;0.0;671496.0;libre_inversion;TRUE
CAND-03500;16/11/24;18;H;366718.0;7;40171.0;4;0.313;3;TRUE;694.0;0.858;0.782;44.7;0.0;268659.0;libre_inversion;TRUE
CAND-03472;16/11/24;27;M;1193557.0;13;35193.0;5;0.707;4;FALSE;;0.897;0.295;34.5;0.0;231039.0;libre_inversion;TRUE
CAND-03222;16/11/24;42;H;1972386.0;15;64216.0;7;0.216;3;FALSE;;0.66;0.639;36.6;0.0;290972.0;avance_efectivo;TRUE
CAND-03697;16/11/24;47;H;1414000.0;22;17999.0;12;0.438;4;FALSE;;0.675;0.506;56.0;0.0;540816.0;compra_cartera;TRUE
CAND-03188;16/11/24;18;H;568310.0;2;23018.0;0;0.835;2;TRUE;807.0;0.851;0.879;30.6;0.0;885838.0;libre_inversion;TRUE
CAND-03373;16/11/24;40;H;1137345.0;28;42003.0;10;0.081;4;TRUE;685.0;0.473;0.812;27.8;0.0;322798.0;libre_inversion;TRUE
CAND-03123;16/11/24;39;H;1405214.0;2;16768.0;2;0.522;2;TRUE;586.0;0.84;0.721;37.6;0.0;336180.0;libre_inversion;TRUE
CAND-03184;17/11/24;38;H;835692.0;17;10940.0;8;0.188;1;FALSE;;0.858;0.772;55.4;0.0;3356743.0;libre_inversion;TRUE
CAND-03206;17/11/24;29;M;2592519.0;19;151897.0;9;0.172;4;FALSE;;0.459;0.884;58.4;0.0;189685.0;libre_inversion;TRUE
CAND-03260;17/11/24;30;M;811722.0;2;59703.0;2;0.368;2;FALSE;;0.751;0.569;7.6;0.0;516933.0;avance_efectivo;TRUE
CAND-03346;17/11/24;41;M;1492087.0;25;34575.0;18;0.385;3;TRUE;618.0;0.42;0.502;7.6;0.0;2494596.0;compra_cartera;TRUE
CAND-03986;17/11/24;18;M;998965.0;13;11183.0;13;0.32;1;FALSE;;0.766;0.882;70.2;0.0;376575.0;avance_efectivo;TRUE
CAND-03662;17/11/24;40;H;2477152.0;22;78933.0;13;0.624;5;TRUE;848.0;0.832;0.648;36.6;0.0;993608.0;libre_inversion;TRUE
CAND-03157;17/11/24;50;H;1342313.0;4;82434.0;2;0.5;3;FALSE;;0.587;0.624;86.5;0.0;378424.0;compra_cartera;TRUE
CAND-03682;17/11/24;36;H;874455.0;2;24521.0;1;0.622;1;TRUE;611.0;0.649;0.8;45.6;0.0;631917.0;libre_inversion;TRUE
CAND-03121;17/11/24;35;H;934520.0;3;108077.0;2;0.633;1;TRUE;744.0;0.732;0.834;51.4;0.0;1927598.0;avance_efectivo;TRUE
CAND-03535;17/11/24;20;H;1211233.0;50;25226.0;29;0.353;3;FALSE;;0.821;0.588;75.1;0.0;1282992.0;libre_inversion;TRUE
CAND-03625;17/11/24;28;M;1737871.0;23;49796.0;16;0.257;5;FALSE;;0.597;0.512;62.6;0.0;690977.0;avance_efectivo;TRUE
CAND-03523;17/11/24;27;H;1318307.0;14;17860.0;9;0.109;2;TRUE;687.0;0.881;0.825;25.9;0.0;1226103.0;libre_inversion;TRUE
CAND-03954;17/11/24;50;H;817377.0;26;47381.0;19;0.438;4;TRUE;616.0;0.826;0.48;27.0;0.0;349682.0;libre_inversion;TRUE
CAND-03013;17/11/24;32;M;1193244.0;18;25624.0;13;0.599;5;TRUE;813.0;0.448;0.648;47.3;0.0;870689.0;avance_efectivo;TRUE
CAND-03368;17/11/24;40;M;1035347.0;23;27031.0;15;0.335;1;FALSE;;0.85;0.796;73.5;0.0;1077974.0;avance_efectivo;TRUE
CAND-03955;17/11/24;28;H;1240000.0;3;99585.0;3;0.437;1;TRUE;706.0;0.792;0.716;61.6;0.0;225868.0;compra_cartera;FALSE
CAND-03385;18/11/24;35;H;1093051.0;42;57325.0;14;0.157;1;FALSE;;;0.826;74.0;17349.0;186185.0;libre_inversion;TRUE
CAND-03979;18/11/24;31;M;1566687.0;2;87143.0;1;0.425;1;FALSE;;0.615;0.586;74.5;0.0;1898548.0;compra_cartera;TRUE
CAND-03122;18/11/24;34;H;955221.0;17;21895.0;10;0.114;1;TRUE;797.0;0.813;0.785;47.3;0.0;365741.0;libre_inversion;TRUE
CAND-03043;18/11/24;28;M;1108111.0;11;114200.0;4;0.227;1;FALSE;;0.8;0.691;61.6;0.0;1082137.0;libre_inversion;TRUE
CAND-03034;18/11/24;26;M;1014351.0;13;38575.0;3;0.444;1;FALSE;;0.891;0.756;98.6;0.0;406924.0;avance_efectivo;TRUE
CAND-03692;18/11/24;51;M;976928.0;8;76701.0;3;0.094;1;FALSE;;0.711;0.778;35.2;0.0;583880.0;libre_inversion;TRUE
CAND-03793;18/11/24;36;H;1444466.0;8;41403.0;6;0.629;3;FALSE;;0.652;0.756;39.6;0.0;363987.0;libre_inversion;TRUE
CAND-03851;19/11/24;31;M;593101.0;1;56815.0;2;0.506;1;TRUE;615.0;0.851;0.804;36.1;0.0;614679.0;libre_inversion;TRUE
CAND-03578;19/11/24;25;H;797786.0;1;23600.0;2;0.436;3;TRUE;621.0;0.777;0.573;54.4;0.0;672377.0;libre_inversion;TRUE
CAND-03892;19/11/24;22;H;1773943.0;52;16196.0;16;0.614;1;TRUE;588.0;0.441;0.79;87.0;0.0;243842.0;libre_inversion;TRUE
CAND-03315;19/11/24;34;M;2464817.0;29;106014.0;15;0.772;1;FALSE;;0.621;0.749;47.6;0.0;286366.0;avance_efectivo;TRUE
CAND-03494;19/11/24;39;H;1036404.0;2;44735.0;3;0.546;1;FALSE;;0.758;0.622;57.7;22869.0;216859.0;libre_inversion;TRUE
CAND-03257;20/11/24;24;M;1075080.0;8;46834.0;5;0.247;5;TRUE;738.0;0.868;;44.1;0.0;383105.0;avance_efectivo;TRUE
CAND-03574;20/11/24;29;M;1432428.0;12;71476.0;7;0.515;3;TRUE;645.0;0.894;0.725;20.8;0.0;1399942.0;compra_cartera;TRUE
CAND-03605;20/11/24;56;M;1029000.0;9;50250.0;2;0.672;3;FALSE;;0.577;0.638;20.4;0.0;508035.0;libre_inversion;TRUE
CAND-03155;20/11/24;30;M;783751.0;5;36151.0;1;0.571;4;TRUE;642.0;0.606;0.642;33.4;0.0;1222978.0;compra_cartera;TRUE
CAND-03030;20/11/24;20;H;986067.0;6;51184.0;3;0.548;1;TRUE;577.0;0.883;0.688;74.4;0.0;1272931.0;libre_inversion;TRUE
CAND-03263;20/11/24;32;H;900041.0;1;20324.0;0;0.631;2;TRUE;616.0;0.518;0.841;57.7;0.0;473608.0;avance_efectivo;TRUE
CAND-03622;20/11/24;24;M;1583148.0;52;48334.0;23;0.366;2;TRUE;632.0;0.457;0.704;50.3;0.0;513349.0;avance_efectivo;TRUE
CAND-03668;20/11/24;18;M;651781.0;60;19450.0;30;0.522;1;TRUE;708.0;0.741;0.39;50.0;0.0;1436298.0;avance_efectivo;TRUE
CAND-03996;20/11/24;35;H;1256494.0;5;64552.0;3;0.193;3;FALSE;;0.429;0.438;66.8;0.0;600684.0;avance_efectivo;TRUE
CAND-03176;20/11/24;49;H;1089154.0;38;44185.0;23;0.433;1;TRUE;615.0;0.731;0.467;27.1;0.0;788939.0;libre_inversion;TRUE
CAND-03276;20/11/24;41;M;810007.0;14;39471.0;5;0.779;2;TRUE;700.0;0.609;0.448;48.3;0.0;356980.0;libre_inversion;TRUE
CAND-03047;20/11/24;32;H;1795521.0;8;46019.0;4;0.803;2;TRUE;703.0;0.561;0.761;40.2;0.0;569462.0;avance_efectivo;TRUE
CAND-03478;20/11/24;36;H;1268769.0;19;77672.0;9;0.143;3;FALSE;;0.686;0.781;43.0;0.0;1377179.0;libre_inversion;TRUE
CAND-03553;20/11/24;34;M;1414174.0;31;60556.0;15;0.298;2;FALSE;;0.859;0.742;69.5;0.0;521905.0;libre_inversion;TRUE
CAND-03947;21/11/24;38;H;2882092.0;3;26400.0;0;0.802;3;TRUE;639.0;0.838;0.678;44.3;0.0;286627.0;libre_inversion;TRUE
CAND-03115;21/11/24;29;M;733859.0;27;24926.0;13;0.104;1;FALSE;;0.538;0.742;73.5;0.0;331063.0;libre_inversion;TRUE
CAND-03987;21/11/24;42;M;1085445.0;4;61281.0;0;0.416;1;TRUE;560.0;0.634;0.486;88.3;0.0;711395.0;compra_cartera;TRUE
CAND-03124;21/11/24;47;H;984013.0;6;56218.0;1;0.535;3;TRUE;681.0;0.69;0.723;31.5;0.0;905807.0;avance_efectivo;TRUE
CAND-03371;21/11/24;34;H;724848.0;28;17456.0;10;0.538;2;TRUE;727.0;;0.828;40.6;0.0;658855.0;libre_inversion;TRUE
CAND-03212;21/11/24;31;H;2052443.0;7;25964.0;1;0.796;1;FALSE;;0.868;0.688;41.6;0.0;667302.0;compra_cartera;TRUE
CAND-03836;21/11/24;18;H;1123745.0;5;56899.0;2;0.228;2;TRUE;573.0;0.624;0.703;53.0;0.0;309050.0;avance_efectivo;FALSE
CAND-03874;21/11/24;27;H;1563643.0;43;27325.0;15;0.407;4;TRUE;679.0;0.466;0.372;64.0;0.0;666834.0;libre_inversion;TRUE
CAND-03305;21/11/24;33;H;1479923.0;1;41157.0;0;0.469;2;FALSE;;0.614;0.667;16.1;0.0;1635491.0;libre_inversion;TRUE
CAND-03575;21/11/24;29;H;1019754.0;5;50379.0;1;0.631;4;TRUE;604.0;0.805;0.653;67.6;0.0;673230.0;libre_inversion;TRUE
CAND-03790;21/11/24;35;H;856125.0;2;153516.0;0;0.264;3;TRUE;760.0;0.841;0.76;42.7;0.0;233234.0;compra_cartera;TRUE
CAND-03966;22/11/24;38;H;908204.0;14;124671.0;6;0.295;2;FALSE;;0.828;0.732;39.4;0.0;528076.0;libre_inversion;TRUE
CAND-03241;22/11/24;40;M;1383224.0;7;31398.0;1;0.394;1;FALSE;;0.809;0.535;50.5;0.0;377697.0;libre_inversion;TRUE
CAND-03701;22/11/24;37;M;1186668.0;6;51007.0;5;0.176;4;TRUE;560.0;0.838;0.686;70.0;0.0;692516.0;libre_inversion;TRUE
CAND-03600;22/11/24;39;M;864167.0;4;69207.0;2;0.669;2;FALSE;;0.675;0.822;28.4;0.0;178659.0;avance_efectivo;TRUE
CAND-03077;22/11/24;49;H;1868232.0;27;19769.0;15;0.511;5;TRUE;513.0;0.577;0.543;94.6;0.0;1215057.0;compra_cartera;TRUE
CAND-03785;22/11/24;35;M;551174.0;22;81982.0;14;0.501;2;FALSE;;0.62;0.721;38.0;0.0;650720.0;libre_inversion;TRUE
CAND-03674;22/11/24;23;H;1800815.0;2;41335.0;1;0.076;1;FALSE;;0.724;0.589;83.7;0.0;169740.0;libre_inversion;TRUE
CAND-03347;23/11/24;34;H;1818644.0;3;43306.0;1;0.207;1;FALSE;;0.446;0.861;29.0;0.0;331759.0;libre_inversion;TRUE
CAND-03506;23/11/24;30;M;1420539.0;24;122642.0;9;0.506;3;FALSE;;0.647;0.801;40.2;0.0;780728.0;avance_efectivo;TRUE
CAND-03899;23/11/24;45;H;1322909.0;6;83834.0;0;0.327;4;TRUE;760.0;0.916;0.546;47.0;0.0;2482525.0;libre_inversion;TRUE
CAND-03288;23/11/24;46;M;546711.0;4;63931.0;4;0.467;2;TRUE;695.0;0.573;0.584;8.7;0.0;353178.0;libre_inversion;TRUE
CAND-03071;23/11/24;44;NB;714134.0;7;14993.0;3;0.511;3;TRUE;610.0;0.466;0.614;35.7;0.0;103603.0;libre_inversion;TRUE
CAND-03529;23/11/24;31;H;2866542.0;24;18338.0;13;0.33;2;FALSE;;0.648;0.776;41.7;0.0;1054030.0;compra_cartera;TRUE
CAND-03559;23/11/24;27;M;1188263.0;4;234918.0;2;0.41;1;TRUE;682.0;0.751;0.458;39.7;0.0;863656.0;avance_efectivo;TRUE
CAND-03313;24/11/24;23;M;732090.0;36;32375.0;16;0.204;1;FALSE;;0.664;0.634;64.7;0.0;2074960.0;compra_cartera;TRUE
CAND-03166;24/11/24;31;M;767621.0;2;9048.0;1;0.435;2;TRUE;547.0;0.671;0.541;57.4;0.0;742098.0;compra_cartera;TRUE
CAND-03808;24/11/24;46;M;826021.0;37;10729.0;21;0.253;2;TRUE;653.0;0.805;0.511;73.0;0.0;927345.0;avance_efectivo;TRUE
CAND-03350;24/11/24;35;NB;2088418.0;49;114480.0;19;0.172;2;FALSE;;0.665;0.835;36.2;0.0;395692.0;avance_efectivo;FALSE
CAND-03092;24/11/24;29;M;410575.0;17;33960.0;10;0.341;2;FALSE;;0.67;0.728;24.3;0.0;852845.0;compra_cartera;TRUE
CAND-03688;24/11/24;18;M;897992.0;4;7171.0;2;0.339;3;FALSE;;0.356;0.665;53.4;0.0;212306.0;avance_efectivo;TRUE
CAND-03816;24/11/24;40;M;2820642.0;20;58322.0;15;0.202;1;FALSE;;0.859;0.77;49.1;0.0;351786.0;avance_efectivo;TRUE
CAND-03778;24/11/24;23;NB;930216.0;4;52695.0;3;0.081;5;TRUE;714.0;0.725;0.722;11.5;0.0;507673.0;avance_efectivo;TRUE
CAND-03475;24/11/24;36;M;815375.0;31;41715.0;22;0.446;4;TRUE;789.0;0.401;0.584;56.7;0.0;999848.0;avance_efectivo;TRUE
CAND-03128;24/11/24;49;H;994636.0;6;83117.0;1;0.343;3;FALSE;;0.821;0.749;57.6;0.0;221705.0;libre_inversion;TRUE
CAND-03250;24/11/24;53;M;902519.0;1;68606.0;0;0.589;3;FALSE;;0.664;0.919;19.9;0.0;811739.0;libre_inversion;TRUE
CAND-03399;24/11/24;27;H;1402432.0;19;61985.0;7;0.558;1;FALSE;;0.387;0.828;24.1;0.0;533508.0;libre_inversion;TRUE
CAND-03638;24/11/24;55;H;1906124.0;29;37654.0;17;0.405;1;TRUE;684.0;0.696;0.793;58.6;0.0;494786.0;libre_inversion;TRUE
CAND-03661;25/11/24;45;H;1958524.0;5;21356.0;1;0.369;3;FALSE;;0.626;0.637;44.0;0.0;251964.0;libre_inversion;TRUE
CAND-03243;25/11/24;30;NB;1039188.0;9;99711.0;3;0.361;1;FALSE;;0.828;0.858;59.8;0.0;259720.0;libre_inversion;TRUE
CAND-03487;25/11/24;43;M;1638127.0;7;92366.0;2;0.33;3;FALSE;;0.841;0.692;47.8;0.0;508478.0;avance_efectivo;TRUE
CAND-03847;25/11/24;44;M;1013117.0;14;25190.0;12;0.253;2;FALSE;;0.532;0.735;39.1;0.0;898820.0;compra_cartera;TRUE
CAND-03828;25/11/24;22;M;975886.0;6;31391.0;2;0.356;2;TRUE;548.0;0.589;0.506;50.6;0.0;606608.0;compra_cartera;TRUE
CAND-03444;25/11/24;41;M;1069034.0;2;18763.0;2;0.528;1;FALSE;;0.644;;63.8;0.0;1122288.0;avance_efectivo;TRUE
CAND-03537;25/11/24;46;M;864804.0;17;28107.0;5;0.295;1;TRUE;530.0;0.846;0.737;18.8;0.0;458999.0;libre_inversion;TRUE
CAND-03989;25/11/24;35;H;493167.0;18;45279.0;12;0.348;1;TRUE;666.0;;0.78;53.3;0.0;653681.0;compra_cartera;TRUE
CAND-03815;25/11/24;41;H;1466173.0;13;76135.0;9;0.134;4;FALSE;;;0.677;41.8;0.0;442179.0;compra_cartera;TRUE
CAND-03550;25/11/24;30;M;844577.0;36;82047.0;21;0.543;3;TRUE;605.0;0.739;0.641;44.0;0.0;999513.0;compra_cartera;TRUE
CAND-03788;25/11/24;29;M;1204138.0;15;45827.0;4;0.705;3;TRUE;745.0;0.858;0.548;35.5;0.0;435714.0;compra_cartera;TRUE
CAND-03845;25/11/24;25;M;583816.0;11;16338.0;7;0.86;1;TRUE;723.0;;0.765;85.8;0.0;416725.0;compra_cartera;TRUE
CAND-03677;26/11/24;47;NB;1103617.0;12;26559.0;2;0.604;3;FALSE;;;;31.1;0.0;1312219.0;libre_inversion;TRUE
CAND-03965;26/11/24;37;H;1904128.0;14;61672.0;5;0.323;1;TRUE;667.0;0.693;0.924;45.3;0.0;713769.0;libre_inversion;TRUE
CAND-03127;26/11/24;19;H;895867.0;12;74927.0;6;0.034;5;FALSE;;0.674;0.599;42.5;0.0;1137988.0;libre_inversion;TRUE
CAND-03796;26/11/24;25;H;672941.0;1;64276.0;1;0.782;2;TRUE;561.0;0.789;0.753;37.3;0.0;1626558.0;avance_efectivo;TRUE
CAND-03137;26/11/24;53;M;1668195.0;1;99445.0;0;0.061;1;FALSE;;0.786;0.823;16.3;0.0;579015.0;avance_efectivo;TRUE
CAND-03709;26/11/24;43;H;1456410.0;25;88537.0;17;0.084;4;TRUE;715.0;0.821;0.803;68.8;0.0;397114.0;libre_inversion;TRUE
CAND-03221;26/11/24;44;H;1295864.0;9;59817.0;4;0.557;2;FALSE;;0.583;0.68;53.3;0.0;554280.0;libre_inversion;TRUE
CAND-03331;26/11/24;30;M;1365148.0;5;35530.0;1;0.645;4;TRUE;804.0;0.652;0.613;56.3;0.0;465104.0;libre_inversion;TRUE
CAND-03730;26/11/24;38;M;524124.0;7;32891.0;0;0.171;2;FALSE;;0.851;0.63;28.2;0.0;225751.0;compra_cartera;TRUE
CAND-03112;26/11/24;44;H;1838553.0;21;27228.0;9;0.515;1;TRUE;485.0;0.691;0.803;36.1;0.0;306140.0;libre_inversion;TRUE
CAND-03481;26/11/24;24;M;683813.0;9;21004.0;4;0.371;5;FALSE;;0.759;0.686;33.5;0.0;589208.0;libre_inversion;TRUE
CAND-03720;26/11/24;19;M;3636931.0;23;43001.0;8;0.317;1;FALSE;;0.754;0.852;50.5;0.0;832705.0;libre_inversion;TRUE
CAND-03223;26/11/24;37;H;1697382.0;11;64364.0;7;0.608;1;FALSE;;0.484;0.675;57.5;0.0;550714.0;libre_inversion;TRUE
CAND-03307;26/11/24;34;M;489503.0;16;9530.0;7;0.334;1;TRUE;679.0;0.587;0.652;90.7;0.0;326611.0;libre_inversion;TRUE
CAND-03235;26/11/24;41;H;1076566.0;40;11067.0;14;0.307;3;FALSE;;0.642;0.814;36.6;0.0;2114605.0;libre_inversion;TRUE
CAND-03967;26/11/24;46;H;2183860.0;7;45488.0;5;0.511;4;FALSE;;0.838;0.766;60.9;0.0;859946.0;compra_cartera;TRUE
CAND-03527;27/11/24;18;H;3132892.0;16;60466.0;8;0.37;2;FALSE;;0.822;0.872;70.7;0.0;1560083.0;libre_inversion;TRUE
CAND-03045;27/11/24;45;H;1606224.0;32;19456.0;11;0.511;1;TRUE;757.0;0.766;0.806;67.6;0.0;313154.0;avance_efectivo;TRUE
CAND-03873;27/11/24;37;M;1612876.0;60;23454.0;34;0.315;1;TRUE;589.0;0.302;0.698;60.1;0.0;235715.0;libre_inversion;TRUE
CAND-03446;27/11/24;43;NB;948508.0;12;8250.0;6;0.163;3;FALSE;;0.716;0.594;68.0;0.0;576153.0;libre_inversion;TRUE
CAND-03375;27/11/24;48;M;1248481.0;19;1632.0;10;0.316;1;TRUE;483.0;0.395;0.418;73.1;0.0;578081.0;libre_inversion;TRUE
CAND-03831;27/11/24;44;H;917839.0;38;49567.0;15;0.412;2;TRUE;689.0;0.893;0.541;54.5;0.0;968767.0;avance_efectivo;TRUE
CAND-03666;27/11/24;39;M;997966.0;10;24138.0;4;0.314;5;FALSE;;0.62;0.9;45.0;0.0;662305.0;libre_inversion;TRUE
CAND-03355;27/11/24;43;M;1588642.0;9;54415.0;8;0.836;1;TRUE;547.0;0.497;0.501;59.0;0.0;426426.0;libre_inversion;TRUE
CAND-03345;27/11/24;53;M;1444096.0;32;92059.0;18;0.383;2;FALSE;;0.402;;46.6;0.0;372448.0;avance_efectivo;TRUE
CAND-03869;27/11/24;30;M;2072810.0;35;8786.0;19;0.228;4;FALSE;;0.623;0.645;41.4;0.0;914476.0;libre_inversion;TRUE
CAND-03291;28/11/24;43;M;598937.0;5;32174.0;3;0.756;1;TRUE;600.0;0.879;0.679;71.1;0.0;702505.0;libre_inversion;TRUE
CAND-03048;28/11/24;34;M;1573559.0;8;24862.0;2;0.227;3;TRUE;649.0;0.588;0.78;14.9;0.0;998489.0;libre_inversion;TRUE
CAND-03319;28/11/24;50;H;1075085.0;29;28330.0;15;0.157;5;TRUE;646.0;0.732;0.619;45.6;34072.0;868589.0;avance_efectivo;TRUE
CAND-03775;28/11/24;29;M;1111263.0;11;17789.0;4;0.18;2;FALSE;;0.754;0.471;19.7;0.0;470022.0;avance_efectivo;TRUE
CAND-03403;28/11/24;31;M;2305591.0;8;93857.0;5;0.334;2;TRUE;530.0;0.572;0.488;47.7;0.0;708863.0;compra_cartera;TRUE
CAND-03278;28/11/24;18;H;505333.0;26;65401.0;8;0.343;2;FALSE;;0.531;0.793;70.1;0.0;122412.0;compra_cartera;TRUE
CAND-03728;28/11/24;48;H;966617.0;7;18540.0;3;0.19;3;TRUE;643.0;0.812;0.904;69.5;0.0;476142.0;libre_inversion;TRUE
CAND-03458;28/11/24;37;H;975677.0;10;26976.0;4;0.669;1;FALSE;;;0.851;31.1;0.0;525647.0;libre_inversion;TRUE
CAND-03035;28/11/24;50;H;975239.0;9;21473.0;3;0.196;3;TRUE;578.0;0.507;0.896;28.9;0.0;665293.0;libre_inversion;TRUE
CAND-03623;28/11/24;31;H;1704203.0;55;24600.0;27;0.729;1;TRUE;536.0;0.808;0.522;63.9;0.0;964981.0;compra_cartera;TRUE
CAND-03027;28/11/24;48;M;937906.0;9;105419.0;7;0.383;4;FALSE;;0.778;0.636;82.5;0.0;556910.0;avance_efectivo;TRUE
CAND-03824;28/11/24;18;M;4177437.0;1;36455.0;1;0.556;2;TRUE;597.0;0.757;;61.8;0.0;307464.0;compra_cartera;TRUE
CAND-03900;28/11/24;37;H;2426807.0;1;83579.0;0;0.478;1;TRUE;618.0;0.532;0.685;50.5;0.0;425541.0;libre_inversion;TRUE
CAND-03151;29/11/24;34;H;628332.0;40;40520.0;20;0.228;2;FALSE;;0.715;0.575;25.3;0.0;1175271.0;compra_cartera;TRUE
CAND-03937;29/11/24;34;NB;570131.0;14;101027.0;2;0.525;3;TRUE;627.0;0.744;0.856;56.1;0.0;313253.0;libre_inversion;TRUE
CAND-03875;29/11/24;38;H;1314375.0;13;89977.0;8;0.324;5;TRUE;710.0;0.731;0.886;88.9;0.0;330537.0;libre_inversion;TRUE
CAND-03095;29/11/24;31;M;579597.0;7;36150.0;2;0.303;2;TRUE;519.0;0.405;0.877;70.1;0.0;305730.0;libre_inversion;TRUE
CAND-03850;30/11/24;54;M;536815.0;1;24857.0;1;0.574;2;TRUE;751.0;0.785;0.723;61.6;0.0;928837.0;libre_inversion;TRUE
CAND-03283;30/11/24;48;M;1230009.0;8;49938.0;3;0.197;2;FALSE;;;0.616;56.7;0.0;432782.0;avance_efectivo;TRUE
CAND-03311;30/11/24;26;M;3228074.0;17;22492.0;6;0.195;5;FALSE;;0.84;0.642;48.1;0.0;1175806.0;compra_cartera;TRUE
CAND-03086;30/11/24;33;H;1342328.0;2;22913.0;2;0.165;3;TRUE;578.0;0.455;0.353;47.3;0.0;986105.0;avance_efectivo;TRUE
CAND-03314;30/11/24;46;M;1033857.0;11;34255.0;6;0.558;1;TRUE;639.0;0.53;0.804;24.5;0.0;296311.0;libre_inversion;TRUE
CAND-03646;30/11/24;20;H;1524679.0;10;43269.0;3;0.419;4;TRUE;629.0;0.579;0.874;35.9;0.0;267187.0;compra_cartera;TRUE
CAND-03924;30/11/24;32;M;1247483.0;1;36355.0;0;0.624;1;FALSE;;0.383;0.718;33.3;0.0;820493.0;libre_inversion;TRUE
CAND-03372;30/11/24;48;M;1857182.0;6;41566.0;2;0.093;2;FALSE;;0.501;0.388;42.1;0.0;738065.0;avance_efectivo;TRUE
CAND-03585;30/11/24;28;H;2253400.0;19;15275.0;8;0.302;3;TRUE;650.0;0.714;0.615;52.9;0.0;679546.0;avance_efectivo;TRUE
CAND-03510;30/11/24;40;H;1053212.0;34;107137.0;18;0.847;1;FALSE;;0.536;0.727;64.7;0.0;422945.0;compra_cartera;TRUE
CAND-03185;30/11/24;34;M;1558974.0;12;32381.0;8;0.565;3;TRUE;615.0;0.828;0.527;44.8;0.0;656736.0;libre_inversion;TRUE
CAND-03003;30/11/24;41;H;1106875.0;28;74067.0;14;0.333;1;TRUE;588.0;0.789;0.535;14.3;0.0;428512.0;libre_inversion;TRUE
CAND-03318;1/12/24;25;H;1443654.0;35;130939.0;18;0.505;2;TRUE;481.0;0.778;0.56;63.2;0.0;466213.0;compra_cartera;TRUE
CAND-03990;1/12/24;26;M;609477.0;7;40039.0;3;0.039;1;FALSE;;0.617;0.725;5.9;0.0;558783.0;libre_inversion;TRUE
CAND-03962;1/12/24;44;H;1135135.0;11;72042.0;5;0.238;3;FALSE;;0.611;0.592;47.2;0.0;2267752.0;compra_cartera;TRUE
CAND-03437;1/12/24;27;H;1624325.0;1;39446.0;1;0.082;1;TRUE;757.0;0.578;0.598;19.1;0.0;727441.0;libre_inversion;TRUE
CAND-03383;1/12/24;41;H;814650.0;5;51252.0;3;0.143;1;FALSE;;;0.787;84.0;0.0;1311350.0;libre_inversion;TRUE
CAND-03032;1/12/24;61;H;1662239.0;38;15660.0;17;0.385;1;TRUE;664.0;0.758;0.775;21.3;0.0;268784.0;compra_cartera;TRUE
CAND-03560;1/12/24;47;M;964287.0;57;38975.0;30;0.418;4;FALSE;;0.705;;75.1;9288.0;656354.0;compra_cartera;TRUE
CAND-03258;1/12/24;34;H;2284682.0;4;100643.0;1;0.424;1;TRUE;622.0;0.721;0.834;41.6;0.0;318486.0;libre_inversion;TRUE
CAND-03558;1/12/24;34;H;1893153.0;2;71547.0;1;0.669;1;FALSE;;0.681;;60.4;0.0;460360.0;avance_efectivo;TRUE
CAND-03453;1/12/24;47;H;1572895.0;3;45772.0;0;0.564;4;TRUE;740.0;0.501;;0.0;0.0;619589.0;libre_inversion;TRUE
CAND-03389;1/12/24;35;H;1371298.0;45;48602.0;33;0.305;1;FALSE;;0.594;0.497;76.0;0.0;801753.0;compra_cartera;TRUE
CAND-03228;1/12/24;25;M;1341063.0;7;24063.0;5;0.098;1;TRUE;686.0;0.767;0.479;24.2;0.0;100000.0;compra_cartera;TRUE
CAND-03104;1/12/24;27;NB;560411.0;4;13017.0;4;0.221;5;TRUE;826.0;0.559;0.736;65.9;0.0;689973.0;libre_inversion;TRUE
CAND-03794;2/12/24;25;H;1980582.0;49;43111.0;23;0.481;4;TRUE;651.0;0.372;0.625;69.5;0.0;1141722.0;compra_cartera;TRUE
CAND-03886;2/12/24;18;H;514542.0;15;92815.0;6;0.688;1;TRUE;602.0;0.678;;91.1;0.0;836760.0;libre_inversion;TRUE
CAND-03338;2/12/24;45;H;892174.0;1;15604.0;1;0.374;5;FALSE;;0.599;0.711;43.0;0.0;685543.0;libre_inversion;TRUE
CAND-03459;2/12/24;35;H;1533869.0;25;69192.0;18;0.264;1;TRUE;785.0;0.683;0.764;20.5;0.0;3324179.0;libre_inversion;TRUE
CAND-03718;2/12/24;42;H;910931.0;5;19463.0;1;0.504;2;TRUE;718.0;0.748;0.64;46.6;0.0;998708.0;avance_efectivo;TRUE
CAND-03803;2/12/24;37;H;1270735.0;14;18315.0;8;0.167;2;FALSE;;0.743;;78.8;0.0;756515.0;libre_inversion;TRUE
CAND-03774;2/12/24;34;M;1198416.0;43;23293.0;20;0.498;2;FALSE;;0.811;0.77;40.1;0.0;690551.0;libre_inversion;TRUE
CAND-03696;2/12/24;40;M;2115182.0;14;17479.0;4;0.525;2;TRUE;560.0;0.894;0.762;73.3;0.0;1653511.0;libre_inversion;TRUE
CAND-03840;2/12/24;18;M;1821446.0;46;17572.0;23;0.813;3;FALSE;;0.541;0.815;15.4;8193.0;383795.0;libre_inversion;TRUE
CAND-03387;2/12/24;33;H;1371384.0;8;39526.0;4;0.458;2;FALSE;;0.614;0.796;42.6;0.0;1033374.0;avance_efectivo;TRUE
CAND-03891;2/12/24;49;H;1627411.0;2;16421.0;1;0.413;2;FALSE;;0.753;0.541;73.5;0.0;523623.0;libre_inversion;TRUE
CAND-03370;3/12/24;46;M;731817.0;22;43153.0;7;0.197;2;FALSE;;0.734;0.737;53.9;0.0;473733.0;compra_cartera;TRUE
CAND-03653;3/12/24;27;H;712002.0;15;107799.0;4;0.319;5;TRUE;642.0;0.83;0.427;64.9;0.0;656222.0;libre_inversion;TRUE
CAND-03404;3/12/24;18;H;1757878.0;12;31310.0;6;0.064;1;TRUE;745.0;0.615;0.873;40.1;0.0;429678.0;libre_inversion;TRUE
CAND-03868;3/12/24;38;M;719955.0;28;44389.0;12;0.138;4;FALSE;;0.713;0.469;53.8;0.0;873672.0;libre_inversion;TRUE
CAND-03096;3/12/24;45;M;1439609.0;1;41178.0;3;0.286;3;TRUE;617.0;0.708;0.499;40.0;0.0;506005.0;libre_inversion;TRUE
CAND-03415;3/12/24;44;H;1195904.0;21;51429.0;13;0.609;4;TRUE;574.0;0.593;0.723;47.7;0.0;309705.0;avance_efectivo;TRUE
CAND-03139;4/12/24;20;M;727319.0;1;13698.0;0;0.662;3;TRUE;688.0;0.816;0.861;59.5;0.0;750291.0;avance_efectivo;TRUE
CAND-03287;4/12/24;26;M;1135081.0;25;35450.0;18;0.032;1;FALSE;;0.397;0.652;56.9;0.0;200672.0;libre_inversion;TRUE
CAND-03980;4/12/24;35;H;908590.0;4;57840.0;1;0.778;1;TRUE;647.0;0.685;0.84;85.2;0.0;244365.0;libre_inversion;TRUE
CAND-03599;4/12/24;41;M;806282.0;6;58778.0;4;0.583;5;FALSE;;0.861;0.849;61.7;0.0;441543.0;avance_efectivo;TRUE
CAND-03248;4/12/24;47;H;4005815.0;17;68033.0;3;0.667;3;FALSE;;0.639;0.853;0.0;0.0;700624.0;compra_cartera;TRUE
CAND-03406;4/12/24;30;M;1151801.0;3;9596.0;1;0.791;2;FALSE;;0.735;0.654;38.9;0.0;368721.0;compra_cartera;TRUE
CAND-03306;4/12/24;31;NB;1546298.0;1;86059.0;2;0.603;2;TRUE;579.0;0.562;0.595;58.1;0.0;342564.0;libre_inversion;TRUE
CAND-03594;4/12/24;18;H;1038652.0;6;17933.0;2;0.142;1;FALSE;;;0.706;35.1;0.0;620958.0;libre_inversion;TRUE
CAND-03401;4/12/24;26;H;1776322.0;10;66741.0;6;0.174;4;FALSE;;0.351;0.467;53.9;0.0;1483423.0;avance_efectivo;TRUE
CAND-03042;4/12/24;51;M;1522292.0;7;39275.0;1;0.525;2;TRUE;705.0;0.494;0.73;78.7;0.0;661341.0;avance_efectivo;TRUE
CAND-03309;4/12/24;22;H;2015987.0;1;12067.0;2;0.473;2;FALSE;;0.569;0.723;27.3;0.0;816821.0;compra_cartera;TRUE
CAND-03698;4/12/24;36;M;504960.0;33;23586.0;23;0.586;1;TRUE;597.0;0.308;0.478;16.4;0.0;4225433.0;avance_efectivo;TRUE
CAND-03272;4/12/24;32;M;1348889.0;12;10926.0;4;0.446;4;FALSE;;0.775;;64.0;0.0;347984.0;compra_cartera;TRUE
CAND-03707;4/12/24;28;H;2318501.0;14;46815.0;8;0.23;3;FALSE;;0.637;0.671;33.7;0.0;359087.0;libre_inversion;TRUE
CAND-03936;5/12/24;37;H;799257.0;11;40838.0;1;0.576;3;FALSE;;0.417;0.904;64.2;0.0;370629.0;libre_inversion;TRUE
CAND-03524;5/12/24;41;M;1052429.0;15;43469.0;6;0.274;2;FALSE;;0.614;0.733;57.7;0.0;831713.0;libre_inversion;TRUE
CAND-03256;5/12/24;34;H;1137446.0;11;36195.0;6;0.148;2;TRUE;670.0;;0.652;69.3;0.0;1187059.0;compra_cartera;TRUE
CAND-03393;5/12/24;38;M;3443676.0;38;3541.0;22;0.364;1;TRUE;597.0;0.855;0.756;34.1;0.0;450265.0;avance_efectivo;TRUE
CAND-03546;5/12/24;32;H;1377340.0;5;92369.0;1;0.369;2;TRUE;586.0;0.632;0.728;56.1;0.0;777272.0;libre_inversion;TRUE
CAND-03616;5/12/24;22;M;1529434.0;3;23874.0;0;0.029;2;TRUE;471.0;0.747;0.654;60.0;14188.0;562961.0;libre_inversion;TRUE
CAND-03759;5/12/24;49;H;1608799.0;7;26235.0;1;0.255;3;FALSE;;0.607;;8.4;0.0;395920.0;compra_cartera;TRUE
CAND-03680;5/12/24;37;M;1348352.0;10;21634.0;3;0.444;5;TRUE;515.0;0.613;0.812;49.9;0.0;1029291.0;libre_inversion;TRUE
CAND-03182;5/12/24;23;H;1102154.0;15;21632.0;7;0.483;2;TRUE;440.0;0.913;;46.8;0.0;916842.0;libre_inversion;TRUE
CAND-03780;5/12/24;20;M;1027690.0;3;30719.0;0;0.329;1;FALSE;;0.91;0.89;63.1;0.0;694872.0;avance_efectivo;TRUE
CAND-03777;6/12/24;39;M;1252177.0;7;47008.0;5;0.382;2;TRUE;752.0;0.871;0.576;39.5;0.0;500678.0;libre_inversion;TRUE
CAND-03171;6/12/24;39;M;983070.0;11;30621.0;10;0.269;1;FALSE;;0.744;0.689;60.4;0.0;1041515.0;compra_cartera;TRUE
CAND-03126;6/12/24;37;H;1585722.0;10;15503.0;6;0.269;3;TRUE;616.0;0.528;0.779;28.7;0.0;637681.0;libre_inversion;TRUE
CAND-03993;6/12/24;37;H;383318.0;20;51331.0;10;0.343;2;FALSE;;0.775;0.729;74.5;0.0;287529.0;compra_cartera;TRUE
CAND-03997;6/12/24;21;H;952553.0;10;26195.0;10;0.095;1;TRUE;695.0;0.715;0.526;29.3;0.0;320809.0;libre_inversion;TRUE
CAND-03766;6/12/24;59;M;9.101.048.054.918.660;3;31686.0;2;0.545;1;TRUE;584.0;0.839;0.387;32.0;0.0;218794.0;libre_inversion;TRUE
CAND-03974;6/12/24;36;M;1740397.0;5;17153.0;4;0.213;1;FALSE;;0.667;0.807;19.9;0.0;405544.0;libre_inversion;TRUE
CAND-03783;6/12/24;32;H;2339284.0;3;40967.0;1;0.502;1;FALSE;;0.766;0.705;61.2;0.0;1970566.0;libre_inversion;TRUE
CAND-03080;6/12/24;55;M;1501878.0;4;34567.0;3;0.581;4;FALSE;;0.576;0.606;75.0;0.0;755802.0;libre_inversion;TRUE
CAND-03829;6/12/24;27;M;863238.0;14;33027.0;5;0.674;1;TRUE;659.0;0.58;0.66;74.5;0.0;869401.0;libre_inversion;TRUE
CAND-03055;6/12/24;32;M;2105635.0;1;69985.0;3;0.16;3;FALSE;;0.685;0.263;37.0;0.0;814268.0;libre_inversion;TRUE
CAND-03614;6/12/24;48;H;917306.0;13;70888.0;3;0.469;5;TRUE;566.0;0.722;0.739;50.4;0.0;1768187.0;libre_inversion;TRUE
CAND-03877;6/12/24;38;H;1756606.0;19;98550.0;5;0.344;4;FALSE;;0.596;0.805;19.9;0.0;978368.0;libre_inversion;TRUE
CAND-03612;6/12/24;38;H;2363251.0;1;70283.0;0;0.285;3;TRUE;656.0;0.663;0.769;51.4;0.0;1005629.0;avance_efectivo;TRUE
CAND-03800;6/12/24;35;M;2265843.0;13;21835.0;9;0.729;3;FALSE;;0.782;0.433;50.6;0.0;281930.0;libre_inversion;FALSE
CAND-03896;7/12/24;41;H;1495882.0;6;64181.0;5;0.259;1;FALSE;;0.745;0.772;63.2;0.0;280931.0;libre_inversion;TRUE
CAND-03855;7/12/24;34;H;837024.0;5;53001.0;3;0.557;4;FALSE;;0.459;0.834;48.2;0.0;461410.0;avance_efectivo;TRUE
CAND-03857;7/12/24;24;M;1779859.0;2;17113.0;2;0.744;4;FALSE;;0.653;0.371;59.7;0.0;1182336.0;avance_efectivo;TRUE
CAND-03366;7/12/24;38;M;1974744.0;14;54186.0;8;0.617;3;TRUE;717.0;0.722;0.745;61.9;0.0;1609636.0;avance_efectivo;TRUE
CAND-03915;7/12/24;38;H;907163.0;1;25188.0;1;0.297;2;FALSE;;0.751;0.798;67.6;0.0;160606.0;avance_efectivo;TRUE
CAND-03205;7/12/24;29;M;1864864.0;6;84945.0;1;0.688;2;FALSE;;0.626;0.755;89.6;0.0;143015.0;compra_cartera;TRUE
CAND-03544;7/12/24;54;H;2779631.0;7;57545.0;5;0.563;3;FALSE;;0.817;0.802;37.2;0.0;492034.0;avance_efectivo;TRUE
CAND-03251;7/12/24;53;M;972185.0;1;57252.0;1;0.64;2;FALSE;;0.526;0.673;42.6;0.0;1425466.0;libre_inversion;TRUE
CAND-03750;7/12/24;23;H;1021093.0;60;131033.0;33;0.795;4;FALSE;;0.658;;81.5;0.0;638012.0;avance_efectivo;TRUE
CAND-03395;7/12/24;37;M;1737333.0;24;8550.0;11;0.794;4;FALSE;;0.619;;38.6;0.0;679554.0;libre_inversion;TRUE
CAND-03582;7/12/24;30;H;943860.0;5;43112.0;0;0.553;3;TRUE;576.0;0.768;0.811;32.1;0.0;880174.0;compra_cartera;TRUE
CAND-03302;7/12/24;18;H;586094.0;5;3369.0;1;0.145;4;FALSE;;0.692;0.632;37.3;0.0;800587.0;compra_cartera;TRUE
CAND-03349;7/12/24;40;M;475972.0;2;10734.0;1;0.136;3;TRUE;706.0;0.672;0.58;52.3;0.0;546431.0;compra_cartera;TRUE
CAND-03130;7/12/24;31;H;1440476.0;3;90774.0;1;0.518;3;FALSE;;0.699;0.807;43.8;0.0;1066983.0;libre_inversion;TRUE
CAND-03533;7/12/24;18;M;1376106.0;14;86562.0;9;0.127;1;TRUE;684.0;0.586;;100.0;0.0;1539423.0;libre_inversion;TRUE
CAND-03939;7/12/24;64;H;2337162.0;14;27133.0;7;0.359;3;TRUE;766.0;0.723;0.756;61.7;0.0;1406.0;libre_inversion;TRUE
CAND-03219;7/12/24;47;NB;1372805.0;4;78747.0;1;0.395;2;TRUE;496.0;;0.715;58.2;0.0;235226.0;libre_inversion;TRUE
CAND-03310;8/12/24;28;H;2050175.0;30;38856.0;18;0.256;2;TRUE;564.0;0.854;0.587;68.3;0.0;525965.0;libre_inversion;TRUE
CAND-03717;8/12/24;20;H;2586227.0;9;72826.0;2;0.715;1;FALSE;;0.701;;58.7;0.0;453852.0;compra_cartera;TRUE
CAND-03945;8/12/24;34;M;867854.0;8;36662.0;9;0.155;4;TRUE;680.0;0.677;0.637;35.2;0.0;994062.0;avance_efectivo;TRUE
CAND-03056;8/12/24;42;H;1285738.0;21;45774.0;14;0.325;5;FALSE;;0.599;0.847;70.7;0.0;230594.0;libre_inversion;TRUE
CAND-03975;8/12/24;23;M;704285.0;1;36610.0;3;0.516;2;FALSE;;0.608;0.534;49.7;0.0;443800.0;compra_cartera;TRUE
CAND-03736;8/12/24;35;H;1754900.0;21;193953.0;16;0.248;1;FALSE;;0.807;0.931;44.9;0.0;671331.0;libre_inversion;TRUE
CAND-03079;8/12/24;52;M;783822.0;12;10072.0;10;0.755;1;TRUE;740.0;0.643;0.48;72.6;0.0;311698.0;avance_efectivo;TRUE
CAND-03764;8/12/24;50;H;1776292.0;58;101005.0;26;0.358;3;FALSE;;0.519;0.402;66.6;0.0;385074.0;libre_inversion;TRUE
CAND-03843;8/12/24;34;M;2027883.0;1;18539.0;1;0.598;3;TRUE;654.0;0.686;0.903;74.3;0.0;534085.0;libre_inversion;TRUE
CAND-03040;9/12/24;18;H;1297594.0;1;65285.0;1;0.034;2;TRUE;639.0;0.513;0.678;18.8;0.0;297822.0;compra_cartera;TRUE
CAND-03021;9/12/24;30;H;1826262.0;7;8460.0;2;0.218;2;FALSE;;0.873;0.305;74.5;0.0;357119.0;libre_inversion;TRUE
CAND-03268;9/12/24;28;H;1256757.0;3;26712.0;0;0.448;1;TRUE;643.0;0.606;0.683;14.0;0.0;736606.0;libre_inversion;TRUE
CAND-04000;9/12/24;27;H;758228.0;2;31774.0;1;0.396;3;FALSE;;0.867;0.822;50.8;0.0;407798.0;libre_inversion;TRUE
CAND-03710;9/12/24;38;M;751304.0;14;63075.0;2;0.513;3;TRUE;676.0;0.439;0.752;75.6;0.0;1339884.0;libre_inversion;TRUE
CAND-03530;9/12/24;36;H;774258.0;6;58981.0;2;0.662;3;FALSE;;0.827;0.819;36.6;0.0;438962.0;avance_efectivo;TRUE
CAND-03324;9/12/24;41;NB;1277433.0;2;61416.0;0;0.454;2;TRUE;669.0;0.589;0.44;90.2;0.0;1678612.0;avance_efectivo;TRUE
CAND-03650;9/12/24;37;H;1155917.0;60;35830.0;31;0.11;1;TRUE;569.0;0.635;0.66;67.1;0.0;636672.0;libre_inversion;TRUE
CAND-03085;9/12/24;20;H;1207021.0;7;36205.0;2;0.206;2;TRUE;677.0;0.536;0.81;60.5;0.0;408690.0;avance_efectivo;TRUE
CAND-03716;9/12/24;29;H;1503699.0;1;7471.0;1;0.089;3;TRUE;620.0;0.891;0.764;48.3;0.0;888099.0;libre_inversion;TRUE
CAND-03323;9/12/24;40;M;680390.0;10;124428.0;4;0.513;3;FALSE;;0.787;0.75;56.9;0.0;1190458.0;libre_inversion;TRUE
CAND-03098;9/12/24;30;M;2380793.0;2;60563.0;0;0.386;1;FALSE;;0.734;0.813;34.0;0.0;551983.0;avance_efectivo;TRUE
CAND-03164;9/12/24;46;H;2349957.0;3;22563.0;2;0.055;2;TRUE;607.0;0.652;0.801;65.5;0.0;431943.0;libre_inversion;TRUE
CAND-03473;9/12/24;44;H;1755769.0;4;54619.0;3;0.604;3;FALSE;;0.528;0.64;54.4;0.0;348289.0;libre_inversion;TRUE
CAND-03624;9/12/24;19;M;889302.0;2;65585.0;0;0.339;1;TRUE;631.0;0.861;0.635;83.2;0.0;604210.0;avance_efectivo;TRUE
CAND-03199;9/12/24;30;H;1761671.0;1;10516.0;1;0.225;5;TRUE;662.0;0.571;0.862;60.3;0.0;450926.0;avance_efectivo;TRUE
CAND-03229;10/12/24;45;H;1254274.0;24;52098.0;12;0.255;3;TRUE;409.0;0.751;0.494;45.0;0.0;831443.0;libre_inversion;TRUE
CAND-03576;10/12/24;23;H;1154320.0;1;32093.0;0;0.158;2;TRUE;794.0;0.574;;75.5;0.0;299669.0;libre_inversion;TRUE
CAND-03193;10/12/24;40;H;1309749.0;4;120397.0;1;0.524;4;FALSE;;0.734;;23.0;0.0;477522.0;libre_inversion;TRUE
CAND-03057;10/12/24;33;M;596377.0;15;84266.0;2;0.407;1;TRUE;742.0;0.844;0.751;95.2;0.0;731047.0;libre_inversion;TRUE
CAND-03317;10/12/24;42;M;969792.0;3;29770.0;1;0.16;4;FALSE;;0.889;0.629;62.1;0.0;589805.0;libre_inversion;TRUE
CAND-03089;10/12/24;33;H;1522489.0;1;102777.0;0;0.498;2;FALSE;;0.7;0.767;75.1;0.0;738486.0;libre_inversion;TRUE
CAND-03209;10/12/24;46;H;935666.0;8;43539.0;5;0.453;4;TRUE;567.0;;0.657;65.0;0.0;337580.0;compra_cartera;TRUE
CAND-03634;10/12/24;29;M;1012436.0;30;20686.0;10;0.297;5;TRUE;692.0;0.224;0.511;30.5;0.0;637960.0;avance_efectivo;TRUE
CAND-03330;10/12/24;35;M;1997279.0;1;26892.0;1;0.186;4;TRUE;604.0;0.893;0.489;77.4;0.0;293907.0;compra_cartera;TRUE
CAND-03637;10/12/24;28;H;3749751.0;3;15627.0;3;0.78;4;FALSE;;0.879;0.869;25.3;0.0;330207.0;avance_efectivo;TRUE
CAND-03511;11/12/24;38;M;660590.0;21;59040.0;11;0.051;1;FALSE;;0.907;0.837;55.4;0.0;1995866.0;libre_inversion;TRUE
CAND-03505;11/12/24;19;M;1409646.0;27;4466.0;6;0.786;1;FALSE;;0.767;0.667;60.8;0.0;335982.0;libre_inversion;TRUE
CAND-03423;11/12/24;37;M;1675916.0;29;32920.0;15;0.556;2;FALSE;;0.742;0.767;99.2;0.0;531008.0;libre_inversion;TRUE
CAND-03253;11/12/24;36;H;968346.0;1;110781.0;3;0.488;3;FALSE;;0.604;0.793;43.7;0.0;308449.0;avance_efectivo;TRUE
CAND-03073;11/12/24;52;M;1319243.0;13;14162.0;9;0.721;1;TRUE;656.0;;0.77;37.7;0.0;269737.0;libre_inversion;TRUE
CAND-03177;11/12/24;32;H;905465.0;1;32184.0;1;0.427;1;FALSE;;0.562;0.87;50.7;0.0;1103044.0;libre_inversion;TRUE
CAND-03683;11/12/24;28;H;2081248.0;4;22173.0;2;0.429;1;FALSE;;0.627;0.802;50.5;0.0;1073114.0;libre_inversion;TRUE
CAND-03934;11/12/24;29;M;2291077.0;23;51273.0;16;0.139;2;TRUE;706.0;0.707;0.628;71.0;0.0;302336.0;libre_inversion;TRUE
CAND-03103;11/12/24;55;M;1423920.0;1;15072.0;0;0.424;4;TRUE;594.0;0.806;0.685;33.3;0.0;727478.0;compra_cartera;TRUE
CAND-03394;11/12/24;34;H;1232170.0;8;42549.0;8;0.192;1;TRUE;570.0;0.629;0.764;56.3;0.0;1123814.0;libre_inversion;TRUE
CAND-03849;11/12/24;41;M;514585.0;2;10115.0;4;0.242;2;FALSE;;0.916;0.683;31.9;0.0;405480.0;avance_efectivo;TRUE
CAND-03148;11/12/24;32;M;863621.0;15;37033.0;7;0.128;1;FALSE;;0.77;0.801;42.3;0.0;569457.0;libre_inversion;TRUE
CAND-03649;12/12/24;46;M;1179582.0;46;45378.0;27;0.735;1;TRUE;567.0;0.764;0.556;72.5;0.0;492846.0;compra_cartera;TRUE
CAND-03963;12/12/24;49;M;2616822.0;7;59957.0;2;0.629;1;FALSE;;0.871;0.871;55.3;0.0;610906.0;compra_cartera;TRUE
CAND-03652;12/12/24;34;M;1300769.0;15;27490.0;9;0.298;3;FALSE;;0.686;0.789;62.7;0.0;1467535.0;libre_inversion;TRUE
CAND-03490;12/12/24;18;M;346295.0;29;47971.0;19;0.554;1;TRUE;524.0;0.773;0.473;19.9;0.0;161324.0;compra_cartera;TRUE
CAND-03838;12/12/24;32;H;1353716.0;6;16059.0;1;0.428;3;TRUE;701.0;0.837;0.492;74.9;0.0;1070716.0;libre_inversion;TRUE
CAND-03844;12/12/24;37;M;753348.0;8;18937.0;1;0.467;3;FALSE;;0.833;0.553;60.9;0.0;268136.0;libre_inversion;TRUE
CAND-03948;13/12/24;31;NB;603485.0;7;20514.0;0;0.293;1;FALSE;;0.672;0.531;72.8;0.0;144632.0;libre_inversion;TRUE
CAND-03676;13/12/24;39;H;1119268.0;12;65747.0;9;0.576;2;TRUE;703.0;0.499;0.682;25.0;0.0;532893.0;libre_inversion;TRUE
CAND-03525;13/12/24;31;M;1685410.0;42;26079.0;18;0.378;2;FALSE;;0.744;0.491;58.5;0.0;329408.0;libre_inversion;TRUE
CAND-03275;13/12/24;39;M;571536.0;22;77962.0;10;0.658;1;TRUE;507.0;0.511;0.573;47.7;0.0;1548715.0;libre_inversion;TRUE
CAND-03498;13/12/24;18;H;1495484.0;17;71732.0;7;0.418;2;TRUE;647.0;0.724;0.678;75.4;0.0;1052443.0;libre_inversion;TRUE
CAND-03016;13/12/24;35;H;1332729.0;12;69786.0;3;0.462;2;TRUE;474.0;0.798;0.836;80.5;0.0;952167.0;libre_inversion;TRUE
CAND-03363;13/12/24;37;H;1261765.0;18;29924.0;4;0.1;5;TRUE;507.0;0.746;0.749;65.6;0.0;528446.0;libre_inversion;TRUE
CAND-03308;13/12/24;39;H;1558119.0;35;83317.0;23;0.552;1;FALSE;;;0.507;50.8;0.0;361962.0;libre_inversion;TRUE
CAND-03540;13/12/24;37;M;1840823.0;6;58863.0;5;0.536;1;TRUE;548.0;0.797;0.91;34.2;0.0;267350.0;libre_inversion;TRUE
CAND-03830;13/12/24;45;M;1350247.0;6;100358.0;3;0.463;1;FALSE;;0.703;0.858;39.7;0.0;2348724.0;libre_inversion;TRUE
CAND-03526;14/12/24;44;M;676795.0;12;13990.0;5;0.283;1;TRUE;594.0;0.758;0.914;71.7;0.0;710830.0;avance_efectivo;TRUE
CAND-03905;14/12/24;36;M;999921.0;1;20998.0;4;0.452;1;TRUE;651.0;0.737;0.613;69.5;0.0;1897083.0;libre_inversion;TRUE
CAND-03591;14/12/24;42;H;927211.0;6;70612.0;2;0.686;2;FALSE;;0.787;0.711;27.8;0.0;458153.0;avance_efectivo;TRUE
CAND-03826;14/12/24;26;M;1222896.0;20;29065.0;11;0.486;3;TRUE;765.0;0.653;;43.7;0.0;756413.0;avance_efectivo;TRUE
CAND-03601;14/12/24;18;H;451691.0;17;32375.0;5;0.028;2;TRUE;505.0;0.722;0.435;58.8;0.0;958929.0;libre_inversion;TRUE
CAND-03942;14/12/24;26;H;1177867.0;8;103217.0;3;0.346;2;TRUE;560.0;0.49;0.796;68.5;0.0;627766.0;libre_inversion;TRUE
CAND-03782;14/12/24;39;M;900054.0;22;104781.0;14;0.222;4;TRUE;551.0;0.509;0.677;51.2;0.0;536947.0;avance_efectivo;TRUE
CAND-03486;14/12/24;27;H;1033980.0;2;66018.0;0;0.493;3;FALSE;;0.769;0.891;44.0;0.0;1792425.0;compra_cartera;TRUE
CAND-03409;15/12/24;44;H;1443247.0;18;60331.0;8;0.275;3;FALSE;;0.67;0.826;76.6;0.0;1002424.0;avance_efectivo;TRUE
CAND-03114;15/12/24;45;H;928458.0;23;12316.0;15;0.182;2;TRUE;478.0;0.528;0.652;47.5;13778.0;246883.0;avance_efectivo;TRUE
CAND-03374;15/12/24;37;H;2463030.0;41;24777.0;20;0.315;2;FALSE;;0.698;0.453;25.5;0.0;453974.0;libre_inversion;TRUE
CAND-03083;15/12/24;30;H;721106.0;33;111887.0;14;0.725;1;TRUE;658.0;0.681;0.432;40.9;0.0;1409455.0;compra_cartera;TRUE
CAND-03342;15/12/24;23;M;1559987.0;6;52810.0;3;0.402;2;FALSE;;0.77;0.648;63.3;0.0;602993.0;compra_cartera;TRUE
CAND-03207;15/12/24;47;NB;1469281.0;10;33376.0;1;0.223;2;FALSE;;0.745;0.642;58.8;0.0;1052387.0;compra_cartera;TRUE
CAND-03725;15/12/24;43;H;683526.0;6;62038.0;2;0.169;2;FALSE;;0.704;0.816;50.6;0.0;503425.0;libre_inversion;TRUE
CAND-03186;15/12/24;18;NB;1106320.0;5;24111.0;0;0.283;3;FALSE;;0.853;0.882;23.6;0.0;1083890.0;libre_inversion;TRUE
CAND-03513;15/12/24;30;M;1145362.0;16;13299.0;13;0.387;3;FALSE;;0.585;0.476;59.4;0.0;467756.0;libre_inversion;TRUE
CAND-03267;16/12/24;27;H;3258108.0;6;27898.0;3;0.267;1;FALSE;;0.621;0.65;30.3;0.0;222871.0;libre_inversion;TRUE
CAND-03178;16/12/24;43;H;744933.0;1;49307.0;1;0.822;3;TRUE;612.0;0.539;0.825;52.2;0.0;648191.0;libre_inversion;TRUE
CAND-03336;16/12/24;45;M;964007.0;10;12471.0;9;0.391;2;FALSE;;0.452;0.555;35.5;0.0;466841.0;libre_inversion;TRUE
CAND-03361;16/12/24;19;H;1089742.0;21;23993.0;5;0.423;5;TRUE;660.0;0.741;0.77;56.8;0.0;306025.0;compra_cartera;TRUE
CAND-03025;16/12/24;42;H;960546.0;29;21530.0;11;0.585;3;FALSE;;0.821;0.927;71.0;0.0;324673.0;libre_inversion;TRUE
CAND-03639;16/12/24;32;M;742595.0;4;43718.0;3;0.724;3;TRUE;690.0;0.702;0.713;78.9;0.0;614000.0;libre_inversion;TRUE
CAND-03903;16/12/24;38;M;891012.0;9;44472.0;4;0.404;3;TRUE;663.0;0.638;0.406;52.8;0.0;510859.0;libre_inversion;TRUE
CAND-03068;16/12/24;34;H;2029647.0;6;56487.0;3;0.759;4;TRUE;615.0;0.622;0.749;53.1;0.0;1484762.0;libre_inversion;TRUE
CAND-03504;17/12/24;58;H;770479.0;22;32133.0;9;0.399;2;TRUE;635.0;0.745;0.698;93.0;0.0;231303.0;libre_inversion;TRUE
CAND-03703;17/12/24;37;H;761305.0;16;34127.0;8;0.348;1;TRUE;617.0;0.752;0.488;52.0;0.0;609433.0;libre_inversion;TRUE
CAND-03175;17/12/24;24;H;2796306.0;6;40563.0;3;0.271;1;FALSE;;0.55;0.507;38.9;0.0;745696.0;avance_efectivo;TRUE
CAND-03586;17/12/24;59;H;1220272.0;6;25592.0;2;0.686;2;TRUE;687.0;0.864;0.421;56.6;0.0;1214747.0;libre_inversion;TRUE
CAND-03920;17/12/24;18;H;1187829.0;41;25041.0;22;0.484;5;TRUE;641.0;0.546;0.714;37.2;0.0;1353226.0;libre_inversion;TRUE
CAND-03809;17/12/24;43;H;2228090.0;5;19148.0;3;0.361;4;FALSE;;0.806;;39.8;0.0;361548.0;compra_cartera;TRUE
CAND-03763;17/12/24;33;M;1190432.0;3;33082.0;5;0.261;2;TRUE;598.0;0.606;0.644;78.1;8633.0;414422.0;libre_inversion;TRUE
CAND-03274;17/12/24;37;H;914457.0;2;17202.0;1;0.324;2;TRUE;527.0;0.587;0.834;81.3;0.0;421676.0;libre_inversion;TRUE
CAND-03203;17/12/24;32;H;1549826.0;3;41508.0;1;0.223;2;TRUE;586.0;0.849;0.888;43.8;0.0;429972.0;compra_cartera;TRUE
CAND-03344;17/12/24;18;M;884485.0;13;64748.0;8;0.085;2;TRUE;794.0;0.761;0.771;42.6;0.0;834241.0;libre_inversion;TRUE
CAND-03542;17/12/24;30;H;1158979.0;5;147978.0;3;0.239;1;TRUE;563.0;0.343;0.798;74.4;0.0;617951.0;libre_inversion;TRUE
CAND-03972;17/12/24;31;M;1415888.0;13;78549.0;6;0.397;1;TRUE;620.0;0.909;0.705;43.6;0.0;553034.0;libre_inversion;TRUE
CAND-03970;17/12/24;34;H;1093546.0;1;102772.0;1;0.336;4;FALSE;;0.536;0.592;59.5;0.0;754233.0;compra_cartera;TRUE
CAND-03812;17/12/24;39;M;1171007.0;28;17626.0;17;0.755;5;TRUE;533.0;0.723;0.388;58.1;0.0;329276.0;libre_inversion;TRUE
CAND-03474;17/12/24;42;M;1350292.0;7;39879.0;1;0.257;2;FALSE;;0.68;0.663;40.2;0.0;1530388.0;libre_inversion;TRUE
CAND-03916;17/12/24;38;M;1782667.0;10;14283.0;7;0.253;3;TRUE;647.0;0.845;0.778;21.2;0.0;1071967.0;libre_inversion;TRUE
CAND-03673;17/12/24;51;M;1727068.0;6;43840.0;6;0.158;4;FALSE;;0.769;0.742;44.6;0.0;906217.0;compra_cartera;TRUE
CAND-03747;18/12/24;38;H;902367.0;48;15557.0;26;0.289;3;FALSE;;0.574;0.75;43.1;0.0;397588.0;libre_inversion;TRUE
CAND-03833;18/12/24;38;M;1664659.0;10;40567.0;4;0.777;4;FALSE;;0.574;0.747;100.0;0.0;1018208.0;compra_cartera;TRUE
CAND-03277;18/12/24;41;H;1588978.0;3;22574.0;1;0.2;1;FALSE;;;0.89;54.4;0.0;884280.0;libre_inversion;TRUE
CAND-03181;18/12/24;32;H;1315093.0;1;79995.0;1;0.406;1;TRUE;816.0;0.59;0.743;29.9;0.0;542695.0;libre_inversion;TRUE
CAND-03502;18/12/24;46;H;1306294.0;5;27868.0;3;0.447;2;TRUE;646.0;0.775;0.599;82.7;0.0;1067455.0;libre_inversion;TRUE
CAND-03029;19/12/24;22;M;1356300.0;10;39474.0;6;0.081;1;TRUE;679.0;0.547;0.849;66.2;0.0;468296.0;libre_inversion;TRUE
CAND-03870;19/12/24;47;H;2017124.0;60;56717.0;30;0.383;2;FALSE;;0.613;0.754;76.4;0.0;1416228.0;compra_cartera;TRUE
CAND-03528;19/12/24;58;H;1615821.0;19;101572.0;5;0.365;2;FALSE;;0.518;0.656;32.8;0.0;1209670.0;avance_efectivo;TRUE
CAND-03865;19/12/24;35;M;2814101.0;1;24904.0;0;0.621;3;FALSE;;0.705;;56.2;0.0;694455.0;compra_cartera;TRUE
CAND-03923;19/12/24;18;NB;2087764.0;4;6619.0;3;0.558;1;TRUE;520.0;0.618;0.808;84.1;0.0;488869.0;compra_cartera;TRUE
CAND-03858;19/12/24;44;H;1020269.0;7;85898.0;4;0.163;2;FALSE;;0.87;0.835;29.9;0.0;720731.0;avance_efectivo;TRUE
CAND-03449;19/12/24;37;M;1526842.0;25;31418.0;9;0.27;2;TRUE;682.0;0.45;0.748;75.6;0.0;1535733.0;libre_inversion;TRUE
CAND-03648;19/12/24;21;H;2452460.0;3;44685.0;0;0.652;5;FALSE;;0.711;0.707;63.6;0.0;600732.0;compra_cartera;TRUE
CAND-03180;19/12/24;47;H;2646103.0;2;23754.0;1;0.425;3;TRUE;611.0;0.385;0.639;48.0;0.0;435414.0;libre_inversion;TRUE
CAND-03686;19/12/24;40;H;505029.0;8;41144.0;5;0.515;1;TRUE;628.0;;0.54;92.4;0.0;445314.0;libre_inversion;TRUE
CAND-03598;20/12/24;23;M;986750.0;26;41212.0;11;0.355;4;FALSE;;0.909;0.647;70.8;0.0;157969.0;libre_inversion;TRUE
CAND-03964;20/12/24;18;M;784651.0;5;35204.0;5;0.523;5;TRUE;651.0;0.675;0.445;58.7;0.0;577677.0;libre_inversion;TRUE
CAND-03984;20/12/24;39;M;1443543.0;24;8183.0;11;0.57;5;TRUE;704.0;0.588;0.811;74.9;0.0;685323.0;libre_inversion;TRUE
CAND-03141;20/12/24;54;M;853934.0;52;18204.0;35;0.421;4;FALSE;;0.583;0.762;33.3;0.0;194896.0;compra_cartera;TRUE
CAND-03902;20/12/24;50;M;1209761.0;9;86898.0;2;0.885;4;FALSE;;;0.422;49.2;0.0;1038813.0;libre_inversion;TRUE
CAND-03464;20/12/24;18;M;3310123.0;11;58964.0;3;0.459;3;FALSE;;0.338;0.648;36.1;0.0;735812.0;compra_cartera;TRUE
CAND-03411;20/12/24;27;H;1950246.0;10;86737.0;6;0.295;4;FALSE;;0.736;0.823;79.5;0.0;1454753.0;libre_inversion;TRUE
CAND-03667;20/12/24;43;M;1806101.0;43;12265.0;17;0.228;3;TRUE;704.0;0.767;0.777;46.4;0.0;1714506.0;avance_efectivo;TRUE
CAND-03733;20/12/24;44;H;1051541.0;2;22983.0;2;0.229;2;TRUE;729.0;0.714;0.727;41.6;0.0;368769.0;avance_efectivo;TRUE
CAND-03695;20/12/24;39;H;694008.0;5;37363.0;4;0.289;4;TRUE;699.0;0.561;0.766;46.4;0.0;1525904.0;libre_inversion;TRUE
CAND-03724;21/12/24;35;M;1047447.0;1;2559.0;1;0.223;3;TRUE;522.0;0.816;0.716;26.1;0.0;469218.0;compra_cartera;TRUE
CAND-03450;21/12/24;36;H;1162139.0;3;31739.0;2;0.438;1;TRUE;705.0;0.558;0.728;48.3;0.0;434196.0;avance_efectivo;TRUE
CAND-03197;21/12/24;43;H;692820.0;2;40456.0;0;0.255;3;FALSE;;0.836;0.556;18.5;0.0;925865.0;libre_inversion;TRUE
CAND-03867;21/12/24;26;H;2086133.0;6;68301.0;1;0.396;4;FALSE;;0.844;0.828;29.6;0.0;666375.0;libre_inversion;TRUE
CAND-03977;21/12/24;25;M;1937927.0;24;137150.0;15;0.425;3;TRUE;677.0;0.697;0.623;66.5;0.0;927920.0;libre_inversion;TRUE
CAND-03090;21/12/24;19;H;541099.0;10;13239.0;7;0.243;1;TRUE;709.0;0.917;0.848;57.2;0.0;592572.0;compra_cartera;TRUE
CAND-03161;21/12/24;37;M;641475.0;10;66491.0;6;0.561;2;FALSE;;0.633;;52.8;0.0;314248.0;libre_inversion;TRUE
CAND-03058;21/12/24;29;H;1495776.0;14;11992.0;5;0.27;1;TRUE;848.0;0.872;0.621;14.6;0.0;701112.0;avance_efectivo;TRUE
CAND-03797;21/12/24;31;M;1297219.0;40;16108.0;25;0.292;3;TRUE;649.0;;0.637;57.3;0.0;413886.0;avance_efectivo;TRUE
CAND-03589;21/12/24;24;NB;1618657.0;1;40057.0;2;0.3;1;FALSE;;0.71;0.704;44.5;0.0;511861.0;compra_cartera;TRUE
CAND-03832;21/12/24;43;M;1211151.0;39;56776.0;19;0.547;4;FALSE;;0.538;0.594;67.8;0.0;1573316.0;libre_inversion;TRUE
CAND-03515;21/12/24;29;H;810544.0;7;70799.0;5;0.046;1;FALSE;;0.854;0.457;33.8;0.0;779789.0;libre_inversion;TRUE
CAND-03125;21/12/24;34;M;1745328.0;3;15823.0;1;0.545;2;TRUE;465.0;0.324;0.522;41.7;0.0;753844.0;avance_efectivo;TRUE
CAND-03835;22/12/24;23;NB;1815172.0;8;191484.0;6;0.445;4;TRUE;824.0;0.804;0.727;19.9;0.0;447048.0;libre_inversion;TRUE
CAND-03925;22/12/24;18;H;1679976.0;12;137541.0;7;0.441;1;FALSE;;0.638;0.781;25.1;0.0;1110836.0;avance_efectivo;TRUE
CAND-03982;22/12/24;51;H;632806.0;16;71895.0;10;0.743;3;FALSE;;0.835;0.704;37.7;0.0;495895.0;libre_inversion;TRUE
CAND-03242;22/12/24;24;H;1307940.0;33;84934.0;13;0.352;3;FALSE;;0.529;0.835;20.0;0.0;357797.0;libre_inversion;TRUE
CAND-03327;23/12/24;31;H;1307243.0;1;59187.0;1;0.553;3;FALSE;;0.728;0.739;70.7;0.0;1354291.0;compra_cartera;TRUE
CAND-03520;23/12/24;53;H;1088070.0;37;90171.0;18;0.739;2;FALSE;;0.68;0.929;80.1;0.0;884569.0;libre_inversion;TRUE
CAND-03340;23/12/24;26;H;1490908.0;4;21091.0;2;0.754;4;TRUE;730.0;0.887;0.886;56.1;0.0;1056244.0;compra_cartera;TRUE
CAND-03503;23/12/24;34;M;966472.0;16;106331.0;7;0.799;1;FALSE;;;0.69;27.6;0.0;585910.0;compra_cartera;TRUE
CAND-03053;23/12/24;35;H;1597976.0;37;22489.0;12;0.066;1;TRUE;729.0;0.692;0.412;30.4;0.0;889238.0;avance_efectivo;TRUE
CAND-03495;23/12/24;49;M;1354831.0;15;47689.0;11;0.293;4;FALSE;;0.43;0.632;44.3;0.0;227218.0;libre_inversion;TRUE
CAND-03232;23/12/24;18;M;1840572.0;11;20128.0;6;0.454;3;FALSE;;0.77;0.717;24.5;0.0;437157.0;compra_cartera;TRUE
CAND-03702;23/12/24;32;H;1487526.0;7;29269.0;3;0.344;2;FALSE;;0.769;0.537;9.4;0.0;457296.0;avance_efectivo;TRUE
CAND-03656;23/12/24;45;H;1086331.0;48;38590.0;28;0.265;1;FALSE;;0.885;0.752;73.3;0.0;712163.0;libre_inversion;TRUE
CAND-03431;23/12/24;45;H;726426.0;1;17979.0;0;0.589;1;FALSE;;0.727;0.551;61.4;0.0;216261.0;libre_inversion;TRUE
CAND-03587;24/12/24;29;NB;867965.0;12;30525.0;5;0.343;3;FALSE;;0.814;0.528;38.1;0.0;907551.0;libre_inversion;TRUE
CAND-03386;24/12/24;20;M;1928335.0;4;83507.0;1;0.374;3;TRUE;652.0;0.661;0.744;48.8;0.0;1170995.0;avance_efectivo;TRUE
CAND-03534;24/12/24;35;M;664575.0;18;81253.0;10;0.231;4;TRUE;676.0;0.647;0.569;56.5;0.0;869180.0;avance_efectivo;TRUE
CAND-03448;24/12/24;39;M;559305.0;46;33288.0;18;0.231;5;TRUE;672.0;0.501;0.766;51.0;0.0;354804.0;compra_cartera;TRUE
CAND-03006;24/12/24;51;H;1646239.0;9;10500.0;5;0.023;5;TRUE;645.0;;0.512;25.1;0.0;639.0;compra_cartera;TRUE
CAND-03454;24/12/24;47;H;11.244.004.820.438.900;25;18460.0;13;0.463;4;FALSE;;0.856;0.868;68.4;0.0;638791.0;libre_inversion;TRUE
CAND-03316;25/12/24;57;M;2020228.0;27;18233.0;14;0.58;3;TRUE;686.0;0.607;0.718;31.0;0.0;185040.0;libre_inversion;TRUE
CAND-03767;25/12/24;31;H;834712.0;29;2280.0;10;0.383;2;FALSE;;0.498;0.59;29.8;0.0;345994.0;avance_efectivo;TRUE
CAND-03786;25/12/24;31;H;724525.0;1;33526.0;0;0.594;2;TRUE;654.0;0.707;0.792;43.2;0.0;733712.0;libre_inversion;TRUE
CAND-03729;25/12/24;33;M;1037647.0;2;28965.0;1;0.175;4;TRUE;684.0;0.825;0.567;45.9;0.0;598686.0;libre_inversion;TRUE
CAND-03807;25/12/24;45;H;1053641.0;14;18763.0;5;0.345;3;TRUE;708.0;0.755;0.381;55.8;0.0;192266.0;libre_inversion;TRUE
CAND-03445;25/12/24;34;H;552964.0;31;62698.0;19;0.204;4;FALSE;;0.71;;67.1;0.0;280009.0;compra_cartera;TRUE
CAND-03237;25/12/24;20;H;697818.0;7;16764.0;4;0.296;4;FALSE;;;0.824;40.3;10631.0;900532.0;avance_efectivo;TRUE
CAND-03927;26/12/24;37;M;1121367.0;22;30497.0;14;0.565;1;FALSE;;0.634;0.539;48.5;0.0;1157570.0;avance_efectivo;TRUE
CAND-03658;26/12/24;36;M;1530404.0;1;28897.0;0;0.32;2;FALSE;;0.49;0.559;31.8;0.0;788447.0;libre_inversion;TRUE
CAND-03339;26/12/24;33;H;999429.0;11;43195.0;13;0.797;1;TRUE;579.0;0.794;0.845;64.4;0.0;253600.0;libre_inversion;TRUE
CAND-03135;26/12/24;34;M;976835.0;14;15161.0;12;0.835;2;TRUE;679.0;0.613;0.798;43.6;0.0;694223.0;avance_efectivo;TRUE
CAND-03912;26/12/24;53;H;796241.0;31;8699.0;15;0.636;3;FALSE;;0.841;;61.0;0.0;361835.0;libre_inversion;TRUE
CAND-03334;26/12/24;21;H;1350417.0;2;18236.0;0;0.527;4;FALSE;;0.75;0.364;51.9;0.0;666210.0;libre_inversion;TRUE
CAND-03145;26/12/24;39;H;1830299.0;16;40425.0;7;0.265;2;FALSE;;0.454;0.765;65.3;0.0;313403.0;compra_cartera;TRUE
CAND-03621;26/12/24;34;H;2019369.0;10;71346.0;5;0.668;1;TRUE;706.0;0.628;0.681;68.9;0.0;669177.0;avance_efectivo;TRUE
CAND-03116;26/12/24;27;M;1065015.0;30;16439.0;20;0.293;2;TRUE;580.0;0.643;0.788;74.3;0.0;404309.0;libre_inversion;TRUE
CAND-03556;26/12/24;33;M;564349.0;1;111029.0;0;0.642;2;TRUE;733.0;0.882;0.747;26.1;0.0;416860.0;libre_inversion;TRUE
CAND-03811;27/12/24;40;M;956451.0;13;20404.0;7;0.425;2;TRUE;750.0;0.853;0.313;26.6;0.0;716933.0;avance_efectivo;TRUE
CAND-03950;27/12/24;34;M;640540.0;30;52497.0;14;0.328;2;TRUE;593.0;0.688;0.542;84.2;0.0;396644.0;compra_cartera;TRUE
CAND-03049;27/12/24;35;H;511414.0;1;84692.0;1;0.423;2;FALSE;;0.813;;82.8;0.0;868762.0;libre_inversion;TRUE
CAND-03971;27/12/24;34;NB;740842.0;12;22000.0;4;0.455;3;TRUE;676.0;0.47;;79.1;0.0;331988.0;compra_cartera;TRUE
CAND-03183;27/12/24;37;H;2100688.0;13;259976.0;10;0.393;3;TRUE;604.0;0.649;0.653;22.0;0.0;1918569.0;libre_inversion;TRUE
CAND-03754;27/12/24;33;M;636686.0;39;46457.0;22;0.354;3;FALSE;;0.735;0.743;35.6;0.0;479557.0;compra_cartera;TRUE
CAND-03691;27/12/24;48;M;1901671.0;1;44459.0;1;0.608;4;TRUE;532.0;0.856;0.844;75.3;0.0;966409.0;libre_inversion;TRUE
CAND-03678;27/12/24;37;M;1592012.0;1;15411.0;0;0.184;5;TRUE;660.0;0.463;0.874;30.1;0.0;831758.0;libre_inversion;TRUE
CAND-03597;27/12/24;54;M;756138.0;10;51313.0;7;0.918;2;FALSE;;0.786;0.749;87.4;0.0;354812.0;compra_cartera;TRUE
CAND-03654;27/12/24;22;H;1933150.0;1;89195.0;1;0.36;2;TRUE;600.0;0.854;0.705;74.6;0.0;435223.0;compra_cartera;TRUE
CAND-03022;27/12/24;44;M;853957.0;59;19406.0;22;0.289;2;TRUE;743.0;0.764;0.356;9.9;0.0;545953.0;libre_inversion;TRUE
CAND-03548;27/12/24;27;NB;1412385.0;18;65147.0;14;0.365;4;TRUE;705.0;0.807;0.773;54.4;0.0;746241.0;avance_efectivo;TRUE
CAND-03516;27/12/24;27;M;1006264.0;9;22623.0;4;0.279;3;TRUE;570.0;0.705;0.77;91.5;0.0;1387876.0;libre_inversion;TRUE
CAND-03862;27/12/24;54;M;1021712.0;24;110482.0;9;0.134;2;TRUE;679.0;0.817;0.535;86.9;0.0;342472.0;libre_inversion;TRUE
CAND-03352;27/12/24;43;NB;2150371.0;11;263585.0;2;0.379;2;FALSE;;;0.649;57.0;0.0;350421.0;compra_cartera;TRUE
CAND-03326;27/12/24;43;M;891556.0;1;59660.0;2;0.398;2;TRUE;676.0;0.57;0.871;27.3;0.0;513365.0;libre_inversion;TRUE
CAND-03879;28/12/24;35;M;1199918.0;27;29522.0;11;0.267;1;FALSE;;0.661;0.774;50.0;0.0;620347.0;libre_inversion;TRUE
CAND-03410;28/12/24;20;M;1330452.0;36;11325.0;18;0.647;2;TRUE;755.0;0.809;0.837;31.8;0.0;285887.0;libre_inversion;TRUE
CAND-03633;28/12/24;37;H;1264620.0;15;86630.0;5;0.408;2;FALSE;;0.859;;0.0;0.0;462814.0;avance_efectivo;TRUE
CAND-03732;28/12/24;39;H;2161969.0;2;10621.0;0;0.293;3;TRUE;701.0;0.803;0.774;32.3;0.0;359776.0;compra_cartera;TRUE
CAND-03028;28/12/24;30;M;2608905.0;8;19244.0;6;0.204;2;TRUE;642.0;0.637;0.632;47.8;0.0;376892.0;libre_inversion;TRUE
CAND-03081;28/12/24;46;M;2421525.0;15;27962.0;11;0.677;3;FALSE;;0.464;0.794;74.2;0.0;698851.0;compra_cartera;TRUE
CAND-03301;28/12/24;35;M;643917.0;13;22165.0;7;0.428;3;TRUE;618.0;0.417;0.743;30.1;0.0;678439.0;libre_inversion;TRUE
CAND-03933;28/12/24;45;M;606206.0;14;83345.0;5;0.624;2;TRUE;670.0;0.732;0.854;76.8;0.0;602388.0;avance_efectivo;TRUE
CAND-03887;28/12/24;46;H;673342.0;1;100398.0;0;0.22;1;FALSE;;0.733;0.635;59.7;0.0;190738.0;avance_efectivo;TRUE
CAND-03825;28/12/24;32;M;1348600.0;7;10656.0;1;0.649;1;TRUE;798.0;0.664;0.619;57.4;0.0;173504.0;libre_inversion;TRUE
CAND-03289;28/12/24;40;NB;1308470.0;26;91384.0;13;0.445;1;TRUE;729.0;0.799;0.749;57.0;0.0;283037.0;libre_inversion;TRUE
CAND-03246;28/12/24;41;NB;1037274.0;1;29655.0;2;0.824;3;TRUE;599.0;;0.709;50.3;0.0;767517.0;libre_inversion;TRUE
CAND-03509;28/12/24;42;H;643078.0;1;78192.0;0;0.39;5;TRUE;699.0;0.513;0.661;44.5;0.0;440066.0;libre_inversion;TRUE
CAND-03169;28/12/24;30;H;1322568.0;11;9756.0;5;0.568;4;TRUE;694.0;0.571;0.589;42.4;0.0;1280455.0;avance_efectivo;TRUE
CAND-03762;29/12/24;44;H;863958.0;1;16852.0;2;0.189;1;FALSE;;0.725;0.592;44.1;0.0;840300.0;libre_inversion;TRUE
CAND-03738;29/12/24;37;M;1347725.0;8;18227.0;7;0.403;1;FALSE;;0.841;0.771;31.3;0.0;505545.0;avance_efectivo;TRUE
CAND-03946;29/12/24;53;H;1020876.0;10;72060.0;10;0.614;4;TRUE;757.0;0.86;0.718;25.4;0.0;275260.0;libre_inversion;TRUE
CAND-03536;29/12/24;34;H;881922.0;32;10051.0;10;0.172;4;TRUE;798.0;0.786;0.59;38.1;0.0;399190.0;avance_efectivo;TRUE
CAND-03018;29/12/24;34;H;188.460.920.093.132;46;98572.0;13;0.404;1;FALSE;;0.65;0.685;73.8;0.0;552686.0;avance_efectivo;TRUE
CAND-03522;29/12/24;33;H;1133393.0;3;58319.0;1;0.732;3;FALSE;;;0.745;52.4;0.0;687671.0;libre_inversion;TRUE
CAND-03657;29/12/24;37;H;1124690.0;9;58103.0;4;0.43;2;FALSE;;0.667;0.761;84.4;0.0;403055.0;compra_cartera;TRUE
CAND-03719;30/12/24;37;M;1390652.0;3;37441.0;2;0.407;2;TRUE;647.0;0.753;0.589;68.0;0.0;1025184.0;libre_inversion;TRUE
CAND-03670;30/12/24;42;M;818117.0;11;62877.0;2;0.472;1;FALSE;;0.169;0.74;32.0;0.0;1964732.0;libre_inversion;TRUE
CAND-03295;30/12/24;33;M;660326.0;4;34967.0;3;0.557;1;FALSE;;0.537;0.849;32.4;0.0;201944.0;libre_inversion;TRUE
CAND-03443;30/12/24;22;M;1757906.0;28;80893.0;16;0.575;1;FALSE;;0.577;0.681;56.0;0.0;326379.0;libre_inversion;TRUE
CAND-03842;30/12/24;37;M;1578529.0;10;79517.0;8;0.18;5;TRUE;635.0;0.551;0.422;53.2;0.0;435326.0;compra_cartera;TRUE
CAND-03804;30/12/24;36;H;1341386.0;14;142568.0;4;0.329;1;TRUE;649.0;0.723;0.839;42.3;0.0;359279.0;compra_cartera;TRUE
CAND-03863;30/12/24;32;M;1892558.0;12;21109.0;8;0.419;4;TRUE;752.0;0.614;0.76;35.9;0.0;1331711.0;avance_efectivo;TRUE
CAND-03132;30/12/24;24;M;2004155.0;1;31167.0;0;0.451;3;FALSE;;0.748;0.885;59.1;0.0;1669336.0;libre_inversion;TRUE
CAND-03154;30/12/24;40;M;689879.0;8;6012.0;2;0.265;3;FALSE;;;0.769;34.8;0.0;641190.0;libre_inversion;TRUE
CAND-03801;30/12/24;29;H;459773.0;1;122124.0;0;0.45;5;TRUE;649.0;0.721;0.615;75.0;0.0;172737.0;avance_efectivo;TRUE
CAND-03820;30/12/24;38;M;902101.0;25;29456.0;11;0.197;4;FALSE;;0.671;0.902;100.0;0.0;557276.0;libre_inversion;TRUE
CAND-03664;30/12/24;40;M;1460905.0;3;42158.0;0;0.362;3;TRUE;664.0;0.57;0.488;48.0;0.0;804191.0;libre_inversion;TRUE
CAND-03412;31/12/24;32;M;1173126.0;10;38957.0;5;0.395;2;FALSE;;0.854;0.599;60.9;0.0;777024.0;avance_efectivo;TRUE
CAND-03882;31/12/24;38;M;1895527.0;5;70055.0;1;0.456;1;FALSE;;0.721;0.559;50.5;0.0;436196.0;compra_cartera;TRUE
CAND-03846;31/12/24;40;H;1866581.0;14;34791.0;6;0.298;1;FALSE;;0.902;0.748;30.3;0.0;1276104.0;libre_inversion;TRUE
CAND-03756;31/12/24;30;H;611602.0;4;12844.0;1;0.484;3;TRUE;721.0;0.717;0.853;83.8;0.0;865622.0;libre_inversion;TRUE
CAND-03191;31/12/24;54;M;1372875.0;1;25275.0;1;0.627;3;FALSE;;0.599;0.578;41.9;0.0;1496147.0;avance_efectivo;TRUE
CAND-03217;31/12/24;21;M;664791.0;12;55265.0;7;0.242;1;TRUE;653.0;0.703;0.427;57.5;0.0;651272.0;libre_inversion;TRUE
CAND-03531;31/12/24;25;M;946024.0;21;19460.0;11;0.235;2;FALSE;;0.8;0.556;81.2;0.0;918812.0;libre_inversion;TRUE
CAND-03580;31/12/24;49;H;1868891.0;1;81049.0;1;0.454;1;FALSE;;0.689;0.26;55.3;0.0;905038.0;compra_cartera;TRUE
CAND-03545;31/12/24;38;H;839889.0;27;85899.0;10;0.319;4;FALSE;;0.429;0.423;51.6;0.0;740963.0;libre_inversion;TRUE
CAND-03620;31/12/24;35;NB;856366.0;7;16320.0;2;0.225;3;TRUE;651.0;0.699;0.644;27.9;0.0;1129268.0;libre_inversion;TRUE
CAND-03908;31/12/24;44;H;927812.0;19;46026.0;9;0.47;1;TRUE;519.0;0.706;0.682;18.0;0.0;2102800.0;compra_cartera;TRUE
CAND-03039;31/12/24;60;M;693143.0;10;25025.0;3;0.523;5;FALSE;;0.594;0.575;37.4;0.0;400027.0;libre_inversion;TRUE
CAND-03102;31/12/24;46;H;1476467.0;10;28158.0;6;0.32;3;TRUE;620.0;0.227;0.791;42.3;0.0;964137.0;libre_inversion;TRUE
CAND-03931;31/12/24;31;H;1690130.0;50;36080.0;35;0.155;3;FALSE;;0.476;0.905;43.1;0.0;250603.0;libre_inversion;TRUE
CAND-03087;31/12/24;29;H;887347.0;5;63897.0;3;0.424;3;FALSE;;;0.659;46.6;0.0;350775.0;libre_inversion;TRUE