application_id|fecha_apertura|cohorte|default
CAND-00001|2024-03-20|2024-03|0
CAND-00003|2024-01-21|2024-01|0
CAND-00005|2024-09-28|2024-09|0
CAND-00006|2024-10-18|2024-10|0
CAND-00007|2024-02-12|2024-02|0
CAND-00008|2024-05-31|2024-05|0
CAND-00009|2024-08-14|2024-08|0
CAND-00010|2024-03-03|2024-03|0
CAND-00012|2024-04-27|2024-04|0
CAND-00013|2024-05-06|2024-05|0
CAND-00014|2024-01-21|2024-01|0
CAND-00015|2024-05-02|2024-05|0
CAND-00016|2024-05-08|2024-05|0
CAND-00018|2024-06-07|2024-06|0
CAND-00019|2024-06-25|2024-06|0
CAND-00020|2024-01-23|2024-01|0
CAND-00021|2024-09-28|2024-09|0
CAND-00023|2024-05-20|2024-05|0
CAND-00024|2024-03-22|2024-03|1
CAND-00025|2024-08-04|2024-08|0
CAND-00026|2024-03-09|2024-03|1
CAND-00027|2024-06-02|2024-06|0
CAND-00029|2024-04-17|2024-04|0
CAND-00030|2024-04-16|2024-04|0
CAND-00031|2024-08-03|2024-08|0
CAND-00033|2024-08-01|2024-08|0
CAND-00034|2024-05-04|2024-05|0
CAND-00035|2024-09-18|2024-09|0
CAND-00036|2024-08-27|2024-08|0
CAND-00037|2024-08-07|2024-08|0
CAND-00038|2024-08-12|2024-08|0
CAND-00042|2024-02-17|2024-02|1
CAND-00043|2024-09-28|2024-09|0
CAND-00045|2024-02-22|2024-02|1
CAND-00046|2024-05-31|2024-05|0
CAND-00047|2024-03-07|2024-03|0
CAND-00049|2024-02-06|2024-02|0
CAND-00050|2024-09-16|2024-09|1
CAND-00051|2024-02-19|2024-02|0
CAND-00052|2024-05-04|2024-05|0
CAND-00053|2024-07-04|2024-07|0
CAND-00054|2024-02-22|2024-02|0
CAND-00055|2024-05-11|2024-05|0
CAND-00056|2024-04-06|2024-04|0
CAND-00057|2024-06-30|2024-06|0
CAND-00058|2024-08-25|2024-08|0
CAND-00059|2024-03-13|2024-03|0
CAND-00060|2024-07-23|2024-07|1
CAND-00063|2024-03-11|2024-03|0
CAND-00064|2024-08-21|2024-08|0
CAND-00065|2024-04-07|2024-04|0
CAND-00066|2024-03-21|2024-03|0
CAND-00068|2024-06-17|2024-06|0
CAND-00070|2024-09-02|2024-09|0
CAND-00071|2024-01-22|2024-01|1
CAND-00072|2024-07-26|2024-07|0
CAND-00073|2024-04-30|2024-04|0
CAND-00076|2024-01-20|2024-01|0
CAND-00077|2024-08-09|2024-08|0
CAND-00078|2024-06-25|2024-06|0
CAND-00079|2024-09-26|2024-09|0
CAND-00080|2024-04-05|2024-04|0
CAND-00082|2024-07-14|2024-07|0
CAND-00083|2024-07-04|2024-07|0
CAND-00084|2024-05-26|2024-05|0
CAND-00085|2024-06-01|2024-06|0
CAND-00086|2024-09-10|2024-09|0
CAND-00090|2024-07-04|2024-07|0
CAND-00091|2024-10-11|2024-10|0
CAND-00092|2024-10-01|2024-10|0
CAND-00093|2024-09-22|2024-09|0
CAND-00094|2024-07-29|2024-07|0
CAND-00095|2024-05-13|2024-05|0
CAND-00096|2024-08-01|2024-08|0
CAND-00098|2024-07-20|2024-07|0
CAND-00099|2024-03-04|2024-03|0
CAND-00100|2024-04-09|2024-04|0
CAND-00106|2024-05-10|2024-05|0
CAND-00108|2024-03-07|2024-03|0
CAND-00109|2024-09-12|2024-09|0
CAND-00110|2024-03-28|2024-03|0
CAND-00111|2024-10-14|2024-10|0
CAND-00113|2024-05-29|2024-05|0
CAND-00115|2024-02-05|2024-02|0
CAND-00118|2024-02-26|2024-02|0
CAND-00119|2024-02-24|2024-02|0
CAND-00120|2024-06-20|2024-06|0
CAND-00121|2024-08-10|2024-08|0
CAND-00122|2024-09-29|2024-09|0
CAND-00123|2024-05-23|2024-05|0
CAND-00124|2024-04-14|2024-04|0
CAND-00125|2024-05-05|2024-05|0
CAND-00126|2024-02-10|2024-02|0
CAND-00128|2024-01-22|2024-01|0
CAND-00129|2024-01-24|2024-01|0
CAND-00133|2024-07-22|2024-07|0
CAND-00134|2024-09-29|2024-09|0
CAND-00135|2024-10-06|2024-10|0
CAND-00136|2024-10-01|2024-10|0
CAND-00137|2024-08-01|2024-08|0
CAND-00138|2024-03-11|2024-03|0
CAND-00139|2024-01-06|2024-01|1
CAND-00140|2024-02-06|2024-02|0
CAND-00141|2024-08-06|2024-08|0
CAND-00144|2024-08-19|2024-08|0
CAND-00145|2024-07-21|2024-07|0
CAND-00148|2024-06-24|2024-06|0
CAND-00149|2024-08-12|2024-08|0
CAND-00150|2024-02-07|2024-02|0
CAND-00151|2024-04-22|2024-04|0
CAND-00152|2024-03-17|2024-03|0
CAND-00153|2024-04-23|2024-04|0
CAND-00154|2024-03-18|2024-03|0
CAND-00155|2024-08-18|2024-08|0
CAND-00156|2024-08-23|2024-08|0
CAND-00157|2024-05-20|2024-05|0
CAND-00158|2024-01-16|2024-01|0
CAND-00159|2024-05-13|2024-05|0
CAND-00160|2024-08-30|2024-08|0
CAND-00161|2024-09-14|2024-09|0
CAND-00162|2024-08-13|2024-08|0
CAND-00163|2024-07-07|2024-07|0
CAND-00164|2024-05-19|2024-05|0
CAND-00166|2024-02-19|2024-02|0
CAND-00167|2024-02-14|2024-02|0
CAND-00168|2024-03-21|2024-03|0
CAND-00169|2024-09-03|2024-09|0
CAND-00171|2024-07-29|2024-07|0
CAND-00172|2024-08-20|2024-08|0
CAND-00173|2024-05-10|2024-05|0
CAND-00176|2024-01-24|2024-01|0
CAND-00177|2024-04-03|2024-04|1
CAND-00178|2024-04-18|2024-04|0
CAND-00179|2024-06-16|2024-06|0
CAND-00180|2024-10-03|2024-10|0
CAND-00181|2024-07-16|2024-07|0
CAND-00182|2024-07-06|2024-07|1
CAND-00184|2024-05-14|2024-05|0
CAND-00185|2024-08-23|2024-08|0
CAND-00188|2024-09-13|2024-09|0
CAND-00189|2024-07-23|2024-07|0
CAND-00191|2024-05-09|2024-05|1
CAND-00194|2024-06-16|2024-06|0
CAND-00195|2024-03-09|2024-03|1
CAND-00196|2024-07-31|2024-07|0
CAND-00197|2024-03-03|2024-03|0
CAND-00199|2024-04-24|2024-04|0
CAND-00203|2024-05-05|2024-05|1
CAND-00204|2024-04-23|2024-04|0
CAND-00205|2024-02-13|2024-02|0
CAND-00206|2024-09-14|2024-09|0
CAND-00207|2024-07-06|2024-07|0
CAND-00209|2024-02-22|2024-02|0
CAND-00210|2024-04-20|2024-04|0
CAND-00211|2024-09-16|2024-09|1
CAND-00212|2024-02-10|2024-02|1
CAND-00213|2024-05-31|2024-05|0
CAND-00215|2024-04-13|2024-04|0
CAND-00217|2024-07-26|2024-07|0
CAND-00218|2024-08-26|2024-08|0
CAND-00219|2024-02-28|2024-02|0
CAND-00220|2024-03-21|2024-03|0
CAND-00221|2024-09-12|2024-09|0
CAND-00222|2024-05-22|2024-05|0
CAND-00224|2024-05-06|2024-05|0
CAND-00226|2024-05-08|2024-05|0
CAND-00227|2024-03-12|2024-03|0
CAND-00228|2024-08-03|2024-08|0
CAND-00229|2024-09-01|2024-09|0
CAND-00230|2024-07-22|2024-07|0
CAND-00234|2024-06-15|2024-06|0
CAND-00235|2024-02-08|2024-02|0
CAND-00236|2024-06-17|2024-06|0
CAND-00237|2024-08-10|2024-08|0
CAND-00238|2024-06-15|2024-06|0
CAND-00239|2024-01-30|2024-01|0
CAND-00240|2024-02-07|2024-02|0
CAND-00241|2024-07-26|2024-07|0
CAND-00242|2024-08-26|2024-08|0
CAND-00243|2024-08-22|2024-08|0
CAND-00244|2024-06-05|2024-06|0
CAND-00245|2024-06-28|2024-06|0
CAND-00247|2024-03-24|2024-03|0
CAND-00249|2024-10-23|2024-10|0
CAND-00250|2024-03-10|2024-03|0
CAND-00251|2024-03-04|2024-03|0
CAND-00252|2024-01-25|2024-01|0
CAND-00253|2024-08-07|2024-08|0
CAND-00254|2024-07-02|2024-07|0
CAND-00255|2024-02-18|2024-02|0
CAND-00256|2024-02-18|2024-02|0
CAND-00257|2024-03-26|2024-03|0
CAND-00258|2024-01-16|2024-01|0
CAND-00259|2024-01-08|2024-01|0
CAND-00260|2024-07-14|2024-07|0
CAND-00261|2024-02-06|2024-02|0
CAND-00262|2024-07-25|2024-07|0
CAND-00265|2024-05-15|2024-05|0
CAND-00266|2024-07-20|2024-07|0
CAND-00267|2024-06-02|2024-06|0
CAND-00269|2024-06-21|2024-06|0
CAND-00270|2024-04-09|2024-04|0
CAND-00271|2024-01-26|2024-01|0
CAND-00274|2024-09-06|2024-09|0
CAND-00276|2024-03-17|2024-03|0
CAND-00278|2024-07-21|2024-07|1
CAND-00279|2024-03-09|2024-03|0
CAND-00280|2024-04-26|2024-04|0
CAND-00281|2024-07-28|2024-07|0
CAND-00282|2024-04-15|2024-04|0
CAND-00284|2024-03-13|2024-03|0
CAND-00285|2024-08-25|2024-08|0
CAND-00287|2024-05-14|2024-05|1
CAND-00288|2024-06-09|2024-06|0
CAND-00289|2024-04-12|2024-04|0
CAND-00290|2024-05-03|2024-05|0
CAND-00291|2024-02-13|2024-02|0
CAND-00294|2024-06-07|2024-06|0
CAND-00296|2024-06-09|2024-06|0
CAND-00297|2024-10-03|2024-10|0
CAND-00298|2024-03-22|2024-03|0
CAND-00299|2024-05-14|2024-05|0
CAND-00300|2024-07-06|2024-07|0
CAND-00301|2024-06-21|2024-06|0
CAND-00302|2024-05-04|2024-05|0
CAND-00304|2024-07-09|2024-07|0
CAND-00306|2024-03-07|2024-03|0
CAND-00307|2024-03-13|2024-03|1
CAND-00310|2024-01-16|2024-01|0
CAND-00311|2024-08-02|2024-08|0
CAND-00313|2024-09-08|2024-09|0
CAND-00314|2024-05-05|2024-05|1
CAND-00317|2024-01-19|2024-01|0
CAND-00319|2024-03-11|2024-03|0
CAND-00320|2024-08-30|2024-08|0
CAND-00323|2024-07-20|2024-07|1
CAND-00324|2024-05-02|2024-05|0
CAND-00325|2024-03-01|2024-03|0
CAND-00326|2024-08-23|2024-08|0
CAND-00327|2024-03-23|2024-03|0
CAND-00328|2024-05-28|2024-05|0
CAND-00330|2024-01-23|2024-01|0
CAND-00332|2024-08-11|2024-08|0
CAND-00333|2024-03-23|2024-03|1
CAND-00334|2024-06-25|2024-06|1
CAND-00335|2024-08-12|2024-08|0
CAND-00336|2024-03-04|2024-03|0
CAND-00337|2024-05-01|2024-05|1
CAND-00338|2024-09-04|2024-09|0
CAND-00339|2024-05-01|2024-05|0
CAND-00340|2024-04-24|2024-04|0
CAND-00341|2024-05-15|2024-05|0
CAND-00342|2024-08-20|2024-08|0
CAND-00347|2024-06-21|2024-06|0
CAND-00349|2024-06-16|2024-06|0
CAND-00351|2024-09-25|2024-09|1
CAND-00352|2024-03-12|2024-03|0
CAND-00353|2024-08-23|2024-08|0
CAND-00354|2024-07-10|2024-07|0
CAND-00355|2024-04-15|2024-04|0
CAND-00357|2024-03-21|2024-03|0
CAND-00358|2024-06-20|2024-06|0
CAND-00359|2024-01-24|2024-01|0
CAND-00361|2024-06-29|2024-06|0
CAND-00362|2024-02-04|2024-02|0
CAND-00364|2024-06-25|2024-06|0
CAND-00365|2024-06-06|2024-06|0
CAND-00366|2024-06-26|2024-06|0
CAND-00368|2024-07-24|2024-07|0
CAND-00369|2024-06-19|2024-06|0
CAND-00370|2024-08-16|2024-08|0
CAND-00372|2024-05-09|2024-05|0
CAND-00373|2024-04-27|2024-04|0
CAND-00374|2024-10-13|2024-10|0
CAND-00376|2024-05-03|2024-05|0
CAND-00377|2024-03-19|2024-03|0
CAND-00378|2024-05-19|2024-05|0
CAND-00380|2024-05-12|2024-05|0
CAND-00383|2024-02-19|2024-02|0
CAND-00385|2024-03-25|2024-03|0
CAND-00386|2024-08-15|2024-08|0
CAND-00387|2024-01-07|2024-01|0
CAND-00389|2024-06-14|2024-06|0
CAND-00391|2024-08-02|2024-08|0
CAND-00392|2024-02-20|2024-02|0
CAND-00393|2024-02-22|2024-02|0
CAND-00394|2024-06-06|2024-06|0
CAND-00395|2024-02-26|2024-02|0
CAND-00396|2024-06-28|2024-06|0
CAND-00398|2024-04-03|2024-04|0
CAND-00399|2024-09-20|2024-09|0
CAND-00400|2024-09-11|2024-09|0
CAND-00401|2024-02-06|2024-02|0
CAND-00402|2024-08-11|2024-08|0
CAND-00403|2024-07-06|2024-07|0
CAND-00404|2024-03-09|2024-03|0
CAND-00406|2024-05-25|2024-05|0
CAND-00407|2024-01-27|2024-01|0
CAND-00408|2024-08-09|2024-08|0
CAND-00409|2024-01-22|2024-01|0
CAND-00410|2024-02-27|2024-02|0
CAND-00411|2024-08-03|2024-08|1
CAND-00412|2024-09-30|2024-09|0
CAND-00413|2024-08-02|2024-08|0
CAND-00416|2024-03-02|2024-03|0
CAND-00417|2024-09-03|2024-09|0
CAND-00418|2024-03-31|2024-03|0
CAND-00419|2024-08-16|2024-08|0
CAND-00421|2024-08-17|2024-08|0
CAND-00422|2024-06-30|2024-06|0
CAND-00425|2024-08-18|2024-08|0
CAND-00426|2024-01-08|2024-01|0
CAND-00427|2024-02-06|2024-02|0
CAND-00428|2024-06-25|2024-06|0
CAND-00429|2024-08-31|2024-08|0
CAND-00430|2024-03-03|2024-03|0
CAND-00431|2024-05-28|2024-05|0
CAND-00432|2024-02-05|2024-02|0
CAND-00434|2024-04-04|2024-04|0
CAND-00437|2024-09-20|2024-09|0
CAND-00438|2024-09-05|2024-09|0
CAND-00439|2024-07-11|2024-07|0
CAND-00441|2024-10-10|2024-10|0
CAND-00442|2024-07-01|2024-07|0
CAND-00444|2024-08-26|2024-08|0
CAND-00446|2024-05-05|2024-05|0
CAND-00450|2024-03-25|2024-03|0
CAND-00451|2024-01-09|2024-01|0
CAND-00452|2024-08-06|2024-08|0
CAND-00453|2024-07-17|2024-07|0
CAND-00454|2024-07-15|2024-07|1
CAND-00455|2024-07-07|2024-07|0
CAND-00456|2024-02-11|2024-02|0
CAND-00457|2024-06-17|2024-06|0
CAND-00458|2024-08-10|2024-08|0
CAND-00459|2024-01-31|2024-01|0
CAND-00460|2024-10-05|2024-10|0
CAND-00463|2024-06-18|2024-06|1
CAND-00464|2024-01-21|2024-01|0
CAND-00465|2024-03-08|2024-03|0
CAND-00467|2024-07-30|2024-07|0
CAND-00468|2024-10-05|2024-10|0
CAND-00469|2024-05-22|2024-05|0
CAND-00470|2024-09-11|2024-09|0
CAND-00471|2024-09-13|2024-09|0
CAND-00472|2024-07-03|2024-07|0
CAND-00473|2024-07-20|2024-07|0
CAND-00474|2024-07-06|2024-07|0
CAND-00475|2024-05-23|2024-05|0
CAND-00476|2024-08-15|2024-08|0
CAND-00477|2024-04-03|2024-04|0
CAND-00478|2024-10-04|2024-10|0
CAND-00479|2024-08-13|2024-08|0
CAND-00480|2024-05-09|2024-05|0
CAND-00483|2024-08-25|2024-08|0
CAND-00484|2024-07-07|2024-07|0
CAND-00486|2024-09-04|2024-09|1
CAND-00487|2024-06-01|2024-06|0
CAND-00488|2024-10-04|2024-10|0
CAND-00491|2024-05-02|2024-05|0
CAND-00492|2024-06-02|2024-06|0
CAND-00493|2024-06-08|2024-06|0
CAND-00494|2024-07-01|2024-07|0
CAND-00495|2024-04-02|2024-04|0
CAND-00496|2024-03-04|2024-03|0
CAND-00497|2024-05-01|2024-05|0
CAND-00498|2024-02-01|2024-02|0
CAND-00499|2024-04-03|2024-04|0
CAND-00500|2024-05-30|2024-05|0
CAND-00501|2024-04-11|2024-04|0
CAND-00502|2024-08-09|2024-08|0
CAND-00503|2024-07-01|2024-07|0
CAND-00504|2024-09-01|2024-09|0
CAND-00505|2024-02-28|2024-02|0
CAND-00506|2024-03-04|2024-03|0
CAND-00507|2024-06-13|2024-06|0
CAND-00509|2024-03-31|2024-03|0
CAND-00510|2024-03-09|2024-03|0
CAND-00511|2024-10-01|2024-10|0
CAND-00512|2024-03-29|2024-03|0
CAND-00513|2024-09-24|2024-09|0
CAND-00515|2024-06-19|2024-06|0
CAND-00516|2024-05-01|2024-05|0
CAND-00517|2024-06-23|2024-06|0
CAND-00519|2024-01-28|2024-01|0
CAND-00522|2024-04-27|2024-04|0
CAND-00523|2024-01-20|2024-01|0
CAND-00524|2024-09-10|2024-09|0
CAND-00525|2024-09-11|2024-09|0
CAND-00527|2024-04-09|2024-04|0
CAND-00528|2024-05-19|2024-05|0
CAND-00529|2024-06-11|2024-06|0
CAND-00530|2024-10-04|2024-10|0
CAND-00531|2024-07-15|2024-07|0
CAND-00532|2024-05-29|2024-05|0
CAND-00533|2024-02-24|2024-02|0
CAND-00534|2024-09-20|2024-09|0
CAND-00535|2024-03-12|2024-03|0
CAND-00536|2024-03-25|2024-03|0
CAND-00537|2024-07-12|2024-07|0
CAND-00538|2024-10-16|2024-10|0
CAND-00539|2024-08-27|2024-08|0
CAND-00540|2024-09-16|2024-09|0
CAND-00541|2024-01-18|2024-01|0
CAND-00543|2024-05-04|2024-05|0
CAND-00544|2024-08-07|2024-08|0
CAND-00545|2024-09-02|2024-09|0
CAND-00546|2024-03-25|2024-03|1
CAND-00547|2024-08-28|2024-08|0
CAND-00549|2024-09-10|2024-09|0
CAND-00550|2024-04-19|2024-04|0
CAND-00553|2024-03-21|2024-03|0
CAND-00555|2024-05-06|2024-05|0
CAND-00556|2024-07-07|2024-07|0
CAND-00557|2024-01-26|2024-01|0
CAND-00558|2024-08-19|2024-08|0
CAND-00563|2024-09-19|2024-09|0
CAND-00564|2024-02-07|2024-02|0
CAND-00565|2024-06-15|2024-06|0
CAND-00567|2024-08-10|2024-08|0
CAND-00568|2024-10-25|2024-10|0
CAND-00569|2024-09-25|2024-09|0
CAND-00571|2024-04-07|2024-04|0
CAND-00572|2024-03-16|2024-03|0
CAND-00573|2024-05-13|2024-05|0
CAND-00574|2024-08-19|2024-08|0
CAND-00575|2024-04-28|2024-04|0
CAND-00576|2024-01-31|2024-01|0
CAND-00577|2024-06-13|2024-06|0
CAND-00578|2024-05-02|2024-05|0
CAND-00579|2024-09-22|2024-09|0
CAND-00580|2024-03-22|2024-03|0
CAND-00581|2024-02-22|2024-02|0
CAND-00582|2024-09-24|2024-09|0
CAND-00584|2024-04-13|2024-04|0
CAND-00585|2024-04-30|2024-04|0
CAND-00586|2024-10-11|2024-10|0
CAND-00587|2024-05-15|2024-05|0
CAND-00588|2024-10-02|2024-10|0
CAND-00590|2024-05-17|2024-05|0
CAND-00591|2024-04-27|2024-04|0
CAND-00593|2024-06-14|2024-06|0
CAND-00594|2024-06-04|2024-06|0
CAND-00595|2024-09-23|2024-09|0
CAND-00596|2024-08-19|2024-08|1
CAND-00598|2024-08-19|2024-08|0
CAND-00599|2024-04-04|2024-04|0
CAND-00600|2024-08-14|2024-08|0
CAND-00601|2024-02-14|2024-02|0
CAND-00602|2024-06-10|2024-06|0
CAND-00603|2024-09-17|2024-09|0
CAND-00604|2024-07-15|2024-07|0
CAND-00605|2024-10-05|2024-10|0
CAND-00606|2024-01-21|2024-01|0
CAND-00609|2024-07-12|2024-07|0
CAND-00610|2024-07-10|2024-07|0
CAND-00612|2024-10-08|2024-10|0
CAND-00613|2024-03-17|2024-03|0
CAND-00614|2024-02-19|2024-02|0
CAND-00616|2024-01-10|2024-01|0
CAND-00617|2024-07-30|2024-07|0
CAND-00618|2024-06-16|2024-06|0
CAND-00620|2024-03-21|2024-03|0
CAND-00621|2024-06-08|2024-06|0
CAND-00625|2024-03-15|2024-03|0
CAND-00626|2024-08-15|2024-08|0
CAND-00628|2024-05-06|2024-05|0
CAND-00629|2024-08-23|2024-08|0
CAND-00630|2024-05-25|2024-05|0
CAND-00631|2024-02-20|2024-02|1
CAND-00632|2024-04-02|2024-04|0
CAND-00633|2024-02-23|2024-02|1
CAND-00634|2024-07-01|2024-07|0
CAND-00635|2024-05-15|2024-05|0
CAND-00637|2024-03-21|2024-03|0
CAND-00639|2024-04-22|2024-04|0
CAND-00641|2024-03-03|2024-03|0
CAND-00642|2024-04-20|2024-04|0
CAND-00643|2024-03-26|2024-03|0
CAND-00645|2024-06-05|2024-06|0
CAND-00646|2024-10-26|2024-10|0
CAND-00647|2024-01-25|2024-01|0
CAND-00648|2024-09-03|2024-09|1
CAND-00649|2024-07-28|2024-07|1
CAND-00650|2024-08-02|2024-08|1
CAND-00651|2024-05-03|2024-05|0
CAND-00652|2024-09-01|2024-09|0
CAND-00653|2024-01-20|2024-01|0
CAND-00657|2024-07-04|2024-07|0
CAND-00659|2024-04-23|2024-04|0
CAND-00661|2024-03-17|2024-03|0
CAND-00662|2024-10-17|2024-10|0
CAND-00664|2024-04-21|2024-04|0
CAND-00666|2024-04-07|2024-04|0
CAND-00667|2024-09-15|2024-09|0
CAND-00668|2024-09-30|2024-09|0
CAND-00670|2024-04-29|2024-04|0
CAND-00671|2024-09-15|2024-09|0
CAND-00672|2024-08-27|2024-08|0
CAND-00673|2024-06-19|2024-06|0
CAND-00674|2024-07-01|2024-07|0
CAND-00675|2024-06-28|2024-06|0
CAND-00676|2024-04-18|2024-04|0
CAND-00678|2024-07-08|2024-07|1
CAND-00680|2024-06-22|2024-06|0
CAND-00681|2024-06-30|2024-06|0
CAND-00682|2024-03-24|2024-03|0
CAND-00683|2024-08-19|2024-08|0
CAND-00684|2024-02-14|2024-02|1
CAND-00686|2024-09-05|2024-09|0
CAND-00687|2024-02-12|2024-02|1
CAND-00689|2024-04-25|2024-04|0
CAND-00690|2024-08-29|2024-08|0
CAND-00691|2024-01-27|2024-01|0
CAND-00693|2024-06-13|2024-06|0
CAND-00694|2024-07-20|2024-07|0
CAND-00695|2024-05-27|2024-05|0
CAND-00696|2024-07-11|2024-07|1
CAND-00697|2024-02-03|2024-02|0
CAND-00698|2024-03-03|2024-03|0
CAND-00699|2024-01-15|2024-01|1
CAND-00702|2024-01-26|2024-01|0
CAND-00704|2024-05-19|2024-05|0
CAND-00705|2024-09-07|2024-09|0
CAND-00706|2024-04-07|2024-04|0
CAND-00707|2024-02-01|2024-02|0
CAND-00709|2024-05-13|2024-05|0
CAND-00710|2024-02-27|2024-02|0
CAND-00712|2024-05-18|2024-05|0
CAND-00713|2024-03-24|2024-03|0
CAND-00714|2024-09-29|2024-09|0
CAND-00715|2024-02-21|2024-02|0
CAND-00716|2024-08-26|2024-08|0
CAND-00717|2024-05-17|2024-05|0
CAND-00720|2024-09-04|2024-09|0
CAND-00721|2024-07-31|2024-07|0
CAND-00722|2024-10-02|2024-10|0
CAND-00724|2024-09-21|2024-09|0
CAND-00725|2024-05-16|2024-05|0
CAND-00726|2024-08-27|2024-08|0
CAND-00728|2024-02-12|2024-02|0
CAND-00729|2024-07-16|2024-07|0
CAND-00730|2024-07-04|2024-07|1
CAND-00731|2024-04-29|2024-04|0
CAND-00733|2024-02-27|2024-02|0
CAND-00734|2024-04-16|2024-04|0
CAND-00735|2024-04-08|2024-04|0
CAND-00736|2024-02-01|2024-02|0
CAND-00737|2024-02-16|2024-02|0
CAND-00738|2024-02-20|2024-02|0
CAND-00739|2024-05-08|2024-05|0
CAND-00741|2024-06-03|2024-06|0
CAND-00742|2024-06-18|2024-06|0
CAND-00746|2024-03-25|2024-03|0
CAND-00748|2024-05-26|2024-05|0
CAND-00751|2024-03-22|2024-03|0
CAND-00753|2024-07-07|2024-07|0
CAND-00754|2024-03-12|2024-03|0
CAND-00755|2024-03-07|2024-03|0
CAND-00756|2024-04-04|2024-04|0
CAND-00757|2024-10-15|2024-10|0
CAND-00758|2024-03-01|2024-03|0
CAND-00759|2024-05-20|2024-05|0
CAND-00760|2024-06-29|2024-06|0
CAND-00762|2024-06-11|2024-06|0
CAND-00764|2024-04-14|2024-04|0
CAND-00765|2024-07-10|2024-07|0
CAND-00766|2024-03-25|2024-03|0
CAND-00768|2024-04-15|2024-04|0
CAND-00769|2024-05-08|2024-05|0
CAND-00770|2024-03-24|2024-03|0
CAND-00771|2024-10-19|2024-10|0
CAND-00774|2024-05-12|2024-05|0
CAND-00776|2024-08-31|2024-08|0
CAND-00777|2024-03-04|2024-03|0
CAND-00780|2024-07-30|2024-07|0
CAND-00781|2024-07-31|2024-07|0
CAND-00782|2024-03-23|2024-03|0
CAND-00784|2024-01-25|2024-01|0
CAND-00785|2024-10-03|2024-10|0
CAND-00787|2024-07-06|2024-07|0
CAND-00790|2024-09-13|2024-09|0
CAND-00791|2024-05-06|2024-05|0
CAND-00792|2024-08-27|2024-08|0
CAND-00794|2024-06-17|2024-06|0
CAND-00796|2024-05-30|2024-05|0
CAND-00798|2024-04-13|2024-04|0
CAND-00799|2024-09-30|2024-09|0
CAND-00800|2024-02-22|2024-02|0
CAND-00801|2024-09-16|2024-09|0
CAND-00802|2024-05-06|2024-05|0
CAND-00803|2024-05-22|2024-05|0
CAND-00805|2024-03-02|2024-03|0
CAND-00807|2024-06-17|2024-06|0
CAND-00808|2024-05-25|2024-05|0
CAND-00809|2024-03-11|2024-03|0
CAND-00810|2024-09-29|2024-09|0
CAND-00811|2024-02-01|2024-02|0
CAND-00812|2024-07-06|2024-07|0
CAND-00814|2024-02-29|2024-02|0
CAND-00816|2024-07-18|2024-07|0
CAND-00819|2024-05-09|2024-05|0
CAND-00820|2024-06-12|2024-06|0
CAND-00822|2024-05-03|2024-05|0
CAND-00824|2024-06-18|2024-06|0
CAND-00825|2024-07-03|2024-07|0
CAND-00826|2024-06-10|2024-06|0
CAND-00827|2024-03-17|2024-03|0
CAND-00828|2024-03-09|2024-03|0
CAND-00829|2024-02-10|2024-02|0
CAND-00832|2024-03-15|2024-03|0
CAND-00833|2024-05-23|2024-05|0
CAND-00835|2024-08-19|2024-08|0
CAND-00837|2024-06-22|2024-06|0
CAND-00838|2024-04-11|2024-04|0
CAND-00839|2024-05-03|2024-05|0
CAND-00841|2024-01-05|2024-01|0
CAND-00842|2024-10-15|2024-10|0
CAND-00843|2024-08-07|2024-08|0
CAND-00844|2024-01-31|2024-01|0
CAND-00845|2024-09-23|2024-09|1
CAND-00847|2024-04-13|2024-04|0
CAND-00848|2024-07-13|2024-07|0
CAND-00850|2024-07-30|2024-07|0
CAND-00851|2024-08-31|2024-08|0
CAND-00852|2024-08-02|2024-08|0
CAND-00853|2024-09-14|2024-09|0
CAND-00854|2024-01-13|2024-01|0
CAND-00856|2024-06-15|2024-06|0
CAND-00857|2024-05-23|2024-05|0
CAND-00861|2024-06-13|2024-06|0
CAND-00862|2024-03-15|2024-03|0
CAND-00863|2024-03-11|2024-03|0
CAND-00864|2024-03-29|2024-03|0
CAND-00865|2024-03-04|2024-03|0
CAND-00866|2024-03-16|2024-03|0
CAND-00867|2024-08-15|2024-08|0
CAND-00870|2024-06-06|2024-06|0
CAND-00871|2024-01-15|2024-01|0
CAND-00872|2024-03-20|2024-03|0
CAND-00873|2024-06-20|2024-06|0
CAND-00874|2024-03-11|2024-03|0
CAND-00875|2024-04-29|2024-04|0
CAND-00876|2024-04-06|2024-04|0
CAND-00877|2024-03-14|2024-03|0
CAND-00878|2024-05-14|2024-05|0
CAND-00880|2024-04-07|2024-04|0
CAND-00881|2024-07-21|2024-07|0
CAND-00882|2024-06-27|2024-06|0
CAND-00883|2024-07-23|2024-07|0
CAND-00884|2024-05-07|2024-05|0
CAND-00885|2024-04-15|2024-04|1
CAND-00887|2024-05-26|2024-05|0
CAND-00888|2024-07-25|2024-07|0
CAND-00890|2024-02-21|2024-02|0
CAND-00894|2024-02-16|2024-02|1
CAND-00895|2024-09-09|2024-09|0
CAND-00896|2024-05-11|2024-05|0
CAND-00898|2024-06-29|2024-06|0
CAND-00899|2024-10-28|2024-10|0
CAND-00900|2024-01-09|2024-01|0
CAND-00903|2024-05-01|2024-05|0
CAND-00904|2024-05-20|2024-05|0
CAND-00905|2024-01-24|2024-01|1
CAND-00906|2024-03-02|2024-03|1
CAND-00907|2024-04-26|2024-04|0
CAND-00908|2024-06-06|2024-06|0
CAND-00909|2024-03-31|2024-03|0
CAND-00910|2024-08-29|2024-08|0
CAND-00911|2024-02-28|2024-02|0
CAND-00912|2024-07-12|2024-07|0
CAND-00913|2024-02-29|2024-02|0
CAND-00915|2024-04-28|2024-04|0
CAND-00916|2024-04-08|2024-04|0
CAND-00917|2024-09-08|2024-09|0
CAND-00918|2024-01-26|2024-01|0
CAND-00919|2024-09-04|2024-09|0
CAND-00920|2024-10-24|2024-10|0
CAND-00923|2024-04-12|2024-04|0
CAND-00924|2024-01-27|2024-01|0
CAND-00927|2024-03-02|2024-03|0
CAND-00928|2024-08-09|2024-08|0
CAND-00929|2024-09-17|2024-09|0
CAND-00932|2024-03-12|2024-03|0
CAND-00933|2024-07-27|2024-07|0
CAND-00934|2024-05-14|2024-05|0
CAND-00935|2024-09-16|2024-09|0
CAND-00936|2024-06-16|2024-06|0
CAND-00937|2024-09-25|2024-09|0
CAND-00938|2024-02-13|2024-02|0
CAND-00939|2024-05-08|2024-05|0
CAND-00940|2024-02-29|2024-02|0
CAND-00941|2024-01-08|2024-01|0
CAND-00942|2024-02-02|2024-02|0
CAND-00946|2024-09-25|2024-09|1
CAND-00947|2024-02-21|2024-02|0
CAND-00949|2024-07-18|2024-07|0
CAND-00951|2024-02-22|2024-02|1
CAND-00952|2024-10-04|2024-10|0
CAND-00953|2024-09-13|2024-09|0
CAND-00954|2024-02-26|2024-02|0
CAND-00956|2024-02-27|2024-02|0
CAND-00957|2024-07-02|2024-07|0
CAND-00958|2024-09-01|2024-09|0
CAND-00959|2024-06-03|2024-06|0
CAND-00960|2024-08-16|2024-08|0
CAND-00963|2024-07-23|2024-07|0
CAND-00964|2024-08-16|2024-08|0
CAND-00965|2024-05-20|2024-05|0
CAND-00967|2024-09-16|2024-09|0
CAND-00968|2024-07-28|2024-07|0
CAND-00969|2024-03-20|2024-03|0
CAND-00970|2024-06-03|2024-06|0
CAND-00971|2024-08-29|2024-08|0
CAND-00973|2024-10-26|2024-10|0
CAND-00974|2024-05-03|2024-05|0
CAND-00976|2024-03-26|2024-03|0
CAND-00978|2024-05-10|2024-05|0
CAND-00979|2024-07-04|2024-07|0
CAND-00980|2024-02-12|2024-02|0
CAND-00981|2024-08-06|2024-08|0
CAND-00982|2024-10-09|2024-10|0
CAND-00983|2024-07-02|2024-07|0
CAND-00984|2024-02-20|2024-02|0
CAND-00985|2024-10-04|2024-10|0
CAND-00986|2024-08-26|2024-08|0
CAND-00987|2024-08-19|2024-08|0
CAND-00988|2024-03-26|2024-03|0
CAND-00990|2024-08-01|2024-08|0
CAND-00991|2024-05-11|2024-05|0
CAND-00992|2024-07-25|2024-07|0
CAND-00994|2024-06-27|2024-06|1
CAND-00996|2024-07-31|2024-07|0
CAND-00998|2024-02-16|2024-02|0
CAND-00999|2024-01-25|2024-01|0
CAND-01001|2024-03-24|2024-03|0
CAND-01002|2024-03-20|2024-03|0
CAND-01004|2024-05-25|2024-05|0
CAND-01005|2024-07-12|2024-07|0
CAND-01006|2024-07-21|2024-07|0
CAND-01007|2024-07-16|2024-07|0
CAND-01009|2024-03-02|2024-03|0
CAND-01010|2024-10-14|2024-10|0
CAND-01013|2024-03-10|2024-03|0
CAND-01014|2024-06-30|2024-06|1
CAND-01015|2024-09-25|2024-09|0
CAND-01016|2024-07-07|2024-07|0
CAND-01017|2024-05-12|2024-05|1
CAND-01018|2024-02-27|2024-02|1
CAND-01021|2024-08-23|2024-08|0
CAND-01022|2024-05-15|2024-05|0
CAND-01024|2024-09-17|2024-09|0
CAND-01025|2024-10-17|2024-10|0
CAND-01028|2024-02-23|2024-02|0
CAND-01029|2024-09-20|2024-09|0
CAND-01031|2024-07-11|2024-07|0
CAND-01032|2024-08-25|2024-08|0
CAND-01033|2024-08-16|2024-08|0
CAND-01034|2024-03-16|2024-03|0
CAND-01036|2024-08-11|2024-08|0
CAND-01037|2024-07-03|2024-07|1
CAND-01039|2024-03-26|2024-03|0
CAND-01040|2024-10-02|2024-10|0
CAND-01041|2024-05-22|2024-05|0
CAND-01042|2024-04-08|2024-04|0
CAND-01043|2024-06-30|2024-06|1
CAND-01045|2024-03-04|2024-03|0
CAND-01046|2024-06-23|2024-06|0
CAND-01047|2024-08-30|2024-08|0
CAND-01048|2024-05-17|2024-05|0
CAND-01049|2024-03-30|2024-03|0
CAND-01050|2024-08-20|2024-08|0
CAND-01052|2024-09-28|2024-09|0
CAND-01053|2024-06-13|2024-06|1
CAND-01054|2024-04-03|2024-04|0
CAND-01055|2024-02-29|2024-02|0
CAND-01056|2024-05-02|2024-05|0
CAND-01057|2024-06-21|2024-06|0
CAND-01061|2024-02-12|2024-02|0
CAND-01062|2024-07-20|2024-07|0
CAND-01064|2024-02-09|2024-02|0
CAND-01065|2024-08-07|2024-08|0
CAND-01066|2024-09-24|2024-09|0
CAND-01068|2024-02-27|2024-02|0
CAND-01070|2024-05-27|2024-05|0
CAND-01072|2024-01-31|2024-01|0
CAND-01074|2024-10-02|2024-10|1
CAND-01075|2024-04-23|2024-04|0
CAND-01076|2024-04-29|2024-04|0
CAND-01077|2024-03-31|2024-03|0
CAND-01079|2024-05-08|2024-05|0
CAND-01080|2024-08-22|2024-08|0
CAND-01081|2024-10-11|2024-10|0
CAND-01082|2024-06-26|2024-06|0
CAND-01083|2024-10-13|2024-10|0
CAND-01084|2024-05-10|2024-05|0
CAND-01085|2024-05-21|2024-05|0
CAND-01086|2024-02-22|2024-02|0
CAND-01087|2024-03-05|2024-03|0
CAND-01088|2024-06-09|2024-06|0
CAND-01091|2024-02-01|2024-02|0
CAND-01095|2024-02-12|2024-02|0
CAND-01096|2024-05-29|2024-05|0
CAND-01097|2024-07-14|2024-07|0
CAND-01098|2024-05-30|2024-05|1
CAND-01102|2024-07-27|2024-07|1
CAND-01103|2024-09-16|2024-09|0
CAND-01105|2024-03-13|2024-03|0
CAND-01106|2024-04-19|2024-04|0
CAND-01107|2024-07-14|2024-07|0
CAND-01108|2024-07-06|2024-07|0
CAND-01110|2024-08-10|2024-08|1
CAND-01112|2024-09-03|2024-09|0
CAND-01113|2024-09-09|2024-09|0
CAND-01114|2024-03-16|2024-03|0
CAND-01115|2024-02-08|2024-02|0
CAND-01116|2024-09-15|2024-09|0
CAND-01119|2024-01-30|2024-01|0
CAND-01121|2024-07-01|2024-07|0
CAND-01122|2024-10-03|2024-10|0
CAND-01124|2024-06-12|2024-06|0
CAND-01125|2024-06-20|2024-06|0
CAND-01126|2024-07-25|2024-07|0
CAND-01128|2024-07-02|2024-07|0
CAND-01129|2024-09-18|2024-09|0
CAND-01132|2024-05-31|2024-05|0
CAND-01133|2024-05-27|2024-05|0
CAND-01134|2024-09-08|2024-09|0
CAND-01137|2024-06-01|2024-06|0
CAND-01138|2024-02-27|2024-02|0
CAND-01139|2024-02-14|2024-02|0
CAND-01140|2024-05-19|2024-05|0
CAND-01141|2024-04-05|2024-04|0
CAND-01142|2024-08-13|2024-08|0
CAND-01143|2024-08-23|2024-08|0
CAND-01144|2024-08-29|2024-08|0
CAND-01145|2024-10-16|2024-10|0
CAND-01146|2024-04-14|2024-04|0
CAND-01147|2024-09-08|2024-09|0
CAND-01148|2024-09-25|2024-09|0
CAND-01149|2024-04-08|2024-04|0
CAND-01150|2024-08-14|2024-08|0
CAND-01151|2024-09-23|2024-09|0
CAND-01152|2024-05-17|2024-05|0
CAND-01155|2024-09-10|2024-09|0
CAND-01156|2024-07-17|2024-07|1
CAND-01157|2024-04-21|2024-04|0
CAND-01158|2024-08-31|2024-08|1
CAND-01159|2024-04-10|2024-04|0
CAND-01160|2024-05-07|2024-05|0
CAND-01164|2024-09-13|2024-09|0
CAND-01165|2024-06-27|2024-06|0
CAND-01166|2024-03-24|2024-03|0
CAND-01167|2024-04-13|2024-04|0
CAND-01168|2024-04-29|2024-04|0
CAND-01169|2024-09-23|2024-09|0
CAND-01170|2024-07-28|2024-07|0
CAND-01171|2024-05-31|2024-05|1
CAND-01172|2024-05-28|2024-05|1
CAND-01175|2024-01-31|2024-01|0
CAND-01176|2024-06-28|2024-06|0
CAND-01179|2024-04-12|2024-04|0
CAND-01180|2024-02-28|2024-02|0
CAND-01181|2024-02-16|2024-02|0
CAND-01182|2024-09-01|2024-09|0
CAND-01183|2024-04-23|2024-04|0
CAND-01187|2024-05-15|2024-05|0
CAND-01188|2024-04-09|2024-04|0
CAND-01189|2024-10-13|2024-10|0
CAND-01190|2024-09-18|2024-09|1
CAND-01191|2024-07-04|2024-07|0
CAND-01192|2024-09-04|2024-09|0
CAND-01193|2024-02-04|2024-02|0
CAND-01196|2024-08-30|2024-08|0
CAND-01197|2024-06-25|2024-06|0
CAND-01199|2024-07-14|2024-07|0
CAND-01201|2024-01-17|2024-01|0
CAND-01202|2024-06-15|2024-06|0
CAND-01204|2024-01-28|2024-01|0
CAND-01206|2024-04-14|2024-04|0
CAND-01207|2024-02-06|2024-02|0
CAND-01208|2024-04-25|2024-04|0
CAND-01210|2024-04-25|2024-04|0
CAND-01211|2024-02-05|2024-02|0
CAND-01214|2024-07-01|2024-07|0
CAND-01217|2024-07-26|2024-07|0
CAND-01218|2024-03-25|2024-03|1
CAND-01219|2024-07-26|2024-07|0
CAND-01220|2024-03-26|2024-03|0
CAND-01221|2024-01-14|2024-01|0
CAND-01222|2024-04-05|2024-04|0
CAND-01223|2024-09-28|2024-09|0
CAND-01224|2024-06-29|2024-06|0
CAND-01226|2024-09-18|2024-09|0
CAND-01227|2024-10-09|2024-10|0
CAND-01228|2024-07-20|2024-07|0
CAND-01230|2024-09-22|2024-09|0
CAND-01231|2024-06-25|2024-06|0
CAND-01232|2024-04-11|2024-04|0
CAND-01233|2024-01-13|2024-01|0
CAND-01234|2024-04-15|2024-04|0
CAND-01237|2024-02-23|2024-02|0
CAND-01239|2024-09-26|2024-09|1
CAND-01240|2024-08-29|2024-08|0
CAND-01241|2024-07-05|2024-07|0
CAND-01242|2024-09-06|2024-09|0
CAND-01245|2024-06-10|2024-06|0
CAND-01247|2024-08-17|2024-08|0
CAND-01248|2024-02-26|2024-02|0
CAND-01249|2024-04-17|2024-04|0
CAND-01251|2024-10-08|2024-10|0
CAND-01252|2024-02-27|2024-02|0
CAND-01253|2024-02-15|2024-02|0
CAND-01254|2024-07-19|2024-07|0
CAND-01255|2024-04-02|2024-04|0
CAND-01256|2024-04-05|2024-04|0
CAND-01257|2024-01-21|2024-01|0
CAND-01258|2024-04-19|2024-04|1
CAND-01259|2024-05-06|2024-05|0
CAND-01260|2024-05-14|2024-05|0
CAND-01261|2024-10-25|2024-10|0
CAND-01262|2024-02-12|2024-02|1
CAND-01263|2024-09-11|2024-09|0
CAND-01264|2024-05-25|2024-05|0
CAND-01265|2024-08-10|2024-08|0
CAND-01266|2024-08-23|2024-08|0
CAND-01268|2024-05-26|2024-05|0
CAND-01269|2024-03-11|2024-03|1
CAND-01270|2024-06-12|2024-06|0
CAND-01273|2024-08-08|2024-08|0
CAND-01274|2024-05-11|2024-05|0
CAND-01276|2024-10-27|2024-10|0
CAND-01277|2024-03-03|2024-03|0
CAND-01278|2024-09-07|2024-09|0
CAND-01279|2024-05-01|2024-05|0
CAND-01280|2024-08-26|2024-08|0
CAND-01281|2024-08-31|2024-08|0
CAND-01283|2024-04-16|2024-04|0
CAND-01284|2024-06-17|2024-06|0
CAND-01285|2024-04-30|2024-04|0
CAND-01286|2024-06-15|2024-06|0
CAND-01287|2024-02-25|2024-02|0
CAND-01288|2024-06-02|2024-06|0
CAND-01289|2024-02-18|2024-02|0
CAND-01290|2024-06-06|2024-06|0
CAND-01291|2024-08-21|2024-08|0
CAND-01292|2024-06-22|2024-06|0
CAND-01293|2024-08-05|2024-08|0
CAND-01294|2024-05-16|2024-05|0
CAND-01296|2024-07-07|2024-07|0
CAND-01297|2024-10-01|2024-10|0
CAND-01298|2024-06-27|2024-06|0
CAND-01299|2024-05-22|2024-05|0
CAND-01300|2024-07-23|2024-07|0
CAND-01301|2024-08-06|2024-08|0
CAND-01303|2024-02-05|2024-02|0
CAND-01304|2024-01-26|2024-01|0
CAND-01305|2024-08-25|2024-08|0
CAND-01306|2024-06-17|2024-06|0
CAND-01309|2024-02-15|2024-02|0
CAND-01310|2024-09-21|2024-09|0
CAND-01311|2024-08-11|2024-08|1
CAND-01312|2024-01-30|2024-01|0
CAND-01313|2024-02-20|2024-02|0
CAND-01315|2024-09-17|2024-09|0
CAND-01316|2024-08-18|2024-08|0
CAND-01317|2024-05-19|2024-05|0
CAND-01318|2024-02-08|2024-02|0
CAND-01319|2024-09-29|2024-09|0
CAND-01320|2024-10-15|2024-10|0
CAND-01322|2024-04-13|2024-04|0
CAND-01324|2024-08-05|2024-08|1
CAND-01325|2024-06-15|2024-06|0
CAND-01326|2024-09-26|2024-09|0
CAND-01327|2024-05-21|2024-05|0
CAND-01329|2024-09-11|2024-09|0
CAND-01330|2024-02-25|2024-02|0
CAND-01331|2024-05-29|2024-05|0
CAND-01332|2024-05-31|2024-05|0
CAND-01334|2024-03-30|2024-03|0
CAND-01335|2024-09-03|2024-09|0
CAND-01336|2024-06-15|2024-06|0
CAND-01337|2024-07-11|2024-07|0
CAND-01339|2024-05-18|2024-05|0
CAND-01340|2024-05-09|2024-05|0
CAND-01343|2024-06-01|2024-06|0
CAND-01345|2024-07-27|2024-07|0
CAND-01346|2024-02-24|2024-02|1
CAND-01347|2024-03-12|2024-03|0
CAND-01349|2024-03-18|2024-03|0
CAND-01350|2024-03-19|2024-03|0
CAND-01351|2024-01-31|2024-01|0
CAND-01352|2024-04-24|2024-04|0
CAND-01354|2024-06-29|2024-06|0
CAND-01355|2024-07-31|2024-07|0
CAND-01356|2024-03-01|2024-03|0
CAND-01357|2024-08-17|2024-08|0
CAND-01358|2024-05-29|2024-05|0
CAND-01359|2024-04-08|2024-04|0
CAND-01360|2024-05-11|2024-05|0
CAND-01361|2024-04-25|2024-04|0
CAND-01367|2024-08-01|2024-08|0
CAND-01370|2024-09-09|2024-09|0
CAND-01372|2024-07-10|2024-07|0
CAND-01374|2024-07-01|2024-07|0
CAND-01375|2024-05-21|2024-05|0
CAND-01376|2024-07-15|2024-07|0
CAND-01377|2024-02-13|2024-02|0
CAND-01379|2024-07-20|2024-07|0
CAND-01380|2024-06-16|2024-06|0
CAND-01381|2024-06-25|2024-06|0
CAND-01382|2024-06-23|2024-06|0
CAND-01383|2024-08-31|2024-08|1
CAND-01384|2024-02-16|2024-02|0
CAND-01387|2024-03-23|2024-03|0
CAND-01388|2024-02-25|2024-02|0
CAND-01390|2024-05-03|2024-05|0
CAND-01391|2024-04-30|2024-04|1
CAND-01392|2024-06-28|2024-06|0
CAND-01393|2024-06-11|2024-06|0
CAND-01395|2024-03-17|2024-03|0
CAND-01396|2024-10-04|2024-10|0
CAND-01402|2024-06-22|2024-06|0
CAND-01403|2024-05-11|2024-05|0
CAND-01404|2024-09-07|2024-09|0
CAND-01407|2024-08-25|2024-08|0
CAND-01408|2024-03-25|2024-03|0
CAND-01409|2024-08-26|2024-08|0
CAND-01410|2024-07-16|2024-07|0
CAND-01412|2024-06-30|2024-06|0
CAND-01413|2024-03-03|2024-03|0
CAND-01414|2024-09-29|2024-09|0
CAND-01415|2024-01-30|2024-01|0
CAND-01417|2024-08-22|2024-08|0
CAND-01418|2024-09-13|2024-09|0
CAND-01422|2024-06-08|2024-06|0
CAND-01423|2024-05-10|2024-05|0
CAND-01424|2024-08-25|2024-08|0
CAND-01425|2024-09-24|2024-09|0
CAND-01426|2024-03-04|2024-03|0
CAND-01427|2024-06-20|2024-06|0
CAND-01428|2024-05-19|2024-05|0
CAND-01429|2024-08-29|2024-08|0
CAND-01430|2024-09-11|2024-09|0
CAND-01431|2024-08-13|2024-08|0
CAND-01432|2024-05-13|2024-05|0
CAND-01433|2024-01-21|2024-01|0
CAND-01438|2024-06-02|2024-06|0
CAND-01440|2024-08-21|2024-08|0
CAND-01441|2024-03-12|2024-03|1
CAND-01442|2024-06-20|2024-06|0
CAND-01443|2024-08-14|2024-08|0
CAND-01446|2024-03-31|2024-03|0
CAND-01447|2024-03-09|2024-03|0
CAND-01448|2024-06-11|2024-06|0
CAND-01449|2024-04-29|2024-04|0
CAND-01450|2024-08-28|2024-08|0
CAND-01451|2024-06-11|2024-06|0
CAND-01452|2024-08-09|2024-08|0
CAND-01453|2024-02-12|2024-02|0
CAND-01454|2024-06-06|2024-06|0
CAND-01455|2024-08-19|2024-08|0
CAND-01456|2024-03-13|2024-03|0
CAND-01457|2024-08-03|2024-08|0
CAND-01458|2024-03-01|2024-03|0
CAND-01460|2024-09-16|2024-09|0
CAND-01461|2024-07-28|2024-07|0
CAND-01462|2024-05-28|2024-05|0
CAND-01463|2024-05-26|2024-05|0
CAND-01464|2024-05-11|2024-05|0
CAND-01465|2024-04-27|2024-04|0
CAND-01466|2024-05-23|2024-05|0
CAND-01467|2024-08-11|2024-08|0
CAND-01469|2024-04-14|2024-04|0
CAND-01471|2024-06-25|2024-06|0
CAND-01474|2024-04-24|2024-04|0
CAND-01475|2024-04-21|2024-04|0
CAND-01476|2024-01-28|2024-01|0
CAND-01477|2024-05-26|2024-05|0
CAND-01478|2024-07-30|2024-07|0
CAND-01480|2024-06-27|2024-06|0
CAND-01481|2024-04-13|2024-04|0
CAND-01482|2024-07-07|2024-07|0
CAND-01483|2024-08-24|2024-08|0
CAND-01484|2024-05-05|2024-05|0
CAND-01485|2024-04-23|2024-04|0
CAND-01486|2024-07-14|2024-07|0
CAND-01487|2024-05-16|2024-05|0
CAND-01489|2024-05-20|2024-05|0
CAND-01490|2024-07-23|2024-07|0
CAND-01493|2024-02-25|2024-02|0
CAND-01494|2024-07-04|2024-07|0
CAND-01495|2024-01-24|2024-01|0
CAND-01496|2024-08-29|2024-08|0
CAND-01497|2024-09-09|2024-09|0
CAND-01498|2024-08-26|2024-08|0
CAND-01499|2024-08-07|2024-08|1
CAND-01504|2024-07-09|2024-07|0
CAND-01505|2024-02-01|2024-02|0
CAND-01506|2024-08-29|2024-08|0
CAND-01508|2024-04-17|2024-04|0
CAND-01509|2024-05-25|2024-05|0
CAND-01510|2024-08-21|2024-08|1
CAND-01511|2024-06-14|2024-06|1
CAND-01512|2024-03-01|2024-03|0
CAND-01513|2024-07-14|2024-07|0
CAND-01514|2024-02-22|2024-02|0
CAND-01518|2024-05-30|2024-05|1
CAND-01519|2024-01-20|2024-01|0
CAND-01520|2024-09-17|2024-09|0
CAND-01523|2024-07-12|2024-07|0
CAND-01524|2024-03-25|2024-03|1
CAND-01526|2024-07-23|2024-07|0
CAND-01527|2024-08-08|2024-08|0
CAND-01528|2024-09-27|2024-09|0
CAND-01529|2024-05-01|2024-05|0
CAND-01530|2024-02-28|2024-02|0
CAND-01531|2024-02-08|2024-02|0
CAND-01532|2024-10-17|2024-10|0
CAND-01533|2024-08-27|2024-08|0
CAND-01534|2024-02-25|2024-02|0
CAND-01535|2024-05-11|2024-05|0
CAND-01536|2024-06-26|2024-06|0
CAND-01537|2024-09-01|2024-09|1
CAND-01538|2024-02-05|2024-02|0
CAND-01539|2024-04-18|2024-04|0
CAND-01542|2024-02-07|2024-02|0
CAND-01543|2024-09-14|2024-09|0
CAND-01544|2024-02-16|2024-02|0
CAND-01545|2024-10-21|2024-10|0
CAND-01546|2024-05-13|2024-05|0
CAND-01548|2024-08-18|2024-08|0
CAND-01549|2024-04-12|2024-04|0
CAND-01551|2024-10-01|2024-10|1
CAND-01552|2024-03-07|2024-03|0
CAND-01553|2024-01-18|2024-01|0
CAND-01554|2024-08-29|2024-08|0
CAND-01556|2024-09-18|2024-09|0
CAND-01557|2024-04-27|2024-04|0
CAND-01558|2024-06-07|2024-06|0
CAND-01559|2024-05-02|2024-05|0
CAND-01560|2024-01-18|2024-01|0
CAND-01561|2024-07-07|2024-07|0
CAND-01562|2024-06-22|2024-06|0
CAND-01563|2024-10-04|2024-10|0
CAND-01564|2024-05-20|2024-05|1
CAND-01565|2024-10-03|2024-10|0
CAND-01568|2024-07-26|2024-07|0
CAND-01569|2024-03-31|2024-03|0
CAND-01571|2024-08-23|2024-08|0
CAND-01572|2024-02-29|2024-02|0
CAND-01573|2024-09-09|2024-09|0
CAND-01574|2024-02-26|2024-02|0
CAND-01575|2024-04-07|2024-04|0
CAND-01576|2024-08-01|2024-08|1
CAND-01578|2024-06-03|2024-06|0
CAND-01582|2024-04-30|2024-04|0
CAND-01583|2024-03-05|2024-03|0
CAND-01584|2024-04-30|2024-04|0
CAND-01585|2024-08-29|2024-08|0
CAND-01588|2024-09-26|2024-09|0
CAND-01591|2024-07-28|2024-07|0
CAND-01592|2024-07-30|2024-07|0
CAND-01593|2024-03-21|2024-03|0
CAND-01594|2024-08-11|2024-08|0
CAND-01595|2024-05-04|2024-05|0
CAND-01598|2024-10-01|2024-10|0
CAND-01599|2024-05-19|2024-05|0
CAND-01600|2024-08-15|2024-08|0
CAND-01601|2024-06-10|2024-06|0
CAND-01603|2024-08-27|2024-08|0
CAND-01604|2024-02-20|2024-02|0
CAND-01605|2024-09-28|2024-09|0
CAND-01606|2024-02-25|2024-02|0
CAND-01607|2024-06-12|2024-06|0
CAND-01608|2024-03-04|2024-03|0
CAND-01609|2024-07-25|2024-07|0
CAND-01610|2024-09-21|2024-09|0
CAND-01612|2024-09-02|2024-09|0
CAND-01613|2024-09-28|2024-09|0
CAND-01614|2024-03-22|2024-03|0
CAND-01615|2024-07-25|2024-07|0
CAND-01616|2024-10-04|2024-10|0
CAND-01617|2024-09-14|2024-09|0
CAND-01618|2024-04-22|2024-04|0
CAND-01619|2024-06-27|2024-06|0
CAND-01620|2024-06-08|2024-06|0
CAND-01621|2024-09-25|2024-09|0
CAND-01622|2024-02-20|2024-02|0
CAND-01623|2024-04-10|2024-04|0
CAND-01624|2024-08-02|2024-08|0
CAND-01626|2024-04-22|2024-04|0
CAND-01627|2024-07-29|2024-07|0
CAND-01629|2024-07-22|2024-07|0
CAND-01630|2024-07-14|2024-07|0
CAND-01631|2024-04-10|2024-04|1
CAND-01632|2024-02-11|2024-02|0
CAND-01634|2024-01-11|2024-01|0
CAND-01635|2024-04-23|2024-04|0
CAND-01636|2024-01-12|2024-01|0
CAND-01637|2024-06-09|2024-06|0
CAND-01639|2024-03-17|2024-03|0
CAND-01641|2024-04-18|2024-04|0
CAND-01643|2024-02-22|2024-02|1
CAND-01646|2024-07-07|2024-07|0
CAND-01647|2024-05-28|2024-05|0
CAND-01648|2024-07-31|2024-07|0
CAND-01650|2024-09-15|2024-09|0
CAND-01652|2024-05-06|2024-05|0
CAND-01653|2024-05-18|2024-05|0
CAND-01654|2024-06-09|2024-06|0
CAND-01655|2024-03-11|2024-03|0
CAND-01656|2024-06-28|2024-06|1
CAND-01657|2024-07-16|2024-07|0
CAND-01658|2024-03-12|2024-03|0
CAND-01659|2024-06-23|2024-06|0
CAND-01660|2024-09-06|2024-09|0
CAND-01661|2024-03-12|2024-03|1
CAND-01662|2024-01-28|2024-01|0
CAND-01664|2024-02-11|2024-02|0
CAND-01665|2024-03-31|2024-03|0
CAND-01666|2024-04-20|2024-04|0
CAND-01668|2024-09-03|2024-09|0
CAND-01669|2024-04-23|2024-04|0
CAND-01672|2024-04-12|2024-04|0
CAND-01675|2024-02-16|2024-02|0
CAND-01676|2024-09-15|2024-09|0
CAND-01678|2024-07-31|2024-07|0
CAND-01679|2024-05-23|2024-05|0
CAND-01680|2024-01-25|2024-01|1
CAND-01682|2024-05-30|2024-05|0
CAND-01683|2024-04-04|2024-04|0
CAND-01685|2024-09-09|2024-09|0
CAND-01686|2024-05-21|2024-05|0
CAND-01687|2024-03-26|2024-03|0
CAND-01688|2024-07-30|2024-07|0
CAND-01689|2024-03-04|2024-03|0
CAND-01690|2024-06-09|2024-06|0
CAND-01691|2024-05-24|2024-05|0
CAND-01692|2024-06-28|2024-06|0
CAND-01693|2024-04-11|2024-04|0
CAND-01694|2024-06-23|2024-06|0
CAND-01695|2024-08-23|2024-08|0
CAND-01696|2024-07-04|2024-07|1
CAND-01697|2024-04-18|2024-04|0
CAND-01699|2024-05-23|2024-05|0
CAND-01700|2024-04-07|2024-04|0
CAND-01701|2024-05-07|2024-05|0
CAND-01705|2024-10-14|2024-10|0
CAND-01706|2024-06-05|2024-06|0
CAND-01708|2024-05-07|2024-05|1
CAND-01709|2024-03-20|2024-03|0
CAND-01710|2024-01-25|2024-01|0
CAND-01711|2024-02-13|2024-02|0
CAND-01715|2024-05-11|2024-05|0
CAND-01716|2024-04-13|2024-04|1
CAND-01717|2024-06-19|2024-06|0
CAND-01718|2024-01-30|2024-01|0
CAND-01719|2024-07-05|2024-07|0
CAND-01721|2024-04-17|2024-04|0
CAND-01722|2024-02-04|2024-02|0
CAND-01723|2024-09-18|2024-09|0
CAND-01724|2024-03-29|2024-03|0
CAND-01725|2024-03-31|2024-03|0
CAND-01726|2024-03-18|2024-03|0
CAND-01728|2024-07-04|2024-07|0
CAND-01729|2024-05-11|2024-05|0
CAND-01730|2024-03-10|2024-03|0
CAND-01732|2024-05-04|2024-05|0
CAND-01733|2024-09-25|2024-09|0
CAND-01734|2024-09-12|2024-09|0
CAND-01735|2024-04-19|2024-04|0
CAND-01737|2024-02-20|2024-02|0
CAND-01738|2024-05-14|2024-05|1
CAND-01739|2024-04-24|2024-04|0
CAND-01741|2024-06-16|2024-06|1
CAND-01742|2024-02-14|2024-02|0
CAND-01744|2024-01-24|2024-01|0
CAND-01745|2024-09-30|2024-09|0
CAND-01746|2024-05-09|2024-05|1
CAND-01747|2024-10-23|2024-10|0
CAND-01748|2024-05-09|2024-05|0
CAND-01749|2024-02-26|2024-02|1
CAND-01750|2024-03-03|2024-03|1
CAND-01751|2024-03-20|2024-03|0
CAND-01752|2024-07-04|2024-07|0
CAND-01753|2024-10-11|2024-10|0
CAND-01755|2024-04-27|2024-04|0
CAND-01756|2024-08-02|2024-08|0
CAND-01758|2024-06-30|2024-06|0
CAND-01760|2024-04-08|2024-04|1
CAND-01761|2024-06-21|2024-06|0
CAND-01762|2024-01-17|2024-01|0
CAND-01763|2024-03-02|2024-03|0
CAND-01764|2024-08-29|2024-08|0
CAND-01765|2024-01-24|2024-01|0
CAND-01766|2024-04-17|2024-04|0
CAND-01767|2024-01-28|2024-01|0
CAND-01771|2024-03-05|2024-03|1
CAND-01772|2024-06-10|2024-06|0
CAND-01775|2024-03-20|2024-03|0
CAND-01777|2024-03-12|2024-03|0
CAND-01778|2024-02-14|2024-02|0
CAND-01779|2024-08-27|2024-08|0
CAND-01780|2024-04-05|2024-04|0
CAND-01781|2024-09-26|2024-09|0
CAND-01782|2024-09-04|2024-09|0
CAND-01783|2024-02-27|2024-02|0
CAND-01784|2024-04-23|2024-04|0
CAND-01785|2024-04-01|2024-04|0
CAND-01786|2024-09-24|2024-09|1
CAND-01787|2024-08-29|2024-08|0
CAND-01791|2024-08-12|2024-08|0
CAND-01792|2024-07-16|2024-07|0
CAND-01793|2024-07-29|2024-07|0
CAND-01794|2024-03-13|2024-03|0
CAND-01795|2024-10-12|2024-10|0
CAND-01796|2024-06-21|2024-06|0
CAND-01797|2024-06-26|2024-06|0
CAND-01798|2024-07-02|2024-07|0
CAND-01799|2024-09-17|2024-09|0
CAND-01800|2024-05-10|2024-05|0
CAND-01801|2024-07-23|2024-07|0
CAND-01802|2024-08-28|2024-08|0
CAND-01803|2024-04-23|2024-04|0
CAND-01804|2024-08-12|2024-08|0
CAND-01805|2024-04-27|2024-04|0
CAND-01806|2024-07-09|2024-07|0
CAND-01809|2024-02-10|2024-02|0
CAND-01810|2024-09-05|2024-09|0
CAND-01811|2024-03-02|2024-03|0
CAND-01812|2024-05-12|2024-05|0
CAND-01813|2024-09-02|2024-09|0
CAND-01815|2024-04-12|2024-04|0
CAND-01816|2024-03-30|2024-03|0
CAND-01817|2024-09-16|2024-09|0
CAND-01820|2024-07-23|2024-07|0
CAND-01821|2024-05-21|2024-05|1
CAND-01822|2024-04-15|2024-04|1
CAND-01823|2024-04-15|2024-04|0
CAND-01824|2024-10-01|2024-10|0
CAND-01826|2024-10-01|2024-10|0
CAND-01829|2024-06-26|2024-06|0
CAND-01830|2024-06-10|2024-06|1
CAND-01831|2024-04-11|2024-04|0
CAND-01833|2024-10-02|2024-10|0
CAND-01835|2024-08-15|2024-08|0
CAND-01836|2024-02-08|2024-02|0
CAND-01837|2024-03-29|2024-03|0
CAND-01838|2024-09-15|2024-09|0
CAND-01839|2024-04-24|2024-04|0
CAND-01841|2024-02-03|2024-02|0
CAND-01842|2024-03-05|2024-03|0
CAND-01843|2024-03-10|2024-03|0
CAND-01844|2024-03-20|2024-03|0
CAND-01845|2024-03-05|2024-03|0
CAND-01846|2024-05-10|2024-05|0
CAND-01847|2024-05-06|2024-05|0
CAND-01848|2024-03-20|2024-03|0
CAND-01850|2024-03-27|2024-03|0
CAND-01851|2024-05-19|2024-05|0
CAND-01852|2024-09-14|2024-09|0
CAND-01854|2024-04-08|2024-04|0
CAND-01855|2024-08-11|2024-08|0
CAND-01856|2024-02-06|2024-02|0
CAND-01857|2024-02-11|2024-02|0
CAND-01858|2024-03-17|2024-03|0
CAND-01860|2024-02-17|2024-02|0
CAND-01862|2024-05-25|2024-05|1
CAND-01863|2024-01-10|2024-01|0
CAND-01865|2024-08-27|2024-08|0
CAND-01866|2024-06-12|2024-06|0
CAND-01867|2024-06-26|2024-06|1
CAND-01868|2024-06-23|2024-06|0
CAND-01869|2024-02-02|2024-02|0
CAND-01871|2024-02-25|2024-02|0
CAND-01872|2024-02-12|2024-02|0
CAND-01873|2024-05-30|2024-05|0
CAND-01875|2024-02-14|2024-02|0
CAND-01876|2024-06-27|2024-06|0
CAND-01877|2024-09-09|2024-09|0
CAND-01878|2024-09-06|2024-09|0
CAND-01879|2024-04-14|2024-04|1
CAND-01881|2024-01-19|2024-01|0
CAND-01882|2024-07-24|2024-07|0
CAND-01883|2024-01-30|2024-01|0
CAND-01884|2024-02-19|2024-02|0
CAND-01885|2024-05-05|2024-05|0
CAND-01886|2024-03-31|2024-03|1
CAND-01888|2024-04-08|2024-04|0
CAND-01890|2024-04-28|2024-04|0
CAND-01891|2024-03-14|2024-03|0
CAND-01894|2024-03-06|2024-03|0
CAND-01895|2024-05-07|2024-05|0
CAND-01896|2024-08-08|2024-08|0
CAND-01897|2024-02-18|2024-02|0
CAND-01899|2024-05-15|2024-05|0
CAND-01900|2024-06-21|2024-06|0
CAND-01902|2024-08-15|2024-08|0
CAND-01903|2024-03-11|2024-03|1
CAND-01904|2024-06-25|2024-06|0
CAND-01905|2024-08-30|2024-08|0
CAND-01906|2024-01-22|2024-01|0
CAND-01908|2024-02-05|2024-02|0
CAND-01909|2024-04-30|2024-04|0
CAND-01910|2024-03-12|2024-03|0
CAND-01911|2024-06-16|2024-06|0
CAND-01913|2024-02-09|2024-02|0
CAND-01915|2024-04-25|2024-04|0
CAND-01916|2024-04-30|2024-04|0
CAND-01917|2024-02-06|2024-02|0
CAND-01920|2024-03-12|2024-03|0
CAND-01921|2024-06-11|2024-06|0
CAND-01922|2024-07-15|2024-07|0
CAND-01923|2024-02-18|2024-02|0
CAND-01924|2024-08-15|2024-08|0
CAND-01925|2024-03-24|2024-03|0
CAND-01926|2024-02-08|2024-02|0
CAND-01927|2024-06-07|2024-06|0
CAND-01928|2024-09-02|2024-09|0
CAND-01929|2024-03-23|2024-03|0
CAND-01930|2024-03-19|2024-03|0
CAND-01931|2024-06-07|2024-06|0
CAND-01932|2024-01-27|2024-01|0
CAND-01933|2024-09-30|2024-09|0
CAND-01934|2024-08-21|2024-08|0
CAND-01935|2024-04-21|2024-04|0
CAND-01938|2024-08-03|2024-08|0
CAND-01941|2024-02-09|2024-02|0
CAND-01943|2024-05-18|2024-05|0
CAND-01944|2024-07-03|2024-07|1
CAND-01945|2024-04-15|2024-04|0
CAND-01946|2024-05-10|2024-05|0
CAND-01948|2024-05-15|2024-05|0
CAND-01949|2024-02-19|2024-02|0
CAND-01950|2024-05-27|2024-05|0
CAND-01953|2024-03-23|2024-03|0
CAND-01955|2024-02-27|2024-02|0
CAND-01956|2024-08-15|2024-08|0
CAND-01957|2024-08-05|2024-08|0
CAND-01958|2024-05-07|2024-05|1
CAND-01959|2024-05-09|2024-05|0
CAND-01961|2024-07-11|2024-07|0
CAND-01962|2024-05-29|2024-05|0
CAND-01963|2024-05-16|2024-05|0
CAND-01964|2024-07-10|2024-07|0
CAND-01966|2024-01-04|2024-01|0
CAND-01967|2024-07-25|2024-07|0
CAND-01968|2024-10-01|2024-10|0
CAND-01970|2024-02-03|2024-02|1
CAND-01972|2024-02-16|2024-02|0
CAND-01973|2024-02-15|2024-02|0
CAND-01974|2024-01-14|2024-01|0
CAND-01975|2024-09-12|2024-09|0
CAND-01976|2024-02-02|2024-02|0
CAND-01977|2024-09-12|2024-09|0
CAND-01982|2024-01-20|2024-01|0
CAND-01984|2024-04-19|2024-04|0
CAND-01985|2024-04-09|2024-04|0
CAND-01986|2024-04-04|2024-04|0
CAND-01987|2024-07-16|2024-07|1
CAND-01989|2024-10-02|2024-10|0
CAND-01990|2024-05-11|2024-05|0
CAND-01991|2024-02-20|2024-02|0
CAND-01992|2024-05-27|2024-05|0
CAND-01993|2024-06-14|2024-06|0
CAND-01994|2024-07-11|2024-07|0
CAND-01995|2024-09-04|2024-09|0
CAND-01996|2024-07-18|2024-07|1
CAND-01997|2024-04-13|2024-04|1
CAND-01998|2024-02-24|2024-02|0
CAND-01999|2024-03-24|2024-03|0
CAND-02000|2024-02-11|2024-02|0
CAND-02002|2024-03-09|2024-03|0
CAND-02003|2024-07-17|2024-07|0
CAND-02004|2024-01-19|2024-01|0
CAND-02005|2024-06-12|2024-06|0
CAND-02006|2024-05-21|2024-05|0
CAND-02007|2024-06-27|2024-06|1
CAND-02008|2024-09-05|2024-09|0
CAND-02010|2024-03-21|2024-03|0
CAND-02011|2024-05-04|2024-05|0
CAND-02013|2024-05-15|2024-05|0
CAND-02014|2024-06-10|2024-06|0
CAND-02015|2024-02-07|2024-02|0
CAND-02017|2024-07-11|2024-07|0
CAND-02018|2024-03-28|2024-03|0
CAND-02019|2024-04-10|2024-04|0
CAND-02020|2024-02-23|2024-02|0
CAND-02022|2024-10-04|2024-10|0
CAND-02023|2024-05-10|2024-05|0
CAND-02024|2024-04-21|2024-04|1
CAND-02025|2024-08-13|2024-08|0
CAND-02027|2024-03-29|2024-03|0
CAND-02029|2024-05-31|2024-05|0
CAND-02031|2024-01-29|2024-01|0
CAND-02032|2024-06-20|2024-06|0
CAND-02034|2024-04-16|2024-04|0
CAND-02035|2024-08-21|2024-08|0
CAND-02037|2024-04-11|2024-04|0
CAND-02039|2024-06-11|2024-06|0
CAND-02040|2024-08-08|2024-08|0
CAND-02041|2024-03-21|2024-03|0
CAND-02042|2024-06-02|2024-06|0
CAND-02043|2024-07-23|2024-07|0
CAND-02047|2024-05-29|2024-05|0
CAND-02049|2024-06-18|2024-06|0
CAND-02050|2024-09-29|2024-09|0
CAND-02051|2024-09-27|2024-09|0
CAND-02053|2024-01-28|2024-01|0
CAND-02055|2024-03-01|2024-03|0
CAND-02056|2024-07-31|2024-07|0
CAND-02057|2024-04-09|2024-04|0
CAND-02058|2024-07-05|2024-07|0
CAND-02059|2024-02-17|2024-02|0
CAND-02060|2024-05-14|2024-05|0
CAND-02061|2024-08-23|2024-08|0
CAND-02064|2024-02-23|2024-02|0
CAND-02066|2024-04-12|2024-04|0
CAND-02067|2024-09-04|2024-09|0
CAND-02068|2024-04-29|2024-04|0
CAND-02070|2024-06-28|2024-06|0
CAND-02073|2024-03-09|2024-03|0
CAND-02074|2024-04-04|2024-04|0
CAND-02075|2024-09-23|2024-09|0
CAND-02076|2024-05-24|2024-05|0
CAND-02077|2024-02-01|2024-02|0
CAND-02078|2024-08-01|2024-08|0
CAND-02079|2024-08-21|2024-08|0
CAND-02080|2024-06-10|2024-06|1
CAND-02081|2024-09-26|2024-09|0
CAND-02082|2024-02-19|2024-02|0
CAND-02085|2024-09-26|2024-09|0
CAND-02086|2024-09-16|2024-09|0
CAND-02087|2024-06-20|2024-06|0
CAND-02088|2024-07-10|2024-07|1
CAND-02090|2024-04-10|2024-04|1
CAND-02091|2024-08-24|2024-08|0
CAND-02092|2024-02-12|2024-02|0
CAND-02093|2024-06-06|2024-06|0
CAND-02094|2024-03-13|2024-03|0
CAND-02095|2024-07-18|2024-07|0
CAND-02096|2024-08-10|2024-08|0
CAND-02098|2024-03-12|2024-03|0
CAND-02099|2024-06-14|2024-06|0
CAND-02100|2024-05-28|2024-05|1
CAND-02101|2024-03-16|2024-03|0
CAND-02103|2024-03-12|2024-03|0
CAND-02105|2024-04-05|2024-04|0
CAND-02106|2024-05-24|2024-05|0
CAND-02107|2024-06-23|2024-06|0
CAND-02110|2024-08-01|2024-08|0
CAND-02111|2024-06-29|2024-06|1
CAND-02112|2024-06-04|2024-06|1
CAND-02113|2024-05-20|2024-05|0
CAND-02114|2024-02-03|2024-02|0
CAND-02115|2024-02-28|2024-02|0
CAND-02116|2024-04-30|2024-04|0
CAND-02119|2024-01-13|2024-01|0
CAND-02122|2024-07-14|2024-07|0
CAND-02124|2024-07-22|2024-07|1
CAND-02125|2024-04-07|2024-04|0
CAND-02127|2024-09-26|2024-09|0
CAND-02128|2024-10-30|2024-10|0
CAND-02129|2024-08-12|2024-08|1
CAND-02130|2024-01-26|2024-01|0
CAND-02132|2024-02-16|2024-02|0
CAND-02133|2024-06-27|2024-06|0
CAND-02135|2024-01-28|2024-01|0
CAND-02136|2024-03-28|2024-03|0
CAND-02137|2024-10-13|2024-10|0
CAND-02139|2024-04-17|2024-04|0
CAND-02141|2024-09-08|2024-09|0
CAND-02143|2024-06-21|2024-06|0
CAND-02145|2024-02-18|2024-02|0
CAND-02146|2024-02-24|2024-02|0
CAND-02147|2024-08-18|2024-08|0
CAND-02148|2024-04-18|2024-04|0
CAND-02149|2024-04-21|2024-04|0
CAND-02150|2024-01-07|2024-01|0
CAND-02151|2024-05-28|2024-05|0
CAND-02152|2024-10-09|2024-10|0
CAND-02153|2024-07-21|2024-07|0
CAND-02155|2024-02-22|2024-02|0
CAND-02156|2024-05-05|2024-05|0
CAND-02157|2024-05-10|2024-05|0
CAND-02158|2024-07-25|2024-07|0
CAND-02159|2024-08-14|2024-08|0
CAND-02160|2024-03-07|2024-03|0
CAND-02161|2024-06-06|2024-06|0
CAND-02162|2024-01-17|2024-01|1
CAND-02163|2024-06-28|2024-06|0
CAND-02164|2024-10-09|2024-10|0
CAND-02165|2024-01-21|2024-01|0
CAND-02167|2024-04-01|2024-04|0
CAND-02168|2024-05-15|2024-05|0
CAND-02170|2024-07-05|2024-07|0
CAND-02171|2024-03-26|2024-03|0
CAND-02173|2024-03-20|2024-03|0
CAND-02176|2024-02-11|2024-02|0
CAND-02177|2024-07-22|2024-07|0
CAND-02178|2024-09-22|2024-09|0
CAND-02179|2024-05-19|2024-05|0
CAND-02181|2024-09-03|2024-09|1
CAND-02183|2024-06-22|2024-06|0
CAND-02184|2024-02-23|2024-02|0
CAND-02185|2024-07-30|2024-07|0
CAND-02186|2024-01-25|2024-01|0
CAND-02187|2024-06-06|2024-06|0
CAND-02188|2024-08-26|2024-08|0
CAND-02189|2024-04-25|2024-04|0
CAND-02191|2024-09-05|2024-09|0
CAND-02198|2024-04-08|2024-04|0
CAND-02199|2024-09-02|2024-09|0
CAND-02200|2024-09-11|2024-09|0
CAND-02201|2024-07-14|2024-07|0
CAND-02202|2024-08-10|2024-08|0
CAND-02203|2024-05-20|2024-05|0
CAND-02204|2024-03-30|2024-03|0
CAND-02205|2024-07-28|2024-07|0
CAND-02206|2024-07-30|2024-07|1
CAND-02207|2024-06-22|2024-06|0
CAND-02208|2024-07-29|2024-07|0
CAND-02209|2024-01-12|2024-01|0
CAND-02214|2024-05-01|2024-05|0
CAND-02215|2024-04-07|2024-04|0
CAND-02216|2024-03-13|2024-03|0
CAND-02217|2024-05-12|2024-05|0
CAND-02218|2024-06-02|2024-06|0
CAND-02220|2024-07-06|2024-07|0
CAND-02221|2024-07-18|2024-07|0
CAND-02224|2024-06-29|2024-06|0
CAND-02225|2024-09-20|2024-09|0
CAND-02226|2024-01-14|2024-01|0
CAND-02227|2024-02-28|2024-02|0
CAND-02228|2024-04-01|2024-04|0
CAND-02229|2024-04-03|2024-04|0
CAND-02231|2024-07-31|2024-07|0
CAND-02232|2024-04-23|2024-04|0
CAND-02233|2024-03-03|2024-03|0
CAND-02235|2024-04-26|2024-04|0
CAND-02236|2024-02-20|2024-02|0
CAND-02237|2024-10-10|2024-10|0
CAND-02239|2024-05-08|2024-05|0
CAND-02240|2024-03-12|2024-03|0
CAND-02241|2024-08-29|2024-08|0
CAND-02243|2024-02-13|2024-02|0
CAND-02244|2024-02-19|2024-02|0
CAND-02245|2024-05-01|2024-05|0
CAND-02247|2024-01-24|2024-01|0
CAND-02248|2024-04-13|2024-04|0
CAND-02249|2024-05-30|2024-05|0
CAND-02250|2024-05-01|2024-05|0
CAND-02251|2024-05-17|2024-05|0
CAND-02252|2024-05-22|2024-05|0
CAND-02253|2024-07-13|2024-07|0
CAND-02254|2024-03-19|2024-03|0
CAND-02255|2024-07-07|2024-07|0
CAND-02256|2024-03-10|2024-03|0
CAND-02257|2024-09-13|2024-09|0
CAND-02258|2024-06-17|2024-06|0
CAND-02259|2024-04-19|2024-04|0
CAND-02261|2024-05-15|2024-05|0
CAND-02262|2024-08-03|2024-08|0
CAND-02263|2024-07-03|2024-07|0
CAND-02264|2024-09-10|2024-09|1
CAND-02265|2024-04-20|2024-04|0
CAND-02266|2024-10-20|2024-10|0
CAND-02267|2024-07-01|2024-07|0
CAND-02268|2024-05-30|2024-05|0
CAND-02270|2024-01-12|2024-01|0
CAND-02271|2024-07-15|2024-07|0
CAND-02272|2024-07-06|2024-07|0
CAND-02273|2024-07-16|2024-07|1
CAND-02274|2024-03-27|2024-03|0
CAND-02276|2024-05-08|2024-05|0
CAND-02277|2024-02-18|2024-02|0
CAND-02278|2024-01-23|2024-01|0
CAND-02279|2024-06-05|2024-06|0
CAND-02280|2024-04-11|2024-04|0
CAND-02281|2024-05-22|2024-05|0
CAND-02282|2024-04-27|2024-04|0
CAND-02285|2024-07-19|2024-07|0
CAND-02287|2024-03-11|2024-03|0
CAND-02288|2024-09-09|2024-09|1
CAND-02289|2024-02-08|2024-02|0
CAND-02292|2024-07-21|2024-07|0
CAND-02293|2024-07-05|2024-07|0
CAND-02294|2024-03-05|2024-03|0
CAND-02295|2024-10-10|2024-10|0
CAND-02296|2024-06-12|2024-06|0
CAND-02297|2024-05-20|2024-05|0
CAND-02298|2024-05-06|2024-05|0
CAND-02299|2024-06-12|2024-06|0
CAND-02301|2024-05-03|2024-05|1
CAND-02302|2024-02-19|2024-02|0
CAND-02303|2024-02-12|2024-02|0
CAND-02305|2024-02-23|2024-02|0
CAND-02308|2024-02-20|2024-02|0
CAND-02309|2024-10-04|2024-10|0
CAND-02310|2024-05-06|2024-05|0
CAND-02312|2024-07-25|2024-07|0
CAND-02314|2024-05-10|2024-05|0
CAND-02315|2024-04-21|2024-04|0
CAND-02316|2024-08-19|2024-08|0
CAND-02317|2024-06-13|2024-06|0
CAND-02318|2024-03-31|2024-03|0
CAND-02319|2024-08-06|2024-08|1
CAND-02320|2024-08-04|2024-08|0
CAND-02321|2024-07-17|2024-07|0
CAND-02322|2024-06-20|2024-06|0
CAND-02323|2024-05-15|2024-05|0
CAND-02324|2024-05-02|2024-05|0
CAND-02325|2024-09-24|2024-09|0
CAND-02326|2024-07-20|2024-07|0
CAND-02328|2024-05-26|2024-05|0
CAND-02329|2024-10-23|2024-10|0
CAND-02332|2024-06-10|2024-06|0
CAND-02333|2024-06-16|2024-06|0
CAND-02334|2024-06-03|2024-06|1
CAND-02335|2024-08-27|2024-08|0
CAND-02336|2024-05-20|2024-05|0
CAND-02337|2024-09-15|2024-09|0
CAND-02340|2024-04-05|2024-04|0
CAND-02341|2024-05-24|2024-05|0
CAND-02342|2024-05-02|2024-05|0
CAND-02343|2024-08-16|2024-08|0
CAND-02344|2024-05-23|2024-05|0
CAND-02345|2024-05-02|2024-05|0
CAND-02347|2024-03-29|2024-03|0
CAND-02348|2024-09-09|2024-09|0
CAND-02349|2024-06-26|2024-06|0
CAND-02350|2024-04-19|2024-04|1
CAND-02351|2024-05-15|2024-05|0
CAND-02352|2024-08-21|2024-08|0
CAND-02354|2024-09-13|2024-09|0
CAND-02356|2024-01-13|2024-01|0
CAND-02357|2024-02-02|2024-02|0
CAND-02358|2024-02-09|2024-02|0
CAND-02359|2024-09-08|2024-09|0
CAND-02361|2024-05-15|2024-05|0
CAND-02362|2024-09-25|2024-09|0
CAND-02364|2024-02-22|2024-02|0
CAND-02366|2024-07-23|2024-07|0
CAND-02367|2024-05-20|2024-05|0
CAND-02369|2024-09-22|2024-09|0
CAND-02370|2024-10-10|2024-10|0
CAND-02371|2024-06-20|2024-06|0
CAND-02372|2024-05-09|2024-05|0
CAND-02373|2024-04-04|2024-04|0
CAND-02379|2024-08-01|2024-08|0
CAND-02380|2024-07-26|2024-07|0
CAND-02382|2024-03-18|2024-03|0
CAND-02384|2024-03-07|2024-03|0
CAND-02385|2024-03-29|2024-03|0
CAND-02389|2024-04-15|2024-04|0
CAND-02391|2024-07-19|2024-07|0
CAND-02393|2024-04-14|2024-04|0
CAND-02396|2024-09-13|2024-09|0
CAND-02397|2024-09-07|2024-09|0
CAND-02399|2024-03-07|2024-03|1
CAND-02400|2024-07-10|2024-07|0
CAND-02401|2024-04-16|2024-04|0
CAND-02403|2024-05-28|2024-05|1
CAND-02404|2024-04-20|2024-04|0
CAND-02405|2024-03-03|2024-03|0
CAND-02407|2024-01-08|2024-01|0
CAND-02408|2024-01-21|2024-01|1
CAND-02409|2024-06-07|2024-06|0
CAND-02410|2024-01-23|2024-01|0
CAND-02411|2024-04-21|2024-04|0
CAND-02412|2024-07-25|2024-07|0
CAND-02414|2024-08-31|2024-08|0
CAND-02416|2024-06-16|2024-06|1
CAND-02417|2024-06-09|2024-06|0
CAND-02418|2024-03-03|2024-03|0
CAND-02419|2024-05-23|2024-05|0
CAND-02420|2024-07-12|2024-07|0
CAND-02422|2024-06-12|2024-06|0
CAND-02423|2024-10-12|2024-10|0
CAND-02424|2024-03-18|2024-03|0
CAND-02426|2024-05-18|2024-05|0
CAND-02427|2024-07-04|2024-07|0
CAND-02429|2024-05-23|2024-05|0
CAND-02431|2024-06-01|2024-06|0
CAND-02432|2024-03-19|2024-03|1
CAND-02433|2024-08-25|2024-08|1
CAND-02436|2024-09-21|2024-09|0
CAND-02437|2024-06-28|2024-06|1
CAND-02438|2024-01-30|2024-01|0
CAND-02439|2024-10-12|2024-10|0
CAND-02440|2024-02-10|2024-02|0
CAND-02441|2024-07-01|2024-07|0
CAND-02442|2024-10-10|2024-10|0
CAND-02443|2024-07-05|2024-07|0
CAND-02444|2024-04-10|2024-04|0
CAND-02446|2024-05-25|2024-05|0
CAND-02447|2024-07-01|2024-07|0
CAND-02448|2024-07-03|2024-07|0
CAND-02449|2024-08-05|2024-08|1
CAND-02450|2024-09-17|2024-09|0
CAND-02451|2024-02-13|2024-02|0
CAND-02452|2024-06-18|2024-06|0
CAND-02453|2024-08-15|2024-08|0
CAND-02454|2024-07-02|2024-07|0
CAND-02455|2024-07-09|2024-07|0
CAND-02456|2024-06-11|2024-06|0
CAND-02460|2024-02-27|2024-02|1
CAND-02462|2024-02-28|2024-02|1
CAND-02463|2024-03-31|2024-03|0
CAND-02465|2024-09-01|2024-09|0
CAND-02466|2024-09-21|2024-09|0
CAND-02467|2024-03-05|2024-03|0
CAND-02468|2024-07-29|2024-07|0
CAND-02469|2024-02-02|2024-02|0
CAND-02471|2024-06-17|2024-06|0
CAND-02472|2024-02-17|2024-02|0
CAND-02473|2024-03-27|2024-03|0
CAND-02475|2024-05-05|2024-05|0
CAND-02476|2024-09-14|2024-09|0
CAND-02477|2024-01-31|2024-01|0
CAND-02478|2024-09-30|2024-09|1
CAND-02479|2024-05-29|2024-05|0
CAND-02483|2024-02-15|2024-02|0
CAND-02484|2024-10-11|2024-10|0
CAND-02486|2024-05-07|2024-05|0
CAND-02488|2024-07-22|2024-07|0
CAND-02489|2024-07-24|2024-07|0
CAND-02490|2024-04-21|2024-04|0
CAND-02491|2024-03-30|2024-03|0
CAND-02492|2024-07-07|2024-07|0
CAND-02496|2024-07-31|2024-07|0
CAND-02497|2024-07-23|2024-07|0
CAND-02498|2024-02-13|2024-02|0
CAND-02499|2024-04-16|2024-04|0
CAND-02500|2024-10-01|2024-10|0
CAND-02502|2024-01-23|2024-01|0
CAND-02504|2024-02-05|2024-02|0
CAND-02506|2024-02-22|2024-02|0
CAND-02507|2024-07-02|2024-07|0
CAND-02508|2024-09-11|2024-09|0
CAND-02509|2024-07-20|2024-07|0
CAND-02510|2024-03-26|2024-03|0
CAND-02511|2024-09-11|2024-09|0
CAND-02512|2024-05-13|2024-05|0
CAND-02513|2024-07-09|2024-07|0
CAND-02514|2024-03-29|2024-03|0
CAND-02515|2024-08-18|2024-08|1
CAND-02516|2024-07-24|2024-07|0
CAND-02518|2024-04-06|2024-04|0
CAND-02520|2024-09-08|2024-09|0
CAND-02522|2024-02-11|2024-02|0
CAND-02524|2024-09-25|2024-09|0
CAND-02526|2024-04-03|2024-04|0
CAND-02527|2024-04-18|2024-04|0
CAND-02528|2024-05-16|2024-05|0
CAND-02529|2024-05-25|2024-05|0
CAND-02530|2024-02-08|2024-02|1
CAND-02531|2024-06-14|2024-06|0
CAND-02532|2024-06-02|2024-06|0
CAND-02533|2024-09-09|2024-09|0
CAND-02534|2024-08-03|2024-08|0
CAND-02535|2024-07-02|2024-07|1
CAND-02536|2024-04-26|2024-04|0
CAND-02538|2024-03-04|2024-03|0
CAND-02539|2024-04-09|2024-04|0
CAND-02540|2024-01-30|2024-01|0
CAND-02541|2024-04-15|2024-04|0
CAND-02542|2024-09-29|2024-09|0
CAND-02544|2024-05-25|2024-05|0
CAND-02546|2024-08-11|2024-08|0
CAND-02547|2024-09-25|2024-09|0
CAND-02549|2024-09-27|2024-09|0
CAND-02550|2024-02-19|2024-02|0
CAND-02552|2024-06-02|2024-06|0
CAND-02553|2024-07-17|2024-07|0
CAND-02554|2024-04-22|2024-04|0
CAND-02555|2024-07-02|2024-07|0
CAND-02556|2024-08-15|2024-08|1
CAND-02557|2024-09-03|2024-09|0
CAND-02558|2024-06-21|2024-06|0
CAND-02559|2024-03-22|2024-03|1
CAND-02562|2024-02-03|2024-02|0
CAND-02564|2024-03-28|2024-03|1
CAND-02565|2024-02-27|2024-02|0
CAND-02567|2024-05-05|2024-05|0
CAND-02568|2024-03-04|2024-03|0
CAND-02574|2024-05-31|2024-05|0
CAND-02576|2024-05-21|2024-05|0
CAND-02577|2024-05-07|2024-05|0
CAND-02579|2024-03-01|2024-03|0
CAND-02580|2024-02-04|2024-02|0
CAND-02582|2024-10-07|2024-10|0
CAND-02583|2024-07-16|2024-07|0
CAND-02584|2024-06-09|2024-06|0
CAND-02585|2024-08-27|2024-08|0
CAND-02586|2024-02-01|2024-02|0
CAND-02587|2024-05-13|2024-05|0
CAND-02589|2024-01-15|2024-01|0
CAND-02590|2024-07-22|2024-07|0
CAND-02591|2024-08-15|2024-08|0
CAND-02593|2024-07-03|2024-07|0
CAND-02594|2024-02-10|2024-02|0
CAND-02595|2024-04-30|2024-04|0
CAND-02596|2024-04-27|2024-04|0
CAND-02597|2024-05-24|2024-05|0
CAND-02598|2024-06-09|2024-06|0
CAND-02600|2024-06-25|2024-06|0
CAND-02601|2024-02-05|2024-02|0
CAND-02602|2024-06-03|2024-06|0
CAND-02603|2024-07-16|2024-07|0
CAND-02607|2024-05-17|2024-05|0
CAND-02609|2024-02-10|2024-02|0
CAND-02610|2024-09-10|2024-09|0
CAND-02611|2024-06-07|2024-06|0
CAND-02612|2024-09-27|2024-09|0
CAND-02615|2024-09-11|2024-09|0
CAND-02616|2024-10-04|2024-10|0
CAND-02618|2024-02-06|2024-02|1
CAND-02619|2024-07-11|2024-07|1
CAND-02620|2024-03-04|2024-03|0
CAND-02621|2024-02-05|2024-02|0
CAND-02622|2024-08-10|2024-08|0
CAND-02624|2024-02-23|2024-02|0
CAND-02628|2024-06-08|2024-06|0
CAND-02629|2024-02-13|2024-02|0
CAND-02631|2024-02-20|2024-02|0
CAND-02632|2024-05-04|2024-05|0
CAND-02633|2024-05-21|2024-05|0
CAND-02634|2024-10-06|2024-10|0
CAND-02635|2024-05-27|2024-05|0
CAND-02636|2024-02-26|2024-02|0
CAND-02641|2024-04-13|2024-04|0
CAND-02643|2024-06-29|2024-06|0
CAND-02644|2024-03-17|2024-03|1
CAND-02645|2024-06-03|2024-06|0
CAND-02646|2024-09-14|2024-09|0
CAND-02647|2024-07-13|2024-07|0
CAND-02648|2024-06-27|2024-06|0
CAND-02649|2024-02-05|2024-02|0
CAND-02650|2024-06-10|2024-06|0
CAND-02651|2024-05-23|2024-05|0
CAND-02652|2024-01-28|2024-01|0
CAND-02653|2024-10-24|2024-10|0
CAND-02654|2024-09-18|2024-09|0
CAND-02655|2024-04-11|2024-04|0
CAND-02656|2024-06-23|2024-06|0
CAND-02658|2024-04-05|2024-04|0
CAND-02659|2024-10-05|2024-10|0
CAND-02660|2024-03-18|2024-03|1
CAND-02662|2024-04-27|2024-04|0
CAND-02664|2024-10-21|2024-10|0
CAND-02665|2024-07-22|2024-07|0
CAND-02666|2024-01-05|2024-01|0
CAND-02669|2024-08-20|2024-08|0
CAND-02671|2024-02-15|2024-02|0
CAND-02672|2024-09-25|2024-09|0
CAND-02673|2024-03-28|2024-03|0
CAND-02674|2024-05-01|2024-05|0
CAND-02675|2024-08-11|2024-08|0
CAND-02676|2024-03-09|2024-03|0
CAND-02677|2024-05-01|2024-05|0
CAND-02678|2024-07-11|2024-07|0
CAND-02679|2024-04-30|2024-04|0
CAND-02680|2024-06-07|2024-06|0
CAND-02681|2024-09-30|2024-09|0
CAND-02682|2024-02-18|2024-02|0
CAND-02683|2024-08-01|2024-08|0
CAND-02685|2024-08-17|2024-08|0
CAND-02688|2024-06-12|2024-06|0
CAND-02689|2024-08-02|2024-08|0
CAND-02690|2024-08-06|2024-08|0
CAND-02691|2024-07-01|2024-07|0
CAND-02694|2024-10-04|2024-10|0
CAND-02696|2024-04-06|2024-04|0
CAND-02700|2024-02-27|2024-02|0
CAND-02702|2024-01-07|2024-01|0
CAND-02703|2024-09-18|2024-09|0
CAND-02705|2024-04-05|2024-04|0
CAND-02706|2024-03-12|2024-03|0
CAND-02708|2024-09-01|2024-09|0
CAND-02709|2024-08-17|2024-08|0
CAND-02711|2024-03-09|2024-03|0
CAND-02714|2024-08-11|2024-08|0
CAND-02715|2024-04-18|2024-04|0
CAND-02716|2024-03-16|2024-03|0
CAND-02718|2024-08-21|2024-08|0
CAND-02719|2024-06-01|2024-06|0
CAND-02720|2024-08-30|2024-08|0
CAND-02721|2024-05-26|2024-05|0
CAND-02722|2024-03-21|2024-03|0
CAND-02723|2024-10-12|2024-10|0
CAND-02724|2024-06-01|2024-06|0
CAND-02727|2024-03-04|2024-03|0
CAND-02728|2024-02-12|2024-02|0
CAND-02729|2024-08-08|2024-08|0
CAND-02730|2024-05-21|2024-05|0
CAND-02731|2024-08-16|2024-08|0
CAND-02733|2024-04-14|2024-04|0
CAND-02735|2024-04-21|2024-04|0
CAND-02736|2024-05-14|2024-05|0
CAND-02740|2024-08-02|2024-08|0
CAND-02741|2024-03-31|2024-03|0
CAND-02743|2024-01-21|2024-01|0
CAND-02744|2024-01-31|2024-01|0
CAND-02745|2024-06-19|2024-06|0
CAND-02746|2024-09-23|2024-09|0
CAND-02747|2024-08-21|2024-08|0
CAND-02748|2024-01-14|2024-01|0
CAND-02750|2024-09-17|2024-09|0
CAND-02751|2024-03-20|2024-03|0
CAND-02753|2024-02-07|2024-02|0
CAND-02754|2024-05-08|2024-05|0
CAND-02755|2024-05-28|2024-05|0
CAND-02756|2024-09-09|2024-09|0
CAND-02758|2024-02-15|2024-02|0
CAND-02761|2024-04-07|2024-04|0
CAND-02762|2024-08-20|2024-08|0
CAND-02763|2024-08-11|2024-08|0
CAND-02764|2024-04-06|2024-04|0
CAND-02765|2024-01-30|2024-01|0
CAND-02766|2024-02-11|2024-02|0
CAND-02767|2024-01-13|2024-01|0
CAND-02768|2024-02-13|2024-02|0
CAND-02769|2024-09-06|2024-09|0
CAND-02770|2024-03-21|2024-03|0
CAND-02771|2024-04-17|2024-04|1
CAND-02772|2024-05-08|2024-05|0
CAND-02774|2024-01-25|2024-01|0
CAND-02776|2024-07-09|2024-07|0
CAND-02777|2024-03-27|2024-03|0
CAND-02778|2024-09-28|2024-09|0
CAND-02780|2024-03-09|2024-03|0
CAND-02781|2024-07-04|2024-07|0
CAND-02782|2024-03-16|2024-03|0
CAND-02783|2024-04-14|2024-04|0
CAND-02784|2024-10-05|2024-10|0
CAND-02785|2024-06-18|2024-06|0
CAND-02788|2024-09-25|2024-09|0
CAND-02790|2024-04-03|2024-04|0
CAND-02791|2024-02-14|2024-02|0
CAND-02792|2024-05-23|2024-05|0
CAND-02793|2024-02-05|2024-02|0
CAND-02794|2024-01-25|2024-01|1
CAND-02795|2024-05-20|2024-05|0
CAND-02796|2024-09-14|2024-09|0
CAND-02797|2024-08-18|2024-08|0
CAND-02798|2024-07-24|2024-07|0
CAND-02799|2024-06-19|2024-06|0
CAND-02801|2024-08-28|2024-08|0
CAND-02802|2024-03-27|2024-03|0
CAND-02805|2024-09-05|2024-09|0
CAND-02807|2024-02-04|2024-02|0
CAND-02809|2024-09-04|2024-09|0
CAND-02810|2024-02-11|2024-02|0
CAND-02812|2024-03-25|2024-03|0
CAND-02813|2024-05-29|2024-05|0
CAND-02814|2024-08-25|2024-08|0
CAND-02816|2024-10-01|2024-10|0
CAND-02817|2024-07-26|2024-07|0
CAND-02818|2024-02-10|2024-02|0
CAND-02819|2024-07-02|2024-07|0
CAND-02820|2024-08-05|2024-08|0
CAND-02821|2024-02-15|2024-02|0
CAND-02822|2024-05-06|2024-05|0
CAND-02824|2024-03-24|2024-03|0
CAND-02825|2024-01-04|2024-01|0
CAND-02826|2024-06-12|2024-06|0
CAND-02827|2024-08-01|2024-08|0
CAND-02828|2024-02-24|2024-02|0
CAND-02829|2024-08-08|2024-08|0
CAND-02830|2024-07-19|2024-07|0
CAND-02831|2024-02-10|2024-02|0
CAND-02835|2024-05-08|2024-05|0
CAND-02838|2024-10-16|2024-10|0
CAND-02840|2024-05-28|2024-05|0
CAND-02841|2024-09-03|2024-09|0
CAND-02842|2024-03-01|2024-03|0
CAND-02843|2024-05-16|2024-05|1
CAND-02844|2024-08-24|2024-08|0
CAND-02845|2024-05-24|2024-05|0
CAND-02847|2024-05-13|2024-05|0
CAND-02848|2024-08-27|2024-08|0
CAND-02849|2024-01-18|2024-01|0
CAND-02850|2024-08-01|2024-08|0
CAND-02851|2024-01-31|2024-01|0
CAND-02852|2024-05-14|2024-05|0
CAND-02854|2024-03-04|2024-03|0
CAND-02856|2024-06-16|2024-06|0
CAND-02859|2024-05-25|2024-05|0
CAND-02860|2024-05-29|2024-05|0
CAND-02861|2024-04-25|2024-04|0
CAND-02862|2024-05-25|2024-05|0
CAND-02863|2024-02-28|2024-02|0
CAND-02865|2024-07-31|2024-07|0
CAND-02866|2024-03-23|2024-03|0
CAND-02867|2024-07-15|2024-07|0
CAND-02868|2024-06-27|2024-06|0
CAND-02869|2024-01-22|2024-01|0
CAND-02871|2024-07-26|2024-07|0
CAND-02872|2024-02-22|2024-02|0
CAND-02873|2024-01-19|2024-01|0
CAND-02874|2024-07-26|2024-07|0
CAND-02878|2024-09-08|2024-09|0
CAND-02879|2024-08-04|2024-08|0
CAND-02880|2024-03-26|2024-03|0
CAND-02881|2024-01-19|2024-01|0
CAND-02883|2024-04-26|2024-04|1
CAND-02884|2024-10-06|2024-10|0
CAND-02886|2024-01-28|2024-01|0
CAND-02887|2024-08-31|2024-08|0
CAND-02889|2024-02-21|2024-02|0
CAND-02890|2024-05-20|2024-05|0
CAND-02891|2024-07-26|2024-07|0
CAND-02892|2024-01-26|2024-01|1
CAND-02894|2024-09-04|2024-09|0
CAND-02895|2024-10-09|2024-10|0
CAND-02896|2024-05-13|2024-05|0
CAND-02897|2024-02-05|2024-02|0
CAND-02899|2024-04-30|2024-04|0
CAND-02901|2024-01-10|2024-01|0
CAND-02902|2024-06-29|2024-06|0
CAND-02903|2024-08-12|2024-08|0
CAND-02904|2024-03-26|2024-03|0
CAND-02905|2024-04-26|2024-04|0
CAND-02906|2024-01-28|2024-01|0
CAND-02907|2024-06-14|2024-06|0
CAND-02909|2024-02-21|2024-02|0
CAND-02910|2024-03-20|2024-03|0
CAND-02911|2024-01-27|2024-01|0
CAND-02912|2024-03-02|2024-03|0
CAND-02914|2024-06-01|2024-06|0
CAND-02915|2024-06-29|2024-06|0
CAND-02916|2024-06-19|2024-06|0
CAND-02917|2024-10-24|2024-10|0
CAND-02918|2024-03-10|2024-03|0
CAND-02920|2024-05-03|2024-05|0
CAND-02921|2024-03-29|2024-03|0
CAND-02922|2024-02-17|2024-02|0
CAND-02923|2024-07-10|2024-07|0
CAND-02925|2024-04-20|2024-04|0
CAND-02926|2024-03-10|2024-03|0
CAND-02927|2024-01-14|2024-01|0
CAND-02929|2024-06-30|2024-06|1
CAND-02931|2024-08-16|2024-08|0
CAND-02932|2024-03-14|2024-03|0
CAND-02934|2024-09-29|2024-09|0
CAND-02935|2024-09-10|2024-09|0
CAND-02937|2024-03-25|2024-03|0
CAND-02938|2024-08-08|2024-08|0
CAND-02939|2024-05-17|2024-05|0
CAND-02940|2024-04-08|2024-04|0
CAND-02941|2024-04-06|2024-04|0
CAND-02942|2024-07-05|2024-07|0
CAND-02943|2024-09-08|2024-09|0
CAND-02944|2024-06-21|2024-06|0
CAND-02945|2024-07-20|2024-07|0
CAND-02946|2024-07-16|2024-07|1
CAND-02947|2024-04-21|2024-04|0
CAND-02949|2024-05-03|2024-05|0
CAND-02950|2024-05-11|2024-05|0
CAND-02952|2024-02-22|2024-02|0
CAND-02954|2024-05-13|2024-05|0
CAND-02955|2024-03-04|2024-03|0
CAND-02956|2024-03-13|2024-03|0
CAND-02958|2024-04-12|2024-04|0
CAND-02959|2024-09-01|2024-09|0
CAND-02960|2024-05-01|2024-05|0
CAND-02961|2024-07-29|2024-07|0
CAND-02962|2024-07-14|2024-07|0
CAND-02964|2024-03-30|2024-03|0
CAND-02966|2024-03-28|2024-03|0
CAND-02967|2024-03-12|2024-03|0
CAND-02969|2024-02-21|2024-02|0
CAND-02971|2024-08-10|2024-08|0
CAND-02973|2024-09-06|2024-09|0
CAND-02974|2024-06-05|2024-06|0
CAND-02975|2024-03-02|2024-03|0
CAND-02976|2024-04-28|2024-04|0
CAND-02977|2024-04-04|2024-04|0
CAND-02978|2024-02-02|2024-02|0
CAND-02979|2024-01-19|2024-01|1
CAND-02980|2024-03-08|2024-03|0
CAND-02981|2024-09-09|2024-09|0
CAND-02982|2024-09-03|2024-09|0
CAND-02983|2024-03-02|2024-03|0
CAND-02984|2024-09-17|2024-09|0
CAND-02985|2024-04-24|2024-04|0
CAND-02987|2024-06-07|2024-06|1
CAND-02988|2024-08-12|2024-08|0
CAND-02990|2024-10-20|2024-10|0
CAND-02991|2024-03-09|2024-03|0
CAND-02992|2024-10-10|2024-10|0
CAND-02994|2024-09-13|2024-09|1
CAND-02997|2024-04-07|2024-04|0
CAND-02998|2024-05-14|2024-05|0
CAND-02999|2024-02-14|2024-02|0
CAND-03000|2024-08-13|2024-08|1
CAND-03001|2024-11-14|2024-11|0
CAND-03002|2024-11-02|2024-11|0
CAND-03003|2024-12-06|2024-12|0
CAND-03004|2024-12-07|2024-12|0
CAND-03006|2025-01-02|2025-01|0
CAND-03007|2024-11-20|2024-11|0
CAND-03008|2024-11-24|2024-11|1
CAND-03010|2024-11-24|2024-11|1
CAND-03011|2024-11-27|2024-11|1
CAND-03012|2024-11-12|2024-11|0
CAND-03013|2024-12-02|2024-12|0
CAND-03014|2024-10-09|2024-10|0
CAND-03015|2024-10-12|2024-10|0
CAND-03016|2025-01-04|2025-01|0
CAND-03019|2024-10-26|2024-10|0
CAND-03020|2024-11-17|2024-11|0
CAND-03021|2024-12-24|2024-12|0
CAND-03022|2024-12-28|2024-12|0
CAND-03023|2024-12-02|2024-12|1
CAND-03025|2024-12-23|2024-12|0
CAND-03026|2024-11-16|2024-11|0
CAND-03027|2024-12-13|2024-12|0
CAND-03028|2025-01-19|2025-01|1
CAND-03029|2024-12-28|2024-12|0
CAND-03030|2024-12-16|2024-12|0
CAND-03031|2024-11-23|2024-11|0
CAND-03032|2024-12-21|2024-12|1
CAND-03033|2024-10-19|2024-10|0
CAND-03034|2024-12-12|2024-12|0
CAND-03035|2024-11-28|2024-11|0
CAND-03038|2024-10-18|2024-10|0
CAND-03040|2024-12-26|2024-12|0
CAND-03041|2024-10-18|2024-10|0
CAND-03042|2024-12-26|2024-12|0
CAND-03044|2024-11-16|2024-11|0
CAND-03046|2024-11-02|2024-11|0
CAND-03047|2024-11-24|2024-11|0
CAND-03048|2024-12-12|2024-12|0
CAND-03051|2024-10-29|2024-10|0
CAND-03052|2024-11-26|2024-11|0
CAND-03053|2025-01-22|2025-01|0
CAND-03054|2024-11-04|2024-11|0
CAND-03055|2024-12-21|2024-12|0
CAND-03056|2024-12-24|2024-12|0
CAND-03057|2024-12-12|2024-12|0
CAND-03058|2025-01-15|2025-01|0
CAND-03059|2024-10-18|2024-10|0
CAND-03061|2024-11-06|2024-11|0
CAND-03062|2024-10-07|2024-10|0
CAND-03063|2024-11-18|2024-11|0
CAND-03064|2024-11-22|2024-11|0
CAND-03065|2024-11-26|2024-11|1
CAND-03066|2024-10-22|2024-10|0
CAND-03067|2024-10-29|2024-10|0
CAND-03068|2024-12-31|2024-12|0
CAND-03070|2024-11-02|2024-11|0
CAND-03074|2024-10-21|2024-10|1
CAND-03075|2024-12-14|2024-12|0
CAND-03076|2024-11-03|2024-11|0
CAND-03079|2024-12-25|2024-12|0
CAND-03081|2025-01-05|2025-01|0
CAND-03082|2024-11-20|2024-11|0
CAND-03083|2024-12-22|2024-12|0
CAND-03084|2024-12-10|2024-12|1
CAND-03085|2025-01-07|2025-01|0
CAND-03086|2024-12-03|2024-12|0
CAND-03088|2024-11-18|2024-11|0
CAND-03089|2025-01-05|2025-01|0
CAND-03090|2025-01-11|2025-01|0
CAND-03091|2024-12-05|2024-12|0
CAND-03092|2024-12-08|2024-12|0
CAND-03093|2024-10-06|2024-10|0
CAND-03094|2024-10-20|2024-10|0
CAND-03096|2024-12-07|2024-12|1
CAND-03097|2024-11-13|2024-11|0
CAND-03098|2024-12-30|2024-12|0
CAND-03099|2024-11-02|2024-11|0
CAND-03100|2024-11-29|2024-11|0
CAND-03103|2024-12-21|2024-12|0
CAND-03105|2024-10-19|2024-10|0
CAND-03107|2024-10-18|2024-10|0
CAND-03108|2024-11-30|2024-11|0
CAND-03109|2024-11-04|2024-11|0
CAND-03110|2024-10-27|2024-10|0
CAND-03111|2024-11-23|2024-11|0
CAND-03112|2024-12-01|2024-12|0
CAND-03114|2024-12-17|2024-12|0
CAND-03115|2024-12-04|2024-12|0
CAND-03116|2024-12-27|2024-12|0
CAND-03118|2024-11-10|2024-11|0
CAND-03119|2024-10-11|2024-10|0
CAND-03120|2024-10-22|2024-10|0
CAND-03121|2024-12-02|2024-12|0
CAND-03122|2024-12-05|2024-12|0
CAND-03123|2024-12-09|2024-12|1
CAND-03124|2024-12-13|2024-12|0
CAND-03125|2024-12-28|2024-12|1
CAND-03126|2025-01-01|2025-01|0
CAND-03127|2024-12-26|2024-12|0
CAND-03128|2024-12-17|2024-12|0
CAND-03129|2024-10-28|2024-10|0
CAND-03130|2024-12-07|2024-12|0
CAND-03132|2025-01-15|2025-01|0
CAND-03133|2024-11-04|2024-11|0
CAND-03136|2024-11-12|2024-11|0
CAND-03137|2024-12-25|2024-12|0
CAND-03138|2024-12-04|2024-12|0
CAND-03140|2024-10-22|2024-10|0
CAND-03141|2025-01-13|2025-01|0
CAND-03142|2024-11-17|2024-11|0
CAND-03145|2025-01-05|2025-01|0
CAND-03147|2024-10-27|2024-10|0
CAND-03150|2024-11-03|2024-11|0
CAND-03151|2024-12-05|2024-12|0
CAND-03152|2024-10-31|2024-10|0
CAND-03153|2024-12-06|2024-12|0
CAND-03155|2024-12-04|2024-12|0
CAND-03157|2024-12-08|2024-12|0
CAND-03158|2024-10-10|2024-10|0
CAND-03159|2024-11-08|2024-11|1
CAND-03160|2024-10-22|2024-10|0
CAND-03161|2025-01-18|2025-01|0
CAND-03162|2024-10-17|2024-10|0
CAND-03163|2024-11-14|2024-11|1
CAND-03164|2024-12-26|2024-12|0
CAND-03165|2024-11-25|2024-11|0
CAND-03167|2024-10-27|2024-10|0
CAND-03168|2024-11-10|2024-11|0
CAND-03170|2024-10-27|2024-10|0
CAND-03172|2024-10-24|2024-10|0
CAND-03175|2024-12-17|2024-12|0
CAND-03177|2025-01-05|2025-01|0
CAND-03179|2024-12-06|2024-12|0
CAND-03181|2024-12-21|2024-12|0
CAND-03182|2024-12-06|2024-12|1
CAND-03183|2025-01-18|2025-01|0
CAND-03184|2024-12-08|2024-12|0
CAND-03185|2024-12-20|2024-12|1
CAND-03186|2024-12-27|2024-12|0
CAND-03187|2024-10-17|2024-10|0
CAND-03188|2024-11-18|2024-11|1
CAND-03189|2024-11-01|2024-11|0
CAND-03191|2025-01-16|2025-01|0
CAND-03193|2024-12-21|2024-12|0
CAND-03195|2024-10-14|2024-10|0
CAND-03196|2024-10-31|2024-10|0
CAND-03197|2025-01-04|2025-01|0
CAND-03198|2024-10-20|2024-10|0
CAND-03199|2024-12-21|2024-12|0
CAND-03200|2024-11-07|2024-11|0
CAND-03201|2024-11-11|2024-11|0
CAND-03203|2024-12-30|2024-12|1
CAND-03204|2024-11-08|2024-11|0
CAND-03207|2025-01-12|2025-01|0
CAND-03208|2024-10-15|2024-10|0
CAND-03210|2024-10-29|2024-10|0
CAND-03212|2024-11-21|2024-11|0
CAND-03214|2024-10-09|2024-10|0
CAND-03215|2024-11-01|2024-11|0
CAND-03216|2024-11-28|2024-11|0
CAND-03217|2025-01-23|2025-01|1
CAND-03219|2024-12-19|2024-12|0
CAND-03221|2024-11-28|2024-11|0
CAND-03222|2024-11-24|2024-11|0
CAND-03223|2024-12-08|2024-12|0
CAND-03224|2024-11-06|2024-11|0
CAND-03226|2024-11-22|2024-11|0
CAND-03227|2024-12-09|2024-12|0
CAND-03228|2024-12-08|2024-12|0
CAND-03229|2024-12-10|2024-12|0
CAND-03230|2024-10-11|2024-10|0
CAND-03231|2024-11-05|2024-11|0
CAND-03234|2024-11-27|2024-11|0
CAND-03235|2024-12-25|2024-12|0
CAND-03237|2025-01-02|2025-01|0
CAND-03238|2024-12-01|2024-12|0
CAND-03240|2024-12-11|2024-12|1
CAND-03241|2024-12-14|2024-12|0
CAND-03243|2024-12-15|2024-12|0
CAND-03244|2024-11-18|2024-11|0
CAND-03245|2024-11-14|2024-11|0
CAND-03246|2025-01-16|2025-01|0
CAND-03247|2024-10-23|2024-10|0
CAND-03248|2024-12-26|2024-12|0
CAND-03249|2024-11-10|2024-11|0
CAND-03250|2024-12-24|2024-12|0
CAND-03251|2024-12-22|2024-12|0
CAND-03252|2024-12-01|2024-12|0
CAND-03253|2024-12-23|2024-12|0
CAND-03254|2024-10-21|2024-10|0
CAND-03255|2024-11-05|2024-11|0
CAND-03256|2024-12-28|2024-12|0
CAND-03259|2024-11-15|2024-11|0
CAND-03260|2024-11-29|2024-11|0
CAND-03261|2024-10-24|2024-10|0
CAND-03262|2024-11-04|2024-11|1
CAND-03263|2024-11-27|2024-11|0
CAND-03264|2024-12-10|2024-12|0
CAND-03265|2024-10-21|2024-10|0
CAND-03266|2024-12-04|2024-12|0
CAND-03267|2024-12-23|2024-12|0
CAND-03269|2024-11-17|2024-11|0
CAND-03270|2024-10-16|2024-10|0
CAND-03271|2024-11-29|2024-11|0
CAND-03272|2024-12-14|2024-12|0
CAND-03273|2024-10-15|2024-10|0
CAND-03274|2024-12-18|2024-12|1
CAND-03276|2024-12-14|2024-12|1
CAND-03278|2024-12-21|2024-12|0
CAND-03279|2024-11-08|2024-11|0
CAND-03282|2024-11-14|2024-11|0
CAND-03283|2024-12-03|2024-12|0
CAND-03284|2024-11-22|2024-11|0
CAND-03285|2024-11-16|2024-11|0
CAND-03286|2024-12-01|2024-12|0
CAND-03287|2025-01-03|2025-01|0
CAND-03288|2024-12-11|2024-12|0
CAND-03296|2024-11-04|2024-11|0
CAND-03297|2024-10-29|2024-10|0
CAND-03298|2024-10-18|2024-10|0
CAND-03300|2024-11-02|2024-11|0
CAND-03301|2024-12-28|2024-12|0
CAND-03302|2024-12-28|2024-12|0
CAND-03303|2024-11-15|2024-11|0
CAND-03304|2024-11-02|2024-11|0
CAND-03305|2024-12-05|2024-12|0
CAND-03306|2025-01-03|2025-01|0
CAND-03308|2024-12-14|2024-12|0
CAND-03309|2024-12-31|2024-12|0
CAND-03310|2024-12-12|2024-12|0
CAND-03311|2024-12-25|2024-12|1
CAND-03312|2024-10-31|2024-10|1
CAND-03313|2024-12-08|2024-12|0
CAND-03314|2024-12-05|2024-12|0
CAND-03315|2024-12-12|2024-12|0
CAND-03316|2025-01-11|2025-01|0
CAND-03317|2025-01-02|2025-01|0
CAND-03318|2024-12-10|2024-12|0
CAND-03319|2024-12-24|2024-12|0
CAND-03320|2024-11-09|2024-11|0
CAND-03321|2024-10-24|2024-10|0
CAND-03322|2024-10-11|2024-10|0
CAND-03323|2024-12-14|2024-12|0
CAND-03324|2025-01-08|2025-01|0
CAND-03327|2024-12-26|2024-12|0
CAND-03328|2024-11-05|2024-11|0
CAND-03329|2024-10-05|2024-10|0
CAND-03330|2024-12-10|2024-12|0
CAND-03331|2024-12-21|2024-12|0
CAND-03332|2024-10-26|2024-10|0
CAND-03333|2024-11-02|2024-11|0
CAND-03335|2024-11-05|2024-11|0
CAND-03336|2024-12-27|2024-12|1
CAND-03337|2024-11-25|2024-11|0
CAND-03339|2025-01-06|2025-01|0
CAND-03340|2025-01-09|2025-01|0
CAND-03341|2024-10-23|2024-10|1
CAND-03343|2024-10-30|2024-10|0
CAND-03344|2025-01-15|2025-01|0
CAND-03345|2024-11-28|2024-11|0
CAND-03346|2024-11-22|2024-11|0
CAND-03347|2024-12-01|2024-12|0
CAND-03349|2024-12-22|2024-12|0
CAND-03351|2024-11-03|2024-11|0
CAND-03352|2025-01-24|2025-01|0
CAND-03353|2024-10-28|2024-10|0
CAND-03354|2024-10-29|2024-10|0
CAND-03356|2024-11-29|2024-11|0
CAND-03357|2024-10-19|2024-10|0
CAND-03358|2024-11-08|2024-11|0
CAND-03359|2024-10-22|2024-10|0
CAND-03360|2024-10-18|2024-10|0
CAND-03362|2024-11-17|2024-11|0
CAND-03365|2024-11-17|2024-11|0
CAND-03367|2024-11-11|2024-11|0
CAND-03368|2024-12-01|2024-12|0
CAND-03369|2024-11-07|2024-11|0
CAND-03370|2024-12-20|2024-12|0
CAND-03372|2024-12-30|2024-12|0
CAND-03373|2024-11-28|2024-11|0
CAND-03375|2024-12-17|2024-12|0
CAND-03376|2024-10-25|2024-10|0
CAND-03378|2024-11-03|2024-11|0
CAND-03380|2024-10-30|2024-10|0
CAND-03382|2024-11-05|2024-11|0
CAND-03383|2024-12-16|2024-12|0
CAND-03384|2024-11-20|2024-11|0
CAND-03386|2025-01-08|2025-01|0
CAND-03387|2024-12-07|2024-12|0
CAND-03388|2024-11-03|2024-11|0
CAND-03389|2024-12-30|2024-12|1
CAND-03390|2024-10-19|2024-10|0
CAND-03391|2024-10-18|2024-10|0
CAND-03392|2024-11-28|2024-11|0
CAND-03393|2024-12-30|2024-12|0
CAND-03394|2024-12-22|2024-12|0
CAND-03398|2024-11-13|2024-11|0
CAND-03403|2024-12-25|2024-12|0
CAND-03404|2025-01-02|2025-01|0
CAND-03405|2024-10-31|2024-10|0
CAND-03406|2024-12-06|2024-12|0
CAND-03407|2024-11-03|2024-11|1
CAND-03408|2024-11-14|2024-11|0
CAND-03409|2024-12-25|2024-12|0
CAND-03410|2025-01-01|2025-01|0
CAND-03412|2025-01-25|2025-01|0
CAND-03413|2024-12-07|2024-12|0
CAND-03414|2024-11-16|2024-11|0
CAND-03415|2024-12-15|2024-12|0
CAND-03416|2024-11-09|2024-11|0
CAND-03417|2024-11-21|2024-11|0
CAND-03418|2024-10-16|2024-10|0
CAND-03419|2024-10-14|2024-10|0
CAND-03420|2024-10-30|2024-10|0
CAND-03423|2024-12-28|2024-12|0
CAND-03426|2024-10-24|2024-10|0
CAND-03427|2024-10-15|2024-10|0
CAND-03429|2024-10-25|2024-10|0
CAND-03430|2024-10-29|2024-10|0
CAND-03431|2025-01-09|2025-01|0
CAND-03433|2024-10-22|2024-10|0
CAND-03434|2024-10-31|2024-10|0
CAND-03435|2024-11-04|2024-11|0
CAND-03436|2024-10-31|2024-10|0
CAND-03437|2024-12-27|2024-12|0
CAND-03438|2024-11-02|2024-11|0
CAND-03439|2024-11-28|2024-11|0
CAND-03440|2024-11-19|2024-11|0
CAND-03441|2024-11-13|2024-11|0
CAND-03443|2025-01-11|2025-01|0
CAND-03445|2025-01-11|2025-01|0
CAND-03447|2024-12-11|2024-12|1
CAND-03451|2024-10-28|2024-10|0
CAND-03453|2024-12-25|2024-12|0
CAND-03454|2025-01-20|2025-01|0
CAND-03455|2024-10-26|2024-10|1
CAND-03456|2024-11-21|2024-11|0
CAND-03457|2024-11-22|2024-11|0
CAND-03458|2024-12-13|2024-12|0
CAND-03459|2024-12-14|2024-12|0
CAND-03460|2024-11-27|2024-11|0
CAND-03461|2024-11-26|2024-11|0
CAND-03462|2024-10-28|2024-10|1
CAND-03463|2024-10-06|2024-10|0
CAND-03464|2024-12-25|2024-12|0
CAND-03465|2024-10-27|2024-10|0
CAND-03466|2024-10-10|2024-10|1
CAND-03468|2024-11-30|2024-11|0
CAND-03469|2024-11-20|2024-11|1
CAND-03470|2024-11-15|2024-11|0
CAND-03471|2024-10-16|2024-10|1
CAND-03472|2024-11-27|2024-11|0
CAND-03473|2025-01-07|2025-01|0
CAND-03474|2025-01-15|2025-01|0
CAND-03475|2024-12-18|2024-12|0
CAND-03477|2024-11-10|2024-11|1
CAND-03478|2024-11-28|2024-11|0
CAND-03479|2024-11-11|2024-11|0
CAND-03480|2024-10-27|2024-10|0
CAND-03481|2024-11-28|2024-11|1
CAND-03482|2024-10-08|2024-10|0
CAND-03483|2024-11-10|2024-11|0
CAND-03484|2024-11-22|2024-11|0
CAND-03485|2024-11-14|2024-11|0
CAND-03487|2024-12-07|2024-12|0
CAND-03488|2024-12-12|2024-12|0
CAND-03489|2024-11-13|2024-11|0
CAND-03490|2025-01-09|2025-01|0
CAND-03491|2024-10-21|2024-10|0
CAND-03492|2024-10-03|2024-10|0
CAND-03493|2024-10-26|2024-10|0
CAND-03494|2024-12-01|2024-12|1
CAND-03495|2024-12-27|2024-12|0
CAND-03496|2024-11-13|2024-11|0
CAND-03497|2024-10-15|2024-10|0
CAND-03498|2025-01-05|2025-01|0
CAND-03499|2024-11-13|2024-11|0
CAND-03500|2024-12-07|2024-12|0
CAND-03501|2024-11-20|2024-11|0
CAND-03502|2025-01-10|2025-01|0
CAND-03503|2024-12-29|2024-12|0
CAND-03504|2025-01-09|2025-01|0
CAND-03505|2024-12-17|2024-12|0
CAND-03507|2024-11-14|2024-11|0
CAND-03510|2024-12-07|2024-12|0
CAND-03511|2024-12-24|2024-12|0
CAND-03512|2024-11-25|2024-11|0
CAND-03513|2024-12-26|2024-12|0
CAND-03515|2024-12-28|2024-12|0
CAND-03516|2025-01-15|2025-01|0
CAND-03517|2024-11-24|2024-11|0
CAND-03518|2024-10-31|2024-10|0
CAND-03519|2024-10-20|2024-10|0
CAND-03520|2025-01-08|2025-01|0
CAND-03521|2024-11-30|2024-11|0
CAND-03522|2025-01-14|2025-01|1
CAND-03523|2024-11-24|2024-11|0
CAND-03524|2024-12-25|2024-12|0
CAND-03525|2024-12-31|2024-12|0
CAND-03526|2024-12-24|2024-12|0
CAND-03527|2024-12-14|2024-12|0
CAND-03528|2024-12-23|2024-12|0
CAND-03529|2024-12-05|2024-12|0
CAND-03531|2025-01-08|2025-01|0
CAND-03532|2024-11-05|2024-11|0
CAND-03533|2024-12-15|2024-12|0
CAND-03535|2024-11-22|2024-11|0
CAND-03536|2025-01-19|2025-01|0
CAND-03539|2024-10-31|2024-10|0
CAND-03542|2024-12-31|2024-12|0
CAND-03544|2025-01-02|2025-01|0
CAND-03545|2025-01-06|2025-01|0
CAND-03546|2024-12-14|2024-12|0
CAND-03547|2024-11-23|2024-11|0
CAND-03548|2025-01-21|2025-01|0
CAND-03549|2024-10-26|2024-10|0
CAND-03550|2024-12-13|2024-12|0
CAND-03551|2024-10-17|2024-10|0
CAND-03553|2024-12-10|2024-12|0
CAND-03554|2024-11-07|2024-11|0
CAND-03555|2024-10-25|2024-10|0
CAND-03558|2024-12-24|2024-12|0
CAND-03559|2024-12-11|2024-12|0
CAND-03561|2024-12-04|2024-12|0
CAND-03562|2024-10-13|2024-10|0
CAND-03563|2024-11-02|2024-11|1
CAND-03564|2024-11-26|2024-11|0
CAND-03565|2024-10-26|2024-10|0
CAND-03566|2024-11-07|2024-11|0
CAND-03567|2024-10-22|2024-10|0
CAND-03569|2024-12-08|2024-12|0
CAND-03570|2024-10-25|2024-10|0
CAND-03572|2024-11-07|2024-11|0
CAND-03573|2024-12-02|2024-12|1
CAND-03574|2024-12-07|2024-12|0
CAND-03577|2024-10-09|2024-10|0
CAND-03578|2024-12-18|2024-12|0
CAND-03579|2024-10-30|2024-10|0
CAND-03580|2024-12-31|2024-12|0
CAND-03584|2024-10-26|2024-10|0
CAND-03587|2025-01-08|2025-01|0
CAND-03590|2024-11-01|2024-11|0
CAND-03591|2024-12-28|2024-12|0
CAND-03594|2024-12-22|2024-12|0
CAND-03596|2024-11-29|2024-11|1
CAND-03597|2024-12-31|2024-12|0
CAND-03598|2024-12-30|2024-12|0
CAND-03599|2024-12-17|2024-12|0
CAND-03600|2024-12-16|2024-12|0
CAND-03602|2024-10-26|2024-10|0
CAND-03604|2024-10-31|2024-10|0
CAND-03608|2024-11-29|2024-11|0
CAND-03610|2024-11-18|2024-11|0
CAND-03611|2024-12-05|2024-12|0
CAND-03612|2024-12-29|2024-12|0
CAND-03615|2024-12-05|2024-12|0
CAND-03616|2024-12-15|2024-12|0
CAND-03617|2024-11-15|2024-11|0
CAND-03618|2024-11-29|2024-11|1
CAND-03619|2024-11-04|2024-11|1
CAND-03620|2025-01-28|2025-01|0
CAND-03621|2025-01-01|2025-01|0
CAND-03623|2024-12-11|2024-12|0
CAND-03624|2024-12-21|2024-12|0
CAND-03625|2024-12-06|2024-12|0
CAND-03626|2024-11-04|2024-11|0
CAND-03628|2024-12-02|2024-12|0
CAND-03629|2024-10-23|2024-10|0
CAND-03630|2024-11-04|2024-11|0
CAND-03631|2024-11-22|2024-11|0
CAND-03632|2024-10-30|2024-10|0
CAND-03633|2025-01-25|2025-01|0
CAND-03634|2025-01-04|2025-01|1
CAND-03636|2024-11-18|2024-11|1
CAND-03638|2024-12-08|2024-12|1
CAND-03639|2025-01-13|2025-01|0
CAND-03641|2024-11-09|2024-11|0
CAND-03643|2024-10-25|2024-10|0
CAND-03644|2024-10-28|2024-10|0
CAND-03645|2024-11-08|2024-11|0
CAND-03646|2024-12-12|2024-12|0
CAND-03647|2024-12-02|2024-12|0
CAND-03648|2024-12-21|2024-12|0
CAND-03649|2024-12-23|2024-12|0
CAND-03650|2024-12-30|2024-12|0
CAND-03651|2024-11-11|2024-11|0
CAND-03655|2024-10-15|2024-10|0
CAND-03656|2024-12-23|2024-12|0
CAND-03658|2025-01-01|2025-01|0
CAND-03659|2024-10-23|2024-10|1
CAND-03660|2024-11-03|2024-11|0
CAND-03661|2024-12-18|2024-12|0
CAND-03662|2024-11-26|2024-11|0
CAND-03663|2024-10-27|2024-10|0
CAND-03664|2025-01-12|2025-01|1
CAND-03665|2024-11-25|2024-11|0
CAND-03666|2024-12-15|2024-12|0
CAND-03667|2024-12-23|2024-12|0
CAND-03668|2024-11-25|2024-11|1
CAND-03669|2024-10-15|2024-10|0
CAND-03672|2024-11-24|2024-11|0
CAND-03673|2025-01-15|2025-01|0
CAND-03675|2024-11-27|2024-11|0
CAND-03676|2024-12-21|2024-12|0
CAND-03677|2024-12-14|2024-12|0
CAND-03678|2025-01-12|2025-01|0
CAND-03679|2024-11-03|2024-11|0
CAND-03680|2025-01-01|2025-01|0
CAND-03682|2024-11-26|2024-11|0
CAND-03684|2024-11-05|2024-11|0
CAND-03685|2024-11-26|2024-11|1
CAND-03686|2025-01-02|2025-01|0
CAND-03687|2024-11-08|2024-11|0
CAND-03688|2024-12-14|2024-12|0
CAND-03689|2024-11-09|2024-11|0
CAND-03690|2024-10-23|2024-10|0
CAND-03691|2025-01-20|2025-01|0
CAND-03692|2024-12-15|2024-12|0
CAND-03694|2024-10-20|2024-10|0
CAND-03695|2024-12-28|2024-12|0
CAND-03696|2024-12-23|2024-12|0
CAND-03697|2024-11-21|2024-11|0
CAND-03698|2024-12-10|2024-12|0
CAND-03699|2024-10-15|2024-10|0
CAND-03701|2024-12-16|2024-12|0
CAND-03702|2025-01-22|2025-01|0
CAND-03703|2025-01-05|2025-01|0
CAND-03706|2024-10-10|2024-10|0
CAND-03707|2024-12-11|2024-12|0
CAND-03708|2024-11-04|2024-11|0
CAND-03709|2024-12-22|2024-12|0
CAND-03710|2024-12-26|2024-12|0
CAND-03711|2024-11-05|2024-11|0
CAND-03714|2024-11-05|2024-11|0
CAND-03716|2024-12-19|2024-12|1
CAND-03717|2024-12-17|2024-12|0
CAND-03718|2024-12-28|2024-12|1
CAND-03719|2025-01-22|2025-01|0
CAND-03722|2024-10-17|2024-10|0
CAND-03723|2024-11-08|2024-11|0
CAND-03725|2025-01-03|2025-01|0
CAND-03727|2024-11-01|2024-11|0
CAND-03728|2024-12-08|2024-12|0
CAND-03729|2025-01-14|2025-01|1
CAND-03730|2024-12-17|2024-12|0
CAND-03733|2024-12-20|2024-12|0
CAND-03735|2024-11-03|2024-11|0
CAND-03736|2024-12-15|2024-12|0
CAND-03737|2024-11-18|2024-11|0
CAND-03739|2024-11-11|2024-11|0
CAND-03740|2024-10-28|2024-10|0
CAND-03741|2024-10-29|2024-10|0
CAND-03742|2024-10-29|2024-10|0
CAND-03744|2024-12-03|2024-12|0
CAND-03745|2024-10-26|2024-10|0
CAND-03746|2024-11-10|2024-11|0
CAND-03747|2024-12-19|2024-12|0
CAND-03748|2024-12-14|2024-12|0
CAND-03749|2024-11-07|2024-11|0
CAND-03750|2024-12-13|2024-12|0
CAND-03753|2024-11-14|2024-11|1
CAND-03754|2024-12-30|2024-12|0
CAND-03755|2024-11-15|2024-11|0
CAND-03756|2025-01-15|2025-01|1
CAND-03758|2024-12-03|2024-12|0
CAND-03760|2024-11-18|2024-11|0
CAND-03761|2024-11-04|2024-11|0
CAND-03762|2024-12-31|2024-12|0
CAND-03763|2025-01-12|2025-01|0
CAND-03764|2024-12-12|2024-12|0
CAND-03765|2024-11-13|2024-11|0
CAND-03766|2024-12-29|2024-12|0
CAND-03767|2025-01-16|2025-01|0
CAND-03769|2024-12-10|2024-12|0
CAND-03771|2024-10-24|2024-10|0
CAND-03772|2024-11-28|2024-11|0
CAND-03773|2024-11-07|2024-11|0
CAND-03774|2024-12-09|2024-12|0
CAND-03777|2024-12-31|2024-12|0
CAND-03778|2024-12-22|2024-12|0
CAND-03779|2024-10-08|2024-10|0
CAND-03780|2024-12-19|2024-12|0
CAND-03781|2024-11-01|2024-11|0
CAND-03783|2024-12-10|2024-12|0
CAND-03786|2025-01-19|2025-01|1
CAND-03787|2024-11-24|2024-11|0
CAND-03788|2024-12-17|2024-12|0
CAND-03789|2024-11-12|2024-11|0
CAND-03790|2024-12-05|2024-12|0
CAND-03791|2024-10-11|2024-10|0
CAND-03792|2024-11-14|2024-11|0
CAND-03794|2024-12-23|2024-12|0
CAND-03795|2024-10-11|2024-10|0
CAND-03796|2024-12-16|2024-12|0
CAND-03798|2024-11-02|2024-11|0
CAND-03801|2025-01-01|2025-01|0
CAND-03802|2024-11-03|2024-11|0
CAND-03803|2024-12-23|2024-12|0
CAND-03806|2024-10-29|2024-10|0
CAND-03808|2024-11-30|2024-11|1
CAND-03810|2024-11-22|2024-11|0
CAND-03811|2025-01-04|2025-01|0
CAND-03812|2025-01-05|2025-01|0
CAND-03814|2024-10-20|2024-10|0
CAND-03815|2024-12-09|2024-12|0
CAND-03816|2024-12-05|2024-12|0
CAND-03817|2024-11-25|2024-11|0
CAND-03818|2024-12-09|2024-12|0
CAND-03823|2024-11-04|2024-11|0
CAND-03824|2024-12-07|2024-12|0
CAND-03825|2025-01-08|2025-01|1
CAND-03827|2024-10-22|2024-10|1
CAND-03828|2024-12-10|2024-12|0
CAND-03829|2024-12-31|2024-12|0
CAND-03831|2024-12-11|2024-12|0
CAND-03832|2025-01-08|2025-01|0
CAND-03833|2024-12-20|2024-12|0
CAND-03835|2025-01-14|2025-01|0
CAND-03837|2024-10-23|2024-10|0
CAND-03840|2024-12-23|2024-12|1
CAND-03843|2024-12-22|2024-12|0
CAND-03846|2025-01-20|2025-01|0
CAND-03847|2024-12-24|2024-12|0
CAND-03849|2024-12-22|2024-12|0
CAND-03850|2024-12-07|2024-12|0
CAND-03851|2024-12-13|2024-12|0
CAND-03852|2024-10-31|2024-10|0
CAND-03853|2024-11-18|2024-11|0
CAND-03854|2024-11-17|2024-11|0
CAND-03855|2024-12-11|2024-12|0
CAND-03856|2024-11-08|2024-11|0
CAND-03857|2025-01-02|2025-01|0
CAND-03858|2025-01-18|2025-01|0
CAND-03859|2024-10-31|2024-10|0
CAND-03860|2024-10-17|2024-10|0
CAND-03861|2024-11-15|2024-11|0
CAND-03862|2025-01-09|2025-01|0
CAND-03863|2025-01-01|2025-01|0
CAND-03865|2025-01-10|2025-01|0
CAND-03867|2025-01-12|2025-01|0
CAND-03868|2024-12-15|2024-12|0
CAND-03869|2024-11-27|2024-11|0
CAND-03870|2025-01-11|2025-01|0
CAND-03873|2024-12-19|2024-12|0
CAND-03874|2024-12-10|2024-12|0
CAND-03875|2024-12-06|2024-12|0
CAND-03878|2024-11-06|2024-11|0
CAND-03881|2024-11-25|2024-11|0
CAND-03882|2025-01-27|2025-01|0
CAND-03883|2024-10-31|2024-10|0
CAND-03886|2025-01-01|2025-01|0
CAND-03887|2025-01-23|2025-01|0
CAND-03888|2024-11-02|2024-11|0
CAND-03889|2024-11-12|2024-11|0
CAND-03890|2024-11-26|2024-11|0
CAND-03891|2025-01-01|2025-01|0
CAND-03892|2024-12-19|2024-12|0
CAND-03893|2024-10-15|2024-10|0
CAND-03895|2024-10-19|2024-10|0
CAND-03896|2024-12-10|2024-12|0
CAND-03898|2024-10-12|2024-10|0
CAND-03899|2024-11-27|2024-11|1
CAND-03900|2024-12-17|2024-12|0
CAND-03901|2024-11-02|2024-11|0
CAND-03902|2025-01-14|2025-01|0
CAND-03905|2025-01-04|2025-01|0
CAND-03906|2024-11-04|2024-11|0
CAND-03907|2024-10-27|2024-10|1
CAND-03908|2025-01-24|2025-01|0
CAND-03909|2024-12-04|2024-12|0
CAND-03910|2024-11-18|2024-11|0
CAND-03911|2024-11-28|2024-11|0
CAND-03912|2025-01-18|2025-01|1
CAND-03913|2024-11-22|2024-11|0
CAND-03915|2024-12-30|2024-12|0
CAND-03916|2024-12-23|2024-12|0
CAND-03917|2024-11-04|2024-11|0
CAND-03918|2024-10-26|2024-10|0
CAND-03920|2025-01-01|2025-01|0
CAND-03921|2024-11-01|2024-11|0
CAND-03922|2024-11-19|2024-11|1
CAND-03923|2024-12-29|2024-12|1
CAND-03924|2024-12-21|2024-12|0
CAND-03926|2024-11-22|2024-11|0
CAND-03927|2025-01-21|2025-01|0
CAND-03928|2024-10-18|2024-10|0
CAND-03929|2024-11-17|2024-11|0
CAND-03930|2024-11-06|2024-11|0
CAND-03931|2025-01-10|2025-01|0
CAND-03932|2024-10-29|2024-10|0
CAND-03933|2025-01-17|2025-01|0
CAND-03934|2024-12-18|2024-12|0
CAND-03935|2024-11-22|2024-11|0
CAND-03937|2024-12-15|2024-12|0
CAND-03938|2024-11-21|2024-11|0
CAND-03939|2024-12-20|2024-12|0
CAND-03943|2024-11-18|2024-11|0
CAND-03944|2024-10-12|2024-10|0
CAND-03945|2024-12-25|2024-12|0
CAND-03946|2025-01-04|2025-01|0
CAND-03948|2024-12-14|2024-12|1
CAND-03950|2025-01-22|2025-01|0
CAND-03951|2024-12-08|2024-12|0
CAND-03952|2024-11-14|2024-11|0
CAND-03953|2024-11-18|2024-11|0
CAND-03954|2024-12-15|2024-12|0
CAND-03956|2024-11-22|2024-11|0
CAND-03957|2024-11-18|2024-11|0
CAND-03958|2024-10-22|2024-10|0
CAND-03959|2024-12-14|2024-12|0
CAND-03960|2024-12-01|2024-12|0
CAND-03961|2024-12-06|2024-12|0
CAND-03962|2024-12-31|2024-12|0
CAND-03963|2024-12-23|2024-12|0
CAND-03964|2025-01-01|2025-01|1
CAND-03965|2024-11-27|2024-11|1
CAND-03966|2024-12-03|2024-12|0
CAND-03967|2024-12-17|2024-12|0
CAND-03968|2024-10-31|2024-10|0
CAND-03970|2024-12-27|2024-12|0
CAND-03971|2025-01-24|2025-01|1
CAND-03972|2024-12-18|2024-12|0
CAND-03978|2024-10-26|2024-10|0
CAND-03979|2024-11-26|2024-11|0
CAND-03980|2024-12-20|2024-12|0
CAND-03981|2024-11-18|2024-11|0
CAND-03982|2025-01-09|2025-01|0
CAND-03984|2025-01-15|2025-01|1
CAND-03987|2024-11-22|2024-11|0
CAND-03988|2024-11-02|2024-11|0
CAND-03989|2024-11-26|2024-11|0
CAND-03990|2024-12-01|2024-12|0
CAND-03992|2024-10-20|2024-10|0
CAND-03993|2024-12-26|2024-12|0
CAND-03994|2024-11-23|2024-11|0
CAND-03995|2024-11-15|2024-11|1
CAND-03997|2024-12-08|2024-12|0
CAND-03998|2024-10-05|2024-10|0
CAND-03999|2024-11-15|2024-11|0
CAND-04000|2024-12-24|2024-12|0
CAND-PH0001|2024-07-16|2024-07|0
CAND-PH0002|2024-04-19|2024-04|0
CAND-PH0003|2024-05-01|2024-05|0
CAND-PH0004|2024-08-10|2024-08|0
CAND-PH0005|2025-01-12|2025-01|0
CAND-PH0007|2024-10-06|2024-10|0
CAND-PH0008|2024-12-19|2024-12|0
CAND-PH0009|2024-07-18|2024-07|0
CAND-PH0010|2024-05-16|2024-05|0
CAND-PH0011|2024-05-28|2024-05|0
CAND-PH0012|2024-02-24|2024-02|0
CAND-PH0013|2024-02-15|2024-02|0
CAND-PH0014|2024-09-11|2024-09|0
CAND-PH0017|2024-05-08|2024-05|0
CAND-PH0018|2024-11-18|2024-11|0
CAND-PH0019|2024-07-15|2024-07|0
CAND-PH0022|2024-03-27|2024-03|0
CAND-PH0023|2024-07-19|2024-07|0
CAND-PH0024|2024-11-09|2024-11|0
CAND-PH0025|2024-09-18|2024-09|0
CAND-PH0026|2024-09-26|2024-09|0
CAND-PH0028|2024-07-27|2024-07|0
CAND-PH0029|2024-12-06|2024-12|0
CAND-PH0030|2024-11-23|2024-11|1
CAND-PH0031|2024-09-10|2024-09|0
CAND-PH0032|2024-09-19|2024-09|0
CAND-PH0033|2024-06-08|2024-06|0
CAND-PH0034|2024-06-27|2024-06|0
CAND-PH0035|2024-02-10|2024-02|0
CAND-PH0037|2024-08-15|2024-08|0
CAND-PH0038|2024-07-09|2024-07|1
CAND-PH0040|2024-07-31|2024-07|0
CAND-PH0044|2024-09-03|2024-09|0
CAND-PH0045|2024-06-26|2024-06|0
CAND-PH0047|2024-11-21|2024-11|0
CAND-PH0048|2024-05-06|2024-05|0
CAND-PH0049|2024-03-08|2024-03|0
CAND-PH0050|2025-01-11|2025-01|0
CAND-PH0051|2024-09-25|2024-09|1
CAND-PH0052|2024-03-15|2024-03|1
CAND-PH0053|2024-05-16|2024-05|0
CAND-PH0054|2024-10-01|2024-10|0
CAND-PH0055|2025-01-24|2025-01|0
CAND-PH0056|2024-04-05|2024-04|0
CAND-PH0057|2024-07-17|2024-07|0
CAND-PH0058|2024-02-02|2024-02|0
CAND-PH0059|2024-07-01|2024-07|0
CAND-PH0060|2024-07-23|2024-07|0
CAND-PH0061|2024-11-19|2024-11|0
CAND-PH0062|2024-04-30|2024-04|1
CAND-PH0063|2024-03-24|2024-03|0
CAND-PH0065|2024-08-05|2024-08|1
CAND-PH0066|2024-06-24|2024-06|0
CAND-PH0067|2024-10-02|2024-10|0
CAND-PH0069|2024-02-27|2024-02|0
CAND-PH0070|2024-05-26|2024-05|0
CAND-PH0071|2024-09-20|2024-09|0
CAND-PH0072|2024-09-04|2024-09|0
CAND-PH0073|2024-05-17|2024-05|0
CAND-PH0074|2024-09-21|2024-09|0
CAND-PH0075|2024-05-11|2024-05|0
CAND-PH0076|2024-02-27|2024-02|0
CAND-PH0077|2024-06-16|2024-06|0
CAND-PH0078|2024-06-18|2024-06|0
CAND-PH0079|2024-04-01|2024-04|0
CAND-PH0080|2024-05-16|2024-05|0
CAND-PH0081|2024-07-23|2024-07|0
CAND-PH0082|2024-03-30|2024-03|0
CAND-PH0084|2024-05-01|2024-05|0
CAND-PH0085|2024-04-15|2024-04|0
CAND-PH0089|2024-03-18|2024-03|0
CAND-PH0090|2024-09-26|2024-09|0
CAND-PH0091|2024-08-07|2024-08|0
CAND-PH0092|2024-10-30|2024-10|0
CAND-PH0094|2024-02-02|2024-02|0
CAND-PH0095|2024-09-08|2024-09|0
CAND-PH0096|2024-04-21|2024-04|0
CAND-PH0097|2024-01-21|2024-01|0
CAND-PH0098|2024-12-25|2024-12|0
CAND-PH0100|2024-05-08|2024-05|0
CAND-PH0101|2024-07-28|2024-07|0
CAND-PH0102|2024-10-08|2024-10|1
CAND-PH0103|2024-12-06|2024-12|0
CAND-PH0104|2024-10-30|2024-10|1
CAND-PH0107|2024-07-25|2024-07|0
CAND-PH0108|2024-12-17|2024-12|0
CAND-PH0111|2024-05-28|2024-05|0
CAND-PH0112|2024-05-23|2024-05|0
CAND-PH0117|2024-07-13|2024-07|0
CAND-PH0118|2024-11-18|2024-11|0
CAND-PH0119|2024-02-07|2024-02|0
CAND-PH0121|2024-01-22|2024-01|0
CAND-PH0122|2024-07-19|2024-07|0
